部件,关节归属,类型,材料,本轮新增或替换,制造信息,源清单,STEP,打印主文件,显示网格,网格SHA256,最近专用图册,备注
R23_Power_H1_PEEK_isolation,trunk_base,manufacturing_candidate,unfilled PEEK nominal450G-type,True,按本件源CAD与材料/工艺合同评审,work/r23-power-integration/mechanics/manifest.json,work/r23-power-integration/mechanics/STEP_毫米/R23_Power_H1_PEEK_isolation.step,,work/r23-power-integration/mechanics/STL_装配坐标_毫米/R23_Power_H1_PEEK_isolation.stl,03c90af6b780f2ca2ff8a8f1c581b58a0fb555319030c5f4e9bbc42205f51baa,work/r23-power-integration/mechanics/R23_mechanics_dimensions.pdf,OD4.5 ID2.2 t0.5 between retained cap boss/new spacer and metal ear; front6.2..6.7. No metal rail contacts PCB package or bare FR4.
R23_Power_H1_front_washer,trunk_base,manufacturing_candidate,A2 stainless nominal purchase geometry,True,按本件源CAD与材料/工艺合同评审,work/r23-power-integration/mechanics/manifest.json,work/r23-power-integration/mechanics/STEP_毫米/R23_Power_H1_front_washer.step,,work/r23-power-integration/mechanics/STL_装配坐标_毫米/R23_Power_H1_front_washer.stl,359a2f11aff488c529cd2a402d25d7a7510d13e21a43720dd0367d05f166b6ae,work/r23-power-integration/mechanics/R23_mechanics_dimensions.pdf,M2 washer OD4.3 ID2.2 t.3; front9.2..9.5. Incoming burr/flatness checks.
R23_Power_H1_M2_L11,trunk_base,manufacturing_candidate,A2-70 certified screw required; source blank A2 only,True,按本件源CAD与材料/工艺合同评审,work/r23-power-integration/mechanics/manifest.json,work/r23-power-integration/mechanics/STEP_毫米/R23_Power_H1_M2_L11.step,,work/r23-power-integration/mechanics/STL_装配坐标_毫米/R23_Power_H1_M2_L11.stl,90b512cde5ab96804342e4c664e7d8e30d8963e207a572df5986d463fe7cbfde,work/r23-power-integration/mechanics/R23_mechanics_dimensions.pdf,"Accu SSCF-M2-12-A2 DIN912 (H1/H2) or SEBF-M2-12-A2 DIN933 (H3/H4) blank professionally shortened to L11.00±.05 underhead. Nominal tip−1.5, head underside9.5; H1/H2 AF1.5 socket depth1.0; H3/H4 AF4 hex head1.52 for side spanner access. Threaded major cylinder is engagement reference, not helix. Check actual usable thin-nut overlap and tip protrusion."
R23_Power_H2_PEEK_isolation,trunk_base,manufacturing_candidate,unfilled PEEK nominal450G-type,True,按本件源CAD与材料/工艺合同评审,work/r23-power-integration/mechanics/manifest.json,work/r23-power-integration/mechanics/STEP_毫米/R23_Power_H2_PEEK_isolation.step,,work/r23-power-integration/mechanics/STL_装配坐标_毫米/R23_Power_H2_PEEK_isolation.stl,d61e3d922dc76267ec4b061c25a5ab66359e9d7fd0e8af5c2327adb3d1417900,work/r23-power-integration/mechanics/R23_mechanics_dimensions.pdf,OD4.5 ID2.2 t0.5 between retained cap boss/new spacer and metal ear; front6.2..6.7. No metal rail contacts PCB package or bare FR4.
R23_Power_H2_front_washer,trunk_base,manufacturing_candidate,A2 stainless nominal purchase geometry,True,按本件源CAD与材料/工艺合同评审,work/r23-power-integration/mechanics/manifest.json,work/r23-power-integration/mechanics/STEP_毫米/R23_Power_H2_front_washer.step,,work/r23-power-integration/mechanics/STL_装配坐标_毫米/R23_Power_H2_front_washer.stl,b1c173afcf085f377c3bbe7ab387352da8faeb7d426346208d837df605e5953d,work/r23-power-integration/mechanics/R23_mechanics_dimensions.pdf,M2 washer OD4.3 ID2.2 t.3; front9.2..9.5. Incoming burr/flatness checks.
R23_Power_H2_M2_L11,trunk_base,manufacturing_candidate,A2-70 certified screw required; source blank A2 only,True,按本件源CAD与材料/工艺合同评审,work/r23-power-integration/mechanics/manifest.json,work/r23-power-integration/mechanics/STEP_毫米/R23_Power_H2_M2_L11.step,,work/r23-power-integration/mechanics/STL_装配坐标_毫米/R23_Power_H2_M2_L11.stl,6eef7a1a3bc689cbf40d904b9dfc6b56e3a4425a7f5790298b32ff23a9fe5c18,work/r23-power-integration/mechanics/R23_mechanics_dimensions.pdf,"Accu SSCF-M2-12-A2 DIN912 (H1/H2) or SEBF-M2-12-A2 DIN933 (H3/H4) blank professionally shortened to L11.00±.05 underhead. Nominal tip−1.5, head underside9.5; H1/H2 AF1.5 socket depth1.0; H3/H4 AF4 hex head1.52 for side spanner access. Threaded major cylinder is engagement reference, not helix. Check actual usable thin-nut overlap and tip protrusion."
R23_Power_H3_PEEK_spacer,trunk_base,manufacturing_candidate,unfilled PEEK nominal450G-type,True,按本件源CAD与材料/工艺合同评审,work/r23-power-integration/mechanics/manifest.json,work/r23-power-integration/mechanics/STEP_毫米/R23_Power_H3_PEEK_spacer.step,,work/r23-power-integration/mechanics/STL_装配坐标_毫米/R23_Power_H3_PEEK_spacer.stl,4970f946b9fe9cab8f2775ecc820d4dd2c053ce6f8a443f787f7e1c73282f1b0,work/r23-power-integration/mechanics/R23_mechanics_dimensions.pdf,OD5 ID2.2 L4.6 supports PCB front z1.6 to6.2. Match seated height to retained H1/H2 cradle bosses; do not flex board by bolt preload.
R23_Power_H3_PEEK_isolation,trunk_base,manufacturing_candidate,unfilled PEEK nominal450G-type,True,按本件源CAD与材料/工艺合同评审,work/r23-power-integration/mechanics/manifest.json,work/r23-power-integration/mechanics/STEP_毫米/R23_Power_H3_PEEK_isolation.step,,work/r23-power-integration/mechanics/STL_装配坐标_毫米/R23_Power_H3_PEEK_isolation.stl,4643179dc7cc020dfd6f42ab288199f7c39f766bcf33ce9be8ffa49b0166a542,work/r23-power-integration/mechanics/R23_mechanics_dimensions.pdf,OD4.5 ID2.2 t0.5 between retained cap boss/new spacer and metal ear; front6.2..6.7. No metal rail contacts PCB package or bare FR4.
R23_Power_H3_front_washer,trunk_base,manufacturing_candidate,A2 stainless nominal purchase geometry,True,按本件源CAD与材料/工艺合同评审,work/r23-power-integration/mechanics/manifest.json,work/r23-power-integration/mechanics/STEP_毫米/R23_Power_H3_front_washer.step,,work/r23-power-integration/mechanics/STL_装配坐标_毫米/R23_Power_H3_front_washer.stl,4ed64e35cda1677ce05dc0fdd0a5b3493c2c009bdef2e9f288b585aced36f8c8,work/r23-power-integration/mechanics/R23_mechanics_dimensions.pdf,M2 washer OD4.3 ID2.2 t.3; front9.2..9.5. Incoming burr/flatness checks.
R23_Power_H3_M2_L11,trunk_base,manufacturing_candidate,A2-70 certified screw required; source blank A2 only,True,按本件源CAD与材料/工艺合同评审,work/r23-power-integration/mechanics/manifest.json,work/r23-power-integration/mechanics/STEP_毫米/R23_Power_H3_M2_L11.step,,work/r23-power-integration/mechanics/STL_装配坐标_毫米/R23_Power_H3_M2_L11.stl,59bfd3f37d566f239a9a735fe5ced7e49a1261c206898685da7abb0e8c2b1ada,work/r23-power-integration/mechanics/R23_mechanics_dimensions.pdf,"Accu SSCF-M2-12-A2 DIN912 (H1/H2) or SEBF-M2-12-A2 DIN933 (H3/H4) blank professionally shortened to L11.00±.05 underhead. Nominal tip−1.5, head underside9.5; H1/H2 AF1.5 socket depth1.0; H3/H4 AF4 hex head1.52 for side spanner access. Threaded major cylinder is engagement reference, not helix. Check actual usable thin-nut overlap and tip protrusion."
R23_Power_H3_PEEK_captive_nut_cup,trunk_base,manufacturing_candidate,unfilled PEEK nominal450G-type,True,按本件源CAD与材料/工艺合同评审,work/r23-power-integration/mechanics/manifest.json,work/r23-power-integration/mechanics/STEP_毫米/R23_Power_H3_PEEK_captive_nut_cup.step,,work/r23-power-integration/mechanics/STL_装配坐标_毫米/R23_Power_H3_PEEK_captive_nut_cup.stl,65472ff25e554e9f67b5835051018faa137c6d32d9531e04ac6ec21dee34469e,work/r23-power-integration/mechanics/R23_mechanics_dimensions.pdf,OD6.2 total1.5;0.3 flange between PCB and nut plus AF4.04 rear pocket1.2. Replaces rear metal washer with same0.3 stack and captures SHNS nut against rotation; no rear spanner required. Cup does not extend beyond z−1.5.
R23_Power_H3_SHNS_M2_LP,trunk_base,manufacturing_candidate,SUS304 NBK SHNS-M2-LP purchase geometry,True,按本件源CAD与材料/工艺合同评审,work/r23-power-integration/mechanics/manifest.json,work/r23-power-integration/mechanics/STEP_毫米/R23_Power_H3_SHNS_M2_LP.step,,work/r23-power-integration/mechanics/STL_装配坐标_毫米/R23_Power_H3_SHNS_M2_LP.stl,97c66f14dd25ac8846a21261c9b0a34fe86beab3460c0300d7e71505c4f7bf6a,work/r23-power-integration/mechanics/R23_mechanics_dimensions.pdf,"NBK SHNS-M2-LP AF4 t1.2, pitch.4. Bore represents thread root; actual complete thread acceptance required."
R23_Power_H4_PEEK_spacer,trunk_base,manufacturing_candidate,unfilled PEEK nominal450G-type,True,按本件源CAD与材料/工艺合同评审,work/r23-power-integration/mechanics/manifest.json,work/r23-power-integration/mechanics/STEP_毫米/R23_Power_H4_PEEK_spacer.step,,work/r23-power-integration/mechanics/STL_装配坐标_毫米/R23_Power_H4_PEEK_spacer.stl,c952b1793f7b01c449cd82bcf13a6fbc77dff668673f9b0f0f7026f293320176,work/r23-power-integration/mechanics/R23_mechanics_dimensions.pdf,OD5 ID2.2 L4.6 supports PCB front z1.6 to6.2. Match seated height to retained H1/H2 cradle bosses; do not flex board by bolt preload.
R23_Power_H4_PEEK_isolation,trunk_base,manufacturing_candidate,unfilled PEEK nominal450G-type,True,按本件源CAD与材料/工艺合同评审,work/r23-power-integration/mechanics/manifest.json,work/r23-power-integration/mechanics/STEP_毫米/R23_Power_H4_PEEK_isolation.step,,work/r23-power-integration/mechanics/STL_装配坐标_毫米/R23_Power_H4_PEEK_isolation.stl,626e7e5dbd76dee3740147ee30cc913d967bb0956e7db40c2cc8f130e1849d2b,work/r23-power-integration/mechanics/R23_mechanics_dimensions.pdf,OD4.5 ID2.2 t0.5 between retained cap boss/new spacer and metal ear; front6.2..6.7. No metal rail contacts PCB package or bare FR4.
R23_Power_H4_front_washer,trunk_base,manufacturing_candidate,A2 stainless nominal purchase geometry,True,按本件源CAD与材料/工艺合同评审,work/r23-power-integration/mechanics/manifest.json,work/r23-power-integration/mechanics/STEP_毫米/R23_Power_H4_front_washer.step,,work/r23-power-integration/mechanics/STL_装配坐标_毫米/R23_Power_H4_front_washer.stl,ff8b705bb2226de19787931abcdc6bdc1e9ced78241dfdd15e9c2cb894a446a2,work/r23-power-integration/mechanics/R23_mechanics_dimensions.pdf,M2 washer OD4.3 ID2.2 t.3; front9.2..9.5. Incoming burr/flatness checks.
R23_Power_H4_M2_L11,trunk_base,manufacturing_candidate,A2-70 certified screw required; source blank A2 only,True,按本件源CAD与材料/工艺合同评审,work/r23-power-integration/mechanics/manifest.json,work/r23-power-integration/mechanics/STEP_毫米/R23_Power_H4_M2_L11.step,,work/r23-power-integration/mechanics/STL_装配坐标_毫米/R23_Power_H4_M2_L11.stl,3995160ae3b5552eddec020229cfb4a9eb78b98de6e231402dc696e3c532703b,work/r23-power-integration/mechanics/R23_mechanics_dimensions.pdf,"Accu SSCF-M2-12-A2 DIN912 (H1/H2) or SEBF-M2-12-A2 DIN933 (H3/H4) blank professionally shortened to L11.00±.05 underhead. Nominal tip−1.5, head underside9.5; H1/H2 AF1.5 socket depth1.0; H3/H4 AF4 hex head1.52 for side spanner access. Threaded major cylinder is engagement reference, not helix. Check actual usable thin-nut overlap and tip protrusion."
R23_Power_H4_PEEK_captive_nut_cup,trunk_base,manufacturing_candidate,unfilled PEEK nominal450G-type,True,按本件源CAD与材料/工艺合同评审,work/r23-power-integration/mechanics/manifest.json,work/r23-power-integration/mechanics/STEP_毫米/R23_Power_H4_PEEK_captive_nut_cup.step,,work/r23-power-integration/mechanics/STL_装配坐标_毫米/R23_Power_H4_PEEK_captive_nut_cup.stl,d0785b6d309830224167b4b0ee7f79ba9a6889ea99f620cc5058c9d257ee61fc,work/r23-power-integration/mechanics/R23_mechanics_dimensions.pdf,OD6.2 total1.5;0.3 flange between PCB and nut plus AF4.04 rear pocket1.2. Replaces rear metal washer with same0.3 stack and captures SHNS nut against rotation; no rear spanner required. Cup does not extend beyond z−1.5.
R23_Power_H4_SHNS_M2_LP,trunk_base,manufacturing_candidate,SUS304 NBK SHNS-M2-LP purchase geometry,True,按本件源CAD与材料/工艺合同评审,work/r23-power-integration/mechanics/manifest.json,work/r23-power-integration/mechanics/STEP_毫米/R23_Power_H4_SHNS_M2_LP.step,,work/r23-power-integration/mechanics/STL_装配坐标_毫米/R23_Power_H4_SHNS_M2_LP.stl,03e4a02be854a09534d11910a9d493ef8dd41aa4f190ec0d52b15a64c43064cf,work/r23-power-integration/mechanics/R23_mechanics_dimensions.pdf,"NBK SHNS-M2-LP AF4 t1.2, pitch.4. Bore represents thread root; actual complete thread acceptance required."
R23_OUTPUT_side_M2x5_1,trunk_base,manufacturing_candidate,A2-70 certified M2x5 DIN912,True,按本件源CAD与材料/工艺合同评审,work/r23-power-integration/mechanics/manifest.json,work/r23-power-integration/mechanics/STEP_毫米/R23_OUTPUT_side_M2x5_1.step,,work/r23-power-integration/mechanics/STL_装配坐标_毫米/R23_OUTPUT_side_M2x5_1.stl,645de5b0f4e92b884b1481b580019b5788a6c8e00b48c3b88d0cbe753aa92f95,work/r23-power-integration/mechanics/R23_mechanics_dimensions.pdf,"M2x5 DIN912 headD3.8H2 AF1.5. 2mm PEEK wall +3mm rail nominal full entry; major cylinder represents thread engagement. Install on empty bracket before populated PCB, not through live electronics. Preload qualification rather than generic torque."
R23_OUTPUT_side_M2x5_2,trunk_base,manufacturing_candidate,A2-70 certified M2x5 DIN912,True,按本件源CAD与材料/工艺合同评审,work/r23-power-integration/mechanics/manifest.json,work/r23-power-integration/mechanics/STEP_毫米/R23_OUTPUT_side_M2x5_2.step,,work/r23-power-integration/mechanics/STL_装配坐标_毫米/R23_OUTPUT_side_M2x5_2.stl,0e9d6b0734f95a07d17565edf036945271cdff2a1bd035a6102291ce1c4f9b41,work/r23-power-integration/mechanics/R23_mechanics_dimensions.pdf,"M2x5 DIN912 headD3.8H2 AF1.5. 2mm PEEK wall +3mm rail nominal full entry; major cylinder represents thread engagement. Install on empty bracket before populated PCB, not through live electronics. Preload qualification rather than generic torque."
R23_W3_VMQ_liner_MAX_OD,trunk_base,compliant_part_design,"VMQ50A silicone, density1.2 assumption",True,按本件源CAD与材料/工艺合同评审,work/r23-power-integration/mechanics/manifest.json,work/r23-power-integration/mechanics/STEP_毫米/R23_W3_VMQ_liner_MAX_OD.step,,work/r23-power-integration/mechanics/STL_装配坐标_毫米/R23_W3_VMQ_liner_MAX_OD.stl,4f24285c74e74c0984609bb1530885b21e3cc809ee46cdaf47d716b8a7c57a0d,work/r23-power-integration/mechanics/R23_mechanics_dimensions.pdf,Compressed radial bedding0.111 for maxOD1.778. Match actual OD and 0.15/0.175/0.20mm stock to15..30% nominal compression. No certified friction/creep claim.
R23_W4_VMQ_liner_MAX_OD,trunk_base,compliant_part_design,"VMQ50A silicone, density1.2 assumption",True,按本件源CAD与材料/工艺合同评审,work/r23-power-integration/mechanics/manifest.json,work/r23-power-integration/mechanics/STEP_毫米/R23_W4_VMQ_liner_MAX_OD.step,,work/r23-power-integration/mechanics/STL_装配坐标_毫米/R23_W4_VMQ_liner_MAX_OD.stl,2758630c528a541506b657f1b00d62e67958d7a58af32139a4c43fb8dd5fda04,work/r23-power-integration/mechanics/R23_mechanics_dimensions.pdf,Compressed radial bedding0.111 for maxOD1.778. Match actual OD and 0.15/0.175/0.20mm stock to15..30% nominal compression. No certified friction/creep claim.
R23_W4_PTFE_lacing,trunk_base,lacing_reference,Daburn2049-A TypeIII PTFE flat braid purchase envelope,True,参考/器件外包络：按原器件BOM采购，不按外形体积制件或计重,work/r23-power-integration/mechanics/manifest.json,work/r23-power-integration/mechanics/STEP_毫米/R23_W4_PTFE_lacing.step,,work/r23-power-integration/mechanics/STL_装配坐标_毫米/R23_W4_PTFE_lacing.stl,efdbaad9850bbfdccc702bbcc6aa98e24006d12b20c4da255823b67e5f7110e1,work/r23-power-integration/mechanics/R23_mechanics_dimensions.pdf,"Installed braid maxwidth1.8288, maxthickness.3556. Nominal smooth loop does not model braid or knot topology. 6mm bearing section has independent lacing; knot proof/creep procedure pending."
R23_W4_PTFE_knot_budget,trunk_base,knot_budget,Installed knot and trimmed-tail clearance budget,True,参考/器件外包络：按原器件BOM采购，不按外形体积制件或计重,work/r23-power-integration/mechanics/manifest.json,work/r23-power-integration/mechanics/STEP_毫米/R23_W4_PTFE_knot_budget.step,,work/r23-power-integration/mechanics/STL_装配坐标_毫米/R23_W4_PTFE_knot_budget.stl,be391c74a0ea8583b61ba4f76c54e11c8f2f3fa4b7760a0e3c61e7401633b10d,work/r23-power-integration/mechanics/R23_mechanics_dimensions.pdf,"2.6x2.6x2mm maximum actual knot envelope; part is a bounded installation allowance, not a fabricated solid. Included in installed collision envelope; mass counted in matching braid budget. Reject knot outside this envelope."
R23_REGEN_side_M2x5_1,trunk_base,manufacturing_candidate,A2-70 certified M2x5 DIN912,True,按本件源CAD与材料/工艺合同评审,work/r23-power-integration/mechanics/manifest.json,work/r23-power-integration/mechanics/STEP_毫米/R23_REGEN_side_M2x5_1.step,,work/r23-power-integration/mechanics/STL_装配坐标_毫米/R23_REGEN_side_M2x5_1.stl,81adacda4eaaf5c5388355528522bcacc202ed494a94d6c1e1382a853ed015e4,work/r23-power-integration/mechanics/R23_mechanics_dimensions.pdf,"M2x5 DIN912 headD3.8H2 AF1.5. 2mm PEEK wall +3mm rail nominal full entry; major cylinder represents thread engagement. Install on empty bracket before populated PCB, not through live electronics. Preload qualification rather than generic torque."
R23_REGEN_side_M2x5_2,trunk_base,manufacturing_candidate,A2-70 certified M2x5 DIN912,True,按本件源CAD与材料/工艺合同评审,work/r23-power-integration/mechanics/manifest.json,work/r23-power-integration/mechanics/STEP_毫米/R23_REGEN_side_M2x5_2.step,,work/r23-power-integration/mechanics/STL_装配坐标_毫米/R23_REGEN_side_M2x5_2.stl,297d18e500a896a9e26adf75018713a69d37d4af8f6354dbfcf167fb987c5990,work/r23-power-integration/mechanics/R23_mechanics_dimensions.pdf,"M2x5 DIN912 headD3.8H2 AF1.5. 2mm PEEK wall +3mm rail nominal full entry; major cylinder represents thread engagement. Install on empty bracket before populated PCB, not through live electronics. Preload qualification rather than generic torque."
R23_neck_lower_VMQ_comb_installed,trunk_base,installed_deformation_reference,Wacker ELASTOSIL LR3004/40 A/B VMQ Shore A40 typical,True,参考/器件外包络：按原器件BOM采购，不按外形体积制件或计重,work/r23-power-integration/mechanics_neck/manifest.json,work/r23-power-integration/mechanics_neck/STEP_毫米/R23_neck_lower_VMQ_comb_installed.step,,work/r23-power-integration/mechanics_neck/STL_装配坐标_毫米/R23_neck_lower_VMQ_comb_installed.stl,0dc7b8236aae1a7f1e273cdad20fdf21c5a280154dcf0812a18a3b21eb45e4cb,work/r23-power-integration/mechanics_neck/R23_neck_interfaces_dimensions.pdf,Installed soft insert reference with maximum wire OD bores. Proposed mold bore0.95xminimum insulation OD; coupon must establish grip without insulation damage. Final molding shrinkage/formulation not released.
R23_neck_lower_PEEK_retainer,trunk_base,manufacturing_candidate,unfilled PEEK Victrex450G-series machining stock,True,按本件源CAD与材料/工艺合同评审,work/r23-power-integration/mechanics_neck/manifest.json,work/r23-power-integration/mechanics_neck/STEP_毫米/R23_neck_lower_PEEK_retainer.step,,work/r23-power-integration/mechanics_neck/STL_装配坐标_毫米/R23_neck_lower_PEEK_retainer.stl,3d3fa15c6f145a2996cfe17161e3968ec5bcc93020f6e0431e657a63adfe28a1,work/r23-power-integration/mechanics_neck/R23_neck_interfaces_dimensions.pdf,"2mm rear retainer with7x23 through window, twoM2 clearance holes; install comb/wires before terminals."
R23_neck_lower_retainer_1_washer,trunk_base,manufacturing_candidate,A2 stainless DIN125 M2.5 washer ID2.7 OD6 t0.5,True,按本件源CAD与材料/工艺合同评审,work/r23-power-integration/mechanics_neck/manifest.json,work/r23-power-integration/mechanics_neck/STEP_毫米/R23_neck_lower_retainer_1_washer.step,,work/r23-power-integration/mechanics_neck/STL_装配坐标_毫米/R23_neck_lower_retainer_1_washer.stl,b51a965ea8888b9f19b7c68bf857a7fe9b5264255f7fa865edd22815b3cb2c84,work/r23-power-integration/mechanics_neck/R23_neck_interfaces_dimensions.pdf,M2.5 washer intentionally used on M2 to clear bounded underhead fillet; incoming dimension check.
R23_neck_lower_retainer_1_M2x6,trunk_base,purchase_reference,A2-70 socket screw nominal purchase envelope,True,参考/器件外包络：按原器件BOM采购，不按外形体积制件或计重,work/r23-power-integration/mechanics_neck/manifest.json,work/r23-power-integration/mechanics_neck/STEP_毫米/R23_neck_lower_retainer_1_M2x6.step,,work/r23-power-integration/mechanics_neck/STL_装配坐标_毫米/R23_neck_lower_retainer_1_M2x6.stl,0bfaf7b9f9fa60c1fc476b1ec46e37bc8a19ab812ac3d9041605484629d0f388,work/r23-power-integration/mechanics_neck/R23_neck_interfaces_dimensions.pdf,"M2x6, underhead datum; full major-diameter shaft is thread-envelope reference. Verify supplier fillet <= D2.6 x0.4 and incoming dimensions."
R23_neck_lower_mount_1_front_washer,trunk_base,manufacturing_candidate,A2 stainless DIN125 M2.5 washer ID2.7 OD6 t0.5,True,按本件源CAD与材料/工艺合同评审,work/r23-power-integration/mechanics_neck/manifest.json,work/r23-power-integration/mechanics_neck/STEP_毫米/R23_neck_lower_mount_1_front_washer.step,,work/r23-power-integration/mechanics_neck/STL_装配坐标_毫米/R23_neck_lower_mount_1_front_washer.stl,9a2ee0af8af3110c80de15998414f5c71d2c1d1fc429633e8e6541fbb0cce5a7,work/r23-power-integration/mechanics_neck/R23_neck_interfaces_dimensions.pdf,M2.5 washer intentionally used on M2 to clear bounded underhead fillet; incoming dimension check.
R23_neck_lower_mount_1_rear_washer,trunk_base,manufacturing_candidate,A2 stainless DIN125 M2.5 washer ID2.7 OD6 t0.5,True,按本件源CAD与材料/工艺合同评审,work/r23-power-integration/mechanics_neck/manifest.json,work/r23-power-integration/mechanics_neck/STEP_毫米/R23_neck_lower_mount_1_rear_washer.step,,work/r23-power-integration/mechanics_neck/STL_装配坐标_毫米/R23_neck_lower_mount_1_rear_washer.stl,05278408f4aaadc28a9baf7055e1066dcb2bf2461abee59aa13dcdc2fd99c437,work/r23-power-integration/mechanics_neck/R23_neck_interfaces_dimensions.pdf,M2.5 washer intentionally used on M2 to clear bounded underhead fillet; incoming dimension check.
R23_neck_lower_mount_1_M2_nut,trunk_base,purchase_reference,A2 stainless M2 hex nut AF4 t1.6,True,参考/器件外包络：按原器件BOM采购，不按外形体积制件或计重,work/r23-power-integration/mechanics_neck/manifest.json,work/r23-power-integration/mechanics_neck/STEP_毫米/R23_neck_lower_mount_1_M2_nut.step,,work/r23-power-integration/mechanics_neck/STL_装配坐标_毫米/R23_neck_lower_mount_1_M2_nut.stl,37bc3bf819cd5bf1bf18104732e30459f5e810ae510be6cfadbf38a7db393b24,work/r23-power-integration/mechanics_neck/R23_neck_interfaces_dimensions.pdf,Minor bore is thread engagement envelope; verify full usable thread and nut thickness.
R23_neck_lower_mount_1_M2x18,trunk_base,purchase_reference,A2-70 socket screw nominal purchase envelope,True,参考/器件外包络：按原器件BOM采购，不按外形体积制件或计重,work/r23-power-integration/mechanics_neck/manifest.json,work/r23-power-integration/mechanics_neck/STEP_毫米/R23_neck_lower_mount_1_M2x18.step,,work/r23-power-integration/mechanics_neck/STL_装配坐标_毫米/R23_neck_lower_mount_1_M2x18.stl,a6434fc4c3798182c0c56bc4483c39c569e9c6f921288a3d9ef8c277bdfe7675,work/r23-power-integration/mechanics_neck/R23_neck_interfaces_dimensions.pdf,"M2x18, underhead datum; full major-diameter shaft is thread-envelope reference. Verify supplier fillet <= D2.6 x0.4 and incoming dimensions."
R23_neck_lower_retainer_2_washer,trunk_base,manufacturing_candidate,A2 stainless DIN125 M2.5 washer ID2.7 OD6 t0.5,True,按本件源CAD与材料/工艺合同评审,work/r23-power-integration/mechanics_neck/manifest.json,work/r23-power-integration/mechanics_neck/STEP_毫米/R23_neck_lower_retainer_2_washer.step,,work/r23-power-integration/mechanics_neck/STL_装配坐标_毫米/R23_neck_lower_retainer_2_washer.stl,80e6ea74d25e83d94b627036556d7464bf55221e7afd653aa3df0ecea8b4d3a5,work/r23-power-integration/mechanics_neck/R23_neck_interfaces_dimensions.pdf,M2.5 washer intentionally used on M2 to clear bounded underhead fillet; incoming dimension check.
R23_neck_lower_retainer_2_M2x6,trunk_base,purchase_reference,A2-70 socket screw nominal purchase envelope,True,参考/器件外包络：按原器件BOM采购，不按外形体积制件或计重,work/r23-power-integration/mechanics_neck/manifest.json,work/r23-power-integration/mechanics_neck/STEP_毫米/R23_neck_lower_retainer_2_M2x6.step,,work/r23-power-integration/mechanics_neck/STL_装配坐标_毫米/R23_neck_lower_retainer_2_M2x6.stl,8641b3442f93cf9fdf225a6fce3027e1683b8f9fe17b3beb2b2c3ee7261191e0,work/r23-power-integration/mechanics_neck/R23_neck_interfaces_dimensions.pdf,"M2x6, underhead datum; full major-diameter shaft is thread-envelope reference. Verify supplier fillet <= D2.6 x0.4 and incoming dimensions."
R23_neck_lower_mount_2_front_washer,trunk_base,manufacturing_candidate,A2 stainless DIN125 M2.5 washer ID2.7 OD6 t0.5,True,按本件源CAD与材料/工艺合同评审,work/r23-power-integration/mechanics_neck/manifest.json,work/r23-power-integration/mechanics_neck/STEP_毫米/R23_neck_lower_mount_2_front_washer.step,,work/r23-power-integration/mechanics_neck/STL_装配坐标_毫米/R23_neck_lower_mount_2_front_washer.stl,5209d7cf1ee8d37a8a691801011a11319fe403f617dd9740e446e25b89ed8589,work/r23-power-integration/mechanics_neck/R23_neck_interfaces_dimensions.pdf,M2.5 washer intentionally used on M2 to clear bounded underhead fillet; incoming dimension check.
R23_neck_lower_mount_2_rear_washer,trunk_base,manufacturing_candidate,A2 stainless DIN125 M2.5 washer ID2.7 OD6 t0.5,True,按本件源CAD与材料/工艺合同评审,work/r23-power-integration/mechanics_neck/manifest.json,work/r23-power-integration/mechanics_neck/STEP_毫米/R23_neck_lower_mount_2_rear_washer.step,,work/r23-power-integration/mechanics_neck/STL_装配坐标_毫米/R23_neck_lower_mount_2_rear_washer.stl,1b576c7b223fb3faa8f91e1e694e300923a8f87a76de4b01771bb35a6340196d,work/r23-power-integration/mechanics_neck/R23_neck_interfaces_dimensions.pdf,M2.5 washer intentionally used on M2 to clear bounded underhead fillet; incoming dimension check.
R23_neck_lower_mount_2_M2_nut,trunk_base,purchase_reference,A2 stainless M2 hex nut AF4 t1.6,True,参考/器件外包络：按原器件BOM采购，不按外形体积制件或计重,work/r23-power-integration/mechanics_neck/manifest.json,work/r23-power-integration/mechanics_neck/STEP_毫米/R23_neck_lower_mount_2_M2_nut.step,,work/r23-power-integration/mechanics_neck/STL_装配坐标_毫米/R23_neck_lower_mount_2_M2_nut.stl,cf726b6867cd5fad5a0c02f67d31e6136939d9791c6b2b314d1544e84678e935,work/r23-power-integration/mechanics_neck/R23_neck_interfaces_dimensions.pdf,Minor bore is thread engagement envelope; verify full usable thread and nut thickness.
R23_neck_lower_mount_2_M2x18,trunk_base,purchase_reference,A2-70 socket screw nominal purchase envelope,True,参考/器件外包络：按原器件BOM采购，不按外形体积制件或计重,work/r23-power-integration/mechanics_neck/manifest.json,work/r23-power-integration/mechanics_neck/STEP_毫米/R23_neck_lower_mount_2_M2x18.step,,work/r23-power-integration/mechanics_neck/STL_装配坐标_毫米/R23_neck_lower_mount_2_M2x18.stl,feaa7a99b20a309af6d9afc905b36bb0639cf30b067a2abe57043e559f6ca438,work/r23-power-integration/mechanics_neck/R23_neck_interfaces_dimensions.pdf,"M2x18, underhead datum; full major-diameter shaft is thread-envelope reference. Verify supplier fillet <= D2.6 x0.4 and incoming dimensions."
R23_neck_lower_host_0_M3x16,trunk_base,purchase_reference,A2-70 socket screw nominal purchase envelope,True,参考/器件外包络：按原器件BOM采购，不按外形体积制件或计重,work/r23-power-integration/mechanics_neck/manifest.json,work/r23-power-integration/mechanics_neck/STEP_毫米/R23_neck_lower_host_0_M3x16.step,,work/r23-power-integration/mechanics_neck/STL_装配坐标_毫米/R23_neck_lower_host_0_M3x16.stl,c30fb2264b1623e51bcef9f7c4f2a7d844ffed8b52c2bfe1b5f061bf7601c8c4,work/r23-power-integration/mechanics_neck/R23_neck_interfaces_dimensions.pdf,"M3x16, underhead datum; full major-diameter shaft is thread-envelope reference. Verify supplier fillet <= D3.6 x0.4 and incoming dimensions."
R23_neck_lower_host_1_M3x16,trunk_base,purchase_reference,A2-70 socket screw nominal purchase envelope,True,参考/器件外包络：按原器件BOM采购，不按外形体积制件或计重,work/r23-power-integration/mechanics_neck/manifest.json,work/r23-power-integration/mechanics_neck/STEP_毫米/R23_neck_lower_host_1_M3x16.step,,work/r23-power-integration/mechanics_neck/STL_装配坐标_毫米/R23_neck_lower_host_1_M3x16.stl,0044ed5a126e9547ee28fd5df2b9c1360ba350a3931e0df0b0856e2167067de1,work/r23-power-integration/mechanics_neck/R23_neck_interfaces_dimensions.pdf,"M3x16, underhead datum; full major-diameter shaft is thread-envelope reference. Verify supplier fillet <= D3.6 x0.4 and incoming dimensions."
R23_neck_upper_PEEK_comb_housing,jaw_soft,manufacturing_candidate,unfilled PEEK Victrex450G-series machining stock,True,按本件源CAD与材料/工艺合同评审,work/r23-power-integration/mechanics_neck/manifest.json,work/r23-power-integration/mechanics_neck/STEP_毫米/R23_neck_upper_PEEK_comb_housing.step,,work/r23-power-integration/mechanics_neck/STL_装配坐标_毫米/R23_neck_upper_PEEK_comb_housing.stl,3994a74a32acc06f51b397c095b7762bbdc7cce944d7e61986947ac188406212,work/r23-power-integration/mechanics_neck/R23_neck_interfaces_dimensions.pdf,12x36x10 housing; rear pocket8x24x8; free face2mm; M2 tapped blind retainer holes depth4.0. 29 front guide holes with0.15 edge break. Rigid guide alone is not strain relief.
R23_neck_upper_VMQ_comb_installed,jaw_soft,installed_deformation_reference,Wacker ELASTOSIL LR3004/40 A/B VMQ Shore A40 typical,True,参考/器件外包络：按原器件BOM采购，不按外形体积制件或计重,work/r23-power-integration/mechanics_neck/manifest.json,work/r23-power-integration/mechanics_neck/STEP_毫米/R23_neck_upper_VMQ_comb_installed.step,,work/r23-power-integration/mechanics_neck/STL_装配坐标_毫米/R23_neck_upper_VMQ_comb_installed.stl,febeb2650e8780894aa413720a7fd2fb2a9c873d7fc118c3ad2666f38a385cbb,work/r23-power-integration/mechanics_neck/R23_neck_interfaces_dimensions.pdf,Installed soft insert reference with maximum wire OD bores. Proposed mold bore0.95xminimum insulation OD; coupon must establish grip without insulation damage. Final molding shrinkage/formulation not released.
R23_neck_upper_PEEK_retainer,jaw_soft,manufacturing_candidate,unfilled PEEK Victrex450G-series machining stock,True,按本件源CAD与材料/工艺合同评审,work/r23-power-integration/mechanics_neck/manifest.json,work/r23-power-integration/mechanics_neck/STEP_毫米/R23_neck_upper_PEEK_retainer.step,,work/r23-power-integration/mechanics_neck/STL_装配坐标_毫米/R23_neck_upper_PEEK_retainer.stl,2ce97829760aea54b56b2e8661e79eae716271651a9fc6707e9449678aafd901,work/r23-power-integration/mechanics_neck/R23_neck_interfaces_dimensions.pdf,"2mm rear retainer with7x23 through window, twoM2 clearance holes; install comb/wires before terminals."
R23_neck_upper_retainer_1_washer,jaw_soft,manufacturing_candidate,A2 stainless DIN125 M2.5 washer ID2.7 OD6 t0.5,True,按本件源CAD与材料/工艺合同评审,work/r23-power-integration/mechanics_neck/manifest.json,work/r23-power-integration/mechanics_neck/STEP_毫米/R23_neck_upper_retainer_1_washer.step,,work/r23-power-integration/mechanics_neck/STL_装配坐标_毫米/R23_neck_upper_retainer_1_washer.stl,6b5a7206725f56d2f364c1991e6f41d8324318dae1ac61993f08522878fb3a44,work/r23-power-integration/mechanics_neck/R23_neck_interfaces_dimensions.pdf,M2.5 washer intentionally used on M2 to clear bounded underhead fillet; incoming dimension check.
R23_neck_upper_retainer_1_M2x6,jaw_soft,purchase_reference,A2-70 socket screw nominal purchase envelope,True,参考/器件外包络：按原器件BOM采购，不按外形体积制件或计重,work/r23-power-integration/mechanics_neck/manifest.json,work/r23-power-integration/mechanics_neck/STEP_毫米/R23_neck_upper_retainer_1_M2x6.step,,work/r23-power-integration/mechanics_neck/STL_装配坐标_毫米/R23_neck_upper_retainer_1_M2x6.stl,a47ca55651e86e57912e03b343c58ac88613fa24e9ec7e82e06f9545f2367cb6,work/r23-power-integration/mechanics_neck/R23_neck_interfaces_dimensions.pdf,"M2x6, underhead datum; full major-diameter shaft is thread-envelope reference. Verify supplier fillet <= D2.6 x0.4 and incoming dimensions."
R23_neck_upper_mount_1_front_washer,jaw_soft,manufacturing_candidate,A2 stainless DIN125 M2.5 washer ID2.7 OD6 t0.5,True,按本件源CAD与材料/工艺合同评审,work/r23-power-integration/mechanics_neck/manifest.json,work/r23-power-integration/mechanics_neck/STEP_毫米/R23_neck_upper_mount_1_front_washer.step,,work/r23-power-integration/mechanics_neck/STL_装配坐标_毫米/R23_neck_upper_mount_1_front_washer.stl,ed41e0c8313b5591eef43b66c56eadcdd6608a215d66405895ec1d26fefa20c7,work/r23-power-integration/mechanics_neck/R23_neck_interfaces_dimensions.pdf,M2.5 washer intentionally used on M2 to clear bounded underhead fillet; incoming dimension check.
R23_neck_upper_mount_1_rear_washer,jaw_soft,manufacturing_candidate,A2 stainless DIN125 M2.5 washer ID2.7 OD6 t0.5,True,按本件源CAD与材料/工艺合同评审,work/r23-power-integration/mechanics_neck/manifest.json,work/r23-power-integration/mechanics_neck/STEP_毫米/R23_neck_upper_mount_1_rear_washer.step,,work/r23-power-integration/mechanics_neck/STL_装配坐标_毫米/R23_neck_upper_mount_1_rear_washer.stl,98cf02eaa4f3804a40033a7f2fdb2a93629223fb69bf5b4a75dc2ae80a2521db,work/r23-power-integration/mechanics_neck/R23_neck_interfaces_dimensions.pdf,M2.5 washer intentionally used on M2 to clear bounded underhead fillet; incoming dimension check.
R23_neck_upper_mount_1_M2_nut,jaw_soft,purchase_reference,A2 stainless M2 hex nut AF4 t1.6,True,参考/器件外包络：按原器件BOM采购，不按外形体积制件或计重,work/r23-power-integration/mechanics_neck/manifest.json,work/r23-power-integration/mechanics_neck/STEP_毫米/R23_neck_upper_mount_1_M2_nut.step,,work/r23-power-integration/mechanics_neck/STL_装配坐标_毫米/R23_neck_upper_mount_1_M2_nut.stl,39cc1ce04333208aa4a78dd77ab96827c50876c415e8b49b99d665546e73deb6,work/r23-power-integration/mechanics_neck/R23_neck_interfaces_dimensions.pdf,Minor bore is thread engagement envelope; verify full usable thread and nut thickness.
R23_neck_upper_mount_1_M2x18,jaw_soft,purchase_reference,A2-70 socket screw nominal purchase envelope,True,参考/器件外包络：按原器件BOM采购，不按外形体积制件或计重,work/r23-power-integration/mechanics_neck/manifest.json,work/r23-power-integration/mechanics_neck/STEP_毫米/R23_neck_upper_mount_1_M2x18.step,,work/r23-power-integration/mechanics_neck/STL_装配坐标_毫米/R23_neck_upper_mount_1_M2x18.stl,04a02a8a9bdf2fa32b98246f4847035285bd2ab0a2af3ce81644a177401e441a,work/r23-power-integration/mechanics_neck/R23_neck_interfaces_dimensions.pdf,"M2x18, underhead datum; full major-diameter shaft is thread-envelope reference. Verify supplier fillet <= D2.6 x0.4 and incoming dimensions."
R23_neck_upper_retainer_2_washer,jaw_soft,manufacturing_candidate,A2 stainless DIN125 M2.5 washer ID2.7 OD6 t0.5,True,按本件源CAD与材料/工艺合同评审,work/r23-power-integration/mechanics_neck/manifest.json,work/r23-power-integration/mechanics_neck/STEP_毫米/R23_neck_upper_retainer_2_washer.step,,work/r23-power-integration/mechanics_neck/STL_装配坐标_毫米/R23_neck_upper_retainer_2_washer.stl,c9891a1568c64438eea29881dc0a3107d704e773424a482f151e08b00da56a55,work/r23-power-integration/mechanics_neck/R23_neck_interfaces_dimensions.pdf,M2.5 washer intentionally used on M2 to clear bounded underhead fillet; incoming dimension check.
R23_neck_upper_retainer_2_M2x6,jaw_soft,purchase_reference,A2-70 socket screw nominal purchase envelope,True,参考/器件外包络：按原器件BOM采购，不按外形体积制件或计重,work/r23-power-integration/mechanics_neck/manifest.json,work/r23-power-integration/mechanics_neck/STEP_毫米/R23_neck_upper_retainer_2_M2x6.step,,work/r23-power-integration/mechanics_neck/STL_装配坐标_毫米/R23_neck_upper_retainer_2_M2x6.stl,2958b3420aa289339a2bc74165b75fe52b433016aa40c57c9e04e6cc543a699c,work/r23-power-integration/mechanics_neck/R23_neck_interfaces_dimensions.pdf,"M2x6, underhead datum; full major-diameter shaft is thread-envelope reference. Verify supplier fillet <= D2.6 x0.4 and incoming dimensions."
R23_neck_upper_mount_2_front_washer,jaw_soft,manufacturing_candidate,A2 stainless DIN125 M2.5 washer ID2.7 OD6 t0.5,True,按本件源CAD与材料/工艺合同评审,work/r23-power-integration/mechanics_neck/manifest.json,work/r23-power-integration/mechanics_neck/STEP_毫米/R23_neck_upper_mount_2_front_washer.step,,work/r23-power-integration/mechanics_neck/STL_装配坐标_毫米/R23_neck_upper_mount_2_front_washer.stl,4aad8848137a4728157facd7134d60ee75b0131cc415194b634a940d592538d7,work/r23-power-integration/mechanics_neck/R23_neck_interfaces_dimensions.pdf,M2.5 washer intentionally used on M2 to clear bounded underhead fillet; incoming dimension check.
R23_neck_upper_mount_2_rear_washer,jaw_soft,manufacturing_candidate,A2 stainless DIN125 M2.5 washer ID2.7 OD6 t0.5,True,按本件源CAD与材料/工艺合同评审,work/r23-power-integration/mechanics_neck/manifest.json,work/r23-power-integration/mechanics_neck/STEP_毫米/R23_neck_upper_mount_2_rear_washer.step,,work/r23-power-integration/mechanics_neck/STL_装配坐标_毫米/R23_neck_upper_mount_2_rear_washer.stl,89b9f7883f8d08db65cd3c44b3a09578a3e6e402ba86de63f81f232cc25ded09,work/r23-power-integration/mechanics_neck/R23_neck_interfaces_dimensions.pdf,M2.5 washer intentionally used on M2 to clear bounded underhead fillet; incoming dimension check.
R23_neck_upper_mount_2_M2_nut,jaw_soft,purchase_reference,A2 stainless M2 hex nut AF4 t1.6,True,参考/器件外包络：按原器件BOM采购，不按外形体积制件或计重,work/r23-power-integration/mechanics_neck/manifest.json,work/r23-power-integration/mechanics_neck/STEP_毫米/R23_neck_upper_mount_2_M2_nut.step,,work/r23-power-integration/mechanics_neck/STL_装配坐标_毫米/R23_neck_upper_mount_2_M2_nut.stl,399d4b795989331b6f805f124126fcc79ffd6feac85447fb6e049c96c2fcf092,work/r23-power-integration/mechanics_neck/R23_neck_interfaces_dimensions.pdf,Minor bore is thread engagement envelope; verify full usable thread and nut thickness.
R23_neck_upper_mount_2_M2x18,jaw_soft,purchase_reference,A2-70 socket screw nominal purchase envelope,True,参考/器件外包络：按原器件BOM采购，不按外形体积制件或计重,work/r23-power-integration/mechanics_neck/manifest.json,work/r23-power-integration/mechanics_neck/STEP_毫米/R23_neck_upper_mount_2_M2x18.step,,work/r23-power-integration/mechanics_neck/STL_装配坐标_毫米/R23_neck_upper_mount_2_M2x18.stl,99b6b3ff9b7e60f5a063ffba38ed06bfe338cb95ea5cacda64a219d2fb53fec4,work/r23-power-integration/mechanics_neck/R23_neck_interfaces_dimensions.pdf,"M2x18, underhead datum; full major-diameter shaft is thread-envelope reference. Verify supplier fillet <= D2.6 x0.4 and incoming dimensions."
R23_neck_upper_6061_lower_jaw,jaw_soft,manufacturing_candidate,6061-T651 machined billet,True,按本件源CAD与材料/工艺合同评审,work/r23-power-integration/mechanics_neck/manifest.json,work/r23-power-integration/mechanics_neck/STEP_毫米/R23_neck_upper_6061_lower_jaw.step,,work/r23-power-integration/mechanics_neck/STL_装配坐标_毫米/R23_neck_upper_6061_lower_jaw.stl,4601d1d273229215ecc0b0667e0e927714420c6aad7259ad9ce3683ecef4cb84,work/r23-power-integration/mechanics_neck/R23_neck_interfaces_dimensions.pdf,"Lower2mm jaw bears atZ219; side lips capture carrier X50..60. Nominal touching faces represent clamp interface, not permitted solid overlap."
R23_neck_upper_saddle_1_top_washer,jaw_soft,manufacturing_candidate,A2 stainless DIN125 M2.5 washer ID2.7 OD6 t0.5,True,按本件源CAD与材料/工艺合同评审,work/r23-power-integration/mechanics_neck/manifest.json,work/r23-power-integration/mechanics_neck/STEP_毫米/R23_neck_upper_saddle_1_top_washer.step,,work/r23-power-integration/mechanics_neck/STL_装配坐标_毫米/R23_neck_upper_saddle_1_top_washer.stl,75877dc6bb0bef43b1d1ccbb0d7a95fe6c6ead1f90f2f1f24ea1066524a86aba,work/r23-power-integration/mechanics_neck/R23_neck_interfaces_dimensions.pdf,M2.5 washer intentionally used on M2 to clear bounded underhead fillet; incoming dimension check.
R23_neck_upper_saddle_1_bottom_washer,jaw_soft,manufacturing_candidate,A2 stainless DIN125 M2.5 washer ID2.7 OD6 t0.5,True,按本件源CAD与材料/工艺合同评审,work/r23-power-integration/mechanics_neck/manifest.json,work/r23-power-integration/mechanics_neck/STEP_毫米/R23_neck_upper_saddle_1_bottom_washer.step,,work/r23-power-integration/mechanics_neck/STL_装配坐标_毫米/R23_neck_upper_saddle_1_bottom_washer.stl,4850456f0d46f979cbf166328838584e2b9cca8cfa4f9213bfaa1e10e79f2479,work/r23-power-integration/mechanics_neck/R23_neck_interfaces_dimensions.pdf,M2.5 washer intentionally used on M2 to clear bounded underhead fillet; incoming dimension check.
R23_neck_upper_saddle_1_M2_nut,jaw_soft,purchase_reference,A2 stainless M2 hex nut AF4 t1.6,True,参考/器件外包络：按原器件BOM采购，不按外形体积制件或计重,work/r23-power-integration/mechanics_neck/manifest.json,work/r23-power-integration/mechanics_neck/STEP_毫米/R23_neck_upper_saddle_1_M2_nut.step,,work/r23-power-integration/mechanics_neck/STL_装配坐标_毫米/R23_neck_upper_saddle_1_M2_nut.stl,8bfbc15c5ad4cf9979c7f865caf63eaf474df9acea7a84fdc6d9f148c88dedb8,work/r23-power-integration/mechanics_neck/R23_neck_interfaces_dimensions.pdf,Minor bore is thread engagement envelope; verify full usable thread and nut thickness.
R23_neck_upper_saddle_1_M2x10,jaw_soft,purchase_reference,A2-70 socket screw nominal purchase envelope,True,参考/器件外包络：按原器件BOM采购，不按外形体积制件或计重,work/r23-power-integration/mechanics_neck/manifest.json,work/r23-power-integration/mechanics_neck/STEP_毫米/R23_neck_upper_saddle_1_M2x10.step,,work/r23-power-integration/mechanics_neck/STL_装配坐标_毫米/R23_neck_upper_saddle_1_M2x10.stl,fe353d67725e8008b4807c87f8f6abc886ea7bfd5d3eb5a475d4c3c0ccbf1cde,work/r23-power-integration/mechanics_neck/R23_neck_interfaces_dimensions.pdf,"M2x10, underhead datum; full major-diameter shaft is thread-envelope reference. Verify supplier fillet <= D2.6 x0.4 and incoming dimensions."
R23_neck_upper_saddle_2_top_washer,jaw_soft,manufacturing_candidate,A2 stainless DIN125 M2.5 washer ID2.7 OD6 t0.5,True,按本件源CAD与材料/工艺合同评审,work/r23-power-integration/mechanics_neck/manifest.json,work/r23-power-integration/mechanics_neck/STEP_毫米/R23_neck_upper_saddle_2_top_washer.step,,work/r23-power-integration/mechanics_neck/STL_装配坐标_毫米/R23_neck_upper_saddle_2_top_washer.stl,662192eac071f67861a79ebc0bfce316de4eda51ddc5821a70cecf976ba32d4c,work/r23-power-integration/mechanics_neck/R23_neck_interfaces_dimensions.pdf,M2.5 washer intentionally used on M2 to clear bounded underhead fillet; incoming dimension check.
R23_neck_upper_saddle_2_bottom_washer,jaw_soft,manufacturing_candidate,A2 stainless DIN125 M2.5 washer ID2.7 OD6 t0.5,True,按本件源CAD与材料/工艺合同评审,work/r23-power-integration/mechanics_neck/manifest.json,work/r23-power-integration/mechanics_neck/STEP_毫米/R23_neck_upper_saddle_2_bottom_washer.step,,work/r23-power-integration/mechanics_neck/STL_装配坐标_毫米/R23_neck_upper_saddle_2_bottom_washer.stl,053e250aca464ba419f0ffa3937c755ac3eef35cef387b28b2208489f6dbcf79,work/r23-power-integration/mechanics_neck/R23_neck_interfaces_dimensions.pdf,M2.5 washer intentionally used on M2 to clear bounded underhead fillet; incoming dimension check.
R23_neck_upper_saddle_2_M2_nut,jaw_soft,purchase_reference,A2 stainless M2 hex nut AF4 t1.6,True,参考/器件外包络：按原器件BOM采购，不按外形体积制件或计重,work/r23-power-integration/mechanics_neck/manifest.json,work/r23-power-integration/mechanics_neck/STEP_毫米/R23_neck_upper_saddle_2_M2_nut.step,,work/r23-power-integration/mechanics_neck/STL_装配坐标_毫米/R23_neck_upper_saddle_2_M2_nut.stl,31ec77dd4ed1f45103019103e971374e19728f2167e57d5e1380232590f55ddc,work/r23-power-integration/mechanics_neck/R23_neck_interfaces_dimensions.pdf,Minor bore is thread engagement envelope; verify full usable thread and nut thickness.
R23_neck_upper_saddle_2_M2x10,jaw_soft,purchase_reference,A2-70 socket screw nominal purchase envelope,True,参考/器件外包络：按原器件BOM采购，不按外形体积制件或计重,work/r23-power-integration/mechanics_neck/manifest.json,work/r23-power-integration/mechanics_neck/STEP_毫米/R23_neck_upper_saddle_2_M2x10.step,,work/r23-power-integration/mechanics_neck/STL_装配坐标_毫米/R23_neck_upper_saddle_2_M2x10.stl,7d1a20c94f80155776cbe93fa9b3cfbbc76549f50c12a8c4db29ea693d19634f,work/r23-power-integration/mechanics_neck/R23_neck_interfaces_dimensions.pdf,"M2x10, underhead datum; full major-diameter shaft is thread-envelope reference. Verify supplier fillet <= D2.6 x0.4 and incoming dimensions."
R23_head_shell_-60_-60_M3p5_DIN433_washer,jaw_soft,purchase_reference,A4 stainless HRDW-M3.5-A4,True,按本件源CAD与材料/工艺合同评审,work/r23-power-integration/mechanics_neck_stop/manifest.json,work/r23-power-integration/mechanics_neck_stop/STEP_毫米/R23_head_shell_-60_-60_M3p5_DIN433_washer.step,,work/r23-power-integration/mechanics_neck_stop/STL_装配坐标_毫米/R23_head_shell_-60_-60_M3p5_DIN433_washer.stl,206c168cc851bb9d4577c794e84884af0659518a384bdda58005572beaca1a2b,work/r23-power-integration/mechanics_neck_stop/R23_neck_stop_dimensions.pdf,"DIN433 narrow washer intentionally sizedM3.5:ID3.7(+.18/0),OD7(+0/-.36),t.5±.05. ClearsM3 bounded underheadD3.6 while preserving original0.5 stack."
R23_head_shell_-60_-60_M3x10,jaw_soft,purchase_reference,"A2-70 certified required, AccuSSCF-M3-10-A2 dimensional source",True,按本件源CAD与材料/工艺合同评审,work/r23-power-integration/mechanics_neck_stop/manifest.json,work/r23-power-integration/mechanics_neck_stop/STEP_毫米/R23_head_shell_-60_-60_M3x10.step,,work/r23-power-integration/mechanics_neck_stop/STL_装配坐标_毫米/R23_head_shell_-60_-60_M3x10.stl,9add529e4d42196a7b5ac20ef3beddf57906eb1dd1f8b874a8b782463c841fc6,work/r23-power-integration/mechanics_neck_stop/R23_neck_stop_dimensions.pdf,"M3x10 major-thread envelope, seatZ222.5/tip212.5/head225.5, pitch.5; headD5.5(+0/-.18),H3(+0/-.14),AF2.5/depth1.3. UnderheadD3.6x.4 conservative maximum acceptance. Explicitly added missing original-contract hardware, not a previously installed part."
R23_head_shell_-60_-60_M3_DIN934_nut,jaw_soft,purchase_reference,A2 stainless Accu HPN-M3-A2 DIN934,True,按本件源CAD与材料/工艺合同评审,work/r23-power-integration/mechanics_neck_stop/manifest.json,work/r23-power-integration/mechanics_neck_stop/STEP_毫米/R23_head_shell_-60_-60_M3_DIN934_nut.step,,work/r23-power-integration/mechanics_neck_stop/STL_装配坐标_毫米/R23_head_shell_-60_-60_M3_DIN934_nut.stl,0da2126ae1d1467ce9723d545aae6424fe1002015facc466c6c0dc48d0bf2d87,work/r23-power-integration/mechanics_neck_stop/R23_neck_stop_dimensions.pdf,"AF5.5/H2.4 full nut, notDIN439thin nut. Flats parallelX fit original5.8-wide slot. PreloadedseatCenterZ214.9, top216.1atactualslotroof, bottom213.7; insert0.2lowerthenseatraise0.2; rootdiameter2.5 is nominal thread reference. Insert from center-Y side beforeM3 screw. Original centered envelope is assembly clearance only, not loaded position."
R23_head_shell_-60_60_M3p5_DIN433_washer,jaw_soft,purchase_reference,A4 stainless HRDW-M3.5-A4,True,按本件源CAD与材料/工艺合同评审,work/r23-power-integration/mechanics_neck_stop/manifest.json,work/r23-power-integration/mechanics_neck_stop/STEP_毫米/R23_head_shell_-60_60_M3p5_DIN433_washer.step,,work/r23-power-integration/mechanics_neck_stop/STL_装配坐标_毫米/R23_head_shell_-60_60_M3p5_DIN433_washer.stl,b4c1b003a63e7bcb5789892eb51b91903edb0afd14b089a61d9eae35c836cdf8,work/r23-power-integration/mechanics_neck_stop/R23_neck_stop_dimensions.pdf,"DIN433 narrow washer intentionally sizedM3.5:ID3.7(+.18/0),OD7(+0/-.36),t.5±.05. ClearsM3 bounded underheadD3.6 while preserving original0.5 stack."
R23_head_shell_-60_60_M3x10,jaw_soft,purchase_reference,"A2-70 certified required, AccuSSCF-M3-10-A2 dimensional source",True,按本件源CAD与材料/工艺合同评审,work/r23-power-integration/mechanics_neck_stop/manifest.json,work/r23-power-integration/mechanics_neck_stop/STEP_毫米/R23_head_shell_-60_60_M3x10.step,,work/r23-power-integration/mechanics_neck_stop/STL_装配坐标_毫米/R23_head_shell_-60_60_M3x10.stl,d665bccaec863004ad8d54a03cf42247d7cfeec40ae9083972a9f204d06ce44d,work/r23-power-integration/mechanics_neck_stop/R23_neck_stop_dimensions.pdf,"M3x10 major-thread envelope, seatZ222.5/tip212.5/head225.5, pitch.5; headD5.5(+0/-.18),H3(+0/-.14),AF2.5/depth1.3. UnderheadD3.6x.4 conservative maximum acceptance. Explicitly added missing original-contract hardware, not a previously installed part."
R23_head_shell_-60_60_M3_DIN934_nut,jaw_soft,purchase_reference,A2 stainless Accu HPN-M3-A2 DIN934,True,按本件源CAD与材料/工艺合同评审,work/r23-power-integration/mechanics_neck_stop/manifest.json,work/r23-power-integration/mechanics_neck_stop/STEP_毫米/R23_head_shell_-60_60_M3_DIN934_nut.step,,work/r23-power-integration/mechanics_neck_stop/STL_装配坐标_毫米/R23_head_shell_-60_60_M3_DIN934_nut.stl,3242213c46bdc41d0fc56ce625b6fc36dc2aa5cad7ebd0e1d04cfa0d419e0039,work/r23-power-integration/mechanics_neck_stop/R23_neck_stop_dimensions.pdf,"AF5.5/H2.4 full nut, notDIN439thin nut. Flats parallelX fit original5.8-wide slot. PreloadedseatCenterZ214.9, top216.1atactualslotroof, bottom213.7; insert0.2lowerthenseatraise0.2; rootdiameter2.5 is nominal thread reference. Insert from center-Y side beforeM3 screw. Original centered envelope is assembly clearance only, not loaded position."
R23_head_shell_55_-60_M3p5_DIN433_washer,jaw_soft,purchase_reference,A4 stainless HRDW-M3.5-A4,True,按本件源CAD与材料/工艺合同评审,work/r23-power-integration/mechanics_neck_stop/manifest.json,work/r23-power-integration/mechanics_neck_stop/STEP_毫米/R23_head_shell_55_-60_M3p5_DIN433_washer.step,,work/r23-power-integration/mechanics_neck_stop/STL_装配坐标_毫米/R23_head_shell_55_-60_M3p5_DIN433_washer.stl,460a3e537b92dad683b5a85380b8027446619fa9ccf1ff5759d85981bf3cae96,work/r23-power-integration/mechanics_neck_stop/R23_neck_stop_dimensions.pdf,"DIN433 narrow washer intentionally sizedM3.5:ID3.7(+.18/0),OD7(+0/-.36),t.5±.05. ClearsM3 bounded underheadD3.6 while preserving original0.5 stack."
R23_head_shell_55_-60_M3x10,jaw_soft,purchase_reference,"A2-70 certified required, AccuSSCF-M3-10-A2 dimensional source",True,按本件源CAD与材料/工艺合同评审,work/r23-power-integration/mechanics_neck_stop/manifest.json,work/r23-power-integration/mechanics_neck_stop/STEP_毫米/R23_head_shell_55_-60_M3x10.step,,work/r23-power-integration/mechanics_neck_stop/STL_装配坐标_毫米/R23_head_shell_55_-60_M3x10.stl,f4236290b8e74714245058c27214906901c99d4e0ecda5850b18b6fec8f2e4ea,work/r23-power-integration/mechanics_neck_stop/R23_neck_stop_dimensions.pdf,"M3x10 major-thread envelope, seatZ222.5/tip212.5/head225.5, pitch.5; headD5.5(+0/-.18),H3(+0/-.14),AF2.5/depth1.3. UnderheadD3.6x.4 conservative maximum acceptance. Explicitly added missing original-contract hardware, not a previously installed part."
R23_head_shell_55_-60_M3_DIN934_nut,jaw_soft,purchase_reference,A2 stainless Accu HPN-M3-A2 DIN934,True,按本件源CAD与材料/工艺合同评审,work/r23-power-integration/mechanics_neck_stop/manifest.json,work/r23-power-integration/mechanics_neck_stop/STEP_毫米/R23_head_shell_55_-60_M3_DIN934_nut.step,,work/r23-power-integration/mechanics_neck_stop/STL_装配坐标_毫米/R23_head_shell_55_-60_M3_DIN934_nut.stl,1d98959b222ddeb798cca8ed28465e57d5a3652c40338bf13ade25e8b74d32e6,work/r23-power-integration/mechanics_neck_stop/R23_neck_stop_dimensions.pdf,"AF5.5/H2.4 full nut, notDIN439thin nut. Flats parallelX fit original5.8-wide slot. PreloadedseatCenterZ214.9, top216.1atactualslotroof, bottom213.7; insert0.2lowerthenseatraise0.2; rootdiameter2.5 is nominal thread reference. Insert from center-Y side beforeM3 screw. Original centered envelope is assembly clearance only, not loaded position."
R23_head_shell_55_60_M3p5_DIN433_washer,jaw_soft,purchase_reference,A4 stainless HRDW-M3.5-A4,True,按本件源CAD与材料/工艺合同评审,work/r23-power-integration/mechanics_neck_stop/manifest.json,work/r23-power-integration/mechanics_neck_stop/STEP_毫米/R23_head_shell_55_60_M3p5_DIN433_washer.step,,work/r23-power-integration/mechanics_neck_stop/STL_装配坐标_毫米/R23_head_shell_55_60_M3p5_DIN433_washer.stl,00b0fdb5e34325ca8277ec167e56769a9e42639395a653d3d1da57139de18acb,work/r23-power-integration/mechanics_neck_stop/R23_neck_stop_dimensions.pdf,"DIN433 narrow washer intentionally sizedM3.5:ID3.7(+.18/0),OD7(+0/-.36),t.5±.05. ClearsM3 bounded underheadD3.6 while preserving original0.5 stack."
R23_head_shell_55_60_M3_stud_L12p5,jaw_soft,manufacturing_candidate,"A2-70 certified full-thread stock, precision cut",True,按本件源CAD与材料/工艺合同评审,work/r23-power-integration/mechanics_neck_stop/manifest.json,work/r23-power-integration/mechanics_neck_stop/STEP_毫米/R23_head_shell_55_60_M3_stud_L12p5.step,,work/r23-power-integration/mechanics_neck_stop/STL_装配坐标_毫米/R23_head_shell_55_60_M3_stud_L12p5.stl,086ab18b84be8b48a8a2ce6fe978a5546626c2f4b15950cb7e7bc1c52113a4a3,work/r23-power-integration/mechanics_neck_stop/R23_neck_stop_dimensions.pdf,"EXCEPTION at55,+60: headlessM3x0.5 studL12.50±.03, tip212.50/top225.00 nominal, chamfer≤.15. Slotwidth1.00/depth.80 fromtop, axisY; actual customoffsetflatdriver counterholds during uppernut tightening. Insert lowernut alone into bare shell, thread stud fromabove before carrier, lower carrier onto stud, then side-load washer and uppernut. No adhesive required to hold against rotation; actual preload retention test required."
R23_head_shell_55_60_M3_DIN439_top_nut,jaw_soft,purchase_reference,A2 stainless Accu HFN-M3-A2 DIN439,True,按本件源CAD与材料/工艺合同评审,work/r23-power-integration/mechanics_neck_stop/manifest.json,work/r23-power-integration/mechanics_neck_stop/STEP_毫米/R23_head_shell_55_60_M3_DIN439_top_nut.step,,work/r23-power-integration/mechanics_neck_stop/STL_装配坐标_毫米/R23_head_shell_55_60_M3_DIN439_top_nut.stl,d2c4ff23edd41a73c443e82246584d260ab050a93eef87ea56783f86fe89ae5c,work/r23-power-integration/mechanics_neck_stop/R23_neck_stop_dimensions.pdf,"Top thin nutAF5.5(+0/-.18),H1.8(+0/-.25); finalbottom222.5/top224.3. Nominalstudprotrusion.7, preserveswasher/carryingmetal/lowernutstack. Lowpreload30..60N candidate, no DIN934 full proof-load assertion."
R23_head_shell_55_60_M3_DIN934_nut,jaw_soft,purchase_reference,A2 stainless Accu HPN-M3-A2 DIN934,True,按本件源CAD与材料/工艺合同评审,work/r23-power-integration/mechanics_neck_stop/manifest.json,work/r23-power-integration/mechanics_neck_stop/STEP_毫米/R23_head_shell_55_60_M3_DIN934_nut.step,,work/r23-power-integration/mechanics_neck_stop/STL_装配坐标_毫米/R23_head_shell_55_60_M3_DIN934_nut.stl,361325439a112556586b33de90588b588769f4a61cd780aaa02bf43b071eb21e,work/r23-power-integration/mechanics_neck_stop/R23_neck_stop_dimensions.pdf,"AF5.5/H2.4 full nut, notDIN439thin nut. Flats parallelX fit original5.8-wide slot. PreloadedseatCenterZ214.9, top216.1atactualslotroof, bottom213.7; insert0.2lowerthenseatraise0.2; rootdiameter2.5 is nominal thread reference. Insert from center-Y side beforeM3 screw. Original centered envelope is assembly clearance only, not loaded position."
R23_SP34_saddle_with_J9_integral_arm,trunk_base,manufacturing_candidate,"7075-T651 machined billet, same as inherited source",True,按本件源CAD与材料/工艺合同评审,work/r23-power-integration/mechanics_j9/candidate_xm73p2_z44p5/manifest.json,work/r23-power-integration/mechanics_j9/candidate_xm73p2_z44p5/STEP_毫米/R23_SP34_saddle_with_J9_integral_arm.step,,work/r23-power-integration/mechanics_j9/candidate_xm73p2_z44p5/STL_装配坐标_毫米/R23_SP34_saddle_with_J9_integral_arm.stl,43c8d0ceacf83d517c42c4222483f67fe4b1628cccf3bd059dafca728802dd1d,work/r23-power-integration/mechanics_j9/candidate_xm73p2_z44p5/R23_J9_安装制造图册.pdf,Original material and root holes retained; root beam enlarged to7.5mm width without changing4mm height. Right-hand return bypasses SP3 tie; F rear datum56.05. Positive stop56.3 with0.25PEEK film; twoD3 sleeve openings. Machining reliefs must preserve specified sections.
R23_J9_PEEK_axial_seat_sheet,trunk_base,manufacturing_candidate,PEEK film finished0.25mm,True,按本件源CAD与材料/工艺合同评审,work/r23-power-integration/mechanics_j9/candidate_xm73p2_z44p5/manifest.json,work/r23-power-integration/mechanics_j9/candidate_xm73p2_z44p5/STEP_毫米/R23_J9_PEEK_axial_seat_sheet.step,,work/r23-power-integration/mechanics_j9/candidate_xm73p2_z44p5/STL_装配坐标_毫米/R23_J9_PEEK_axial_seat_sheet.stl,13dc4b591cbf37ee153f821c3a9f4d00629ca61f8facef9f927fb8b227ee158b,work/r23-power-integration/mechanics_j9/candidate_xm73p2_z44p5/R23_J9_安装制造图册.pdf,"Captive axial isolation sheet, not adhesive-based retention. NominalfullF endface contact excludingD3 cup apertures; supplier shoulder fit is mandatory."
R23_J9_PEEK_back_isolation,trunk_base,manufacturing_candidate,PEEK film finished0.25mm,True,按本件源CAD与材料/工艺合同评审,work/r23-power-integration/mechanics_j9/candidate_xm73p2_z44p5/manifest.json,work/r23-power-integration/mechanics_j9/candidate_xm73p2_z44p5/STEP_毫米/R23_J9_PEEK_back_isolation.step,,work/r23-power-integration/mechanics_j9/candidate_xm73p2_z44p5/STL_装配坐标_毫米/R23_J9_PEEK_back_isolation.stl,488b3670e8fe4bd76b8968abd73d6d06248a597b01c2b2e926f8ddfd3c7618c1,work/r23-power-integration/mechanics_j9/candidate_xm73p2_z44p5/R23_J9_安装制造图册.pdf,Small right-back pad fits between source body rear plane and return mast; captured by liner/lacing. No planar-spreading thermal credit.
R23_J9_VMQ_back_liner_installed,trunk_base,manufacturing_candidate,"VMQ silicone40A, density1.13 assumed",True,按本件源CAD与材料/工艺合同评审,work/r23-power-integration/mechanics_j9/candidate_xm73p2_z44p5/manifest.json,work/r23-power-integration/mechanics_j9/candidate_xm73p2_z44p5/STEP_毫米/R23_J9_VMQ_back_liner_installed.step,,work/r23-power-integration/mechanics_j9/candidate_xm73p2_z44p5/STL_装配坐标_毫米/R23_J9_VMQ_back_liner_installed.stl,318410f14d90b5e52b85a97f221e5b45fd21d24a7c42ca8e9480622f4a94ae3c,work/r23-power-integration/mechanics_j9/candidate_xm73p2_z44p5/R23_J9_安装制造图册.pdf,0.30free represented0.25mm installed; no unmeasured grip capacity claim.
R23_J9_PTFE_lacing_and_knot,trunk_base,manufacturing_candidate,PTFE lacing dimensional solid-envelope upper mass,True,按本件源CAD与材料/工艺合同评审,work/r23-power-integration/mechanics_j9/candidate_xm73p2_z44p5/manifest.json,work/r23-power-integration/mechanics_j9/candidate_xm73p2_z44p5/STEP_毫米/R23_J9_PTFE_lacing_and_knot.step,,work/r23-power-integration/mechanics_j9/candidate_xm73p2_z44p5/STL_装配坐标_毫米/R23_J9_PTFE_lacing_and_knot.stl,35d3b710e4c74961005c08cd8d412dbcbb951dbd51ff91fe5120ff9af5c34c93,work/r23-power-integration/mechanics_j9/candidate_xm73p2_z44p5/R23_J9_安装制造图册.pdf,1.6wide x0.3thick specified envelope; loop around F shoulder and right mast between positive collars; knot at front-right+Y. Actual braid/creep/pull retention and body friction require firstarticle. No band contacts M-side maximumZ52.65.
R23_J9_host_-57.5_M2p5x8,trunk_base,purchase_reference,A2-70 ISO4762 M2.5x8 supplier-certified,True,参考/器件外包络：按原器件BOM采购，不按外形体积制件或计重,work/r23-power-integration/mechanics_j9/candidate_xm73p2_z44p5/manifest.json,work/r23-power-integration/mechanics_j9/candidate_xm73p2_z44p5/STEP_毫米/R23_J9_host_-57.5_M2p5x8.step,,work/r23-power-integration/mechanics_j9/candidate_xm73p2_z44p5/STL_装配坐标_毫米/R23_J9_host_-57.5_M2p5x8.stl,23c470a7d05883131324b619707a532ef6dfe7f436e6b6995f991f0f2a765f65,work/r23-power-integration/mechanics_j9/candidate_xm73p2_z44p5/R23_J9_安装制造图册.pdf,Same underhead planeZ34.5 and tipZ26.5; actualAF2 socket included. Fillet boundedD3.1x0.4 uses newID3.2 washer. Controlled8mm effective length and firstarticle preload required.
R23_J9_host_-57.5_washer_ID3p2,trunk_base,manufacturing_candidate,303 stainless precision washer ID3.2 OD5 t0.50±0.02,True,按本件源CAD与材料/工艺合同评审,work/r23-power-integration/mechanics_j9/candidate_xm73p2_z44p5/manifest.json,work/r23-power-integration/mechanics_j9/candidate_xm73p2_z44p5/STEP_毫米/R23_J9_host_-57.5_washer_ID3p2.step,,work/r23-power-integration/mechanics_j9/candidate_xm73p2_z44p5/STL_装配坐标_毫米/R23_J9_host_-57.5_washer_ID3p2.stl,643fb9cfc6529792b9e6c8d716cbf3bdc69996adc45a1de2e147058a35cb6784,work/r23-power-integration/mechanics_j9/candidate_xm73p2_z44p5/R23_J9_安装制造图册.pdf,Original0.5mm stack retained; increasedID clears specified fillet. No groove/contact change to source support.
R23_FAN2_captive_dual_lead_VMQ,trunk_base,thermal_manufacturing_candidate,VMQ50A selected two-bore strain-relief insert,True,按本件源CAD与材料/工艺合同评审,work/r23-power-integration/thermal/mechanical_completion/manifest.json,work/r23-power-integration/thermal/mechanical_completion/duct/STEP_毫米/R23_FAN2_captive_dual_lead_VMQ.step,,work/r23-power-integration/thermal/mechanical_completion/duct/STL_装配坐标_毫米/R23_FAN2_captive_dual_lead_VMQ.stl,170c1f68a7c3d9d14bee9a6492d26ced46765624351cae8f0ddacc6f4b03ecb4,work/r23-power-integration/thermal/mechanical_completion/R23_热组件_制造尺寸与装配.pdf,"Moulded insert positively captured by two .3mm-long PEEK end shoulders. Incoming leadOD measured<=1.2; mould free bores actualOD-.10, installed max bores1.2shown. 2mm bearing; retain1N pull on each lead/1000cycles qualification, not inferred from friction. Feed leads through insert before soldered splice."
R23_R78_Kapton_case_base_shim,trunk_base,thermal_manufacturing_candidate,KaptonHN50um selected base shim,True,按本件源CAD与材料/工艺合同评审,work/r23-power-integration/thermal/mechanical_completion/manifest.json,work/r23-power-integration/thermal/mechanical_completion/duct/STEP_毫米/R23_R78_Kapton_case_base_shim.step,,work/r23-power-integration/thermal/mechanical_completion/duct/STL_装配坐标_毫米/R23_R78_Kapton_case_base_shim.stl,5cbb9bef74f64bfb15297d9f01f4c23dcac997134080d4f3f93d270c5989f9e2,work/r23-power-integration/thermal/mechanical_completion/R23_热组件_制造尺寸与装配.pdf,"Selected stock closes actual .05mm nominal floor gap; preserve terminal axes. Machine tray variant from measured incoming case, never force a larger tolerance case into nominal pocket."
R23_R78_VMQ_lacing_pad,trunk_base,thermal_manufacturing_candidate,VMQ30A pad .40free/.30installed,True,按本件源CAD与材料/工艺合同评审,work/r23-power-integration/thermal/mechanical_completion/manifest.json,work/r23-power-integration/thermal/mechanical_completion/duct/STEP_毫米/R23_R78_VMQ_lacing_pad.step,,work/r23-power-integration/thermal/mechanical_completion/duct/STL_装配坐标_毫米/R23_R78_VMQ_lacing_pad.stl,2027f30a9e310cf102bb27a12d5301d8b0c43408a7c964630851d9ed273093b8,work/r23-power-integration/thermal/mechanical_completion/R23_热组件_制造尺寸与装配.pdf,
R23_R78_PTFE_case_lacing,trunk_base,thermal_manufacturing_candidate,Gudebrod2049-A PTFE lacing .3556x1.8288max,True,按本件源CAD与材料/工艺合同评审,work/r23-power-integration/thermal/mechanical_completion/manifest.json,work/r23-power-integration/thermal/mechanical_completion/duct/STEP_毫米/R23_R78_PTFE_case_lacing.step,,work/r23-power-integration/thermal/mechanical_completion/duct/STL_装配坐标_毫米/R23_R78_PTFE_case_lacing.stl,f55a0e0c4429272493114ea425a93b692e8154a92befb1c2108b2e8f565db9b0,work/r23-power-integration/thermal/mechanical_completion/R23_热组件_制造尺寸与装配.pdf,One removable lacing loop around actual tray/case/pad; feed before module pins are soldered. Square folds are conservative fabric envelope; radius/abrasion and hot pull/creep acceptance required. No adhesive retention credited.
R23_R78_PTFE_lacing_knot_budget,trunk_base,thermal_manufacturing_candidate,PTFE doubled knot installed budget,True,按本件源CAD与材料/工艺合同评审,work/r23-power-integration/thermal/mechanical_completion/manifest.json,work/r23-power-integration/thermal/mechanical_completion/duct/STEP_毫米/R23_R78_PTFE_lacing_knot_budget.step,,work/r23-power-integration/thermal/mechanical_completion/duct/STL_装配坐标_毫米/R23_R78_PTFE_lacing_knot_budget.stl,0971b7b8af650f87ea831b878ad08a1b79b8db41c6bbe191c8baa7738bcc2005,work/r23-power-integration/thermal/mechanical_completion/R23_热组件_制造尺寸与装配.pdf,"Actual knot must fit2.6cube; .06g allowance includes additional knot material, loop counted by CAD separately."
R23_FAN2_duct_seam_VMQ_01,trunk_base,thermal_manufacturing_candidate,"VMQ30A gasket,.20 free to.15mm compressed",True,按本件源CAD与材料/工艺合同评审,work/r23-power-integration/thermal/mechanical_completion/manifest.json,work/r23-power-integration/thermal/mechanical_completion/duct/STEP_毫米/R23_FAN2_duct_seam_VMQ_01.step,,work/r23-power-integration/thermal/mechanical_completion/duct/STL_装配坐标_毫米/R23_FAN2_duct_seam_VMQ_01.stl,03bf241d5b138ba08755ce01cf901b7925f763d4be693b257b20929c2d275e65,work/r23-power-integration/thermal/mechanical_completion/R23_热组件_制造尺寸与装配.pdf,All seam material is actual planar intersection of ductsolid; separate islands are separate specified pieces. No gasket crosses airvoid. Leak≤5% remains measured acceptance.
R23_FAN2_duct_seam_VMQ_02,trunk_base,thermal_manufacturing_candidate,"VMQ30A gasket,.20 free to.15mm compressed",True,按本件源CAD与材料/工艺合同评审,work/r23-power-integration/thermal/mechanical_completion/manifest.json,work/r23-power-integration/thermal/mechanical_completion/duct/STEP_毫米/R23_FAN2_duct_seam_VMQ_02.step,,work/r23-power-integration/thermal/mechanical_completion/duct/STL_装配坐标_毫米/R23_FAN2_duct_seam_VMQ_02.stl,ef5f90849b6f36788bbbe5de53377385b4febbf93148976cad6491f0f5aac0a9,work/r23-power-integration/thermal/mechanical_completion/R23_热组件_制造尺寸与装配.pdf,Component of explicitly split physical item.
R23_FAN2_seam_bolt_1,trunk_base,purchased_fastener,Certified stainless DIN912 full-thread stock M2x6,True,按本件源CAD与材料/工艺合同评审,work/r23-power-integration/thermal/mechanical_completion/manifest.json,work/r23-power-integration/thermal/mechanical_completion/duct/STEP_毫米/R23_FAN2_seam_bolt_1.step,,work/r23-power-integration/thermal/mechanical_completion/duct/STL_装配坐标_毫米/R23_FAN2_seam_bolt_1.stl,d35e39832b1be9131557f42dded094580d5c57e828d93d0cbc332606566c0eb6,work/r23-power-integration/thermal/mechanical_completion/R23_热组件_制造尺寸与装配.pdf,"M2x0.4 underhead finishedL6.0mm;socketAF1.5; headD3.8H2. Nominal thread major is engagement reference, not helix. Final full-thread stock length; no cut operation. A2-70 property class requires lot certificate, not inferred from A2."
R23_FAN2_seam_nut_1,trunk_base,purchased_fastener,SUS304 NBK SHNS-M2-LP thin nut AF4 t1.2,True,按本件源CAD与材料/工艺合同评审,work/r23-power-integration/thermal/mechanical_completion/manifest.json,work/r23-power-integration/thermal/mechanical_completion/duct/STEP_毫米/R23_FAN2_seam_nut_1.step,,work/r23-power-integration/thermal/mechanical_completion/duct/STL_装配坐标_毫米/R23_FAN2_seam_nut_1.stl,0762460a0afe27abcf982284ff5298e126ddfb1f9baee23a1cd35db9e0d4516c,work/r23-power-integration/thermal/mechanical_completion/R23_热组件_制造尺寸与装配.pdf,M2x0.4 thread root shown as1.6mm bore; actual complete-thread overlap to be gauged.
R23_FAN2_seam_bolt_2,trunk_base,purchased_fastener,Certified stainless DIN912 full-thread stock M2x6,True,按本件源CAD与材料/工艺合同评审,work/r23-power-integration/thermal/mechanical_completion/manifest.json,work/r23-power-integration/thermal/mechanical_completion/duct/STEP_毫米/R23_FAN2_seam_bolt_2.step,,work/r23-power-integration/thermal/mechanical_completion/duct/STL_装配坐标_毫米/R23_FAN2_seam_bolt_2.stl,d6ec133eaabe8d1efcd359c5a8c97f2cf6929527fd562e397239b32643d891bf,work/r23-power-integration/thermal/mechanical_completion/R23_热组件_制造尺寸与装配.pdf,"M2x0.4 underhead finishedL6.0mm;socketAF1.5; headD3.8H2. Nominal thread major is engagement reference, not helix. Final full-thread stock length; no cut operation. A2-70 property class requires lot certificate, not inferred from A2."
R23_FAN2_seam_nut_2,trunk_base,purchased_fastener,SUS304 NBK SHNS-M2-LP thin nut AF4 t1.2,True,按本件源CAD与材料/工艺合同评审,work/r23-power-integration/thermal/mechanical_completion/manifest.json,work/r23-power-integration/thermal/mechanical_completion/duct/STEP_毫米/R23_FAN2_seam_nut_2.step,,work/r23-power-integration/thermal/mechanical_completion/duct/STL_装配坐标_毫米/R23_FAN2_seam_nut_2.stl,a969b1587cd2f7a10ec22d651ddd945e8b552384782b6d8bfc21559ac748a6a4,work/r23-power-integration/thermal/mechanical_completion/R23_热组件_制造尺寸与装配.pdf,M2x0.4 thread root shown as1.6mm bore; actual complete-thread overlap to be gauged.
R23_FAN2_inlet_upper_half,trunk_base,thermal_manufacturing_candidate,PEEK450G unfilled CNC,True,按本件源CAD与材料/工艺合同评审,work/r23-power-integration/thermal/mechanical_completion/manifest.json,work/r23-power-integration/thermal/mechanical_completion/duct/STEP_毫米/R23_FAN2_inlet_upper_half.step,,work/r23-power-integration/thermal/mechanical_completion/duct/STL_装配坐标_毫米/R23_FAN2_inlet_upper_half.stl,58b539ab34979dfb5b752dd9ec0460614bcb2b670e52f590d564b7488978d846,work/r23-power-integration/thermal/mechanical_completion/R23_热组件_制造尺寸与装配.pdf,CNC open half. Both inlet halves positively bolted to fanframe/collector via threeM2 long through fasteners. Shell boot is compliant seal only.
R23_FAN2_inlet_lower_half,trunk_base,thermal_manufacturing_candidate,PEEK450G unfilled CNC,True,按本件源CAD与材料/工艺合同评审,work/r23-power-integration/thermal/mechanical_completion/manifest.json,work/r23-power-integration/thermal/mechanical_completion/duct/STEP_毫米/R23_FAN2_inlet_lower_half.step,,work/r23-power-integration/thermal/mechanical_completion/duct/STL_装配坐标_毫米/R23_FAN2_inlet_lower_half.stl,156267a9a76460b2cfb31813c1128279d96a4f40119781e7f8160cdffa54bfd7,work/r23-power-integration/thermal/mechanical_completion/R23_热组件_制造尺寸与装配.pdf,CNC open half. All machining interiors accessible after split; planar split atworldZ73.
R23_FAN2_inlet_seam_VMQ_01,trunk_base,thermal_manufacturing_candidate,VMQ30A .20free/.15compressed gasket,True,按本件源CAD与材料/工艺合同评审,work/r23-power-integration/thermal/mechanical_completion/manifest.json,work/r23-power-integration/thermal/mechanical_completion/duct/STEP_毫米/R23_FAN2_inlet_seam_VMQ_01.step,,work/r23-power-integration/thermal/mechanical_completion/duct/STL_装配坐标_毫米/R23_FAN2_inlet_seam_VMQ_01.stl,6c5ed19983c1e31591301300aff2f3fc84538a53ffd223737bc1dc6f756e95c5,work/r23-power-integration/thermal/mechanical_completion/R23_热组件_制造尺寸与装配.pdf,
R23_FAN2_inlet_seam_VMQ_02,trunk_base,thermal_manufacturing_candidate,VMQ30A .20free/.15compressed gasket,True,按本件源CAD与材料/工艺合同评审,work/r23-power-integration/thermal/mechanical_completion/manifest.json,work/r23-power-integration/thermal/mechanical_completion/duct/STEP_毫米/R23_FAN2_inlet_seam_VMQ_02.step,,work/r23-power-integration/thermal/mechanical_completion/duct/STL_装配坐标_毫米/R23_FAN2_inlet_seam_VMQ_02.stl,c3bece1e378df5e83b738e47db7a55605cd8ea31c83a1d1028f54066c91c490c,work/r23-power-integration/thermal/mechanical_completion/R23_热组件_制造尺寸与装配.pdf,Component of explicitly split physical item.
R23_FAN2_front_VMQ_frame_seal,trunk_base,thermal_manufacturing_candidate,"VMQ30A selected sealstock, nominal compressed.3",True,按本件源CAD与材料/工艺合同评审,work/r23-power-integration/thermal/mechanical_completion/manifest.json,work/r23-power-integration/thermal/mechanical_completion/duct/STEP_毫米/R23_FAN2_front_VMQ_frame_seal.step,,work/r23-power-integration/thermal/mechanical_completion/duct/STL_装配坐标_毫米/R23_FAN2_front_VMQ_frame_seal.stl,c3e10a3dd43e4ce6c7babd548cfbdb53b701abf645ad30fe1ae65bd9b999a577,work/r23-power-integration/thermal/mechanical_completion/R23_热组件_制造尺寸与装配.pdf,Gauge fanframe meanplane nativeX-12.9±.05. Measured frame length10..10.5 uses each seal compressed.5.. .25 to maintain11.0mm fan+both seals total. No contact with rotor blades; select stock to20..35% compression.
R23_FAN2_rear_VMQ_frame_seal,trunk_base,thermal_manufacturing_candidate,"VMQ30A selected sealstock, nominal compressed.3",True,按本件源CAD与材料/工艺合同评审,work/r23-power-integration/thermal/mechanical_completion/manifest.json,work/r23-power-integration/thermal/mechanical_completion/duct/STEP_毫米/R23_FAN2_rear_VMQ_frame_seal.step,,work/r23-power-integration/thermal/mechanical_completion/duct/STL_装配坐标_毫米/R23_FAN2_rear_VMQ_frame_seal.stl,b918315d6e304fadbb78c0192d22651b2905459867d81465d44dbddc3f78efe7,work/r23-power-integration/thermal/mechanical_completion/R23_热组件_制造尺寸与装配.pdf,Gauge fanframe meanplane nativeX-12.9±.05. Measured frame length10..10.5 uses each seal compressed.5.. .25 to maintain11.0mm fan+both seals total. No contact with rotor blades; select stock to20..35% compression.
R23_FAN2_mount_bolt_1,trunk_base,purchased_fastener,Certified stainless DIN912 full-thread stock M2x18,True,按本件源CAD与材料/工艺合同评审,work/r23-power-integration/thermal/mechanical_completion/manifest.json,work/r23-power-integration/thermal/mechanical_completion/duct/STEP_毫米/R23_FAN2_mount_bolt_1.step,,work/r23-power-integration/thermal/mechanical_completion/duct/STL_装配坐标_毫米/R23_FAN2_mount_bolt_1.stl,fbb9c3667f6190dfc34a088ba7e6d808c2f7b43f9e079a3bfb5a69afe325fc4a,work/r23-power-integration/thermal/mechanical_completion/R23_热组件_制造尺寸与装配.pdf,"M2x0.4 underhead finishedL18.0mm;socketAF1.5; headD3.8H2. Nominal thread major is engagement reference, not helix. Final full-thread stock length; no cut operation. A2-70 property class requires lot certificate, not inferred from A2."
R23_FAN2_mount_nut_1,trunk_base,purchased_fastener,SUS304 NBK SHNS-M2-LP thin nut AF4 t1.2,True,按本件源CAD与材料/工艺合同评审,work/r23-power-integration/thermal/mechanical_completion/manifest.json,work/r23-power-integration/thermal/mechanical_completion/duct/STEP_毫米/R23_FAN2_mount_nut_1.step,,work/r23-power-integration/thermal/mechanical_completion/duct/STL_装配坐标_毫米/R23_FAN2_mount_nut_1.stl,2fa58b8324e8bb24f8099c7f9008eb59bd4d2bfcf63bbe83674658aa7b421847,work/r23-power-integration/thermal/mechanical_completion/R23_热组件_制造尺寸与装配.pdf,M2x0.4 thread root shown as1.6mm bore; actual complete-thread overlap to be gauged.
R23_FAN2_mount_bolt_2,trunk_base,purchased_fastener,Certified stainless DIN912 full-thread stock M2x18,True,按本件源CAD与材料/工艺合同评审,work/r23-power-integration/thermal/mechanical_completion/manifest.json,work/r23-power-integration/thermal/mechanical_completion/duct/STEP_毫米/R23_FAN2_mount_bolt_2.step,,work/r23-power-integration/thermal/mechanical_completion/duct/STL_装配坐标_毫米/R23_FAN2_mount_bolt_2.stl,07769d8c89291e97c0dd4beda0e29478ac61a8c2ad3c790af8783b48d2c01ee6,work/r23-power-integration/thermal/mechanical_completion/R23_热组件_制造尺寸与装配.pdf,"M2x0.4 underhead finishedL18.0mm;socketAF1.5; headD3.8H2. Nominal thread major is engagement reference, not helix. Final full-thread stock length; no cut operation. A2-70 property class requires lot certificate, not inferred from A2."
R23_FAN2_mount_nut_2,trunk_base,purchased_fastener,SUS304 NBK SHNS-M2-LP thin nut AF4 t1.2,True,按本件源CAD与材料/工艺合同评审,work/r23-power-integration/thermal/mechanical_completion/manifest.json,work/r23-power-integration/thermal/mechanical_completion/duct/STEP_毫米/R23_FAN2_mount_nut_2.step,,work/r23-power-integration/thermal/mechanical_completion/duct/STL_装配坐标_毫米/R23_FAN2_mount_nut_2.stl,d1b8ce1d70235e66dd6c55efedb3690324b5912cfc35c45941bdcaf654aed4ab,work/r23-power-integration/thermal/mechanical_completion/R23_热组件_制造尺寸与装配.pdf,M2x0.4 thread root shown as1.6mm bore; actual complete-thread overlap to be gauged.
R23_FAN2_mount_bolt_3,trunk_base,purchased_fastener,Certified stainless DIN912 full-thread stock M2x18,True,按本件源CAD与材料/工艺合同评审,work/r23-power-integration/thermal/mechanical_completion/manifest.json,work/r23-power-integration/thermal/mechanical_completion/duct/STEP_毫米/R23_FAN2_mount_bolt_3.step,,work/r23-power-integration/thermal/mechanical_completion/duct/STL_装配坐标_毫米/R23_FAN2_mount_bolt_3.stl,ce0d7863890dfff77bb2931d685baa0da6a82456af02e3859d7fa6711667f65a,work/r23-power-integration/thermal/mechanical_completion/R23_热组件_制造尺寸与装配.pdf,"M2x0.4 underhead finishedL18.0mm;socketAF1.5; headD3.8H2. Nominal thread major is engagement reference, not helix. Final full-thread stock length; no cut operation. A2-70 property class requires lot certificate, not inferred from A2."
R23_FAN2_mount_nut_3,trunk_base,purchased_fastener,SUS304 NBK SHNS-M2-LP thin nut AF4 t1.2,True,按本件源CAD与材料/工艺合同评审,work/r23-power-integration/thermal/mechanical_completion/manifest.json,work/r23-power-integration/thermal/mechanical_completion/duct/STEP_毫米/R23_FAN2_mount_nut_3.step,,work/r23-power-integration/thermal/mechanical_completion/duct/STL_装配坐标_毫米/R23_FAN2_mount_nut_3.stl,b2dad2e60c77938d2cbf7343da52b6e7282dd0fffdaca3da7a569264ea4a732d,work/r23-power-integration/thermal/mechanical_completion/R23_热组件_制造尺寸与装配.pdf,M2x0.4 thread root shown as1.6mm bore; actual complete-thread overlap to be gauged.
R23_FAN2_SUNON_MF20100V1_VENDOR,trunk_base,purchased_reference,SUNON MF20100V1-1000U-A99 purchased,True,按本件源CAD与材料/工艺合同评审,work/r23-power-integration/thermal/mechanical_completion/manifest.json,work/r23-power-integration/thermal/STEP_毫米/R23_FAN2_SUNON_MF20100V1_VENDOR.step,,work/r23-power-integration/thermal/STL_装配坐标_毫米/R23_FAN2_SUNON_MF20100V1_VENDOR.stl,2fac45e8267f00057650749c8b301369d1e29d55a571d80eb314befa8fa03b6c,work/r23-power-integration/thermal/mechanical_completion/R23_热组件_制造尺寸与装配.pdf,"Unscaled manufacturer STEP. Rotor solid is displayed stationary; airflow +Power native X. 4.65g typical, 5.5g engineering upper, supplier mass to verify. Original complete150mm factory leads are included in manufacturer typical mass; new short lead reference receives zero additional mass."
R23_Tc_AlN_tip_measured_length,trunk_base,thermal_manufacturing_candidate,AlN ceramic,True,按本件源CAD与材料/工艺合同评审,work/r23-power-integration/thermal/mechanical_completion/manifest.json,work/r23-power-integration/thermal/mechanical_completion/sensors/STEP_毫米/R23_Tc_AlN_tip_measured_length.step,,work/r23-power-integration/thermal/mechanical_completion/sensors/STL_装配坐标_毫米/R23_Tc_AlN_tip_measured_length.stl,ecbae9c79b6c1484031f5d53c43bfcb8ad282e49f13475617ca6d9240e7a5be0,work/r23-power-integration/thermal/mechanical_completion/R23_热组件_制造尺寸与装配.pdf,"Physical thickness represented; thermal accuracy/contact force remains measured qualification. Tc-height tagged parts must be cut to actual datum, not nominal module envelope."
R23_Tc_tip_TIM25um,trunk_base,thermal_manufacturing_candidate,Shin-Etsu G-775 controlled25um bondline; no insulation credit,True,按本件源CAD与材料/工艺合同评审,work/r23-power-integration/thermal/mechanical_completion/manifest.json,work/r23-power-integration/thermal/mechanical_completion/sensors/STEP_毫米/R23_Tc_tip_TIM25um.step,,work/r23-power-integration/thermal/mechanical_completion/sensors/STL_装配坐标_毫米/R23_Tc_tip_TIM25um.stl,b8295356f8f0848ff5ba75689ca1e6b46cf4e8d930d7ed40158b0310e96dcace,work/r23-power-integration/thermal/mechanical_completion/R23_热组件_制造尺寸与装配.pdf,"Physical thickness represented; thermal accuracy/contact force remains measured qualification. Tc-height tagged parts must be cut to actual datum, not nominal module envelope."
R23_T75_link_TIM50um,trunk_base,thermal_manufacturing_candidate,Shin-Etsu G-775 controlled50um bondline; no insulation credit,True,按本件源CAD与材料/工艺合同评审,work/r23-power-integration/thermal/mechanical_completion/manifest.json,work/r23-power-integration/thermal/mechanical_completion/sensors/STEP_毫米/R23_T75_link_TIM50um.step,,work/r23-power-integration/thermal/mechanical_completion/sensors/STL_装配坐标_毫米/R23_T75_link_TIM50um.stl,c98ccb367a2c4c2b532113aa616672e3f39e36808ca4234e19b84a95829a30e0,work/r23-power-integration/thermal/mechanical_completion/R23_热组件_制造尺寸与装配.pdf,"Physical thickness represented; thermal accuracy/contact force remains measured qualification. Tc-height tagged parts must be cut to actual datum, not nominal module envelope."
R23_T75_U1_AlN_top_contact_v2,trunk_base,thermal_manufacturing_candidate,AlN ceramic,True,按本件源CAD与材料/工艺合同评审,work/r23-power-integration/thermal/mechanical_completion/manifest.json,work/r23-power-integration/thermal/mechanical_completion/sensors/STEP_毫米/R23_T75_U1_AlN_top_contact_v2.step,,work/r23-power-integration/thermal/mechanical_completion/sensors/STL_装配坐标_毫米/R23_T75_U1_AlN_top_contact_v2.stl,a79575e6ec129a74abad42b0143c0d350cbbc58b557ad7a1ed0dd3fdf84b1ad8,work/r23-power-integration/thermal/mechanical_completion/R23_热组件_制造尺寸与装配.pdf,"Physical thickness represented; thermal accuracy/contact force remains measured qualification. Tc-height tagged parts must be cut to actual datum, not nominal module envelope."
R23_T75_body_TIM100um,trunk_base,thermal_manufacturing_candidate,Shin-Etsu G-775 controlled100um bondline; not structural support,True,按本件源CAD与材料/工艺合同评审,work/r23-power-integration/thermal/mechanical_completion/manifest.json,work/r23-power-integration/thermal/mechanical_completion/sensors/STEP_毫米/R23_T75_body_TIM100um.step,,work/r23-power-integration/thermal/mechanical_completion/sensors/STL_装配坐标_毫米/R23_T75_body_TIM100um.stl,eeb501225528b27f3c8f4522e6843a1f9a5dcebc05160b76d3dccac6d49088ae,work/r23-power-integration/thermal/mechanical_completion/R23_热组件_制造尺寸与装配.pdf,"Physical thickness represented; thermal accuracy/contact force remains measured qualification. Tc-height tagged parts must be cut to actual datum, not nominal module envelope."
R23_RT2_link_TIM25um,trunk_base,thermal_manufacturing_candidate,Shin-Etsu G-775 controlled25um bondline; no insulation credit,True,按本件源CAD与材料/工艺合同评审,work/r23-power-integration/thermal/mechanical_completion/manifest.json,work/r23-power-integration/thermal/mechanical_completion/sensors/STEP_毫米/R23_RT2_link_TIM25um.step,,work/r23-power-integration/thermal/mechanical_completion/sensors/STL_装配坐标_毫米/R23_RT2_link_TIM25um.stl,37cc302cb56f2e27147b4aeb61581821dfc3875337f01ec02953752626500eff,work/r23-power-integration/thermal/mechanical_completion/R23_热组件_制造尺寸与装配.pdf,"Physical thickness represented; thermal accuracy/contact force remains measured qualification. Tc-height tagged parts must be cut to actual datum, not nominal module envelope."
R23_RT2_body_TIM25um,trunk_base,thermal_manufacturing_candidate,Shin-Etsu G-775 controlled25um bondline; no insulation credit,True,按本件源CAD与材料/工艺合同评审,work/r23-power-integration/thermal/mechanical_completion/manifest.json,work/r23-power-integration/thermal/mechanical_completion/sensors/STEP_毫米/R23_RT2_body_TIM25um.step,,work/r23-power-integration/thermal/mechanical_completion/sensors/STL_装配坐标_毫米/R23_RT2_body_TIM25um.stl,e6258dd83cb351babe0e23f9e07eb4fb8355604790bc9b1734f4f5aff19fea52,work/r23-power-integration/thermal/mechanical_completion/R23_热组件_制造尺寸与装配.pdf,"Physical thickness represented; thermal accuracy/contact force remains measured qualification. Tc-height tagged parts must be cut to actual datum, not nominal module envelope."
R23_RT2_VMQ_top_preload,trunk_base,thermal_manufacturing_candidate,VMQ30A compliant pad .25free/.20installed,True,按本件源CAD与材料/工艺合同评审,work/r23-power-integration/thermal/mechanical_completion/manifest.json,work/r23-power-integration/thermal/mechanical_completion/sensors/STEP_毫米/R23_RT2_VMQ_top_preload.step,,work/r23-power-integration/thermal/mechanical_completion/sensors/STL_装配坐标_毫米/R23_RT2_VMQ_top_preload.stl,8dcc55fb2d83da03b90a302ada015552069cd52a5502b2d2bf5c7777683c6152,work/r23-power-integration/thermal/mechanical_completion/R23_热组件_制造尺寸与装配.pdf,"Physical thickness represented; thermal accuracy/contact force remains measured qualification. Tc-height tagged parts must be cut to actual datum, not nominal module envelope."
R23_Tc_CuSn8_loaded_contact_leaf,trunk_base,thermal_manufacturing_candidate,CuSn8 phosphor bronze leaf .08mm,True,按本件源CAD与材料/工艺合同评审,work/r23-power-integration/thermal/mechanical_completion/manifest.json,work/r23-power-integration/thermal/mechanical_completion/sensors/STEP_毫米/R23_Tc_CuSn8_loaded_contact_leaf.step,,work/r23-power-integration/thermal/mechanical_completion/sensors/STL_装配坐标_毫米/R23_Tc_CuSn8_loaded_contact_leaf.stl,0255dd7bbcc490e8c524e15fb036a11bd5282a8acf7c7c11383795ef8a6861f8,work/r23-power-integration/thermal/mechanical_completion/R23_热组件_制造尺寸与装配.pdf,"Deburred formed spring, clamped tailX15.5..17.0. ActiveL2.8,w1.4,t.08; free tab25um lower than shown. E110GPa small-deflection estimate~.022N, not measured force. Target10..30mN and maxfine motion±.10 after measured-length setup; force gauge required."
R23_Tc_removable_leaf_and_stop_cap,trunk_base,thermal_manufacturing_candidate,PEEK450G CNC,True,按本件源CAD与材料/工艺合同评审,work/r23-power-integration/thermal/mechanical_completion/manifest.json,work/r23-power-integration/thermal/mechanical_completion/sensors/STEP_毫米/R23_Tc_removable_leaf_and_stop_cap.step,,work/r23-power-integration/thermal/mechanical_completion/sensors/STL_装配坐标_毫米/R23_Tc_removable_leaf_and_stop_cap.stl,d8f2a1dd81ff214fac843049a87a87d843556dbbd3549213748f07a91238d9af,work/r23-power-integration/thermal/mechanical_completion/R23_热组件_制造尺寸与装配.pdf,"One real connected cap; clamped springtail between18.10 and18.18. Front roof underside17.80, wrapped shoulder top17.675; lowerstop16.80 vswrapped16.925. One M1.6 rear screw, unload probe before removal. Front tongue overhang6mm checked for light spring load only."
R23_RT2_removable_preload_lid,trunk_base,thermal_manufacturing_candidate,PEEK450G CNC,True,按本件源CAD与材料/工艺合同评审,work/r23-power-integration/thermal/mechanical_completion/manifest.json,work/r23-power-integration/thermal/mechanical_completion/sensors/STEP_毫米/R23_RT2_removable_preload_lid.step,,work/r23-power-integration/thermal/mechanical_completion/sensors/STL_装配坐标_毫米/R23_RT2_removable_preload_lid.stl,54b014d3fc2db8b662d28372ed9f3802e2b83ab9dab14ce5ea6d37d7a8055fd2,work/r23-power-integration/thermal/mechanical_completion/R23_热组件_制造尺寸与装配.pdf,"One front M1.6 screw and cantilever bridge retain NTCD3.8max against AlN base with .25free/.20installed VMQ pad. Remove screw and lift lid, never pull lead to extract. Padforce .05.. .1N measured, below1N sensor qualification target."
R23_Tc_cap_M1p6x2,trunk_base,thermal_manufacturing_candidate,Accu SIP-M1.6-2-A2-BL / SIP-M1.6-3-A4 DIN7985H PH0,True,按本件源CAD与材料/工艺合同评审,work/r23-power-integration/thermal/mechanical_completion/manifest.json,work/r23-power-integration/thermal/mechanical_completion/sensors/STEP_毫米/R23_Tc_cap_M1p6x2.step,,work/r23-power-integration/thermal/mechanical_completion/sensors/STL_装配坐标_毫米/R23_Tc_cap_M1p6x2.stl,c31f1f5f86ea365a46171c0f7914565321ee80599b8d65fbcfc8657f988203ce,work/r23-power-integration/thermal/mechanical_completion/R23_热组件_制造尺寸与装配.pdf,"Official DIN7985H PH0: L2blackA2 headmaxD3.2,H1.42; L3A4 maxD3.4,H1.62 due its explicit±.2 tolerances. Simplified cross recess retains exact exterior budget. L2 stock ±.2: select measured1.80..2.00mm before assembly to retain module clearance. L3 stock ±.2. Thread helices not represented."
R23_RT2_lid_M1p6x3,trunk_base,thermal_manufacturing_candidate,Accu SIP-M1.6-2-A2-BL / SIP-M1.6-3-A4 DIN7985H PH0,True,按本件源CAD与材料/工艺合同评审,work/r23-power-integration/thermal/mechanical_completion/manifest.json,work/r23-power-integration/thermal/mechanical_completion/sensors/STEP_毫米/R23_RT2_lid_M1p6x3.step,,work/r23-power-integration/thermal/mechanical_completion/sensors/STL_装配坐标_毫米/R23_RT2_lid_M1p6x3.stl,602a42e91a1f2cd00a1dfed99130991f45585ed84e08cea2d7cd2bd0fffd11c3,work/r23-power-integration/thermal/mechanical_completion/R23_热组件_制造尺寸与装配.pdf,"Official DIN7985H PH0: L2blackA2 headmaxD3.2,H1.42; L3A4 maxD3.4,H1.62 due its explicit±.2 tolerances. Simplified cross recess retains exact exterior budget. L2 stock ±.2: select measured1.80..2.00mm before assembly to retain module clearance. L3 stock ±.2. Thread helices not represented."
R23_RT2_NTCLE100E3103GB0_BODY_MAX_LEFT,trunk_base,purchased_reference,Vishay NTCLE100E3103GB0 max envelope,True,按本件源CAD与材料/工艺合同评审,work/r23-power-integration/thermal/mechanical_completion/manifest.json,work/r23-power-integration/thermal/mechanical_completion/ports/STEP_毫米/R23_RT2_NTCLE100E3103GB0_BODY_MAX_LEFT.step,,work/r23-power-integration/thermal/mechanical_completion/ports/STL_装配坐标_毫米/R23_RT2_NTCLE100E3103GB0_BODY_MAX_LEFT.stl,5d73f61ae1f3b86408e4e6b24f22eb8e419c544d1320de90249de1f991b90169,work/r23-power-integration/thermal/mechanical_completion/R23_热组件_制造尺寸与装配.pdf,RT2 moved nativeX22.5 to-1.0; Y/Z retained.
R23_RT2_AlN_isolation_contact_LEFT,trunk_base,thermal_part,AlN ceramic,True,按本件源CAD与材料/工艺合同评审,work/r23-power-integration/thermal/mechanical_completion/manifest.json,work/r23-power-integration/thermal/mechanical_completion/ports/STEP_毫米/R23_RT2_AlN_isolation_contact_LEFT.step,,work/r23-power-integration/thermal/mechanical_completion/ports/STL_装配坐标_毫米/R23_RT2_AlN_isolation_contact_LEFT.stl,f1d5f5ae4e481a9d8d86f22aeead8f40b04aa5a2a40f2bf778d5c7a6c47b6370,work/r23-power-integration/thermal/mechanical_completion/R23_热组件_制造尺寸与装配.pdf,RT2 moved nativeX22.5 to-1.0; Y/Z retained.
R23_RT2_LEAD_1_FORMED,trunk_base,沿用部件,Original purchased NTC copper lead,True,按本件源CAD与材料/工艺合同评审,work/r23-power-integration/thermal/mechanical_completion/manifest.json,work/r23-power-integration/thermal/mechanical_completion/ports_v2/STEP_毫米/R23_RT2_LEAD_1_FORMED.step,,work/r23-power-integration/thermal/mechanical_completion/ports_v2/STL_装配坐标_毫米/R23_RT2_LEAD_1_FORMED.stl,74c984d5496d4425a3f8446634fe3554a861ad2d5ef4748735259f5e68760eb3,work/r23-power-integration/thermal/mechanical_completion/R23_热组件_制造尺寸与装配.pdf,"RT2 original lead formed before installation; fixture holds source lead adjacent body, no load on bead."
R23_RT2_LEAD_2_FORMED,trunk_base,沿用部件,Original purchased NTC copper lead,True,按本件源CAD与材料/工艺合同评审,work/r23-power-integration/thermal/mechanical_completion/manifest.json,work/r23-power-integration/thermal/mechanical_completion/ports_v2/STEP_毫米/R23_RT2_LEAD_2_FORMED.step,,work/r23-power-integration/thermal/mechanical_completion/ports_v2/STL_装配坐标_毫米/R23_RT2_LEAD_2_FORMED.stl,64329c9353d1366e5a544ff838f801d1a86d3b36972abbc4a8c76c1ea3e8a0e1,work/r23-power-integration/thermal/mechanical_completion/R23_热组件_制造尺寸与装配.pdf,"RT2 original lead formed before installation; fixture holds source lead adjacent body, no load on bead."
R23_T75_PCB_FINISHED,trunk_base,pcb_substrate_reference,"Purchased populated PCB, retained R8 native",True,参考/器件外包络：按原器件BOM采购，不按外形体积制件或计重,work/r23-power-integration/thermal/mechanical_completion/manifest.json,work/r23-power-integration/thermal/STEP_毫米/R23_T75_PCB_FINISHED.step,,work/r23-power-integration/thermal/STL_装配坐标_毫米/R23_T75_PCB_FINISHED.stl,84bbce7c65d7c6aa222375cea51e99c72baf344732214f596592ad41f82dc0db,work/r23-power-integration/thermal/mechanical_completion/R23_热组件_制造尺寸与装配.pdf,"Actual Edge.Cuts rectangle, finished thickness and all native footprint drill voids. Copper, mask thickness and via voids not represented; no installed material mass inferred."
R23_T75_C1_BODY,trunk_base,component_reference,"Purchased populated PCB, retained R8 native",True,参考/器件外包络：按原器件BOM采购，不按外形体积制件或计重,work/r23-power-integration/thermal/mechanical_completion/manifest.json,work/r23-power-integration/thermal/STEP_毫米/R23_T75_C1_BODY.step,,work/r23-power-integration/thermal/STL_装配坐标_毫米/R23_T75_C1_BODY.stl,75e53580205ed16bac9ec47180fe5697c241a05f9b9d4d4da25cad9a3fe23342,work/r23-power-integration/thermal/mechanical_completion/R23_热组件_制造尺寸与装配.pdf,"Native Fab plus released footprint/pad conservative XY bound, extruded by declared package/engineering height; empty corners may overstate collision"
R23_T75_J1_BODY,trunk_base,component_reference,"Purchased populated PCB, retained R8 native",True,参考/器件外包络：按原器件BOM采购，不按外形体积制件或计重,work/r23-power-integration/thermal/mechanical_completion/manifest.json,work/r23-power-integration/thermal/STEP_毫米/R23_T75_J1_BODY.step,,work/r23-power-integration/thermal/STL_装配坐标_毫米/R23_T75_J1_BODY.stl,29eb4449645a2793110a1492c3a7f1f8df198bcd6255c3138fa22cba91407ec4,work/r23-power-integration/thermal/mechanical_completion/R23_热组件_制造尺寸与装配.pdf,"Native Fab plus released footprint/pad conservative XY bound, extruded by declared package/engineering height; empty corners may overstate collision"
R23_T75_U1_BODY,trunk_base,component_reference,"Purchased populated PCB, retained R8 native",True,参考/器件外包络：按原器件BOM采购，不按外形体积制件或计重,work/r23-power-integration/thermal/mechanical_completion/manifest.json,work/r23-power-integration/thermal/STEP_毫米/R23_T75_U1_BODY.step,,work/r23-power-integration/thermal/STL_装配坐标_毫米/R23_T75_U1_BODY.stl,bcaf9d7c23a19f34a280c1f414175793a7dde683d7068c1699e2447d2275f168,work/r23-power-integration/thermal/mechanical_completion/R23_热组件_制造尺寸与装配.pdf,"Native Fab plus released footprint/pad conservative XY bound, extruded by declared package/engineering height; empty corners may overstate collision"
R23_T75_J1_MATED_UNION,trunk_base,mating_union_budget,"Purchased populated PCB, retained R8 native",True,参考/器件外包络：按原器件BOM采购，不按外形体积制件或计重,work/r23-power-integration/thermal/mechanical_completion/manifest.json,work/r23-power-integration/thermal/STEP_毫米/R23_T75_J1_MATED_UNION.step,,work/r23-power-integration/thermal/STL_装配坐标_毫米/R23_T75_J1_MATED_UNION.stl,5bcea61680f67d71af7e8f95cb5da755493ecf915a1f6c126fe9b4a4b1f4aea7,work/r23-power-integration/thermal/mechanical_completion/R23_热组件_制造尺寸与装配.pdf,Existing engaged header/housing engineering union; overlaps header intentionally. Not detailed actual plug solid or additional mass.
R23_T65_RH_M3_metal_compression_limiter,trunk_base,thermal_manufacturing_candidate,SUS304 precision tube OD5 ID3.2,True,按本件源CAD与材料/工艺合同评审,work/r23-power-integration/thermal/mechanical_completion/manifest.json,work/r23-power-integration/thermal/mechanical_completion/rh_completion/STEP_毫米/R23_T65_RH_M3_metal_compression_limiter.step,,work/r23-power-integration/thermal/mechanical_completion/rh_completion/STL_装配坐标_毫米/R23_T65_RH_M3_metal_compression_limiter.stl,e163201bbb4fafd446b31f3e4c476e5db5f41c5c6d0aa87bb628ade2d7499f7c,work/r23-power-integration/thermal/mechanical_completion/R23_热组件_制造尺寸与装配.pdf,"Actual endsY−49.71 and−38.80. L10.91±.01; lapped square. RH clamp force passes through metal to lug, not through PEEK. Sleeve is part of heat leakage model to T65 bracket."
R23_T65_limiter_front_VMQ,trunk_base,thermal_manufacturing_candidate,VMQ30A .075free/.050installed ring,True,按本件源CAD与材料/工艺合同评审,work/r23-power-integration/thermal/mechanical_completion/manifest.json,work/r23-power-integration/thermal/mechanical_completion/rh_completion/STEP_毫米/R23_T65_limiter_front_VMQ.step,,work/r23-power-integration/thermal/mechanical_completion/rh_completion/STL_装配坐标_毫米/R23_T65_limiter_front_VMQ.stl,9abe2cf32b6ed7a4f248d9ac286b8233e53776fcd5eecb910e783170ebb5053d,work/r23-power-integration/thermal/mechanical_completion/R23_热组件_制造尺寸与装配.pdf,
R23_RH_upper_M3_washer,trunk_base,thermal_manufacturing_candidate,SUS304 washer,True,按本件源CAD与材料/工艺合同评审,work/r23-power-integration/thermal/mechanical_completion/manifest.json,work/r23-power-integration/thermal/mechanical_completion/rh_completion/STEP_毫米/R23_RH_upper_M3_washer.step,,work/r23-power-integration/thermal/mechanical_completion/rh_completion/STL_装配坐标_毫米/R23_RH_upper_M3_washer.stl,5d75be2d47dcb0e571ecec4747c894876985c2ba744a5450614781915ef21769,work/r23-power-integration/thermal/mechanical_completion/R23_热组件_制造尺寸与装配.pdf,
R23_RH_upper_M3x20,trunk_base,thermal_manufacturing_candidate,Certified stainless DIN912 / DIN7985H screw,True,按本件源CAD与材料/工艺合同评审,work/r23-power-integration/thermal/mechanical_completion/manifest.json,work/r23-power-integration/thermal/mechanical_completion/rh_completion/STEP_毫米/R23_RH_upper_M3x20.step,,work/r23-power-integration/thermal/mechanical_completion/rh_completion/STL_装配坐标_毫米/R23_RH_upper_M3x20.stl,5cda6a2a42ae0ab0ca835561351bda322b8d4be1abc1b0fbdda081e7a6c191ff,work/r23-power-integration/thermal/mechanical_completion/R23_热组件_制造尺寸与装配.pdf,Underhead worldY-38.3;axis−Y;L20;D5.5;H3;nominal external thread only. Stock length/driver and lot strength gauged.
R23_RH_lower_M3_washer,trunk_base,thermal_manufacturing_candidate,SUS304 washer,True,按本件源CAD与材料/工艺合同评审,work/r23-power-integration/thermal/mechanical_completion/manifest.json,work/r23-power-integration/thermal/mechanical_completion/rh_completion/STEP_毫米/R23_RH_lower_M3_washer.step,,work/r23-power-integration/thermal/mechanical_completion/rh_completion/STL_装配坐标_毫米/R23_RH_lower_M3_washer.stl,73069b3378b8bb6ccc453d821e439566eb629ade1a16de48dfb4b8e24016e16f,work/r23-power-integration/thermal/mechanical_completion/R23_热组件_制造尺寸与装配.pdf,
R23_RH_lower_M3x8,trunk_base,thermal_manufacturing_candidate,NBK SLHS-M3-8-SD small low head,True,按本件源CAD与材料/工艺合同评审,work/r23-power-integration/thermal/mechanical_completion/manifest.json,work/r23-power-integration/thermal/mechanical_completion/rh_completion/STEP_毫米/R23_RH_lower_M3x8.step,,work/r23-power-integration/thermal/mechanical_completion/rh_completion/STL_装配坐标_毫米/R23_RH_lower_M3x8.stl,6ec90b49ba5c375bc8900e4158be938f2c3ee8f512d4cf992d814c274bee5f35,work/r23-power-integration/thermal/mechanical_completion/R23_热组件_制造尺寸与装配.pdf,Underhead worldY-49.21;axis−Y;L8;D4.5;H2;nominal external thread only. Stock length/driver and lot strength gauged.
R23_T65_board_M2_washer_1,trunk_base,thermal_manufacturing_candidate,SUS304 washer,True,按本件源CAD与材料/工艺合同评审,work/r23-power-integration/thermal/mechanical_completion/manifest.json,work/r23-power-integration/thermal/mechanical_completion/rh_completion/STEP_毫米/R23_T65_board_M2_washer_1.step,,work/r23-power-integration/thermal/mechanical_completion/rh_completion/STL_装配坐标_毫米/R23_T65_board_M2_washer_1.stl,aed0b21e6f11af47ef9e8465b88d92adbe7426567d54a7d48ee38f9caea4527b,work/r23-power-integration/thermal/mechanical_completion/R23_热组件_制造尺寸与装配.pdf,
R23_T65_board_M2x3_1,trunk_base,thermal_manufacturing_candidate,Certified stainless DIN912 / DIN7985H screw,True,按本件源CAD与材料/工艺合同评审,work/r23-power-integration/thermal/mechanical_completion/manifest.json,work/r23-power-integration/thermal/mechanical_completion/rh_completion/STEP_毫米/R23_T65_board_M2x3_1.step,,work/r23-power-integration/thermal/mechanical_completion/rh_completion/STL_装配坐标_毫米/R23_T65_board_M2x3_1.stl,92ce085c5705918590b38bb306e9c39cfb62f74c144e92acf6dec80c12abf54c,work/r23-power-integration/thermal/mechanical_completion/R23_热组件_制造尺寸与装配.pdf,Underhead worldY-32.3;axis−Y;L3;D3.8;H2;nominal external thread only. Stock length/driver and lot strength gauged.
R23_T65_board_M2_washer_2,trunk_base,thermal_manufacturing_candidate,SUS304 washer,True,按本件源CAD与材料/工艺合同评审,work/r23-power-integration/thermal/mechanical_completion/manifest.json,work/r23-power-integration/thermal/mechanical_completion/rh_completion/STEP_毫米/R23_T65_board_M2_washer_2.step,,work/r23-power-integration/thermal/mechanical_completion/rh_completion/STL_装配坐标_毫米/R23_T65_board_M2_washer_2.stl,dcaf9b7fcf69c79acf7568de6df72562f82dbf57828c77cd917ad6ab5e3dc725,work/r23-power-integration/thermal/mechanical_completion/R23_热组件_制造尺寸与装配.pdf,
R23_T65_board_M2x3_2,trunk_base,thermal_manufacturing_candidate,Certified stainless DIN912 / DIN7985H screw,True,按本件源CAD与材料/工艺合同评审,work/r23-power-integration/thermal/mechanical_completion/manifest.json,work/r23-power-integration/thermal/mechanical_completion/rh_completion/STEP_毫米/R23_T65_board_M2x3_2.step,,work/r23-power-integration/thermal/mechanical_completion/rh_completion/STL_装配坐标_毫米/R23_T65_board_M2x3_2.stl,678d29210496d08d2a468d08ea6eaa3ec42bc49c08b6abcf4c4a8555e840cdfa,work/r23-power-integration/thermal/mechanical_completion/R23_热组件_制造尺寸与装配.pdf,Underhead worldY-32.3;axis−Y;L3;D3.8;H2;nominal external thread only. Stock length/driver and lot strength gauged.
R23_T65_RH_side_thermal_pad,trunk_base,thermal_manufacturing_candidate,Shin-Etsu G-775 controlled100um bondline; no insulation or structural credit,True,按本件源CAD与材料/工艺合同评审,work/r23-power-integration/thermal/mechanical_completion/manifest.json,work/r23-power-integration/thermal/mechanical_completion/rh_completion/STEP_毫米/R23_T65_RH_side_thermal_pad.step,,work/r23-power-integration/thermal/mechanical_completion/rh_completion/STL_装配坐标_毫米/R23_T65_RH_side_thermal_pad.stl,4ae8b4df1ec1ed5094997fdfc954fcac5410b9d316dd5ae97f1a4f5b01ff43b6,work/r23-power-integration/thermal/mechanical_completion/R23_热组件_制造尺寸与装配.pdf,
R23_T65_U1_side_thermal_pad,trunk_base,thermal_manufacturing_candidate,Shin-Etsu G-775 controlled100um bondline; no insulation or structural credit,True,按本件源CAD与材料/工艺合同评审,work/r23-power-integration/thermal/mechanical_completion/manifest.json,work/r23-power-integration/thermal/mechanical_completion/rh_completion/STEP_毫米/R23_T65_U1_side_thermal_pad.step,,work/r23-power-integration/thermal/mechanical_completion/rh_completion/STL_装配坐标_毫米/R23_T65_U1_side_thermal_pad.stl,07f72eb016eb40e693b14ae37cb750c56a84d20199b1dd74c68eb85279ef2e00,work/r23-power-integration/thermal/mechanical_completion/R23_热组件_制造尺寸与装配.pdf,
R23_RT3_body_TIM50um,trunk_base,thermal_manufacturing_candidate,Shin-Etsu G-775 controlled50um bondline; no insulation credit,True,按本件源CAD与材料/工艺合同评审,work/r23-power-integration/thermal/mechanical_completion/manifest.json,work/r23-power-integration/thermal/mechanical_completion/rh_completion/STEP_毫米/R23_RT3_body_TIM50um.step,,work/r23-power-integration/thermal/mechanical_completion/rh_completion/STL_装配坐标_毫米/R23_RT3_body_TIM50um.stl,cca02bb087ffe4e702d9ce2c471d81a8dd8dc0c60673bac315e208e57a14bf87,work/r23-power-integration/thermal/mechanical_completion/R23_热组件_制造尺寸与装配.pdf,
R23_RT3_VMQ_front_preload,trunk_base,thermal_manufacturing_candidate,VMQ30A .25free/.20installed preload pad,True,按本件源CAD与材料/工艺合同评审,work/r23-power-integration/thermal/mechanical_completion/manifest.json,work/r23-power-integration/thermal/mechanical_completion/rh_completion/STEP_毫米/R23_RT3_VMQ_front_preload.step,,work/r23-power-integration/thermal/mechanical_completion/rh_completion/STL_装配坐标_毫米/R23_RT3_VMQ_front_preload.stl,27717a19c9f54538cd10c1675c95cf5f566c32fca29665dcbe8daba4dcbcd95c,work/r23-power-integration/thermal/mechanical_completion/R23_热组件_制造尺寸与装配.pdf,
R23_RT3_removable_preload_lid,trunk_base,thermal_manufacturing_candidate,PEEK450G CNC,True,按本件源CAD与材料/工艺合同评审,work/r23-power-integration/thermal/mechanical_completion/manifest.json,work/r23-power-integration/thermal/mechanical_completion/rh_completion/STEP_毫米/R23_RT3_removable_preload_lid.step,,work/r23-power-integration/thermal/mechanical_completion/rh_completion/STL_装配坐标_毫米/R23_RT3_removable_preload_lid.stl,41ca5c7ec6228246539dc079a395265b87e4a4b5b280aed9a38255380947da81,work/r23-power-integration/thermal/mechanical_completion/R23_热组件_制造尺寸与装配.pdf,"Front M1.6x3 releases lid before sensor extraction. .20mm installed VMQ pad gives low force, target .05.. .1N verified on fixture; ceramic/load path does not use leads. Max NTCD3.8x3.0 retained."
R23_RT3_lid_M1p6x3,trunk_base,thermal_manufacturing_candidate,Certified stainless DIN912 / DIN7985H screw,True,按本件源CAD与材料/工艺合同评审,work/r23-power-integration/thermal/mechanical_completion/manifest.json,work/r23-power-integration/thermal/mechanical_completion/rh_completion/STEP_毫米/R23_RT3_lid_M1p6x3.step,,work/r23-power-integration/thermal/mechanical_completion/rh_completion/STL_装配坐标_毫米/R23_RT3_lid_M1p6x3.stl,48c9cabb4cda351b768581d0b34d589b0bad90d7f872a4a544ee8b7d3445cecc,work/r23-power-integration/thermal/mechanical_completion/R23_热组件_制造尺寸与装配.pdf,Underhead worldY-32.36;axis−Y;L3;D3.4;H1.62;nominal external thread only. Stock length/driver and lot strength gauged.
R23_T65_PCB_FINISHED,trunk_base,pcb_substrate_reference,"Purchased populated PCB, retained R8 native",True,参考/器件外包络：按原器件BOM采购，不按外形体积制件或计重,work/r23-power-integration/thermal/mechanical_completion/manifest.json,work/r23-power-integration/thermal/STEP_毫米/R23_T65_PCB_FINISHED.step,,work/r23-power-integration/thermal/STL_装配坐标_毫米/R23_T65_PCB_FINISHED.stl,1caa4022c069eba17ae11cc85b082741b6d64ebc5b9a58968c855c6bf7e7c0db,work/r23-power-integration/thermal/mechanical_completion/R23_热组件_制造尺寸与装配.pdf,"Actual Edge.Cuts rectangle, finished thickness and all native footprint drill voids. Copper, mask thickness and via voids not represented; no installed material mass inferred."
R23_T65_C1_BODY,trunk_base,component_reference,"Purchased populated PCB, retained R8 native",True,参考/器件外包络：按原器件BOM采购，不按外形体积制件或计重,work/r23-power-integration/thermal/mechanical_completion/manifest.json,work/r23-power-integration/thermal/STEP_毫米/R23_T65_C1_BODY.step,,work/r23-power-integration/thermal/STL_装配坐标_毫米/R23_T65_C1_BODY.stl,7470fa7a240df3ddcb09e704ddaff2bc330f7c47ece323cc3cfa089f09571a8a,work/r23-power-integration/thermal/mechanical_completion/R23_热组件_制造尺寸与装配.pdf,"Native Fab plus released footprint/pad conservative XY bound, extruded by declared package/engineering height; empty corners may overstate collision"
R23_T65_J1_BODY,trunk_base,component_reference,"Purchased populated PCB, retained R8 native",True,参考/器件外包络：按原器件BOM采购，不按外形体积制件或计重,work/r23-power-integration/thermal/mechanical_completion/manifest.json,work/r23-power-integration/thermal/STEP_毫米/R23_T65_J1_BODY.step,,work/r23-power-integration/thermal/STL_装配坐标_毫米/R23_T65_J1_BODY.stl,e4f6c29bc9fcf9df114c31b5d5d149f03e5ef32fde3f8d9cc3e248cb7f53638c,work/r23-power-integration/thermal/mechanical_completion/R23_热组件_制造尺寸与装配.pdf,"Native Fab plus released footprint/pad conservative XY bound, extruded by declared package/engineering height; empty corners may overstate collision"
R23_T65_U1_BODY,trunk_base,component_reference,"Purchased populated PCB, retained R8 native",True,参考/器件外包络：按原器件BOM采购，不按外形体积制件或计重,work/r23-power-integration/thermal/mechanical_completion/manifest.json,work/r23-power-integration/thermal/STEP_毫米/R23_T65_U1_BODY.step,,work/r23-power-integration/thermal/STL_装配坐标_毫米/R23_T65_U1_BODY.stl,1fd67c72ff93bea0d2b5841ce0c8d15ac74537779b962643fda3b63b7f127ba9,work/r23-power-integration/thermal/mechanical_completion/R23_热组件_制造尺寸与装配.pdf,"Native Fab plus released footprint/pad conservative XY bound, extruded by declared package/engineering height; empty corners may overstate collision"
R23_T65_J1_MATED_UNION,trunk_base,mating_union_budget,"Purchased populated PCB, retained R8 native",True,参考/器件外包络：按原器件BOM采购，不按外形体积制件或计重,work/r23-power-integration/thermal/mechanical_completion/manifest.json,work/r23-power-integration/thermal/STEP_毫米/R23_T65_J1_MATED_UNION.step,,work/r23-power-integration/thermal/STL_装配坐标_毫米/R23_T65_J1_MATED_UNION.stl,5afef8f716755b741d833871d105a7a66335e9b493acfeeec4108b22755a4a1b,work/r23-power-integration/thermal/mechanical_completion/R23_热组件_制造尺寸与装配.pdf,Existing engaged header/housing engineering union; overlaps header intentionally. Not detailed actual plug solid or additional mass.
R23_T65_AlN_contact_pedestal,trunk_base,thermal_part,Aluminum nitride electrically insulating ceramic,True,按本件源CAD与材料/工艺合同评审,work/r23-power-integration/thermal/mechanical_completion/manifest.json,work/r23-power-integration/thermal/STEP_毫米/R23_T65_AlN_contact_pedestal.step,,work/r23-power-integration/thermal/STL_装配坐标_毫米/R23_T65_AlN_contact_pedestal.stl,91dc9e140ca4872cbc6ed739baf38ac4dd979bb7e752e6742b6b192a09ad5f29,work/r23-power-integration/thermal/mechanical_completion/R23_热组件_制造尺寸与装配.pdf,"Source AlN1.6x2.16x1.2mm retained. Each axial gap is100um G-775, total200um. Old20um/80um notes superseded. Cage provides lateral capture; grease is not structural support. Thermal bias/pump-out remains measured qualification."
R23_RT3_NTCLE100E3103GB0_BODY_MAX,trunk_base,purchased_reference,Vishay NTCLE100E3103GB0 purchased max envelope,True,按本件源CAD与材料/工艺合同评审,work/r23-power-integration/thermal/mechanical_completion/manifest.json,work/r23-power-integration/thermal/STEP_毫米/R23_RT3_NTCLE100E3103GB0_BODY_MAX.step,,work/r23-power-integration/thermal/STL_装配坐标_毫米/R23_RT3_NTCLE100E3103GB0_BODY_MAX.stl,8a29b0076fc61f41d96c42aa40f032e04c6bb71acea4c327880c0e883871426b,work/r23-power-integration/thermal/mechanical_completion/R23_热组件_制造尺寸与装配.pdf,"D3.8x3.0 maximum body reference, shape is conservative. Lacquer is NOT electrical insulation. No potting.0.3g approximate complete probe;0.5g upper including lead allowance."
R23_RT3_AlN_isolation_contact,trunk_base,thermal_part,AlN insulating ceramic,True,按本件源CAD与材料/工艺合同评审,work/r23-power-integration/thermal/mechanical_completion/manifest.json,work/r23-power-integration/thermal/STEP_毫米/R23_RT3_AlN_isolation_contact.step,,work/r23-power-integration/thermal/STL_装配坐标_毫米/R23_RT3_AlN_isolation_contact.stl,722192f1d7d5043273afc618e0596771080987e5b279e6ede477f62847cb9ebe,work/r23-power-integration/thermal/mechanical_completion/R23_热组件_制造尺寸与装配.pdf,"4.2x4.2x0.25 electrically insulating heat-spreader. Flat RH surfaceY=-36.46, controlled grease≤0.05mm to NTC backsideY=-36.16. Rounded polished edges; sleeve NTC leads independently."
R23_RT3_LEAD_1,trunk_base,purchased_reference,tinned copper NTC original lead,True,按本件源CAD与材料/工艺合同评审,work/r23-power-integration/thermal/mechanical_completion/manifest.json,work/r23-power-integration/thermal/STEP_毫米/R23_RT3_LEAD_1.step,,work/r23-power-integration/thermal/STL_装配坐标_毫米/R23_RT3_LEAD_1.stl,0c8e9392c6f360b5f940e638d22ca9db60939b30f1d4bc8ffb5ada80c6a66096,work/r23-power-integration/thermal/mechanical_completion/R23_热组件_制造尺寸与装配.pdf,Original lead trimmed to endpoint after fixed strain relief;0.6mm nominal diameter. Not added solder inside hot clip.
R23_RT3_LEAD_2,trunk_base,purchased_reference,tinned copper NTC original lead,True,按本件源CAD与材料/工艺合同评审,work/r23-power-integration/thermal/mechanical_completion/manifest.json,work/r23-power-integration/thermal/STEP_毫米/R23_RT3_LEAD_2.step,,work/r23-power-integration/thermal/STL_装配坐标_毫米/R23_RT3_LEAD_2.stl,896ca6cf040c80dedfb53ad2f693c47508744b3ae8e23ea55693756c489067fc,work/r23-power-integration/thermal/mechanical_completion/R23_热组件_制造尺寸与装配.pdf,Original lead trimmed to endpoint after fixed strain relief;0.6mm nominal diameter. Not added solder inside hot clip.
R23_RH1_RH0501R000FE02_VENDOR,trunk_base,thermal_part,Vishay RH0501R000FE02 purchased assembly,True,按本件源CAD与材料/工艺合同评审,work/r23-power-integration/thermal/mechanical_completion/manifest.json,work/r23-power-integration/thermal/STEP_毫米/R23_RH1_RH0501R000FE02_VENDOR.step,,work/r23-power-integration/thermal/STL_装配坐标_毫米/R23_RH1_RH0501R000FE02_VENDOR.stl,2f603690f3c8c407b4998906e9775553dc98b8e355a3aec6a97b8ddb0d0ecefa,work/r23-power-integration/thermal/mechanical_completion/R23_热组件_制造尺寸与装配.pdf,"Manufacturer STEP unscaled, only rigid rotation/translation. Internal detail simplified by manufacturer; 28g typical mass, upper32g engineering allowance."
R23_RH050_flush_thermal_mount,trunk_base,thermal_part,"6061-T6 CNC; outer matte black, contact faces masked",True,按本件源CAD与材料/工艺合同评审,work/r23-power-integration/thermal/mechanical_completion/manifest.json,work/r23-power-integration/thermal/STEP_毫米/R23_RH050_flush_thermal_mount.step,,work/r23-power-integration/thermal/STL_装配坐标_毫米/R23_RH050_flush_thermal_mount.stl,fd5cdfa39bbb5f6afd1397cef884ad3900d328c4005e5bedfa6b988dcd764d40,work/r23-power-integration/thermal/mechanical_completion/R23_热组件_制造尺寸与装配.pdf,"Replaces R11 panel. Same outer plane and four shell holes. Correct vendor two inner tap handedness; no new external protrusion. M3x0.5 tap drill2.5, usable8 deep."
R23_RH1_TIM_50um,trunk_base,thermal_part,Shin-Etsu G-775 noncuring thermal grease,True,按本件源CAD与材料/工艺合同评审,work/r23-power-integration/thermal/mechanical_completion/manifest.json,work/r23-power-integration/thermal/STEP_毫米/R23_RH1_TIM_50um.step,,work/r23-power-integration/thermal/STL_装配坐标_毫米/R23_RH1_TIM_50um.stl,bb1a2600371b8e12c1af069c4e3727d6bf46e94dcb76f1ca79ab9b41593735fe,work/r23-power-integration/thermal/mechanical_completion/R23_热组件_制造尺寸与装配.pdf,"Actual50um geometry retained byte-identical. Typical k3.6W/mK,density3.4g/cm3; not insulation, adhesive or load-bearing. Root interface_material_budget.json supersedes original DOWSIL conductivity."
R23_FANREG_R78E5p0_0p5_BODY,trunk_base,purchased_reference,RECOM R-78E5.0-0.5 purchased insulated module,True,按本件源CAD与材料/工艺合同评审,work/r23-power-integration/thermal/mechanical_completion/manifest.json,work/r23-power-integration/thermal/STEP_毫米/R23_FANREG_R78E5p0_0p5_BODY.step,,work/r23-power-integration/thermal/STL_装配坐标_毫米/R23_FANREG_R78E5p0_0p5_BODY.stl,4d1e061f2eac1d147edc99fddb44f08ee71422859d1c641f77bb778702369a13,work/r23-power-integration/thermal/mechanical_completion/R23_热组件_制造尺寸与装配.pdf,"Official9/2025 mechanical drawing nominal11.6x8.5x10.4mm, commercial tolerance+.5/-.5 general one decimal. Pin axes -nativeZ;2g typical,2.5g upper allowance."
R23_FANREG_PIN_1,trunk_base,purchased_reference,tinned copper purchased pin,True,按本件源CAD与材料/工艺合同评审,work/r23-power-integration/thermal/mechanical_completion/manifest.json,work/r23-power-integration/thermal/STEP_毫米/R23_FANREG_PIN_1.step,,work/r23-power-integration/thermal/STL_装配坐标_毫米/R23_FANREG_PIN_1.stl,f39f39f66f655169a295739b17bc2f41b90351aae611c94c801aff319920bced,work/r23-power-integration/thermal/mechanical_completion/R23_热组件_制造尺寸与装配.pdf,Nominal .50x.25 pin; source tolerance width+.10/-.05 thickness±.05. Wire solder over lower2mm; individually heatshrink insulated.
R23_FANREG_PIN_2,trunk_base,purchased_reference,tinned copper purchased pin,True,按本件源CAD与材料/工艺合同评审,work/r23-power-integration/thermal/mechanical_completion/manifest.json,work/r23-power-integration/thermal/STEP_毫米/R23_FANREG_PIN_2.step,,work/r23-power-integration/thermal/STL_装配坐标_毫米/R23_FANREG_PIN_2.stl,27efe77b2ebdc82027f67a9f0886a97a3a49893abf17038119223f3e2cf78c33,work/r23-power-integration/thermal/mechanical_completion/R23_热组件_制造尺寸与装配.pdf,Nominal .50x.25 pin; source tolerance width+.10/-.05 thickness±.05. Wire solder over lower2mm; individually heatshrink insulated.
R23_FANREG_PIN_3,trunk_base,purchased_reference,tinned copper purchased pin,True,按本件源CAD与材料/工艺合同评审,work/r23-power-integration/thermal/mechanical_completion/manifest.json,work/r23-power-integration/thermal/STEP_毫米/R23_FANREG_PIN_3.step,,work/r23-power-integration/thermal/STL_装配坐标_毫米/R23_FANREG_PIN_3.stl,b6a70c2edabaa7a863cb77d7554503a5c910d27aa7731417ba3644f99e6abc1c,work/r23-power-integration/thermal/mechanical_completion/R23_热组件_制造尺寸与装配.pdf,Nominal .50x.25 pin; source tolerance width+.10/-.05 thickness±.05. Wire solder over lower2mm; individually heatshrink insulated.
R23_FAN2_FACTORY_LEAD_1_OD1p2_MAX,trunk_base,沿用部件,Manufacturer AWG28 lead; OD<=1.2 incoming acceptance bound,True,参考/器件外包络：按原器件BOM采购，不按外形体积制件或计重,work/r23-power-integration/thermal/mechanical_completion/manifest.json,work/r23-power-integration/thermal/mechanical_completion/ports/STEP_毫米/R23_FAN2_FACTORY_LEAD_1_OD1p2_MAX.step,,work/r23-power-integration/thermal/mechanical_completion/ports/STL_装配坐标_毫米/R23_FAN2_FACTORY_LEAD_1_OD1p2_MAX.stl,4be1560557f1458ba73929d87118d51265861ae4ae1ff581368bc92f339b5ab5,work/r23-power-integration/thermal/mechanical_completion/R23_热组件_制造尺寸与装配.pdf,"Source drawing150±10mm,AWG28; first fixed8mm path/OD envelope to controlled cut port. Actual mould exit is supplier acceptance datum, not supplied in3D CAD. First2mm belongs purchased fan/lead junction."
R23_FAN2_FACTORY_LEAD_2_OD1p2_MAX,trunk_base,沿用部件,Manufacturer AWG28 lead; OD<=1.2 incoming acceptance bound,True,参考/器件外包络：按原器件BOM采购，不按外形体积制件或计重,work/r23-power-integration/thermal/mechanical_completion/manifest.json,work/r23-power-integration/thermal/mechanical_completion/ports/STEP_毫米/R23_FAN2_FACTORY_LEAD_2_OD1p2_MAX.step,,work/r23-power-integration/thermal/mechanical_completion/ports/STL_装配坐标_毫米/R23_FAN2_FACTORY_LEAD_2_OD1p2_MAX.stl,e62d9e6d9a635a1c3d405d2ad4887c602b32e56e78e7133884cb2673fac4f8a8,work/r23-power-integration/thermal/mechanical_completion/R23_热组件_制造尺寸与装配.pdf,"Source drawing150±10mm,AWG28; first fixed8mm path/OD envelope to controlled cut port. Actual mould exit is supplier acceptance datum, not supplied in3D CAD. First2mm belongs purchased fan/lead junction."
R23_FAN2_shell_conformal_silicone_boot,trunk_base,thermal_manufacturing_candidate,VMQ30A moulded conformal seal,True,按本件源CAD与材料/工艺合同评审,work/r23-power-integration/thermal/mechanical_completion/manifest.json,work/r23-power-integration/thermal/mechanical_completion/boot_v2/STEP_毫米/R23_FAN2_boot_compressed_CAD.step,,work/r23-power-integration/thermal/mechanical_completion/boot_v2/R23_FAN2_boot_compressed.ply,5eb504a2978082bab3fcc8f7af399be63cae4fecd06fbaa5406cf4c8ed1ecfb5,work/r23-power-integration/thermal/mechanical_completion/R23_热组件_制造尺寸与装配.pdf,"New free and compressed shapes follow complete actual shell contact surface. Inner opening17.4x8.2 clears five vent slots by.1 while PEEK throat stays17.2x8. Nominal globalY precompression.3. Compression envelope is shell-clipped display/contact surface, not a solved incompressible deformation field; actual side bulge and seal force require measurement."
R23_neck_lower_P5_PEEK_film,trunk_base,manufacturing_candidate,unfilled PEEK0.25mm formed film,True,按本件源CAD与材料/工艺合同评审,work/r23-power-integration/mechanics_neck_power_pair/manifest.json,work/r23-power-integration/mechanics_neck_power_pair/STEP_毫米/R23_neck_lower_P5_PEEK_film.step,,work/r23-power-integration/mechanics_neck_power_pair/STL_装配坐标_毫米/R23_neck_lower_P5_PEEK_film.stl,e4c92646fe99b67a483034af2e635fdb3610760c25fe7818ce3b4939abda09cc,work/r23-power-integration/mechanics_neck_power_pair/R23_P5P6双线托及头壳窗口制造图册.pdf,"Free strip12mm x pi*1.125mm x0.25mm; Frictional capture by each wire and lacing, edges smooth. No positive axial film stop: qualification requires individually marked liner/wire5N pull with total bundle load capped5N, no slip above0.2mm at temperature extremes. Groove opens to positive narrow axis. Film does not carry structural attachment load."
R23_neck_lower_P5_VMQ_installed,trunk_base,manufacturing_candidate,VMQ50A nominal1.2g/cm3,True,按本件源CAD与材料/工艺合同评审,work/r23-power-integration/mechanics_neck_power_pair/manifest.json,work/r23-power-integration/mechanics_neck_power_pair/STEP_毫米/R23_neck_lower_P5_VMQ_installed.step,,work/r23-power-integration/mechanics_neck_power_pair/STL_装配坐标_毫米/R23_neck_lower_P5_VMQ_installed.stl,cab6eb4959e30d1a5d506390cf958629acea0a63f9f651a9aa44abc28e151347,work/r23-power-integration/mechanics_neck_power_pair/R23_P5P6双线托及头壳窗口制造图册.pdf,"For maximum1.778mmOD use0.15mm free stock,0.111mm nominal radial gap/26% compression. Select real stock to actualOD1.6764..1.778 for15..30% compression. Test each wire grip independently; installed volume is not free material mass."
R23_neck_lower_P6_PEEK_film,trunk_base,manufacturing_candidate,unfilled PEEK0.25mm formed film,True,按本件源CAD与材料/工艺合同评审,work/r23-power-integration/mechanics_neck_power_pair/manifest.json,work/r23-power-integration/mechanics_neck_power_pair/STEP_毫米/R23_neck_lower_P6_PEEK_film.step,,work/r23-power-integration/mechanics_neck_power_pair/STL_装配坐标_毫米/R23_neck_lower_P6_PEEK_film.stl,0dcaed9cbbd80d8714bc4815cdd3ee47b74d5fc65d0552481c22397645126ccc,work/r23-power-integration/mechanics_neck_power_pair/R23_P5P6双线托及头壳窗口制造图册.pdf,"Free strip12mm x pi*1.125mm x0.25mm; Frictional capture by each wire and lacing, edges smooth. No positive axial film stop: qualification requires individually marked liner/wire5N pull with total bundle load capped5N, no slip above0.2mm at temperature extremes. Groove opens to positive narrow axis. Film does not carry structural attachment load."
R23_neck_lower_P6_VMQ_installed,trunk_base,manufacturing_candidate,VMQ50A nominal1.2g/cm3,True,按本件源CAD与材料/工艺合同评审,work/r23-power-integration/mechanics_neck_power_pair/manifest.json,work/r23-power-integration/mechanics_neck_power_pair/STEP_毫米/R23_neck_lower_P6_VMQ_installed.step,,work/r23-power-integration/mechanics_neck_power_pair/STL_装配坐标_毫米/R23_neck_lower_P6_VMQ_installed.stl,97906f05794f55b1c6e2bc4f7002f4e5bf37db75d5dd67bf2645a75769614fc7,work/r23-power-integration/mechanics_neck_power_pair/R23_P5P6双线托及头壳窗口制造图册.pdf,"For maximum1.778mmOD use0.15mm free stock,0.111mm nominal radial gap/26% compression. Select real stock to actualOD1.6764..1.778 for15..30% compression. Test each wire grip independently; installed volume is not free material mass."
R23_neck_lower_power_pair_band_1,trunk_base,lacing_reference,Daburn2049-A TypeIII PTFE max envelope,True,参考/器件外包络：按原器件BOM采购，不按外形体积制件或计重,work/r23-power-integration/mechanics_neck_power_pair/manifest.json,work/r23-power-integration/mechanics_neck_power_pair/STEP_毫米/R23_neck_lower_power_pair_band_1.step,,work/r23-power-integration/mechanics_neck_power_pair/STL_装配坐标_毫米/R23_neck_lower_power_pair_band_1.stl,ecc5ddfd9dc877d4d02a6d3e2fb67385f3e8ce4a741ddec7767a4b6f08f2b4eb,work/r23-power-integration/mechanics_neck_power_pair/R23_P5P6双线托及头壳窗口制造图册.pdf,"Two complete loops press both seated wires; bottom loop sits in actual2mm-wide/0.3mm-deep transverse groove, constraining axial band movement. Groove does not positively retain wire or liner; measure each wire/liner retention separately,5N one at a time, total bundle5N maximum. Installed restoring load budget1N total31 wires. Width<=1.8288mm/thickness<=0.3556mm. Each0.08g engineering budget includes its knot and cut tails, not a supplier maximum."
R23_neck_lower_power_pair_knot_1,trunk_base,knot_budget,Same lacing knot budget,True,参考/器件外包络：按原器件BOM采购，不按外形体积制件或计重,work/r23-power-integration/mechanics_neck_power_pair/manifest.json,work/r23-power-integration/mechanics_neck_power_pair/STEP_毫米/R23_neck_lower_power_pair_knot_1.step,,work/r23-power-integration/mechanics_neck_power_pair/STL_装配坐标_毫米/R23_neck_lower_power_pair_knot_1.stl,0c296674a29cd45f7c4ec74d864d98661dbacce826c082c348f1042f2a3c91af,work/r23-power-integration/mechanics_neck_power_pair/R23_P5P6双线托及头壳窗口制造图册.pdf,"Same material as corresponding band, no additional mass.2.6x2.6x2.6mm tied maximum envelope must fit physically."
R23_neck_lower_power_pair_band_2,trunk_base,lacing_reference,Daburn2049-A TypeIII PTFE max envelope,True,参考/器件外包络：按原器件BOM采购，不按外形体积制件或计重,work/r23-power-integration/mechanics_neck_power_pair/manifest.json,work/r23-power-integration/mechanics_neck_power_pair/STEP_毫米/R23_neck_lower_power_pair_band_2.step,,work/r23-power-integration/mechanics_neck_power_pair/STL_装配坐标_毫米/R23_neck_lower_power_pair_band_2.stl,d93b0e7eb4e28a80db10eef19e5f9a83fecd3ba5cb56884ae8b86581bbfb8c80,work/r23-power-integration/mechanics_neck_power_pair/R23_P5P6双线托及头壳窗口制造图册.pdf,"Two complete loops press both seated wires; bottom loop sits in actual2mm-wide/0.3mm-deep transverse groove, constraining axial band movement. Groove does not positively retain wire or liner; measure each wire/liner retention separately,5N one at a time, total bundle5N maximum. Installed restoring load budget1N total31 wires. Width<=1.8288mm/thickness<=0.3556mm. Each0.08g engineering budget includes its knot and cut tails, not a supplier maximum."
R23_neck_lower_power_pair_knot_2,trunk_base,knot_budget,Same lacing knot budget,True,参考/器件外包络：按原器件BOM采购，不按外形体积制件或计重,work/r23-power-integration/mechanics_neck_power_pair/manifest.json,work/r23-power-integration/mechanics_neck_power_pair/STEP_毫米/R23_neck_lower_power_pair_knot_2.step,,work/r23-power-integration/mechanics_neck_power_pair/STL_装配坐标_毫米/R23_neck_lower_power_pair_knot_2.stl,69fb1a4e6051d0e6bd67b394df250381fc8a236453e2c721efa93b674cad63a0,work/r23-power-integration/mechanics_neck_power_pair/R23_P5P6双线托及头壳窗口制造图册.pdf,"Same material as corresponding band, no additional mass.2.6x2.6x2.6mm tied maximum envelope must fit physically."
R23_neck_upper_6061_with_power_pair,jaw_soft,manufacturing_candidate,"6061-T651 machined billet, certifiedproof>=240MPa at declared service temperature",True,按本件源CAD与材料/工艺合同评审,work/r23-power-integration/mechanics_neck_power_pair/manifest.json,work/r23-power-integration/mechanics_neck_power_pair/STEP_毫米/R23_neck_upper_6061_with_power_pair.step,,work/r23-power-integration/mechanics_neck_power_pair/STL_装配坐标_毫米/R23_neck_upper_6061_with_power_pair.stl,be02bf296960437e498ad9b71bccba2e7945705f4503250ba75947dd88e71a81,work/r23-power-integration/mechanics_neck_power_pair/R23_P5P6双线托及头壳窗口制造图册.pdf,"Source host retained in full, including existing fastener and stop geometry. Integral dual open groove, R1.25 and12mm bearing, supported from rear. Bottom band channels2mm wide x0.3mm deep; remaining minimum metal web0.55mm. Lower rear frame8mm width leaves1mm side webs around6mm window. Real PEEK/VMQ liners and two independent circumferential lacing loops; no new small screws in the wire bore field."
R23_neck_upper_P5_PEEK_film,jaw_soft,manufacturing_candidate,unfilled PEEK0.25mm formed film,True,按本件源CAD与材料/工艺合同评审,work/r23-power-integration/mechanics_neck_power_pair/manifest.json,work/r23-power-integration/mechanics_neck_power_pair/STEP_毫米/R23_neck_upper_P5_PEEK_film.step,,work/r23-power-integration/mechanics_neck_power_pair/STL_装配坐标_毫米/R23_neck_upper_P5_PEEK_film.stl,226be37f7b1e3f0c0e86c143ac8a9c9704d11a3f9702de10aa627314b9830cd7,work/r23-power-integration/mechanics_neck_power_pair/R23_P5P6双线托及头壳窗口制造图册.pdf,"Free strip12mm x pi*1.125mm x0.25mm; Frictional capture by each wire and lacing, edges smooth. No positive axial film stop: qualification requires individually marked liner/wire5N pull with total bundle load capped5N, no slip above0.2mm at temperature extremes. Groove opens to positive narrow axis. Film does not carry structural attachment load."
R23_neck_upper_P5_VMQ_installed,jaw_soft,manufacturing_candidate,VMQ50A nominal1.2g/cm3,True,按本件源CAD与材料/工艺合同评审,work/r23-power-integration/mechanics_neck_power_pair/manifest.json,work/r23-power-integration/mechanics_neck_power_pair/STEP_毫米/R23_neck_upper_P5_VMQ_installed.step,,work/r23-power-integration/mechanics_neck_power_pair/STL_装配坐标_毫米/R23_neck_upper_P5_VMQ_installed.stl,ab00151cf6afbe2485964c20a57c5b97ca50d63ec22ef5731b54846d1ba18ed5,work/r23-power-integration/mechanics_neck_power_pair/R23_P5P6双线托及头壳窗口制造图册.pdf,"For maximum1.778mmOD use0.15mm free stock,0.111mm nominal radial gap/26% compression. Select real stock to actualOD1.6764..1.778 for15..30% compression. Test each wire grip independently; installed volume is not free material mass."
R23_neck_upper_P6_PEEK_film,jaw_soft,manufacturing_candidate,unfilled PEEK0.25mm formed film,True,按本件源CAD与材料/工艺合同评审,work/r23-power-integration/mechanics_neck_power_pair/manifest.json,work/r23-power-integration/mechanics_neck_power_pair/STEP_毫米/R23_neck_upper_P6_PEEK_film.step,,work/r23-power-integration/mechanics_neck_power_pair/STL_装配坐标_毫米/R23_neck_upper_P6_PEEK_film.stl,3568cd233927d5dd21c154574dcde8a207c834d66fc3e93c790b293e21e3847a,work/r23-power-integration/mechanics_neck_power_pair/R23_P5P6双线托及头壳窗口制造图册.pdf,"Free strip12mm x pi*1.125mm x0.25mm; Frictional capture by each wire and lacing, edges smooth. No positive axial film stop: qualification requires individually marked liner/wire5N pull with total bundle load capped5N, no slip above0.2mm at temperature extremes. Groove opens to positive narrow axis. Film does not carry structural attachment load."
R23_neck_upper_P6_VMQ_installed,jaw_soft,manufacturing_candidate,VMQ50A nominal1.2g/cm3,True,按本件源CAD与材料/工艺合同评审,work/r23-power-integration/mechanics_neck_power_pair/manifest.json,work/r23-power-integration/mechanics_neck_power_pair/STEP_毫米/R23_neck_upper_P6_VMQ_installed.step,,work/r23-power-integration/mechanics_neck_power_pair/STL_装配坐标_毫米/R23_neck_upper_P6_VMQ_installed.stl,a35ed9ede25a24e74fb7e3100feb0abdd69da4ee521056a1dd5a2fd34e1ee875,work/r23-power-integration/mechanics_neck_power_pair/R23_P5P6双线托及头壳窗口制造图册.pdf,"For maximum1.778mmOD use0.15mm free stock,0.111mm nominal radial gap/26% compression. Select real stock to actualOD1.6764..1.778 for15..30% compression. Test each wire grip independently; installed volume is not free material mass."
R23_neck_upper_power_pair_band_1,jaw_soft,lacing_reference,Daburn2049-A TypeIII PTFE max envelope,True,参考/器件外包络：按原器件BOM采购，不按外形体积制件或计重,work/r23-power-integration/mechanics_neck_power_pair/manifest.json,work/r23-power-integration/mechanics_neck_power_pair/STEP_毫米/R23_neck_upper_power_pair_band_1.step,,work/r23-power-integration/mechanics_neck_power_pair/STL_装配坐标_毫米/R23_neck_upper_power_pair_band_1.stl,2bc34e5d8294866d0b34a3d3fd125dad8d8cbbaa5fdf6b951bdcbebc698e47e1,work/r23-power-integration/mechanics_neck_power_pair/R23_P5P6双线托及头壳窗口制造图册.pdf,"Two complete loops press both seated wires; bottom loop sits in actual2mm-wide/0.3mm-deep transverse groove, constraining axial band movement. Groove does not positively retain wire or liner; measure each wire/liner retention separately,5N one at a time, total bundle5N maximum. Installed restoring load budget1N total31 wires. Width<=1.8288mm/thickness<=0.3556mm. Each0.08g engineering budget includes its knot and cut tails, not a supplier maximum."
R23_neck_upper_power_pair_knot_1,jaw_soft,knot_budget,Same lacing knot budget,True,参考/器件外包络：按原器件BOM采购，不按外形体积制件或计重,work/r23-power-integration/mechanics_neck_power_pair/manifest.json,work/r23-power-integration/mechanics_neck_power_pair/STEP_毫米/R23_neck_upper_power_pair_knot_1.step,,work/r23-power-integration/mechanics_neck_power_pair/STL_装配坐标_毫米/R23_neck_upper_power_pair_knot_1.stl,c28496d6de157cf383752f2a63b57d3d5374a3f9ff62460e93a25b677a38e9ed,work/r23-power-integration/mechanics_neck_power_pair/R23_P5P6双线托及头壳窗口制造图册.pdf,"Same material as corresponding band, no additional mass.2.6x2.6x2.6mm tied maximum envelope must fit physically."
R23_neck_upper_power_pair_band_2,jaw_soft,lacing_reference,Daburn2049-A TypeIII PTFE max envelope,True,参考/器件外包络：按原器件BOM采购，不按外形体积制件或计重,work/r23-power-integration/mechanics_neck_power_pair/manifest.json,work/r23-power-integration/mechanics_neck_power_pair/STEP_毫米/R23_neck_upper_power_pair_band_2.step,,work/r23-power-integration/mechanics_neck_power_pair/STL_装配坐标_毫米/R23_neck_upper_power_pair_band_2.stl,50e4fae55e5821967046fea2d261a005e9d3d1062cbf36cfd582c26eb1d454aa,work/r23-power-integration/mechanics_neck_power_pair/R23_P5P6双线托及头壳窗口制造图册.pdf,"Two complete loops press both seated wires; bottom loop sits in actual2mm-wide/0.3mm-deep transverse groove, constraining axial band movement. Groove does not positively retain wire or liner; measure each wire/liner retention separately,5N one at a time, total bundle5N maximum. Installed restoring load budget1N total31 wires. Width<=1.8288mm/thickness<=0.3556mm. Each0.08g engineering budget includes its knot and cut tails, not a supplier maximum."
R23_neck_upper_power_pair_knot_2,jaw_soft,knot_budget,Same lacing knot budget,True,参考/器件外包络：按原器件BOM采购，不按外形体积制件或计重,work/r23-power-integration/mechanics_neck_power_pair/manifest.json,work/r23-power-integration/mechanics_neck_power_pair/STEP_毫米/R23_neck_upper_power_pair_knot_2.step,,work/r23-power-integration/mechanics_neck_power_pair/STL_装配坐标_毫米/R23_neck_upper_power_pair_knot_2.stl,f6f1a3ce17a1e0d208bd0511f59f3d835d213bfdfcb5c6bf42d1958db923b168,work/r23-power-integration/mechanics_neck_power_pair/R23_P5P6双线托及头壳窗口制造图册.pdf,"Same material as corresponding band, no additional mass.2.6x2.6x2.6mm tied maximum envelope must fit physically."
R23_top_head_shell_31wire_window,jaw_soft,printed_shell_derivative,EOS PA2200 SLS retained source print process,True,按本件源CAD与材料/工艺合同评审,work/r23-power-integration/mechanics_neck_power_pair/head_window/manifest.json,,,work/r23-power-integration/mechanics_neck_power_pair/head_window/R23_top_head_shell_31wire_window.stl,99576dd359c15fad5a4cefd2681b3493e09b42a53d340e0b5c80c4df3f1ef7a3,work/r23-power-integration/mechanics_neck_power_pair/R23_P5P6双线托及头壳窗口制造图册.pdf,Original print-master triangles retained except explicitly source-bound rounded wire opening; no analytic STEP existed for this skin.
R23_TPU_head_31wire_edge_guard,jaw_soft,printed_interface_derivative,"Ultrasint TPU88A SLS, smoothed bore",True,按本件源CAD与材料/工艺合同评审,work/r23-power-integration/mechanics_neck_power_pair/head_window/manifest.json,,work/r23-power-integration/mechanics_neck_power_pair/head_window/R23_TPU_head_31wire_edge_guard.3mf,work/r23-power-integration/mechanics_neck_power_pair/head_window/R23_TPU_head_31wire_edge_guard.ply,bcb15510cc54573eafc86c8134767ca9c690ab7ee5ffd85b43d07f8e5d12aa72,work/r23-power-integration/mechanics_neck_power_pair/R23_P5P6双线托及头壳窗口制造图册.pdf,"One removable compliant sleeve; 9x40 nominal passage, rounded ends, conformal lips capture the revised upper shell edge with0.12mm CAD clearance. It guides rather than grips the wires; flex-fit and wear require first-article checks."
R23_neck_lower_6061_with_power_pair_P5_entry_slot_reinforced,trunk_base,manufacturing_candidate,"6061-T651 machined billet, certifiedproof>=240MPa at declared service temperature",True,按本件源CAD与材料/工艺合同评审,work/r23-power-integration/mechanics_neck_power_pair/p5_entry_relief/reinforced_v3/manifest.json,work/r23-power-integration/mechanics_neck_power_pair/p5_entry_relief/reinforced_v3/STEP_毫米/R23_neck_lower_6061_with_power_pair_P5_entry_slot_reinforced.step,,work/r23-power-integration/mechanics_neck_power_pair/p5_entry_relief/reinforced_v3/STL_装配坐标_毫米/R23_neck_lower_6061_with_power_pair_P5_entry_slot_reinforced.stl,3e5e662d43a2e877edfdade9a624ff406e3f887ac216ca8e1c77989add08e293,work/r23-power-integration/mechanics_neck_power_pair/p5_entry_relief/reinforced_v3/R23_P5入口开槽加强_制造补充图册.pdf,"Derived complete part; worldX-side R1.30 capsule pocket, localT centers19/22, U−3..0. Keep both integral new arms and all old holes.6061 adds integralrear rib localU−2.5..−.5,T24.5..31,V±2.2 to retain bending/torsion path around notch. Original source is replaced, not stacked."
R23_neck_lower_PEEK_comb_housing_P5_entry_slot,trunk_base,manufacturing_candidate,unfilled PEEK Victrex450G-series machining stock,True,按本件源CAD与材料/工艺合同评审,work/r23-power-integration/mechanics_neck_power_pair/p5_entry_relief/reinforced_v3/manifest.json,work/r23-power-integration/mechanics_neck_power_pair/p5_entry_relief/reinforced_v3/STEP_毫米/R23_neck_lower_PEEK_comb_housing_P5_entry_slot.step,,work/r23-power-integration/mechanics_neck_power_pair/p5_entry_relief/reinforced_v3/STL_装配坐标_毫米/R23_neck_lower_PEEK_comb_housing_P5_entry_slot.stl,bfbe05ba0eab4b0caec5a0881d89a6e9fa3d6797c8852acb401f388c219dd223,work/r23-power-integration/mechanics_neck_power_pair/p5_entry_relief/reinforced_v3/R23_P5入口开槽加强_制造补充图册.pdf,"Derived complete part; worldX-side R1.30 capsule pocket, localT centers19/22, U−3..0. Keep both integral new arms and all old holes.6061 adds integralrear rib localU−2.5..−.5,T24.5..31,V±2.2 to retain bending/torsion path around notch. Original source is replaced, not stacked."
R23_HARNESS_R23_001,jaw_soft,wire_route,TE55A0111 insulated wire; dimensional outer envelope,True,按本件源CAD与材料/工艺合同评审,work/r23-power-integration/harness/fixed_routes_manifest.json,work/r23-power-integration/harness/geometry/STEP_毫米/R23_HARNESS_R23_001.step,,work/r23-power-integration/harness/geometry/STL_装配坐标_毫米/R23_HARNESS_R23_001.stl,c3f56d43358fdd36e4eb598163a98568b9313836fa173907ea4c056564e7e6d5,,"Individual wire path, actual engineering maximum insulation OD. Not a physical harness acceptance."
R23_HARNESS_R23_002,jaw_soft,wire_route,TE55A0111 insulated wire; dimensional outer envelope,True,按本件源CAD与材料/工艺合同评审,work/r23-power-integration/harness/fixed_routes_manifest.json,work/r23-power-integration/harness/geometry/STEP_毫米/R23_HARNESS_R23_002.step,,work/r23-power-integration/harness/geometry/STL_装配坐标_毫米/R23_HARNESS_R23_002.stl,b56c21b5386e5b1bc4fb579bf6e2575a2e1a1ca81c4180eb34817fa911f40d3b,,"Individual wire path, actual engineering maximum insulation OD. Not a physical harness acceptance."
R23_HARNESS_R23_003,jaw_soft,wire_route,TE55A0111 insulated wire; dimensional outer envelope,True,按本件源CAD与材料/工艺合同评审,work/r23-power-integration/harness/fixed_routes_manifest.json,work/r23-power-integration/harness/geometry/STEP_毫米/R23_HARNESS_R23_003.step,,work/r23-power-integration/harness/geometry/STL_装配坐标_毫米/R23_HARNESS_R23_003.stl,5363c0ee0e9c052cef2cc5b67ba26ce2667482ebeeb1cf156a6880f564bb1bd9,,"Individual wire path, actual engineering maximum insulation OD. Not a physical harness acceptance."
R23_HARNESS_R23_004,jaw_soft,wire_route,TE55A0111 insulated wire; dimensional outer envelope,True,按本件源CAD与材料/工艺合同评审,work/r23-power-integration/harness/fixed_routes_manifest.json,work/r23-power-integration/harness/geometry/STEP_毫米/R23_HARNESS_R23_004.step,,work/r23-power-integration/harness/geometry/STL_装配坐标_毫米/R23_HARNESS_R23_004.stl,0627b0b5765d283269b3c35d6f162c58ed4d47215b4f55f49f498a6b7d4a7d43,,"Individual wire path, actual engineering maximum insulation OD. Not a physical harness acceptance."
R23_HARNESS_R23_005,jaw_soft,wire_route,TE55A0111 insulated wire; dimensional outer envelope,True,按本件源CAD与材料/工艺合同评审,work/r23-power-integration/harness/fixed_routes_manifest.json,work/r23-power-integration/harness/geometry/STEP_毫米/R23_HARNESS_R23_005.step,,work/r23-power-integration/harness/geometry/STL_装配坐标_毫米/R23_HARNESS_R23_005.stl,1a5791d989a1347f561711488697b7c2fb5d6dc315e6f38a3c4c70c4abf21ce2,,"Individual wire path, actual engineering maximum insulation OD. Not a physical harness acceptance."
R23_HARNESS_R23_006,jaw_soft,wire_route,TE55A0111 insulated wire; dimensional outer envelope,True,按本件源CAD与材料/工艺合同评审,work/r23-power-integration/harness/fixed_routes_manifest.json,work/r23-power-integration/harness/geometry/STEP_毫米/R23_HARNESS_R23_006.step,,work/r23-power-integration/harness/geometry/STL_装配坐标_毫米/R23_HARNESS_R23_006.stl,e55d583905bda09e666a2c27fba544a3fb57bea0b4a5700ba4343f3037e959ee,,"Individual wire path, actual engineering maximum insulation OD. Not a physical harness acceptance."
R23_HARNESS_R23_007,jaw_soft,wire_route,TE55A0111 insulated wire; dimensional outer envelope,True,按本件源CAD与材料/工艺合同评审,work/r23-power-integration/harness/fixed_routes_manifest.json,work/r23-power-integration/harness/geometry/STEP_毫米/R23_HARNESS_R23_007.step,,work/r23-power-integration/harness/geometry/STL_装配坐标_毫米/R23_HARNESS_R23_007.stl,7cd637db0cfcd41559a48e201d41d6d93c6ae8dd9c7c383005a1f5c2c6605e10,,"Individual wire path, actual engineering maximum insulation OD. Not a physical harness acceptance."
R23_HARNESS_R23_008,jaw_soft,wire_route,TE55A0111 insulated wire; dimensional outer envelope,True,按本件源CAD与材料/工艺合同评审,work/r23-power-integration/harness/fixed_routes_manifest.json,work/r23-power-integration/harness/geometry/STEP_毫米/R23_HARNESS_R23_008.step,,work/r23-power-integration/harness/geometry/STL_装配坐标_毫米/R23_HARNESS_R23_008.stl,8032e11e5fed30b29ffe6fc4cd465504a784ec45b50cd9fb7aafaa2700bf7d58,,"Individual wire path, actual engineering maximum insulation OD. Not a physical harness acceptance."
R23_HARNESS_R23_009,jaw_soft,wire_route,TE55A0111 insulated wire; dimensional outer envelope,True,按本件源CAD与材料/工艺合同评审,work/r23-power-integration/harness/fixed_routes_manifest.json,work/r23-power-integration/harness/geometry/STEP_毫米/R23_HARNESS_R23_009.step,,work/r23-power-integration/harness/geometry/STL_装配坐标_毫米/R23_HARNESS_R23_009.stl,1aa6d24485ffbbae19bacc4764fe802129fb0cf15ab9b758151f538a8f867aa2,,"Individual wire path, actual engineering maximum insulation OD. Not a physical harness acceptance."
R23_HARNESS_R23_010,jaw_soft,wire_route,TE55A0111 insulated wire; dimensional outer envelope,True,按本件源CAD与材料/工艺合同评审,work/r23-power-integration/harness/fixed_routes_manifest.json,work/r23-power-integration/harness/geometry/STEP_毫米/R23_HARNESS_R23_010.step,,work/r23-power-integration/harness/geometry/STL_装配坐标_毫米/R23_HARNESS_R23_010.stl,a7ccd75663139b9318f4adba6fafcae52fa4fd356345dc41d33a62a6ba4bb997,,"Individual wire path, actual engineering maximum insulation OD. Not a physical harness acceptance."
R23_NECK_UPPER_S01,jaw_soft,wire_route,TE55A0111 maximum insulation envelope,True,按本件源CAD与材料/工艺合同评审,work/r23-power-integration/harness/upper_tail_refine/refined_v1/manifest.json,work/r23-power-integration/harness/upper_tail_refine/refined_v1/STEP_毫米/R23_NECK_UPPER_S01.step,,work/r23-power-integration/harness/upper_tail_refine/refined_v1/STL_装配坐标_毫米/R23_NECK_UPPER_S01.stl,5829bd035e2654781a426f33289afca38ba086d3988f77b3e85f553a2354f81c,,Exact12mm guide through and original electrical endpoint; optimized fixed upper tail.
R23_NECK_UPPER_S02,jaw_soft,wire_route,TE55A0111 maximum insulation envelope,True,按本件源CAD与材料/工艺合同评审,work/r23-power-integration/harness/upper_tail_refine/refined_v1/manifest.json,work/r23-power-integration/harness/upper_tail_refine/refined_v1/STEP_毫米/R23_NECK_UPPER_S02.step,,work/r23-power-integration/harness/upper_tail_refine/refined_v1/STL_装配坐标_毫米/R23_NECK_UPPER_S02.stl,eefad9197734bc966926894a35654d50c2b3b3e7e3ad42e1ea6545f7b0f299f3,,Exact12mm guide through and original electrical endpoint; optimized fixed upper tail.
R23_NECK_UPPER_S04,jaw_soft,wire_route,TE55A0111 maximum insulation envelope,True,按本件源CAD与材料/工艺合同评审,work/r23-power-integration/harness/upper_tail_refine/refined_v1/manifest.json,work/r23-power-integration/harness/upper_tail_refine/refined_v1/STEP_毫米/R23_NECK_UPPER_S04.step,,work/r23-power-integration/harness/upper_tail_refine/refined_v1/STL_装配坐标_毫米/R23_NECK_UPPER_S04.stl,8bc0b42bdf128829bd2887b2439a2fbdadd71140690efe5c0e6127d23a974398,,Exact12mm guide through and original electrical endpoint; optimized fixed upper tail.
R23_NECK_UPPER_S05,jaw_soft,wire_route,TE55A0111 maximum insulation envelope,True,按本件源CAD与材料/工艺合同评审,work/r23-power-integration/harness/upper_tail_refine/refined_v1/manifest.json,work/r23-power-integration/harness/upper_tail_refine/refined_v1/STEP_毫米/R23_NECK_UPPER_S05.step,,work/r23-power-integration/harness/upper_tail_refine/refined_v1/STL_装配坐标_毫米/R23_NECK_UPPER_S05.stl,075cbf5f3f7a788f87b4be30e2f8eea66fecedd5b04492eaf0f622897c3675e8,,Exact12mm guide through and original electrical endpoint; optimized fixed upper tail.
R23_NECK_UPPER_S07,jaw_soft,wire_route,TE55A0111 maximum insulation envelope,True,按本件源CAD与材料/工艺合同评审,work/r23-power-integration/harness/upper_tail_refine/refined_v1/manifest.json,work/r23-power-integration/harness/upper_tail_refine/refined_v1/STEP_毫米/R23_NECK_UPPER_S07.step,,work/r23-power-integration/harness/upper_tail_refine/refined_v1/STL_装配坐标_毫米/R23_NECK_UPPER_S07.stl,84d984ad42711259ab779b53950f47e01ef8d1c6ca1d50e48398e305097e2175,,Exact12mm guide through and original electrical endpoint; optimized fixed upper tail.
R23_NECK_UPPER_S08,jaw_soft,wire_route,TE55A0111 maximum insulation envelope,True,按本件源CAD与材料/工艺合同评审,work/r23-power-integration/harness/upper_tail_refine/refined_v1/manifest.json,work/r23-power-integration/harness/upper_tail_refine/refined_v1/STEP_毫米/R23_NECK_UPPER_S08.step,,work/r23-power-integration/harness/upper_tail_refine/refined_v1/STL_装配坐标_毫米/R23_NECK_UPPER_S08.stl,f174633ebc545dfc1a5d1b53c7eb3ec44f8abfd70de302590cf839bf0ca0c411,,Exact12mm guide through and original electrical endpoint; optimized fixed upper tail.
R23_NECK_UPPER_S09,jaw_soft,wire_route,TE55A0111 maximum insulation envelope,True,按本件源CAD与材料/工艺合同评审,work/r23-power-integration/harness/upper_tail_refine/refined_v1/manifest.json,work/r23-power-integration/harness/upper_tail_refine/refined_v1/STEP_毫米/R23_NECK_UPPER_S09.step,,work/r23-power-integration/harness/upper_tail_refine/refined_v1/STL_装配坐标_毫米/R23_NECK_UPPER_S09.stl,2ad3d01119fb04bd77d6175b00106f749f25e240bf337cfe412b450995260a38,,Exact12mm guide through and original electrical endpoint; optimized fixed upper tail.
R23_NECK_UPPER_S10,jaw_soft,wire_route,TE55A0111 maximum insulation envelope,True,按本件源CAD与材料/工艺合同评审,work/r23-power-integration/harness/upper_tail_refine/refined_v1/manifest.json,work/r23-power-integration/harness/upper_tail_refine/refined_v1/STEP_毫米/R23_NECK_UPPER_S10.step,,work/r23-power-integration/harness/upper_tail_refine/refined_v1/STL_装配坐标_毫米/R23_NECK_UPPER_S10.stl,73094c8eaf98c4cb45329fcbaf0f1d8895ac0af5fb713ca229eeadca163e2d02,,Exact12mm guide through and original electrical endpoint; optimized fixed upper tail.
R23_NECK_UPPER_S11,jaw_soft,wire_route,TE55A0111 maximum insulation envelope,True,按本件源CAD与材料/工艺合同评审,work/r23-power-integration/harness/upper_tail_refine/refined_v1/manifest.json,work/r23-power-integration/harness/upper_tail_refine/refined_v1/STEP_毫米/R23_NECK_UPPER_S11.step,,work/r23-power-integration/harness/upper_tail_refine/refined_v1/STL_装配坐标_毫米/R23_NECK_UPPER_S11.stl,c29479c4844d2fe7b2966fbaee02111a4715c42b444a4f71d434f1b2f9bd9a72,,Exact12mm guide through and original electrical endpoint; optimized fixed upper tail.
R23_NECK_UPPER_S12,jaw_soft,wire_route,TE55A0111 maximum insulation envelope,True,按本件源CAD与材料/工艺合同评审,work/r23-power-integration/harness/upper_tail_refine/refined_v1/manifest.json,work/r23-power-integration/harness/upper_tail_refine/refined_v1/STEP_毫米/R23_NECK_UPPER_S12.step,,work/r23-power-integration/harness/upper_tail_refine/refined_v1/STL_装配坐标_毫米/R23_NECK_UPPER_S12.stl,3829e8e14cfacba60cd6191d49d41159ff310ac5ebbdf203c02e9a48ffcbfb9d,,Exact12mm guide through and original electrical endpoint; optimized fixed upper tail.
R23_NECK_UPPER_S13,jaw_soft,wire_route,TE55A0111 maximum insulation envelope,True,按本件源CAD与材料/工艺合同评审,work/r23-power-integration/harness/upper_tail_refine/refined_v1/manifest.json,work/r23-power-integration/harness/upper_tail_refine/refined_v1/STEP_毫米/R23_NECK_UPPER_S13.step,,work/r23-power-integration/harness/upper_tail_refine/refined_v1/STL_装配坐标_毫米/R23_NECK_UPPER_S13.stl,8be454ea6f88b04c9aec32c38f0eb5dd14c572c219718395c545b6c9f98a9673,,Exact12mm guide through and original electrical endpoint; optimized fixed upper tail.
R23_NECK_UPPER_S14,jaw_soft,wire_route,TE55A0111 maximum insulation envelope,True,按本件源CAD与材料/工艺合同评审,work/r23-power-integration/harness/upper_tail_refine/refined_v1/manifest.json,work/r23-power-integration/harness/upper_tail_refine/refined_v1/STEP_毫米/R23_NECK_UPPER_S14.step,,work/r23-power-integration/harness/upper_tail_refine/refined_v1/STL_装配坐标_毫米/R23_NECK_UPPER_S14.stl,d6e5910f094b026c4ece03b0172487c67c99d7e7f8a7c96f85c9e61f19f9bf9e,,Exact12mm guide through and original electrical endpoint; optimized fixed upper tail.
R23_NECK_UPPER_S15,jaw_soft,wire_route,TE55A0111 maximum insulation envelope,True,按本件源CAD与材料/工艺合同评审,work/r23-power-integration/harness/upper_tail_refine/refined_v1/manifest.json,work/r23-power-integration/harness/upper_tail_refine/refined_v1/STEP_毫米/R23_NECK_UPPER_S15.step,,work/r23-power-integration/harness/upper_tail_refine/refined_v1/STL_装配坐标_毫米/R23_NECK_UPPER_S15.stl,80f7c59bd4039fdc84cd56528ab15249d03d1f4a7071b6064d7cf6cfa851c3f0,,Exact12mm guide through and original electrical endpoint; optimized fixed upper tail.
R23_NECK_UPPER_S16,jaw_soft,wire_route,TE55A0111 maximum insulation envelope,True,按本件源CAD与材料/工艺合同评审,work/r23-power-integration/harness/upper_tail_refine/refined_v1/manifest.json,work/r23-power-integration/harness/upper_tail_refine/refined_v1/STEP_毫米/R23_NECK_UPPER_S16.step,,work/r23-power-integration/harness/upper_tail_refine/refined_v1/STL_装配坐标_毫米/R23_NECK_UPPER_S16.stl,cd46f745457c67f92b9eebdd3911278adfad6c7eeaac01b87b05b8f70e192eca,,Exact12mm guide through and original electrical endpoint; optimized fixed upper tail.
R23_NECK_UPPER_S17,jaw_soft,wire_route,TE55A0111 maximum insulation envelope,True,按本件源CAD与材料/工艺合同评审,work/r23-power-integration/harness/upper_tail_refine/refined_v1/manifest.json,work/r23-power-integration/harness/upper_tail_refine/refined_v1/STEP_毫米/R23_NECK_UPPER_S17.step,,work/r23-power-integration/harness/upper_tail_refine/refined_v1/STL_装配坐标_毫米/R23_NECK_UPPER_S17.stl,8be238f74f132bc82a1c1e24d9dc470549682b803cf464f42eb49f88e06b668f,,Exact12mm guide through and original electrical endpoint; optimized fixed upper tail.
R23_NECK_UPPER_S18,jaw_soft,wire_route,TE55A0111 maximum insulation envelope,True,按本件源CAD与材料/工艺合同评审,work/r23-power-integration/harness/upper_tail_refine/refined_v1/manifest.json,work/r23-power-integration/harness/upper_tail_refine/refined_v1/STEP_毫米/R23_NECK_UPPER_S18.step,,work/r23-power-integration/harness/upper_tail_refine/refined_v1/STL_装配坐标_毫米/R23_NECK_UPPER_S18.stl,2df1c1a207ea17bdd43a88ab28b9bcacfb9981792ee132b646d24ae5ab2b91ac,,Exact12mm guide through and original electrical endpoint; optimized fixed upper tail.
R23_NECK_UPPER_S19,jaw_soft,wire_route,TE55A0111 maximum insulation envelope,True,按本件源CAD与材料/工艺合同评审,work/r23-power-integration/harness/upper_tail_refine/refined_v1/manifest.json,work/r23-power-integration/harness/upper_tail_refine/refined_v1/STEP_毫米/R23_NECK_UPPER_S19.step,,work/r23-power-integration/harness/upper_tail_refine/refined_v1/STL_装配坐标_毫米/R23_NECK_UPPER_S19.stl,90da346cc263e8d696edcd2941f2a20e03110bd22f0fe8322eaead8aaaaf8dcc,,Exact12mm guide through and original electrical endpoint; optimized fixed upper tail.
R23_NECK_UPPER_S20,jaw_soft,wire_route,TE55A0111 maximum insulation envelope,True,按本件源CAD与材料/工艺合同评审,work/r23-power-integration/harness/upper_tail_refine/refined_v1/manifest.json,work/r23-power-integration/harness/upper_tail_refine/refined_v1/STEP_毫米/R23_NECK_UPPER_S20.step,,work/r23-power-integration/harness/upper_tail_refine/refined_v1/STL_装配坐标_毫米/R23_NECK_UPPER_S20.stl,0408b3d9ebbeae5bff42e4e3e4321209a47efbbddcbf4e28ca5981c431454528,,Exact12mm guide through and original electrical endpoint; optimized fixed upper tail.
R23_NECK_UPPER_S21,jaw_soft,wire_route,TE55A0111 maximum insulation envelope,True,按本件源CAD与材料/工艺合同评审,work/r23-power-integration/harness/upper_tail_refine/refined_v1/manifest.json,work/r23-power-integration/harness/upper_tail_refine/refined_v1/STEP_毫米/R23_NECK_UPPER_S21.step,,work/r23-power-integration/harness/upper_tail_refine/refined_v1/STL_装配坐标_毫米/R23_NECK_UPPER_S21.stl,0974c81d80fcb30879602d7fa467ff3361f494b91b439d66a8c4b2145e876573,,Exact12mm guide through and original electrical endpoint; optimized fixed upper tail.
R23_NECK_UPPER_S22,jaw_soft,wire_route,TE55A0111 maximum insulation envelope,True,按本件源CAD与材料/工艺合同评审,work/r23-power-integration/harness/upper_tail_refine/refined_v1/manifest.json,work/r23-power-integration/harness/upper_tail_refine/refined_v1/STEP_毫米/R23_NECK_UPPER_S22.step,,work/r23-power-integration/harness/upper_tail_refine/refined_v1/STL_装配坐标_毫米/R23_NECK_UPPER_S22.stl,3be0a0d4131040c80337b4cb5eed8a394e819ceab74453ebe43c5b8513c086d0,,Exact12mm guide through and original electrical endpoint; optimized fixed upper tail.
R23_NECK_UPPER_S23,jaw_soft,wire_route,TE55A0111 maximum insulation envelope,True,按本件源CAD与材料/工艺合同评审,work/r23-power-integration/harness/upper_tail_refine/refined_v1/manifest.json,work/r23-power-integration/harness/upper_tail_refine/refined_v1/STEP_毫米/R23_NECK_UPPER_S23.step,,work/r23-power-integration/harness/upper_tail_refine/refined_v1/STL_装配坐标_毫米/R23_NECK_UPPER_S23.stl,32a8e38adc88846b4a322552c3be30d154db133b664df7072c425c4ff4ba6e3b,,Exact12mm guide through and original electrical endpoint; optimized fixed upper tail.
R23_NECK_UPPER_S24,jaw_soft,wire_route,TE55A0111 maximum insulation envelope,True,按本件源CAD与材料/工艺合同评审,work/r23-power-integration/harness/upper_tail_refine/refined_v1/manifest.json,work/r23-power-integration/harness/upper_tail_refine/refined_v1/STEP_毫米/R23_NECK_UPPER_S24.step,,work/r23-power-integration/harness/upper_tail_refine/refined_v1/STL_装配坐标_毫米/R23_NECK_UPPER_S24.stl,eaf7b5f71d89558d3549dc5cc277bf3666ead55bf9758b9e608b7a509ef264f5,,Exact12mm guide through and original electrical endpoint; optimized fixed upper tail.
R23_NECK_UPPER_S25,jaw_soft,wire_route,TE55A0111 maximum insulation envelope,True,按本件源CAD与材料/工艺合同评审,work/r23-power-integration/harness/upper_tail_refine/refined_v1/manifest.json,work/r23-power-integration/harness/upper_tail_refine/refined_v1/STEP_毫米/R23_NECK_UPPER_S25.step,,work/r23-power-integration/harness/upper_tail_refine/refined_v1/STL_装配坐标_毫米/R23_NECK_UPPER_S25.stl,3c4b433a516e024157507e3040dfa34a3ffb038d4f7f5cadddc7c92d184a356a,,Exact12mm guide through and original electrical endpoint; optimized fixed upper tail.
R23_LOWER_BAT_2_THERMAL_CLEARANCE,trunk_base,wire_route,TE55A0111 AWG18/AWG16 max OD and RNF100 finished D5x21 acceptance envelope,True,按本件源CAD与材料/工艺合同评审,work/r23-power-integration/harness/thermal_tail_clearance/battery2_solver/candidate_d5/manifest.json,work/r23-power-integration/harness/thermal_tail_clearance/battery2_solver/candidate_d5/STEP_毫米/R23_LOWER_BAT_2_THERMAL_CLEARANCE.step,,work/r23-power-integration/harness/thermal_tail_clearance/battery2_solver/candidate_d5/STL_装配坐标_毫米/R23_LOWER_BAT_2_THERMAL_CLEARANCE.stl,8db24c26485d9ce5047196dd76b7e177d7acb06b0d9e37caad9c7fd0440e78b0,,Nominal fixed route forming reference. Original J0 first bend and first seven analytic segments are retained; endpoint and full 12 mm lower guide are unchanged. Narrow clearances require formed-wire retention and dimensional acceptance; not physical qualification.
R23_LOWER_CONTROL_S01,trunk_base,wire_route,TE55A0111-28 max OD .7366; optional finished insulated terminal maximum envelope,True,按本件源CAD与材料/工艺合同评审,work/r23-power-integration/harness/lower_control_refine/refined_v1/manifest.json,work/r23-power-integration/harness/lower_control_refine/refined_v1/STEP_毫米/R23_LOWER_CONTROL_S01.step,,work/r23-power-integration/harness/lower_control_refine/refined_v1/STL_装配坐标_毫米/R23_LOWER_CONTROL_S01.stl,3b30d86fc52ec687e567961a4f92742a13bc99b4ffedb536875595383fa13211,,"Complete B2 actual pin emergence to lower guide free_exit; exact R5 circular bends, full guide12. No endpin remap. Maximum process envelopes are subject to first-piece qualification."
R23_LOWER_CONTROL_S02,trunk_base,wire_route,TE55A0111-28 max OD .7366; optional finished insulated terminal maximum envelope,True,按本件源CAD与材料/工艺合同评审,work/r23-power-integration/harness/lower_control_refine/refined_v1/manifest.json,work/r23-power-integration/harness/lower_control_refine/refined_v1/STEP_毫米/R23_LOWER_CONTROL_S02.step,,work/r23-power-integration/harness/lower_control_refine/refined_v1/STL_装配坐标_毫米/R23_LOWER_CONTROL_S02.stl,52a2299e4edb6d45601afd3085a0844b3feec4136820468f35c16c79fdbd0dfe,,"Complete B2 actual pin emergence to lower guide free_exit; exact R5 circular bends, full guide12. No endpin remap. Maximum process envelopes are subject to first-piece qualification."
R23_LOWER_CONTROL_S03,trunk_base,wire_route,TE55A0111-28 max OD .7366; optional finished insulated terminal maximum envelope,True,按本件源CAD与材料/工艺合同评审,work/r23-power-integration/harness/lower_control_refine/refined_v1/manifest.json,work/r23-power-integration/harness/lower_control_refine/refined_v1/STEP_毫米/R23_LOWER_CONTROL_S03.step,,work/r23-power-integration/harness/lower_control_refine/refined_v1/STL_装配坐标_毫米/R23_LOWER_CONTROL_S03.stl,da123a38b8bc48d58cc9e27aaa251d1c7e05bd4bb22c6e5f0ce2e1a218a70b6f,,"Complete B2 actual pin emergence to lower guide free_exit; exact R5 circular bends, full guide12. No endpin remap. Maximum process envelopes are subject to first-piece qualification."
R23_LOWER_CONTROL_S04,trunk_base,wire_route,TE55A0111-28 max OD .7366; optional finished insulated terminal maximum envelope,True,按本件源CAD与材料/工艺合同评审,work/r23-power-integration/harness/lower_control_refine/refined_v1/manifest.json,work/r23-power-integration/harness/lower_control_refine/refined_v1/STEP_毫米/R23_LOWER_CONTROL_S04.step,,work/r23-power-integration/harness/lower_control_refine/refined_v1/STL_装配坐标_毫米/R23_LOWER_CONTROL_S04.stl,006fb974c6c6cb051a034087f37353e3dfd0d0ea2a9b6a02fe2374c0575d923f,,"Complete B2 actual pin emergence to lower guide free_exit; exact R5 circular bends, full guide12. No endpin remap. Maximum process envelopes are subject to first-piece qualification."
R23_LOWER_CONTROL_S05,trunk_base,wire_route,TE55A0111-28 max OD .7366; optional finished insulated terminal maximum envelope,True,按本件源CAD与材料/工艺合同评审,work/r23-power-integration/harness/lower_control_refine/refined_v1/manifest.json,work/r23-power-integration/harness/lower_control_refine/refined_v1/STEP_毫米/R23_LOWER_CONTROL_S05.step,,work/r23-power-integration/harness/lower_control_refine/refined_v1/STL_装配坐标_毫米/R23_LOWER_CONTROL_S05.stl,378305ce9b51b6067be73565bbaa1a7e03ba19d6fbbdc48c80cae05cbb7d69ee,,"Complete B2 actual pin emergence to lower guide free_exit; exact R5 circular bends, full guide12. No endpin remap. Maximum process envelopes are subject to first-piece qualification."
R23_LOWER_CONTROL_S06,trunk_base,wire_route,TE55A0111-28 max OD .7366; optional finished insulated terminal maximum envelope,True,按本件源CAD与材料/工艺合同评审,work/r23-power-integration/harness/lower_control_refine/refined_v1/manifest.json,work/r23-power-integration/harness/lower_control_refine/refined_v1/STEP_毫米/R23_LOWER_CONTROL_S06.step,,work/r23-power-integration/harness/lower_control_refine/refined_v1/STL_装配坐标_毫米/R23_LOWER_CONTROL_S06.stl,405057a2ff3630f25a844fa84682778b6a02dde2ccee1fdc16add93150e47a5d,,"Complete B2 actual pin emergence to lower guide free_exit; exact R5 circular bends, full guide12. No endpin remap. Maximum process envelopes are subject to first-piece qualification."
R23_LOWER_CONTROL_S07,trunk_base,wire_route,TE55A0111-28 max OD .7366; optional finished insulated terminal maximum envelope,True,按本件源CAD与材料/工艺合同评审,work/r23-power-integration/harness/lower_control_refine/refined_v1/manifest.json,work/r23-power-integration/harness/lower_control_refine/refined_v1/STEP_毫米/R23_LOWER_CONTROL_S07.step,,work/r23-power-integration/harness/lower_control_refine/refined_v1/STL_装配坐标_毫米/R23_LOWER_CONTROL_S07.stl,b041b4ca4a52a9791640a3d371c2e90ce7238523f7fced80bfc90d0413477959,,"Complete B2 actual pin emergence to lower guide free_exit; exact R5 circular bends, full guide12. No endpin remap. Maximum process envelopes are subject to first-piece qualification."
R23_LOWER_CONTROL_S08,trunk_base,wire_route,TE55A0111-28 max OD .7366; optional finished insulated terminal maximum envelope,True,按本件源CAD与材料/工艺合同评审,work/r23-power-integration/harness/lower_control_refine/refined_v1/manifest.json,work/r23-power-integration/harness/lower_control_refine/refined_v1/STEP_毫米/R23_LOWER_CONTROL_S08.step,,work/r23-power-integration/harness/lower_control_refine/refined_v1/STL_装配坐标_毫米/R23_LOWER_CONTROL_S08.stl,c1554159f42b216dc88f1cffdbbe04f9c6fa5999547cecc5ef3ad4dcdcecb86b,,"Complete B2 actual pin emergence to lower guide free_exit; exact R5 circular bends, full guide12. No endpin remap. Maximum process envelopes are subject to first-piece qualification."
R23_LOWER_CONTROL_S09_THERMAL_CLEARANCE,trunk_base,wire_route,TE55A0111-28 max OD .7366; optional finished insulated terminal maximum envelope,True,按本件源CAD与材料/工艺合同评审,work/r23-power-integration/harness/thermal_tail_clearance/signals_final/manifest.json,work/r23-power-integration/harness/thermal_tail_clearance/signals_final/STEP_毫米/R23_LOWER_CONTROL_S09_THERMAL_CLEARANCE.step,,work/r23-power-integration/harness/thermal_tail_clearance/signals_final/STL_装配坐标_毫米/R23_LOWER_CONTROL_S09_THERMAL_CLEARANCE.stl,fa8b30f0f489e7545b7a22c62d30d17595817057eb026a5b10e4db419553161a,work/r23-power-integration/harness/thermal_tail_clearance/signals_final/R23_五线绕风道_制造装配图册.pdf,"Complete B2 native endpoint to lower free exit with original full12mm guide ownership; four additional R5 arcs form a local thermal-duct S rise. Through-board finished terminal unchanged; route is an assembly forming template, not a printed cable."
R23_LOWER_CONTROL_S10_THERMAL_CLEARANCE,trunk_base,wire_route,TE55A0111-28 max OD .7366; optional finished insulated terminal maximum envelope,True,按本件源CAD与材料/工艺合同评审,work/r23-power-integration/harness/thermal_tail_clearance/signals_final/manifest.json,work/r23-power-integration/harness/thermal_tail_clearance/signals_final/STEP_毫米/R23_LOWER_CONTROL_S10_THERMAL_CLEARANCE.step,,work/r23-power-integration/harness/thermal_tail_clearance/signals_final/STL_装配坐标_毫米/R23_LOWER_CONTROL_S10_THERMAL_CLEARANCE.stl,1f2c718c7f03360c8605e7552a1809196c32cd4c403757202ea8514eda3aea17,work/r23-power-integration/harness/thermal_tail_clearance/signals_final/R23_五线绕风道_制造装配图册.pdf,"Complete B2 native endpoint to lower free exit with original full12mm guide ownership; four additional R5 arcs form a local thermal-duct S rise. Through-board finished terminal unchanged; route is an assembly forming template, not a printed cable."
R23_LOWER_CONTROL_S11_THERMAL_CLEARANCE,trunk_base,wire_route,TE55A0111-28 max OD .7366; optional finished insulated terminal maximum envelope,True,按本件源CAD与材料/工艺合同评审,work/r23-power-integration/harness/thermal_tail_clearance/signals_final/manifest.json,work/r23-power-integration/harness/thermal_tail_clearance/signals_final/STEP_毫米/R23_LOWER_CONTROL_S11_THERMAL_CLEARANCE.step,,work/r23-power-integration/harness/thermal_tail_clearance/signals_final/STL_装配坐标_毫米/R23_LOWER_CONTROL_S11_THERMAL_CLEARANCE.stl,4aeb62a855c9e7f0e889be16f5ff9a0012bc97d9586f52615070d51cb4d109ad,work/r23-power-integration/harness/thermal_tail_clearance/signals_final/R23_五线绕风道_制造装配图册.pdf,"Complete B2 native endpoint to lower free exit with original full12mm guide ownership; four additional R5 arcs form a local thermal-duct S rise. Through-board finished terminal unchanged; route is an assembly forming template, not a printed cable."
R23_LOWER_CONTROL_S12_THERMAL_CLEARANCE,trunk_base,wire_route,TE55A0111-28 max OD .7366; optional finished insulated terminal maximum envelope,True,按本件源CAD与材料/工艺合同评审,work/r23-power-integration/harness/thermal_tail_clearance/signals_final/manifest.json,work/r23-power-integration/harness/thermal_tail_clearance/signals_final/STEP_毫米/R23_LOWER_CONTROL_S12_THERMAL_CLEARANCE.step,,work/r23-power-integration/harness/thermal_tail_clearance/signals_final/STL_装配坐标_毫米/R23_LOWER_CONTROL_S12_THERMAL_CLEARANCE.stl,552ad4ba00954c0ea85a028a1c7463bda88a20934bc6855ca28b69266fb88e9e,work/r23-power-integration/harness/thermal_tail_clearance/signals_final/R23_五线绕风道_制造装配图册.pdf,"Complete B2 native endpoint to lower free exit with original full12mm guide ownership; four additional R5 arcs form a local thermal-duct S rise. Through-board finished terminal unchanged; route is an assembly forming template, not a printed cable."
R23_LOWER_CONTROL_S13_THERMAL_CLEARANCE,trunk_base,wire_route,TE55A0111-28 max OD .7366; optional finished insulated terminal maximum envelope,True,按本件源CAD与材料/工艺合同评审,work/r23-power-integration/harness/thermal_tail_clearance/signals_final/manifest.json,work/r23-power-integration/harness/thermal_tail_clearance/signals_final/STEP_毫米/R23_LOWER_CONTROL_S13_THERMAL_CLEARANCE.step,,work/r23-power-integration/harness/thermal_tail_clearance/signals_final/STL_装配坐标_毫米/R23_LOWER_CONTROL_S13_THERMAL_CLEARANCE.stl,7e7f14fc4bca02b96c81b38734676812f31df03d0fcd94972368dc196887d96a,work/r23-power-integration/harness/thermal_tail_clearance/signals_final/R23_五线绕风道_制造装配图册.pdf,"Complete B2 native endpoint to lower free exit with original full12mm guide ownership; four additional R5 arcs form a local thermal-duct S rise. Through-board finished terminal unchanged; route is an assembly forming template, not a printed cable."
R23_LOWER_SENSOR_S20,trunk_base,wire_route,TE55A0111-28 maximum jacket OD .7366 mm,True,按本件源CAD与材料/工艺合同评审,work/r23-power-integration/harness/lower_sensor_refine/refined_v1/manifest.json,work/r23-power-integration/harness/lower_sensor_refine/refined_v1/STEP_毫米/R23_LOWER_SENSOR_S20.step,,work/r23-power-integration/harness/lower_sensor_refine/refined_v1/STL_装配坐标_毫米/R23_LOWER_SENSOR_S20.stl,e76911c33f7f850514ce246a4b0942b32bb168b0b47d2cf7e7de68e14fa5b761,,"Complete actual sensor pin emergence to lower guide free_exit, including exact12mm guide. Analytic R5 or greater. Wire route body only; internal crimp and thermistor finished splice/strain relief remain separate process items."
R23_LOWER_SENSOR_S21,trunk_base,wire_route,TE55A0111-28 maximum jacket OD .7366 mm,True,按本件源CAD与材料/工艺合同评审,work/r23-power-integration/harness/lower_sensor_refine/refined_v1/manifest.json,work/r23-power-integration/harness/lower_sensor_refine/refined_v1/STEP_毫米/R23_LOWER_SENSOR_S21.step,,work/r23-power-integration/harness/lower_sensor_refine/refined_v1/STL_装配坐标_毫米/R23_LOWER_SENSOR_S21.stl,fc4978a9e3551b56800d6d40d4e6928df4eaac4411596f91a821fda77d977b35,,"Complete actual sensor pin emergence to lower guide free_exit, including exact12mm guide. Analytic R5 or greater. Wire route body only; internal crimp and thermistor finished splice/strain relief remain separate process items."
R23_LOWER_SENSOR_S22,trunk_base,wire_route,TE55A0111-28 maximum jacket OD .7366 mm,True,按本件源CAD与材料/工艺合同评审,work/r23-power-integration/harness/lower_sensor_refine/refined_v1/manifest.json,work/r23-power-integration/harness/lower_sensor_refine/refined_v1/STEP_毫米/R23_LOWER_SENSOR_S22.step,,work/r23-power-integration/harness/lower_sensor_refine/refined_v1/STL_装配坐标_毫米/R23_LOWER_SENSOR_S22.stl,a8aceac49d00d0cb02c0f4ad4e4a08eb08b1668d93eb6420b2310af382b9a690,,"Complete actual sensor pin emergence to lower guide free_exit, including exact12mm guide. Analytic R5 or greater. Wire route body only; internal crimp and thermistor finished splice/strain relief remain separate process items."
R23_LOWER_SENSOR_S23,trunk_base,wire_route,TE55A0111-28 maximum jacket OD .7366 mm,True,按本件源CAD与材料/工艺合同评审,work/r23-power-integration/harness/lower_sensor_refine/refined_v1/manifest.json,work/r23-power-integration/harness/lower_sensor_refine/refined_v1/STEP_毫米/R23_LOWER_SENSOR_S23.step,,work/r23-power-integration/harness/lower_sensor_refine/refined_v1/STL_装配坐标_毫米/R23_LOWER_SENSOR_S23.stl,d3c1581068ff152dc219b5af69a9a9c142f6c97ac1ab1bf803d51009e97a1c68,,"Complete actual sensor pin emergence to lower guide free_exit, including exact12mm guide. Analytic R5 or greater. Wire route body only; internal crimp and thermistor finished splice/strain relief remain separate process items."
R23_LOWER_SENSOR_S24,trunk_base,wire_route,TE55A0111-28 maximum jacket OD .7366 mm,True,按本件源CAD与材料/工艺合同评审,work/r23-power-integration/harness/lower_sensor_refine/refined_v1/manifest.json,work/r23-power-integration/harness/lower_sensor_refine/refined_v1/STEP_毫米/R23_LOWER_SENSOR_S24.step,,work/r23-power-integration/harness/lower_sensor_refine/refined_v1/STL_装配坐标_毫米/R23_LOWER_SENSOR_S24.stl,eae95e1acf4097d1ae61c3c9eb6d20411b4311a73a173db47babc879f890789c,,"Complete actual sensor pin emergence to lower guide free_exit, including exact12mm guide. Analytic R5 or greater. Wire route body only; internal crimp and thermistor finished splice/strain relief remain separate process items."
R23_LOWER_SENSOR_S25,trunk_base,wire_route,TE55A0111-28 maximum jacket OD .7366 mm,True,按本件源CAD与材料/工艺合同评审,work/r23-power-integration/harness/lower_sensor_refine/refined_v1/manifest.json,work/r23-power-integration/harness/lower_sensor_refine/refined_v1/STEP_毫米/R23_LOWER_SENSOR_S25.step,,work/r23-power-integration/harness/lower_sensor_refine/refined_v1/STL_装配坐标_毫米/R23_LOWER_SENSOR_S25.stl,400ab4827de7a2c292706eefa4b08798fee6cdd732db49732764f3392f4c1f47,,"Complete actual sensor pin emergence to lower guide free_exit, including exact12mm guide. Analytic R5 or greater. Wire route body only; internal crimp and thermistor finished splice/strain relief remain separate process items."
R23_RT1_TGP1100SF_contact_pad,trunk_base,probe_part,BERGQUIST GAP PAD TGP1100SF cut0.508mm stock,True,按本件源CAD与材料/工艺合同评审,work/r23-power-integration/harness/rt1_contact/manifest.json,work/r23-power-integration/harness/rt1_contact/STEP_毫米/R23_RT1_TGP1100SF_contact_pad.step,,work/r23-power-integration/harness/rt1_contact/STL_装配坐标_毫米/R23_RT1_TGP1100SF_contact_pad.stl,35054cf1d52c937f71a9f06a31295dadbd90abe0c21d5ebc240679b312564c6c,,"Installed insulating disk D4.2 covers the D3.8 sensor face with0.20mm radial overlap; thickness0.30mm at tangent and<=0.506mm at curved patch edges; source TDS0.9W/mK and234kPa modulus are typical, not guarantees. No liquid potting."
R23_RT1_NTCLE100E3103GB0_BODY_MAX,trunk_base,purchased_reference,Vishay purchased NTC D3.8x3.0 maximum envelope,True,参考/器件外包络：按原器件BOM采购，不按外形体积制件或计重,work/r23-power-integration/harness/rt1_contact/manifest.json,work/r23-power-integration/harness/rt1_contact/STEP_毫米/R23_RT1_NTCLE100E3103GB0_BODY_MAX.step,,work/r23-power-integration/harness/rt1_contact/STL_装配坐标_毫米/R23_RT1_NTCLE100E3103GB0_BODY_MAX.stl,77bc3a8cc419221feafb47f7824e83039e4853b7865cc142157a7d0b59a0e8cb,,Original lacquer has no specified insulation. Separate insulating thermal pad and each PTFE lead sleeve required.
R23_RT1_VMQ_front_liner,trunk_base,probe_part,VMQ50A nominal compressed0.30 from0.4mm stock,True,按本件源CAD与材料/工艺合同评审,work/r23-power-integration/harness/rt1_contact/manifest.json,work/r23-power-integration/harness/rt1_contact/STEP_毫米/R23_RT1_VMQ_front_liner.step,,work/r23-power-integration/harness/rt1_contact/STL_装配坐标_毫米/R23_RT1_VMQ_front_liner.stl,5f09af6ec298b6493a52375b96bf46bff68cf74a06ac51a0dadb2237d363ffb4,,Soft removable front pad; no bond to NTC body. Distributed light retention preload; physical force and hot creep check required.
R23_RT1_LEAD_1,trunk_base,purchased_reference,original NTC tinned copper nominalD0.6,True,参考/器件外包络：按原器件BOM采购，不按外形体积制件或计重,work/r23-power-integration/harness/rt1_contact/manifest.json,work/r23-power-integration/harness/rt1_contact/STEP_毫米/R23_RT1_LEAD_1.step,,work/r23-power-integration/harness/rt1_contact/STL_装配坐标_毫米/R23_RT1_LEAD_1.stl,542ebbf8e92ed82278f77fc810a9392073f989045084a01c51160b6dd578eae6,,"Original lead; included in purchased sensor mass, no duplicate new mass."
R23_RT1_LEAD_2,trunk_base,purchased_reference,original NTC tinned copper nominalD0.6,True,参考/器件外包络：按原器件BOM采购，不按外形体积制件或计重,work/r23-power-integration/harness/rt1_contact/manifest.json,work/r23-power-integration/harness/rt1_contact/STEP_毫米/R23_RT1_LEAD_2.step,,work/r23-power-integration/harness/rt1_contact/STL_装配坐标_毫米/R23_RT1_LEAD_2.stl,24c69bd225ec76d383a92583f14b0a1693d299e3b0b5a762025cd713086330da,,"Original lead; included in purchased sensor mass, no duplicate new mass."
R23_RT1_PTFE_lacing_1,trunk_base,lacing_reference,Daburn2049-A PTFE TypeIII maxwidth1.8288xthickness.3556,True,参考/器件外包络：按原器件BOM采购，不按外形体积制件或计重,work/r23-power-integration/harness/rt1_contact/manifest.json,work/r23-power-integration/harness/rt1_contact/STEP_毫米/R23_RT1_PTFE_lacing_1.step,,work/r23-power-integration/harness/rt1_contact/STL_装配坐标_毫米/R23_RT1_PTFE_lacing_1.stl,a6d21a2a43146d400def73e5232c273b4e2dd2f66ab782315188832f7da750aa,,Max installed smooth loop envelope; actual tie and trimmed tail must fit own knot box. Cut110mm each; maintain probe without marking cell sleeve. No braid-density nominal mass.
R23_RT1_knot_budget_1,trunk_base,knot_budget,installed knot clearance budget,True,参考/器件外包络：按原器件BOM采购，不按外形体积制件或计重,work/r23-power-integration/harness/rt1_contact/manifest.json,work/r23-power-integration/harness/rt1_contact/STEP_毫米/R23_RT1_knot_budget_1.step,,work/r23-power-integration/harness/rt1_contact/STL_装配坐标_毫米/R23_RT1_knot_budget_1.stl,b0359b0897d93e2707faa7a55b9d4f5863cdbdd8ee99f61e11da5692b4bc2d09,,Maximum tied envelope. Included in matching110mm lacing cut/mass.
R23_RT1_PTFE_lacing_2,trunk_base,lacing_reference,Daburn2049-A PTFE TypeIII maxwidth1.8288xthickness.3556,True,参考/器件外包络：按原器件BOM采购，不按外形体积制件或计重,work/r23-power-integration/harness/rt1_contact/manifest.json,work/r23-power-integration/harness/rt1_contact/STEP_毫米/R23_RT1_PTFE_lacing_2.step,,work/r23-power-integration/harness/rt1_contact/STL_装配坐标_毫米/R23_RT1_PTFE_lacing_2.stl,d17d3923f45a8ec19f91cab383283bd06743ad0993db027ab6054c5d322e3bd5,,Max installed smooth loop envelope; actual tie and trimmed tail must fit own knot box. Cut110mm each; maintain probe without marking cell sleeve. No braid-density nominal mass.
R23_RT1_knot_budget_2,trunk_base,knot_budget,installed knot clearance budget,True,参考/器件外包络：按原器件BOM采购，不按外形体积制件或计重,work/r23-power-integration/harness/rt1_contact/manifest.json,work/r23-power-integration/harness/rt1_contact/STEP_毫米/R23_RT1_knot_budget_2.step,,work/r23-power-integration/harness/rt1_contact/STL_装配坐标_毫米/R23_RT1_knot_budget_2.stl,26596440ca99eb685766a718db1c1956feda66f992a5b2db2ebe62ea7912b736,,Maximum tied envelope. Included in matching110mm lacing cut/mass.
R23_W3_PTFE_lacing_Y34p5,trunk_base,lacing_reference,Daburn2049-A TypeIII PTFE flat braid purchase envelope,True,参考/器件外包络：按原器件BOM采购，不按外形体积制件或计重,work/r23-power-integration/harness/sp3_reroute/manifest.json,work/r23-power-integration/harness/sp3_reroute/lacing_revision/STEP_毫米/R23_W3_PTFE_lacing_Y34p5.step,,work/r23-power-integration/harness/sp3_reroute/lacing_revision/STL_装配坐标_毫米/R23_W3_PTFE_lacing_Y34p5.stl,06d8526e6dbe2e46b7bdf8f16c3dce187e77c78d214ca962dd414bab7bb32773,work/r23-power-integration/harness/sp3_reroute/R23_SP3_route_and_clamp_revision.pdf,"R23 published-snapshot replacement; native W2 lacing plane Y32.0 to33.5. W3 native band center34.0 to34.5; both shifts remain within unchanged6mm bearings. Original source untouched. Installed braid maxwidth1.8288, maxthickness.3556. Nominal smooth loop does not model braid or knot topology. 6mm bearing section has independent lacing; knot proof/creep procedure pending."
R23_W3_PTFE_knot_budget_Y34p5,trunk_base,knot_budget,Installed knot and trimmed-tail clearance budget,True,参考/器件外包络：按原器件BOM采购，不按外形体积制件或计重,work/r23-power-integration/harness/sp3_reroute/manifest.json,work/r23-power-integration/harness/sp3_reroute/lacing_revision/STEP_毫米/R23_W3_PTFE_knot_budget_Y34p5.step,,work/r23-power-integration/harness/sp3_reroute/lacing_revision/STL_装配坐标_毫米/R23_W3_PTFE_knot_budget_Y34p5.stl,d7f8bb144ee900f70c2de626b7905c94414bd80a1b1ca28a5d73aebed5e104b7,work/r23-power-integration/harness/sp3_reroute/R23_SP3_route_and_clamp_revision.pdf,"R23 published-snapshot replacement; native W2 lacing plane Y32.0 to33.5. W3 native band center34.0 to34.5; both shifts remain within unchanged6mm bearings. Original source untouched. 2.6x2.6x2mm maximum actual knot envelope; part is a bounded installation allowance, not a fabricated solid. Included in installed collision envelope; mass counted in matching braid budget. Reject knot outside this envelope."
R23_SP3_TO_PDB_R_fullroute_revision_actual,trunk_base,wire_route,TE55A0111-16 single actual wire,True,按本件源CAD与材料/工艺合同评审,work/r23-power-integration/harness/power_fixed/support_revision_v1/manifest.json,work/r23-power-integration/harness/power_fixed/support_revision_v1/STEP_毫米/R23_SP3_TO_PDB_R_fullroute_revision_actual.step,,work/r23-power-integration/harness/power_fixed/support_revision_v1/STL_装配坐标_毫米/R23_SP3_TO_PDB_R_fullroute_revision_actual.stl,769054092bb09beb53e20c42071cd5cedb4bd4967b4a4ec4c071e3f309599322,,Same original two endpoints/tangents; R>=12; only middle segment replaced. Retain original8mm insulated+5.484955592mm copper PTH separately.
R23_OUTPUT_PEEK_support_fullroute_relief,trunk_base,manufacturing_candidate,"PEEK, density engineering1.30g/cm3",True,按本件源CAD与材料/工艺合同评审,work/r23-power-integration/harness/power_fixed/support_revision_v1/manifest.json,work/r23-power-integration/harness/power_fixed/support_revision_v1/STEP_毫米/R23_OUTPUT_PEEK_support_fullroute_relief.step,,work/r23-power-integration/harness/power_fixed/support_revision_v1/STL_装配坐标_毫米/R23_OUTPUT_PEEK_support_fullroute_relief.stl,51f76e2088300d5135ba69668b8b45c37b2e82057a8efd637b64ec4afef792f0,,Previous support retained; R1.05 actual swept exit relief removes interference with full W3/W4 post-clip routes. Existing six clips/bands/VMQ and fastener locations unchanged.
R23_J9_ACTUAL_XT30_BODY_MAX_XM73P2_Z44P5,trunk_base,connector_reference,AMASS dimensional engineering reference,True,参考/器件外包络：按原器件BOM采购，不按外形体积制件或计重,work/r23-power-integration/harness/j9_relocation/candidate_xm73p2_z44p5/manifest.json,work/r23-power-integration/harness/j9_relocation/candidate_xm73p2_z44p5/STEP_毫米/R23_J9_ACTUAL_XT30_BODY_MAX_XM73P2_Z44P5.step,,work/r23-power-integration/harness/j9_relocation/candidate_xm73p2_z44p5/STL_装配坐标_毫米/R23_J9_ACTUAL_XT30_BODY_MAX_XM73P2_Z44P5.stl,e83926ea00762d351e0fb55bea97adbd022545f636d8ad44f36ce3369335a2d7,,"R23 z38 candidate raised6mm and shifted+X0.8mm to clear original SP3 case, and resolve analytically unavoidable C4 R12 wire obstruction. Same source shape, rotation, pin map and envelope."
R23_J9_M_POS_FULLMATE_TAIL_RANGE_XM73P2_Z44P5,trunk_base,connector_reference,AMASS dimensional engineering reference,True,参考/器件外包络：按原器件BOM采购，不按外形体积制件或计重,work/r23-power-integration/harness/j9_relocation/candidate_xm73p2_z44p5/manifest.json,work/r23-power-integration/harness/j9_relocation/candidate_xm73p2_z44p5/STEP_毫米/R23_J9_M_POS_FULLMATE_TAIL_RANGE_XM73P2_Z44P5.step,,work/r23-power-integration/harness/j9_relocation/candidate_xm73p2_z44p5/STL_装配坐标_毫米/R23_J9_M_POS_FULLMATE_TAIL_RANGE_XM73P2_Z44P5.stl,8325397a0f8a79927d42b16a805f9a5ec99dff3aab8d5ea96496fce76eab9215,,"R23 z38 candidate raised6mm and shifted+X0.8mm to clear original SP3 case, and resolve analytically unavoidable C4 R12 wire obstruction. Same source shape, rotation, pin map and envelope."
R23_J9_ACTUAL_F_GND_SLEEVED_CUP_XM73P2_Z44P5,trunk_base,connector_reference,AMASS dimensional engineering reference,True,参考/器件外包络：按原器件BOM采购，不按外形体积制件或计重,work/r23-power-integration/harness/j9_relocation/candidate_xm73p2_z44p5/manifest.json,work/r23-power-integration/harness/j9_relocation/candidate_xm73p2_z44p5/STEP_毫米/R23_J9_ACTUAL_F_GND_SLEEVED_CUP_XM73P2_Z44P5.step,,work/r23-power-integration/harness/j9_relocation/candidate_xm73p2_z44p5/STL_装配坐标_毫米/R23_J9_ACTUAL_F_GND_SLEEVED_CUP_XM73P2_Z44P5.stl,c7ad6f30712101ec6761d4a61166e15720511f5fdfc2bc971f3b5b99544e7aff,,"R23 z38 candidate raised6mm and shifted+X0.8mm to clear original SP3 case, and resolve analytically unavoidable C4 R12 wire obstruction. Same source shape, rotation, pin map and envelope."
R23_J9_M_GND_FULLMATE_TAIL_RANGE_XM73P2_Z44P5,trunk_base,connector_reference,AMASS dimensional engineering reference,True,参考/器件外包络：按原器件BOM采购，不按外形体积制件或计重,work/r23-power-integration/harness/j9_relocation/candidate_xm73p2_z44p5/manifest.json,work/r23-power-integration/harness/j9_relocation/candidate_xm73p2_z44p5/STEP_毫米/R23_J9_M_GND_FULLMATE_TAIL_RANGE_XM73P2_Z44P5.step,,work/r23-power-integration/harness/j9_relocation/candidate_xm73p2_z44p5/STL_装配坐标_毫米/R23_J9_M_GND_FULLMATE_TAIL_RANGE_XM73P2_Z44P5.stl,4dace6d82d84ff385163bc8c6f382bf0032189fe167c06712c4222ca20af6d88,,"R23 z38 candidate raised6mm and shifted+X0.8mm to clear original SP3 case, and resolve analytically unavoidable C4 R12 wire obstruction. Same source shape, rotation, pin map and envelope."
R23_J9_M_SP3_COMPLETE_XM73P2_Z44P5,trunk_base,wire_route,"TE55A0111-16, tinned copper/ETFE; actual conductor max1.397, jacket max1.778",True,按本件源CAD与材料/工艺合同评审,work/r23-power-integration/harness/power_fixed/j9_distribution_v1/manifest.json,work/r23-power-integration/harness/power_fixed/j9_distribution_v1/STEP_毫米/R23_J9_M_SP3_COMPLETE_XM73P2_Z44P5.step,,work/r23-power-integration/harness/power_fixed/j9_distribution_v1/STL_装配坐标_毫米/R23_J9_M_SP3_COMPLETE_XM73P2_Z44P5.stl,ef74c618ae4b2417ef51e613debdedbe2834c055a7819d012db8174f492af5af,,Installed minimum connector depth d=0 drawn. See endpoint interval and fixture procedure; raw cut includes d0..6 and node insertion.
R23_J9_M_SP4_COMPLETE_XM73P2_Z44P5,trunk_base,wire_route,"TE55A0111-16, tinned copper/ETFE; actual conductor max1.397, jacket max1.778",True,按本件源CAD与材料/工艺合同评审,work/r23-power-integration/harness/power_fixed/j9_distribution_v1/manifest.json,work/r23-power-integration/harness/power_fixed/j9_distribution_v1/STEP_毫米/R23_J9_M_SP4_COMPLETE_XM73P2_Z44P5.step,,work/r23-power-integration/harness/power_fixed/j9_distribution_v1/STL_装配坐标_毫米/R23_J9_M_SP4_COMPLETE_XM73P2_Z44P5.stl,8fadf73b02e81d6b9779c9182ab182f4710a98263cd779900e3e45865e54558d,,Installed minimum connector depth d=0 drawn. See endpoint interval and fixture procedure; raw cut includes d0..6 and node insertion.
R23_J9_F_POS_CAPTIVE_PEEK_INSULATOR,trunk_base,沿用部件,Unfilled PEEK; engineering density1.30g/cm3,True,按本件源CAD与材料/工艺合同评审,work/r23-power-integration/harness/power_fixed/j9_distribution_v1/manifest.json,work/r23-power-integration/harness/power_fixed/j9_distribution_v1/STEP_毫米/R23_J9_F_POS_CAPTIVE_PEEK_INSULATOR.step,,work/r23-power-integration/harness/power_fixed/j9_distribution_v1/STL_装配坐标_毫米/R23_J9_F_POS_CAPTIVE_PEEK_INSULATOR.stl,4a734292fbb50f455509bc082704feedbcee54abce0c5685a5a575a61d4d4e35,,"Machined primary sleeve: OD2.37±.03, ID2.10±.02, L8.00±.05, upper flange OD2.60max×.40. Drawing uses maximum OD/minimum wall. Final soldered cup OD must gauge≤2.00; manufacturer cup dimension is not assumed. Lower shoulder abuts actual connector plastic; upper flange retained by RNF shrink neck. Axial pull and insulation acceptance required."
R23_J9_F_POS_RNF100_CAPTURE_SLEEVE,trunk_base,沿用部件,"TE RNF-100-1/8-2 red polyolefin, procurement wall≤.65mm; density upper bound1.40g/cm3",True,按本件源CAD与材料/工艺合同评审,work/r23-power-integration/harness/power_fixed/j9_distribution_v1/manifest.json,work/r23-power-integration/harness/power_fixed/j9_distribution_v1/STEP_毫米/R23_J9_F_POS_RNF100_CAPTURE_SLEEVE.step,,work/r23-power-integration/harness/power_fixed/j9_distribution_v1/STL_装配坐标_毫米/R23_J9_F_POS_RNF100_CAPTURE_SLEEVE.stl,68654c2153b3f6662daf757e9a9d37197549d0db164239ad674bee38e9f20ca3,,"Installed arclength10mm from 5 to15 mm beyond bare-cup tip; pre-cut12mm allowing axial recovery/trim. 3.2mm expanded min passes2.6mm flange, recovered1.6mm max grips wire and prevents flange escape. Max-wall geometry bounds material; actual part mass must be weighed. Recover on bench with connector plastic shield and measured temperature; recovery121°C minimum, no unqualified heating of assembled battery. Exact stock suffix and lot wall tolerances checked at purchasing."
R23_battery_front_silicone_edge_1_J9_local_relief,trunk_base,沿用部件,"Original silicone, engineering density1.15g/cm3",True,按本件源CAD与材料/工艺合同评审,work/r23-power-integration/harness/power_fixed/j9_distribution_v1/manifest.json,,work/r23-power-integration/harness/power_fixed/j9_distribution_v1/PLY_装配坐标_毫米/R23_battery_front_silicone_edge_1_J9_local_relief.ply,work/r23-power-integration/harness/power_fixed/j9_distribution_v1/PLY_装配坐标_毫米/R23_battery_front_silicone_edge_1_J9_local_relief.ply,d584e11398b5724f91d86a8e0da5a3f4a83e886ce7d71abe59dc1af0cd7938bf,,Local rounded subtractive relief only; original carrier untouched. F band locally interrupted and replaced by captured PEEK+RNF insulation; GND carrier-overlap embedded band remains intact.
R23_battery_front_silicone_edge_2_J9_local_relief,trunk_base,沿用部件,"Original silicone, engineering density1.15g/cm3",True,按本件源CAD与材料/工艺合同评审,work/r23-power-integration/harness/power_fixed/j9_distribution_v1/manifest.json,,work/r23-power-integration/harness/power_fixed/j9_distribution_v1/PLY_装配坐标_毫米/R23_battery_front_silicone_edge_2_J9_local_relief.ply,work/r23-power-integration/harness/power_fixed/j9_distribution_v1/PLY_装配坐标_毫米/R23_battery_front_silicone_edge_2_J9_local_relief.ply,a20f0eef87fa284dc98a631b153aa4430fe858488cba17bac8f2e2734f5bd61d,,Local lip subtraction for actual GND R12 route; original carrier/embedded band preserved.
R23_SP3_INTERNAL_ETFE_PORT_2,trunk_base,wire_insulation,Existing TE55A0111-16 ETFE OD1.778max,True,按本件源CAD与材料/工艺合同评审,work/r23-power-integration/harness/sp_nodes/manifest.json,work/r23-power-integration/harness/sp_nodes/STEP_毫米/R23_SP3_INTERNAL_ETFE_PORT_2.step,,work/r23-power-integration/harness/sp_nodes/STL_装配坐标_毫米/R23_SP3_INTERNAL_ETFE_PORT_2.stl,e18a2b04d4c589b5003998eb8f10bc23f562436381c6f70a61d28893cd486f1d,,4mm original insulation engagement; counted in route wire mass.
R23_SP3_INTERNAL_ETFE_PORT_3,trunk_base,wire_insulation,Existing TE55A0111-16 ETFE OD1.778max,True,按本件源CAD与材料/工艺合同评审,work/r23-power-integration/harness/sp_nodes/manifest.json,work/r23-power-integration/harness/sp_nodes/STEP_毫米/R23_SP3_INTERNAL_ETFE_PORT_3.step,,work/r23-power-integration/harness/sp_nodes/STL_装配坐标_毫米/R23_SP3_INTERNAL_ETFE_PORT_3.stl,0e02e35ca4c9bef71edb245cd70200ba2949707e39ae473d916dc0f236b3d8bc,,4mm original insulation engagement; counted in route wire mass.
R23_SP3_INTERNAL_ETFE_PORT_4,trunk_base,wire_insulation,Existing TE55A0111-16 ETFE OD1.778max,True,按本件源CAD与材料/工艺合同评审,work/r23-power-integration/harness/sp_nodes/manifest.json,work/r23-power-integration/harness/sp_nodes/STEP_毫米/R23_SP3_INTERNAL_ETFE_PORT_4.step,,work/r23-power-integration/harness/sp_nodes/STL_装配坐标_毫米/R23_SP3_INTERNAL_ETFE_PORT_4.stl,e094a81ca2bbe85ad4f9883c2b8d01f2e0a777c4e7f647d5fd6b189f09b67766,,4mm original insulation engagement; counted in route wire mass.
R23_SP3_INTERNAL_ETFE_PORT_1,trunk_base,wire_insulation,Existing TE55A0111-16 ETFE OD1.778max,True,按本件源CAD与材料/工艺合同评审,work/r23-power-integration/harness/sp_nodes/manifest.json,work/r23-power-integration/harness/sp_nodes/STEP_毫米/R23_SP3_INTERNAL_ETFE_PORT_1.step,,work/r23-power-integration/harness/sp_nodes/STL_装配坐标_毫米/R23_SP3_INTERNAL_ETFE_PORT_1.stl,a44b5810f7b2b70ccb39ad5bf1ebb660dc110667153f0c845feece9b08c8a264,,4mm original insulation engagement; counted in route wire mass.
R23_SP3_INTERNAL_COPPER_WELD_PROCESS,trunk_base,conductor_process,Existing TE55A0111-16 tinned copper strands; engineering maximum outside envelope,True,按本件源CAD与材料/工艺合同评审,work/r23-power-integration/harness/sp_nodes/manifest.json,work/r23-power-integration/harness/sp_nodes/STEP_毫米/R23_SP3_INTERNAL_COPPER_WELD_PROCESS.step,,work/r23-power-integration/harness/sp_nodes/STL_装配坐标_毫米/R23_SP3_INTERNAL_COPPER_WELD_PROCESS.stl,245872a597500624aa75b024a06d0663948674bd5b1871689b6e37c53ee2943b,,"Four same-net tails, fixed R2 formed bare region, ultrasonic6mm packet gauge3.4×2.1; nominal strands within packet are not individual solid copper rods."
R23_SP3_RTV615_POTTED_BLOCK,trunk_base,沿用部件,Momentive INVISISIL RTV615 matched A/B kit10:1 by weight,True,按本件源CAD与材料/工艺合同评审,work/r23-power-integration/harness/sp_nodes/manifest.json,,work/r23-power-integration/harness/sp_nodes/PLY_装配坐标_毫米/R23_SP3_RTV615_POTTED_BLOCK.ply,work/r23-power-integration/harness/sp_nodes/PLY_装配坐标_毫米/R23_SP3_RTV615_POTTED_BLOCK.ply,b873fcf53f44ca21c5b8387e65e812c256a27cd4c0e139ffd65c6e79968e0ffb,,Actual molded encapsulant replaces the old empty process allowance. Outer geometry matches source case; four jacket ports/metal removed from polymer volume. Original saddle/lacing remain mechanically retaining this block. Require per-wire20N axial pull before installation; no demonstrated qualification claimed.
R23_SP4_INTERNAL_ETFE_PORT_2,trunk_base,wire_insulation,Existing TE55A0111-16 ETFE OD1.778max,True,按本件源CAD与材料/工艺合同评审,work/r23-power-integration/harness/sp_nodes/manifest.json,work/r23-power-integration/harness/sp_nodes/STEP_毫米/R23_SP4_INTERNAL_ETFE_PORT_2.step,,work/r23-power-integration/harness/sp_nodes/STL_装配坐标_毫米/R23_SP4_INTERNAL_ETFE_PORT_2.stl,f5f60abdf94286589189e3aefd55e401f4d3cf5bf2d535159db144d1d01d43fb,,4mm original insulation engagement; counted in route wire mass.
R23_SP4_INTERNAL_ETFE_PORT_3,trunk_base,wire_insulation,Existing TE55A0111-16 ETFE OD1.778max,True,按本件源CAD与材料/工艺合同评审,work/r23-power-integration/harness/sp_nodes/manifest.json,work/r23-power-integration/harness/sp_nodes/STEP_毫米/R23_SP4_INTERNAL_ETFE_PORT_3.step,,work/r23-power-integration/harness/sp_nodes/STL_装配坐标_毫米/R23_SP4_INTERNAL_ETFE_PORT_3.stl,5e1282b26956ac49b9a45f2e339a270245f1a36d22d0548d62625ac5b6b33ad4,,4mm original insulation engagement; counted in route wire mass.
R23_SP4_INTERNAL_ETFE_PORT_4,trunk_base,wire_insulation,Existing TE55A0111-16 ETFE OD1.778max,True,按本件源CAD与材料/工艺合同评审,work/r23-power-integration/harness/sp_nodes/manifest.json,work/r23-power-integration/harness/sp_nodes/STEP_毫米/R23_SP4_INTERNAL_ETFE_PORT_4.step,,work/r23-power-integration/harness/sp_nodes/STL_装配坐标_毫米/R23_SP4_INTERNAL_ETFE_PORT_4.stl,fb5c02c2830ff263f0aa0b81ddd0971c228dd1400da8435080b05fe804a79504,,4mm original insulation engagement; counted in route wire mass.
R23_SP4_INTERNAL_ETFE_PORT_1,trunk_base,wire_insulation,Existing TE55A0111-16 ETFE OD1.778max,True,按本件源CAD与材料/工艺合同评审,work/r23-power-integration/harness/sp_nodes/manifest.json,work/r23-power-integration/harness/sp_nodes/STEP_毫米/R23_SP4_INTERNAL_ETFE_PORT_1.step,,work/r23-power-integration/harness/sp_nodes/STL_装配坐标_毫米/R23_SP4_INTERNAL_ETFE_PORT_1.stl,32735d8ceb65cfb25bf712b1ad5465a90c36cee2d9aa6528c4f3a188c73b929e,,4mm original insulation engagement; counted in route wire mass.
R23_SP4_INTERNAL_COPPER_WELD_PROCESS,trunk_base,conductor_process,Existing TE55A0111-16 tinned copper strands; engineering maximum outside envelope,True,按本件源CAD与材料/工艺合同评审,work/r23-power-integration/harness/sp_nodes/manifest.json,work/r23-power-integration/harness/sp_nodes/STEP_毫米/R23_SP4_INTERNAL_COPPER_WELD_PROCESS.step,,work/r23-power-integration/harness/sp_nodes/STL_装配坐标_毫米/R23_SP4_INTERNAL_COPPER_WELD_PROCESS.stl,2eff7e8330e43c595c7b0efba87c2e13cfaa800ac5a54417044a9519bd20607d,,"Four same-net tails, fixed R2 formed bare region, ultrasonic6mm packet gauge3.4×2.1; nominal strands within packet are not individual solid copper rods."
R23_SP4_RTV615_POTTED_BLOCK,trunk_base,沿用部件,Momentive INVISISIL RTV615 matched A/B kit10:1 by weight,True,按本件源CAD与材料/工艺合同评审,work/r23-power-integration/harness/sp_nodes/manifest.json,,work/r23-power-integration/harness/sp_nodes/PLY_装配坐标_毫米/R23_SP4_RTV615_POTTED_BLOCK.ply,work/r23-power-integration/harness/sp_nodes/PLY_装配坐标_毫米/R23_SP4_RTV615_POTTED_BLOCK.ply,cc7516c080d96582b6262b8676a11cb08dfcd3b140d1531b2abac2b3d9872330,,Actual molded encapsulant replaces the old empty process allowance. Outer geometry matches source case; four jacket ports/metal removed from polymer volume. Original saddle/lacing remain mechanically retaining this block. Require per-wire20N axial pull before installation; no demonstrated qualification claimed.
R23_POWER_W2_BACK_TO_LOWER_P4_COMPLETE,trunk_base,沿用部件,TE55A0111-16 tinned Cu/ETFE max1.397/1.778mm,True,按本件源CAD与材料/工艺合同评审,work/r23-power-integration/harness/power_fixed/main_inputs_v2/manifest.json,work/r23-power-integration/harness/power_fixed/main_inputs_v2/STEP_毫米/R23_POWER_W2_BACK_TO_LOWER_P4_COMPLETE.step,,work/r23-power-integration/harness/power_fixed/main_inputs_v2/STL_装配坐标_毫米/R23_POWER_W2_BACK_TO_LOWER_P4_COMPLETE.stl,7ff8652cdb77fae4f13241ac107e7adcbea215b51b702b2483675c54df924196,,"Complete installed fixed branch; bare terminations are static manufactured regions, not flexibleR2wire."
R23_S1_TO_LOWER_P3_COMPLETE,trunk_base,沿用部件,TE55A0111-16 tinned Cu/ETFE max1.397/1.778mm,True,按本件源CAD与材料/工艺合同评审,work/r23-power-integration/harness/power_fixed/main_inputs_v2/manifest.json,work/r23-power-integration/harness/power_fixed/main_inputs_v2/STEP_毫米/R23_S1_TO_LOWER_P3_COMPLETE.step,,work/r23-power-integration/harness/power_fixed/main_inputs_v2/STL_装配坐标_毫米/R23_S1_TO_LOWER_P3_COMPLETE.stl,14e3ff88b6848caf1bb1196f1c13d958a26aaa438aa40234351cd623718efba2,,"Complete installed fixed branch; bare terminations are static manufactured regions, not flexibleR2wire."
R23_POWER_BACK_W1_VMQ,trunk_base,沿用部件,"VMQ liner, installed envelope; engineeringdensity1.15",True,按本件源CAD与材料/工艺合同评审,work/r23-power-integration/harness/power_fixed/backside_clamp_v4/manifest.json,work/r23-power-integration/harness/power_fixed/backside_clamp_v4/STEP_毫米/R23_POWER_BACK_W1_VMQ.step,,work/r23-power-integration/harness/power_fixed/backside_clamp_v4/STL_装配坐标_毫米/R23_POWER_BACK_W1_VMQ.stl,2cef6204b47ddd8e4b44082b3a48364360a968007d0510f52b388301ccbb3a92,,"Shown maxOD1.778 fitted liner, rawthickness.26375→.211 compressed20%; lotOD based shims and5N per-line axial restraint acceptance required."
R23_POWER_BACK_W2_VMQ,trunk_base,沿用部件,"VMQ liner, installed envelope; engineeringdensity1.15",True,按本件源CAD与材料/工艺合同评审,work/r23-power-integration/harness/power_fixed/backside_clamp_v4/manifest.json,work/r23-power-integration/harness/power_fixed/backside_clamp_v4/STEP_毫米/R23_POWER_BACK_W2_VMQ.step,,work/r23-power-integration/harness/power_fixed/backside_clamp_v4/STL_装配坐标_毫米/R23_POWER_BACK_W2_VMQ.stl,f86585727f812a23b2481cd0968a98852877a34860340cc37127d6151dfb24a7,,"Shown restoredsleeveOD3.078max; maxODrawliner.32625→.261 at20% compression. Measure actual recoveredOD, adjust shim; no minimum recoveredOD is invented."
R23_POWER_BACK_W1_PTFE_LACING,trunk_base,沿用部件,"PTFE flat lacing, engineeringdensity2.2",True,按本件源CAD与材料/工艺合同评审,work/r23-power-integration/harness/power_fixed/backside_clamp_v4/manifest.json,work/r23-power-integration/harness/power_fixed/backside_clamp_v4/STEP_毫米/R23_POWER_BACK_W1_PTFE_LACING.step,,work/r23-power-integration/harness/power_fixed/backside_clamp_v4/STL_装配坐标_毫米/R23_POWER_BACK_W1_PTFE_LACING.stl,67e458d3c1b4f4aed3a31da27c47fb43c2f624fcda62efc228dcd7b949d3d50b,,"Actual flat band0.20thick×1.8288wide; install independently after shim selection, lock stitch per process. Geometry is maximum tied envelope, not an extra rigid clamp."
R23_POWER_BACK_W1_LACING_KNOT,trunk_base,沿用部件,PTFE knot process maximum; engineeringdensity2.2,True,按本件源CAD与材料/工艺合同评审,work/r23-power-integration/harness/power_fixed/backside_clamp_v4/manifest.json,work/r23-power-integration/harness/power_fixed/backside_clamp_v4/STEP_毫米/R23_POWER_BACK_W1_LACING_KNOT.step,,work/r23-power-integration/harness/power_fixed/backside_clamp_v4/STL_装配坐标_毫米/R23_POWER_BACK_W1_LACING_KNOT.stl,98dcb533b167c69c63349ee06f88845bf8b3c16ea1181929846e44645ee90294,,"Tied knot envelope; weigh actual band+tail after trim, do not claim solidbox is exact mass."
R23_POWER_BACK_W2_PTFE_LACING,trunk_base,沿用部件,"PTFE flat lacing, engineeringdensity2.2",True,按本件源CAD与材料/工艺合同评审,work/r23-power-integration/harness/power_fixed/backside_clamp_v4/manifest.json,work/r23-power-integration/harness/power_fixed/backside_clamp_v4/STEP_毫米/R23_POWER_BACK_W2_PTFE_LACING.step,,work/r23-power-integration/harness/power_fixed/backside_clamp_v4/STL_装配坐标_毫米/R23_POWER_BACK_W2_PTFE_LACING.stl,6316c9d60a2403956824076c5378c214879ea08e391658016d34e224c359b684,,6mm independent support within7mm restoredjacket overlap; band atcenter has no contact with bare-copper bend.
R23_POWER_BACK_W2_LACING_KNOT,trunk_base,沿用部件,PTFE knot process maximum; engineeringdensity2.2,True,按本件源CAD与材料/工艺合同评审,work/r23-power-integration/harness/power_fixed/backside_clamp_v4/manifest.json,work/r23-power-integration/harness/power_fixed/backside_clamp_v4/STEP_毫米/R23_POWER_BACK_W2_LACING_KNOT.step,,work/r23-power-integration/harness/power_fixed/backside_clamp_v4/STL_装配坐标_毫米/R23_POWER_BACK_W2_LACING_KNOT.stl,671a735351ba4028a99fdbc56b22f70f6f791e1e1f08ffc772c89384ec7e8628,,Knot behind wire towardnative−Z; actualtailtrim/mass weighing required.
R23_REGEN_top_edge_PEEK_support,trunk_base,manufacturing_candidate,Victrex450G unfilled PEEK CNC,True,按本件源CAD与材料/工艺合同评审,work/r23-power-integration/harness/rh_complete/manifest.json,work/r23-power-integration/harness/rh_complete/support/STEP_毫米/R23_REGEN_top_edge_PEEK_support.step,,work/r23-power-integration/harness/rh_complete/support/STL_装配坐标_毫米/R23_REGEN_top_edge_PEEK_support.stl,47e7503a6ae403e54b8199c56ba57fc8c3791cae4021357d6aed69825ee86261,work/r23-power-integration/harness/rh_complete/R23_RH两线_制造尺寸与装配.pdf,"One connected new holder at original REGEN side two M2 mount axes. Native postX56..59,Z12.5..16.5 avoids H2 ear and chest shell. Both true saddle grooves R1.0 alongZ, bearing6mm Z4..10; retained copper exits unchanged, first straight extended8→9mm so frontjoint endsZ3.6 leaving0.4mm before saddle. Two original M2x5 reused; main bracket/PCB unchanged."
R23_W103_top_VMQ_liner,trunk_base,manufacturing_candidate,VMQ50A selected free0.15 nominal / installed0.111mm,True,按本件源CAD与材料/工艺合同评审,work/r23-power-integration/harness/rh_complete/manifest.json,work/r23-power-integration/harness/rh_complete/support/STEP_毫米/R23_W103_top_VMQ_liner.step,,work/r23-power-integration/harness/rh_complete/support/STL_装配坐标_毫米/R23_W103_top_VMQ_liner.stl,5f5b82a896950c5418e80881af246d32d5dc1c20bbcfcaa629db78d3be52977c,work/r23-power-integration/harness/rh_complete/R23_RH两线_制造尺寸与装配.pdf,"Installed occupation only. Physical mass from free blank, no disappearance from compression; bulging/open sides measured."
R23_W103_top_PTFE_lacing,trunk_base,lacing_reference,Daburn2049-A PTFE flat braid maxsection.3556x1.8288,True,按本件源CAD与材料/工艺合同评审,work/r23-power-integration/harness/rh_complete/manifest.json,work/r23-power-integration/harness/rh_complete/support/STEP_毫米/R23_W103_top_PTFE_lacing.step,,work/r23-power-integration/harness/rh_complete/support/STL_装配坐标_毫米/R23_W103_top_PTFE_lacing.stl,43eebb407b7fc0a7e301381663f0f209abee1cca4e17992024779eba021d6023,work/r23-power-integration/harness/rh_complete/R23_RH两线_制造尺寸与装配.pdf,Real closed lacing occupation through two side slots and rear slot; actual knot topology not simulated. Physical .06g budget includes knot. Qualify1N pull/high-temperature creep; no assumed friction certificate.
R23_W103_top_PTFE_knot_budget,trunk_base,knot_budget,Tied knot maximum2.6x2.6x2 accepted envelope,True,参考/器件外包络：按原器件BOM采购，不按外形体积制件或计重,work/r23-power-integration/harness/rh_complete/manifest.json,work/r23-power-integration/harness/rh_complete/support/STEP_毫米/R23_W103_top_PTFE_knot_budget.step,,work/r23-power-integration/harness/rh_complete/support/STL_装配坐标_毫米/R23_W103_top_PTFE_knot_budget.stl,cd5b1d24504907fb9b7e037dad02d177f0ce028e780c6747034aa6cc74942729,work/r23-power-integration/harness/rh_complete/R23_RH两线_制造尺寸与装配.pdf,Must tie and trim within this volume; mass included matching braid.
R23_W104_top_VMQ_liner,trunk_base,manufacturing_candidate,VMQ50A selected free0.15 nominal / installed0.111mm,True,按本件源CAD与材料/工艺合同评审,work/r23-power-integration/harness/rh_complete/manifest.json,work/r23-power-integration/harness/rh_complete/support/STEP_毫米/R23_W104_top_VMQ_liner.step,,work/r23-power-integration/harness/rh_complete/support/STL_装配坐标_毫米/R23_W104_top_VMQ_liner.stl,d2fc5276520dce7303418c6c42f4b4b61cad6bfc2b7a9550b0e2dbd7d932772b,work/r23-power-integration/harness/rh_complete/R23_RH两线_制造尺寸与装配.pdf,"Installed occupation only. Physical mass from free blank, no disappearance from compression; bulging/open sides measured."
R23_W104_top_PTFE_lacing,trunk_base,lacing_reference,Daburn2049-A PTFE flat braid maxsection.3556x1.8288,True,按本件源CAD与材料/工艺合同评审,work/r23-power-integration/harness/rh_complete/manifest.json,work/r23-power-integration/harness/rh_complete/support/STEP_毫米/R23_W104_top_PTFE_lacing.step,,work/r23-power-integration/harness/rh_complete/support/STL_装配坐标_毫米/R23_W104_top_PTFE_lacing.stl,59bda14dce18580a58ce654a99214235cda5fbd24147165c56a216896ac4707f,work/r23-power-integration/harness/rh_complete/R23_RH两线_制造尺寸与装配.pdf,Real closed lacing occupation through two side slots and rear slot; actual knot topology not simulated. Physical .06g budget includes knot. Qualify1N pull/high-temperature creep; no assumed friction certificate.
R23_W104_top_PTFE_knot_budget,trunk_base,knot_budget,Tied knot maximum2.6x2.6x2 accepted envelope,True,参考/器件外包络：按原器件BOM采购，不按外形体积制件或计重,work/r23-power-integration/harness/rh_complete/manifest.json,work/r23-power-integration/harness/rh_complete/support/STEP_毫米/R23_W104_top_PTFE_knot_budget.step,,work/r23-power-integration/harness/rh_complete/support/STL_装配坐标_毫米/R23_W104_top_PTFE_knot_budget.stl,337897b47d6c2ce91ca4f6dc86389b3df20869c6d8ec9f12caea99b8317ba36c,work/r23-power-integration/harness/rh_complete/R23_RH两线_制造尺寸与装配.pdf,Must tie and trim within this volume; mass included matching braid.
R23_HARNESS_W103_RH_COMPLETE,trunk_base,wire_route,TE55A0111-16 ETFE+19-strand tinned copper occupied shape,True,按本件源CAD与材料/工艺合同评审,work/r23-power-integration/harness/rh_complete/manifest.json,work/r23-power-integration/harness/rh_complete/wires/STEP_毫米/R23_HARNESS_W103_RH_COMPLETE.step,,work/r23-power-integration/harness/rh_complete/wires/STL_装配坐标_毫米/R23_HARNESS_W103_RH_COMPLETE.stl,09919380870b5a9ef5a8cb644d54637c53bd844eb8445e242cf15d1eb3934bea,work/r23-power-integration/harness/rh_complete/R23_RH两线_制造尺寸与装配.pdf,"Realmax jacketOD1.778, stripped corebundleOD1.397; board backward bare2.8mm/first2.4mm jacket removal; RH last2mm stripped and R1.4 bare return hook beyond eye. Insulated bends all R12; bare-hook forming requires strand/solder qualification. Homogeneous CADdensity not used."
R23_HARNESS_W104_RH_COMPLETE,trunk_base,wire_route,TE55A0111-16 ETFE+19-strand tinned copper occupied shape,True,按本件源CAD与材料/工艺合同评审,work/r23-power-integration/harness/rh_complete/manifest.json,work/r23-power-integration/harness/rh_complete/wires/STEP_毫米/R23_HARNESS_W104_RH_COMPLETE.step,,work/r23-power-integration/harness/rh_complete/wires/STL_装配坐标_毫米/R23_HARNESS_W104_RH_COMPLETE.stl,bc58c1b48b1044c11c9dffd7d823831ad4cf1e73fe096c09bf4633140033a5ca,work/r23-power-integration/harness/rh_complete/R23_RH两线_制造尺寸与装配.pdf,"Realmax jacketOD1.778, stripped corebundleOD1.397; board backward bare2.8mm/first2.4mm jacket removal; RH last2mm stripped and R1.4 bare return hook beyond eye. Insulated bends all R12; bare-hook forming requires strand/solder qualification. Homogeneous CADdensity not used."
R23_W103_RH_edge_rear_PEEK,trunk_base,manufacturing_candidate,Victrex450G PEEK CNC,True,按本件源CAD与材料/工艺合同评审,work/r23-power-integration/harness/rh_complete/manifest.json,work/r23-power-integration/harness/rh_complete/terminal_support/STEP_毫米/R23_W103_RH_edge_rear_PEEK.step,,work/r23-power-integration/harness/rh_complete/terminal_support/STL_装配坐标_毫米/R23_W103_RH_edge_rear_PEEK.stl,c035385b8a7c5d8751f873a051c68fe42174f504ae8841beb5c0ba5e2a0a2b86,work/r23-power-integration/harness/rh_complete/R23_RH两线_制造尺寸与装配.pdf,"C-jaw rear wraps actual3mm thick RH flat inner plate edge without drilling or changing it. Existing plate Y−55..−52. 3.5mm rear thread stock; two M2x8 outside edge,6.5mm nominal engagement through rear/web stock; inspect chips/complete thread. Slot/jaw fit measured. Not attached to resistor tongue."
R23_W103_RH_edge_front_bearing_PEEK,trunk_base,manufacturing_candidate,Victrex450G PEEK CNC,True,按本件源CAD与材料/工艺合同评审,work/r23-power-integration/harness/rh_complete/manifest.json,work/r23-power-integration/harness/rh_complete/terminal_support/STEP_毫米/R23_W103_RH_edge_front_bearing_PEEK.step,,work/r23-power-integration/harness/rh_complete/terminal_support/STL_装配坐标_毫米/R23_W103_RH_edge_front_bearing_PEEK.stl,f8c6f3092f147d92e0d7c89cd02bfe3b72261d5f87ec3259dcc05cecf360ecd9,work/r23-power-integration/harness/rh_complete/R23_RH两线_制造尺寸与装配.pdf,"Removable front jaw plus integral6mm closed bore wire bearing. Thread unhooked wire through preloaded VMQ sleeve before forming eye return. W104 bore follows exact R12 curve, no forced straightening. Front jaw bears only compliant plate pads;10..15N total calibrated clamp force proposed,1N wire pull/hot-creep acceptance mandatory."
R23_W103_RH_edge_rear_VMQ,trunk_base,manufacturing_candidate,VMQ50A free.30/installed.20mm pad,True,按本件源CAD与材料/工艺合同评审,work/r23-power-integration/harness/rh_complete/manifest.json,work/r23-power-integration/harness/rh_complete/terminal_support/STEP_毫米/R23_W103_RH_edge_rear_VMQ.step,,work/r23-power-integration/harness/rh_complete/terminal_support/STL_装配坐标_毫米/R23_W103_RH_edge_rear_VMQ.stl,d78f6d240c1e6b927c9cfc5000b9e6d75fc07103ff0be0f1984537412dd14baf,work/r23-power-integration/harness/rh_complete/R23_RH两线_制造尺寸与装配.pdf,Free-state mass from cut3.5x8x.30 blank; selected actual compression and force tested. Installed occupancy ignores lateral bulge; cannot print it as free shape.
R23_W103_RH_edge_front_VMQ,trunk_base,manufacturing_candidate,VMQ50A free.30/installed.20mm pad,True,按本件源CAD与材料/工艺合同评审,work/r23-power-integration/harness/rh_complete/manifest.json,work/r23-power-integration/harness/rh_complete/terminal_support/STEP_毫米/R23_W103_RH_edge_front_VMQ.step,,work/r23-power-integration/harness/rh_complete/terminal_support/STL_装配坐标_毫米/R23_W103_RH_edge_front_VMQ.stl,b2904c02265aa6863d0adb470647a028cdfa289d0cefce1973655bc51e9f8ce7,work/r23-power-integration/harness/rh_complete/R23_RH两线_制造尺寸与装配.pdf,Free-state mass from cut3.5x8x.30 blank; selected actual compression and force tested. Installed occupancy ignores lateral bulge; cannot print it as free shape.
R23_W103_RH_bearing_VMQ,trunk_base,manufacturing_candidate,VMQ50A free radial.15/installed.111 nominal maxOD,True,按本件源CAD与材料/工艺合同评审,work/r23-power-integration/harness/rh_complete/manifest.json,work/r23-power-integration/harness/rh_complete/terminal_support/STEP_毫米/R23_W103_RH_bearing_VMQ.step,,work/r23-power-integration/harness/rh_complete/terminal_support/STL_装配坐标_毫米/R23_W103_RH_bearing_VMQ.stl,13fb3fbad9d7d82f9d8fcb6217d7fe0ed0988a1d64a74484001411abcb8e777c,work/r23-power-integration/harness/rh_complete/R23_RH两线_制造尺寸与装配.pdf,Curved/st raight6mm full sleeve; nominal ID1.70free fitted to1.778wire. For lower OD select matching free thickness; preserve mass under compression.1N axial pull acceptance; no invented friction coefficient.
R23_W103_RH_edge_M2x8_1,trunk_base,manufacturing_candidate,A2-70 M2x8 DIN912 stock headD3.8H2 AF1.5,True,按本件源CAD与材料/工艺合同评审,work/r23-power-integration/harness/rh_complete/manifest.json,work/r23-power-integration/harness/rh_complete/terminal_support/STEP_毫米/R23_W103_RH_edge_M2x8_1.step,,work/r23-power-integration/harness/rh_complete/terminal_support/STL_装配坐标_毫米/R23_W103_RH_edge_M2x8_1.stl,1b031af526b74014b60f8a6a198c12ae84e66c21f045b65ee6b045c4d6beba74,work/r23-power-integration/harness/rh_complete/R23_RH两线_制造尺寸与装配.pdf,Nominal thread major envelope; actual AF1.5 nominal hex socket depth1.0mm modeled; verify purchased drive with gauge. Outside plate edge axis never drills or loads conductor terminal. Preload10..15N total two screws force-calibrated; physical torque determined from samples.
R23_W103_RH_edge_M2x8_2,trunk_base,manufacturing_candidate,A2-70 M2x8 DIN912 stock headD3.8H2 AF1.5,True,按本件源CAD与材料/工艺合同评审,work/r23-power-integration/harness/rh_complete/manifest.json,work/r23-power-integration/harness/rh_complete/terminal_support/STEP_毫米/R23_W103_RH_edge_M2x8_2.step,,work/r23-power-integration/harness/rh_complete/terminal_support/STL_装配坐标_毫米/R23_W103_RH_edge_M2x8_2.stl,460f78b4d0b21c487be4cb64bf0de5231262d97f3a20cf83a036f6c02605253a,work/r23-power-integration/harness/rh_complete/R23_RH两线_制造尺寸与装配.pdf,Nominal thread major envelope; actual AF1.5 nominal hex socket depth1.0mm modeled; verify purchased drive with gauge. Outside plate edge axis never drills or loads conductor terminal. Preload10..15N total two screws force-calibrated; physical torque determined from samples.
R23_W104_RH_edge_rear_PEEK,trunk_base,manufacturing_candidate,Victrex450G PEEK CNC,True,按本件源CAD与材料/工艺合同评审,work/r23-power-integration/harness/rh_complete/manifest.json,work/r23-power-integration/harness/rh_complete/terminal_support/STEP_毫米/R23_W104_RH_edge_rear_PEEK.step,,work/r23-power-integration/harness/rh_complete/terminal_support/STL_装配坐标_毫米/R23_W104_RH_edge_rear_PEEK.stl,a0f976110d6f4a0f059a1583b5c04802fdb22db79eca509c91fb31eb4c8e2a22,work/r23-power-integration/harness/rh_complete/R23_RH两线_制造尺寸与装配.pdf,"C-jaw rear wraps actual3mm thick RH flat inner plate edge without drilling or changing it. Existing plate Y−55..−52. 3.5mm rear thread stock; two M2x8 outside edge,6.5mm nominal engagement through rear/web stock; inspect chips/complete thread. Slot/jaw fit measured. Not attached to resistor tongue."
R23_W104_RH_edge_front_bearing_PEEK,trunk_base,manufacturing_candidate,Victrex450G bulk PEEK moulded with removable R12 core,True,按本件源CAD与材料/工艺合同评审,work/r23-power-integration/harness/rh_complete/manifest.json,work/r23-power-integration/harness/rh_complete/terminal_support/STEP_毫米/R23_W104_RH_edge_front_bearing_PEEK.step,,work/r23-power-integration/harness/rh_complete/terminal_support/STL_装配坐标_毫米/R23_W104_RH_edge_front_bearing_PEEK.stl,6fa228865dac20fd544dddddc918efba0cd569e021e9eebc078c544f0ca2f723,work/r23-power-integration/harness/rh_complete/R23_RH两线_制造尺寸与装配.pdf,"Removable front jaw plus integral6mm closed bore wire bearing. Thread unhooked wire through preloaded VMQ sleeve before forming eye return. W104 bore follows exact R12 curve, no forced straightening. Front jaw bears only compliant plate pads;10..15N total calibrated clamp force proposed,1N wire pull/hot-creep acceptance mandatory."
R23_W104_RH_edge_rear_VMQ,trunk_base,manufacturing_candidate,VMQ50A free.30/installed.20mm pad,True,按本件源CAD与材料/工艺合同评审,work/r23-power-integration/harness/rh_complete/manifest.json,work/r23-power-integration/harness/rh_complete/terminal_support/STEP_毫米/R23_W104_RH_edge_rear_VMQ.step,,work/r23-power-integration/harness/rh_complete/terminal_support/STL_装配坐标_毫米/R23_W104_RH_edge_rear_VMQ.stl,513a030afc42f84b4faefe6f16547e3dbd889c785d8e970f45ba45686ba06efb,work/r23-power-integration/harness/rh_complete/R23_RH两线_制造尺寸与装配.pdf,Free-state mass from cut3.5x8x.30 blank; selected actual compression and force tested. Installed occupancy ignores lateral bulge; cannot print it as free shape.
R23_W104_RH_edge_front_VMQ,trunk_base,manufacturing_candidate,VMQ50A free.30/installed.20mm pad,True,按本件源CAD与材料/工艺合同评审,work/r23-power-integration/harness/rh_complete/manifest.json,work/r23-power-integration/harness/rh_complete/terminal_support/STEP_毫米/R23_W104_RH_edge_front_VMQ.step,,work/r23-power-integration/harness/rh_complete/terminal_support/STL_装配坐标_毫米/R23_W104_RH_edge_front_VMQ.stl,f33a3b4fde1507dbfbe53052b625aebd8694daa0fe88d270286a1c9cad1558b9,work/r23-power-integration/harness/rh_complete/R23_RH两线_制造尺寸与装配.pdf,Free-state mass from cut3.5x8x.30 blank; selected actual compression and force tested. Installed occupancy ignores lateral bulge; cannot print it as free shape.
R23_W104_RH_bearing_VMQ,trunk_base,manufacturing_candidate,VMQ50A free radial.15/installed.111 nominal maxOD,True,按本件源CAD与材料/工艺合同评审,work/r23-power-integration/harness/rh_complete/manifest.json,work/r23-power-integration/harness/rh_complete/terminal_support/STEP_毫米/R23_W104_RH_bearing_VMQ.step,,work/r23-power-integration/harness/rh_complete/terminal_support/STL_装配坐标_毫米/R23_W104_RH_bearing_VMQ.stl,a70ce23b5de99e2ca6e3ebaea0ddbd9ce1ab1cc962acb326e181a776b2ae087d,work/r23-power-integration/harness/rh_complete/R23_RH两线_制造尺寸与装配.pdf,Curved/st raight6mm full sleeve; nominal ID1.70free fitted to1.778wire. For lower OD select matching free thickness; preserve mass under compression.1N axial pull acceptance; no invented friction coefficient.
R23_W104_RH_edge_M2x8_1,trunk_base,manufacturing_candidate,A2-70 M2x8 DIN912 stock headD3.8H2 AF1.5,True,按本件源CAD与材料/工艺合同评审,work/r23-power-integration/harness/rh_complete/manifest.json,work/r23-power-integration/harness/rh_complete/terminal_support/STEP_毫米/R23_W104_RH_edge_M2x8_1.step,,work/r23-power-integration/harness/rh_complete/terminal_support/STL_装配坐标_毫米/R23_W104_RH_edge_M2x8_1.stl,08877a71ce6df5abbad5ade7937b84f3e3f7cf8ee3c3b0122b9b21f9467b7650,work/r23-power-integration/harness/rh_complete/R23_RH两线_制造尺寸与装配.pdf,Nominal thread major envelope; actual AF1.5 nominal hex socket depth1.0mm modeled; verify purchased drive with gauge. Outside plate edge axis never drills or loads conductor terminal. Preload10..15N total two screws force-calibrated; physical torque determined from samples.
R23_W104_RH_edge_M2x8_2,trunk_base,manufacturing_candidate,A2-70 M2x8 DIN912 stock headD3.8H2 AF1.5,True,按本件源CAD与材料/工艺合同评审,work/r23-power-integration/harness/rh_complete/manifest.json,work/r23-power-integration/harness/rh_complete/terminal_support/STEP_毫米/R23_W104_RH_edge_M2x8_2.step,,work/r23-power-integration/harness/rh_complete/terminal_support/STL_装配坐标_毫米/R23_W104_RH_edge_M2x8_2.stl,626d05816de5b5738cc09b34ea69f5348beeed9f56a79f0f3b7f95fe45798125,work/r23-power-integration/harness/rh_complete/R23_RH两线_制造尺寸与装配.pdf,Nominal thread major envelope; actual AF1.5 nominal hex socket depth1.0mm modeled; verify purchased drive with gauge. Outside plate edge axis never drills or loads conductor terminal. Preload10..15N total two screws force-calibrated; physical torque determined from samples.
R23_W103_RH_eye_solder_fillet,trunk_base,manufacturing_candidate,"Qualified electronics solder, applied fillet allowance",True,按本件源CAD与材料/工艺合同评审,work/r23-power-integration/harness/rh_complete/manifest.json,work/r23-power-integration/harness/rh_complete/terminations/STEP_毫米/R23_W103_RH_eye_solder_fillet.step,,work/r23-power-integration/harness/rh_complete/terminations/STL_装配坐标_毫米/R23_W103_RH_eye_solder_fillet.stl,132f812c72ffd5c4cf876acea7fa943dba172efb378ed96b779179b2103af726,work/r23-power-integration/harness/rh_complete/R23_RH两线_制造尺寸与装配.pdf,"Bore fills annulus around1.397mm copper bundle inside2.16mm actual RH eye; two free-surface fillets sit above/below actual terminal. Alloy/process must match qualified electronics production;7.4density only mass estimate, weigh or bound below. Hook retains conductor before solder, independent holder carries external pull."
R23_W103_RH_terminal_VMQ_boot,trunk_base,manufacturing_candidate,"Custom moulded electrical VMQ50A,150C continuous grade required",True,按本件源CAD与材料/工艺合同评审,work/r23-power-integration/harness/rh_complete/manifest.json,work/r23-power-integration/harness/rh_complete/terminations/STEP_毫米/R23_W103_RH_terminal_VMQ_boot.step,,work/r23-power-integration/harness/rh_complete/terminations/STL_装配坐标_毫米/R23_W103_RH_terminal_VMQ_boot.stl,031d3f25918057ec32b5632561311802ece24b4519be420f8ea8b40244d03c89,work/r23-power-integration/harness/rh_complete/R23_RH两线_制造尺寸与装配.pdf,"Pre-thread free boot on wire before forming bare hook and solder. Slide over formed hook/eye after solder inspection; root-side metal slot and wire bore retain boot around branched terminal. Elastic installation/demoulding force and dielectric/thermal material certificate required. No strain-relief force assigned to boot; separate PEEK bearing carries load. Free and installed nominal shape same, no precompression/mass reduction claimed."
R23_W104_RH_eye_solder_fillet,trunk_base,manufacturing_candidate,"Qualified electronics solder, applied fillet allowance",True,按本件源CAD与材料/工艺合同评审,work/r23-power-integration/harness/rh_complete/manifest.json,work/r23-power-integration/harness/rh_complete/terminations/STEP_毫米/R23_W104_RH_eye_solder_fillet.step,,work/r23-power-integration/harness/rh_complete/terminations/STL_装配坐标_毫米/R23_W104_RH_eye_solder_fillet.stl,d060bf637610a6f0c333312300cbccb56afea65a2ccb25bf4a48b43e1d917bf8,work/r23-power-integration/harness/rh_complete/R23_RH两线_制造尺寸与装配.pdf,"Bore fills annulus around1.397mm copper bundle inside2.16mm actual RH eye; two free-surface fillets sit above/below actual terminal. Alloy/process must match qualified electronics production;7.4density only mass estimate, weigh or bound below. Hook retains conductor before solder, independent holder carries external pull."
R23_W104_RH_terminal_VMQ_boot,trunk_base,manufacturing_candidate,"Custom moulded electrical VMQ50A,150C continuous grade required",True,按本件源CAD与材料/工艺合同评审,work/r23-power-integration/harness/rh_complete/manifest.json,work/r23-power-integration/harness/rh_complete/terminations/STEP_毫米/R23_W104_RH_terminal_VMQ_boot.step,,work/r23-power-integration/harness/rh_complete/terminations/STL_装配坐标_毫米/R23_W104_RH_terminal_VMQ_boot.stl,515ff80fee39df13dd511c33b83d045934301f6e4a62d2f61042c4704146259a,work/r23-power-integration/harness/rh_complete/R23_RH两线_制造尺寸与装配.pdf,"Pre-thread free boot on wire before forming bare hook and solder. Slide over formed hook/eye after solder inspection; root-side metal slot and wire bore retain boot around branched terminal. Elastic installation/demoulding force and dielectric/thermal material certificate required. No strain-relief force assigned to boot; separate PEEK bearing carries load. Free and installed nominal shape same, no precompression/mass reduction claimed."
R23_right_shell_thermal_RH_passages,trunk_base,printed_shell_derivative,EOS PA2200 SLS retained original process,True,按本件源CAD与材料/工艺合同评审,work/r23-power-integration/harness/rh_complete/manifest.json,,work/r23-power-integration/harness/rh_complete/skin_passages/R23_right_shell_thermal_RH_passages.3mf,work/r23-power-integration/harness/rh_complete/skin_passages/R23_right_shell_thermal_RH_passages.ply,43238f08d958ab12532f8c6c6d944df33c7e192817bd73113f580c00e0e98abf,work/r23-power-integration/harness/rh_complete/R23_RH两线_制造尺寸与装配.pdf,
R23_W103_shell_conformal_VMQ_grommet,trunk_base,manufacturing_candidate,"VMQ50A custom moulded abrasion grommet, assumed density1.2",True,按本件源CAD与材料/工艺合同评审,work/r23-power-integration/harness/rh_complete/manifest.json,work/r23-power-integration/harness/rh_complete/skin_passages/STEP_毫米/R23_W103_shell_conformal_VMQ_grommet_faceted_CAD.step,work/r23-power-integration/harness/rh_complete/skin_passages/R23_W103_shell_conformal_VMQ_grommet.3mf,work/r23-power-integration/harness/rh_complete/skin_passages/R23_W103_shell_conformal_VMQ_grommet.ply,4238a59c641d4fbcb42640b68419c59520f0ba343c3b0dbe0a77d05e5a36ccde,work/r23-power-integration/harness/rh_complete/R23_RH两线_制造尺寸与装配.pdf,
R23_W104_shell_conformal_VMQ_grommet,trunk_base,manufacturing_candidate,"VMQ50A custom moulded abrasion grommet, assumed density1.2",True,按本件源CAD与材料/工艺合同评审,work/r23-power-integration/harness/rh_complete/manifest.json,work/r23-power-integration/harness/rh_complete/skin_passages/STEP_毫米/R23_W104_shell_conformal_VMQ_grommet_faceted_CAD.step,work/r23-power-integration/harness/rh_complete/skin_passages/R23_W104_shell_conformal_VMQ_grommet.3mf,work/r23-power-integration/harness/rh_complete/skin_passages/R23_W104_shell_conformal_VMQ_grommet.ply,1700923d3f8f98f41a4449f6efeff31031395b62858ef132658ab94b6fd07bbb,work/r23-power-integration/harness/rh_complete/R23_RH两线_制造尺寸与装配.pdf,
R23_H05_cradle_3_top_washer,jaw_soft,purchase_reference,A2 stainless retained M2.5 washer,True,参考/器件外包络：按原器件BOM采购，不按外形体积制件或计重,work/r23-power-integration/harness/h05_strain_relief/manifest.json,work/r23-power-integration/harness/h05_strain_relief/STEP_毫米/R23_H05_cradle_3_top_washer.step,,work/r23-power-integration/harness/h05_strain_relief/STL_装配坐标_毫米/R23_H05_cradle_3_top_washer.stl,bf9707d01ae81517345e66ee8a1ad0fd4875ea53d86adb69f4a5532a372d6f07,work/r23-power-integration/harness/h05_strain_relief/R23_H05_固定桥制造装配图册.pdf,Original washer moved+Z6mm above added bridge; material counted once.
R23_H05_cradle_3_M2p5x16,jaw_soft,purchase_reference,A2-70 M2.5x16 DIN912 nominal purchased geometry,True,参考/器件外包络：按原器件BOM采购，不按外形体积制件或计重,work/r23-power-integration/harness/h05_strain_relief/manifest.json,work/r23-power-integration/harness/h05_strain_relief/STEP_毫米/R23_H05_cradle_3_M2p5x16.step,,work/r23-power-integration/harness/h05_strain_relief/STL_装配坐标_毫米/R23_H05_cradle_3_M2p5x16.stl,93895669be367e7de1b738a0e465a32b243ae70b7cb88b564a8ab2de2325f7dc,work/r23-power-integration/harness/h05_strain_relief/R23_H05_固定桥制造装配图册.pdf,6mm longer than previous M2.5x10; retains existing lower nut/washer and exact215.5mm tip. Joint preload and aluminum bearing/preload require controlled assembly.
R23_H05_cradle_4_top_washer,jaw_soft,purchase_reference,A2 stainless retained M2.5 washer,True,参考/器件外包络：按原器件BOM采购，不按外形体积制件或计重,work/r23-power-integration/harness/h05_strain_relief/manifest.json,work/r23-power-integration/harness/h05_strain_relief/STEP_毫米/R23_H05_cradle_4_top_washer.step,,work/r23-power-integration/harness/h05_strain_relief/STL_装配坐标_毫米/R23_H05_cradle_4_top_washer.stl,24bd0ee7238a70330a84dcc4d89d7ef296eeedd7ae419f784ac578dba46b0358,work/r23-power-integration/harness/h05_strain_relief/R23_H05_固定桥制造装配图册.pdf,Original washer moved+Z6mm above added bridge; material counted once.
R23_H05_cradle_4_M2p5x16,jaw_soft,purchase_reference,A2-70 M2.5x16 DIN912 nominal purchased geometry,True,参考/器件外包络：按原器件BOM采购，不按外形体积制件或计重,work/r23-power-integration/harness/h05_strain_relief/manifest.json,work/r23-power-integration/harness/h05_strain_relief/STEP_毫米/R23_H05_cradle_4_M2p5x16.step,,work/r23-power-integration/harness/h05_strain_relief/STL_装配坐标_毫米/R23_H05_cradle_4_M2p5x16.stl,bd5dd97fe9da50db8efb68c7dedb9c180f6d17b7a8f48dfec4493ae4e0e87fbe,work/r23-power-integration/harness/h05_strain_relief/R23_H05_固定桥制造装配图册.pdf,6mm longer than previous M2.5x10; retains existing lower nut/washer and exact215.5mm tip. Joint preload and aluminum bearing/preload require controlled assembly.
R23_H05_064_PEEK_film,jaw_soft,manufacturing_candidate,unfilled PEEK450G-series film0.25mm formed,True,按本件源CAD与材料/工艺合同评审,work/r23-power-integration/harness/h05_strain_relief/manifest.json,work/r23-power-integration/harness/h05_strain_relief/STEP_毫米/R23_H05_064_PEEK_film.step,,work/r23-power-integration/harness/h05_strain_relief/STL_装配坐标_毫米/R23_H05_064_PEEK_film.stl,3b4d9c430f7a932009f47f6c5c4430997aaf27935b0730fe8859ebefb7651feb,work/r23-power-integration/harness/h05_strain_relief/R23_H05_固定桥制造装配图册.pdf,6mm x pi*1.375mm x0.25mm free strip; captured between metal groove and VMQ by independent lacing. No adhesive carrying pull load. Retention and edge deburring checked during assembly.
R23_H05_064_VMQ_installed,jaw_soft,compliant_part_design,VMQ50A silicone assumed1.2g/cm3,True,按本件源CAD与材料/工艺合同评审,work/r23-power-integration/harness/h05_strain_relief/manifest.json,work/r23-power-integration/harness/h05_strain_relief/STEP_毫米/R23_H05_064_VMQ_installed.step,,work/r23-power-integration/harness/h05_strain_relief/STL_装配坐标_毫米/R23_H05_064_VMQ_installed.stl,2ce815eabd6a6f6d31d79cd0b4c3ef91c71c5e77bd77cd6d2612304ffe729fed,work/r23-power-integration/harness/h05_strain_relief/R23_H05_固定桥制造装配图册.pdf,"MaximumOD2.2352mm:0.175mm free stock to0.1324mm radial installed gap,24.34% nominal compression. Select actual stock for actualOD2.0828..2.2352 to15..30% compression; bulging/pull qualification pending."
R23_H05_064_PTFE_lacing,jaw_soft,lacing_reference,Daburn2049-A TypeIII PTFE max dimensional envelope,True,参考/器件外包络：按原器件BOM采购，不按外形体积制件或计重,work/r23-power-integration/harness/h05_strain_relief/manifest.json,work/r23-power-integration/harness/h05_strain_relief/STEP_毫米/R23_H05_064_PTFE_lacing.step,,work/r23-power-integration/harness/h05_strain_relief/STL_装配坐标_毫米/R23_H05_064_PTFE_lacing.stl,9e625e26fb8383fd52811b9e2a9c1a48b6af19bcb523dd585fd1baac0730ca5f,work/r23-power-integration/harness/h05_strain_relief/R23_H05_固定桥制造装配图册.pdf,"Maxwidth1.8288/thickness0.3556. Full loop+knot+trimmed tails engineering allowance0.08g, not vendor guarantee. Actual tied geometry/pull retention checked by gauge."
R23_H05_064_knot_budget,jaw_soft,knot_budget,Same lacing knot/tails clearance budget,True,参考/器件外包络：按原器件BOM采购，不按外形体积制件或计重,work/r23-power-integration/harness/h05_strain_relief/manifest.json,work/r23-power-integration/harness/h05_strain_relief/STEP_毫米/R23_H05_064_knot_budget.step,,work/r23-power-integration/harness/h05_strain_relief/STL_装配坐标_毫米/R23_H05_064_knot_budget.stl,c84560215a3cf892204a35ce7052eb59556d9608cd4ea22b4ec99c42f2cf5527,work/r23-power-integration/harness/h05_strain_relief/R23_H05_固定桥制造装配图册.pdf,Not a second manufactured solid;2.6x2.6x2mm maximum tied envelope.
R23_H05_065_PEEK_film,jaw_soft,manufacturing_candidate,unfilled PEEK450G-series film0.25mm formed,True,按本件源CAD与材料/工艺合同评审,work/r23-power-integration/harness/h05_strain_relief/manifest.json,work/r23-power-integration/harness/h05_strain_relief/STEP_毫米/R23_H05_065_PEEK_film.step,,work/r23-power-integration/harness/h05_strain_relief/STL_装配坐标_毫米/R23_H05_065_PEEK_film.stl,f460eb79bc6b1881dd01b1c5b2e03ffbf2c013d46f2979deb8912fa1684191ee,work/r23-power-integration/harness/h05_strain_relief/R23_H05_固定桥制造装配图册.pdf,6mm x pi*1.375mm x0.25mm free strip; captured between metal groove and VMQ by independent lacing. No adhesive carrying pull load. Retention and edge deburring checked during assembly.
R23_H05_065_VMQ_installed,jaw_soft,compliant_part_design,VMQ50A silicone assumed1.2g/cm3,True,按本件源CAD与材料/工艺合同评审,work/r23-power-integration/harness/h05_strain_relief/manifest.json,work/r23-power-integration/harness/h05_strain_relief/STEP_毫米/R23_H05_065_VMQ_installed.step,,work/r23-power-integration/harness/h05_strain_relief/STL_装配坐标_毫米/R23_H05_065_VMQ_installed.stl,98081a41134425ecff590731e985112618fa28ac1390438a675344e6d566e07b,work/r23-power-integration/harness/h05_strain_relief/R23_H05_固定桥制造装配图册.pdf,"MaximumOD2.2352mm:0.175mm free stock to0.1324mm radial installed gap,24.34% nominal compression. Select actual stock for actualOD2.0828..2.2352 to15..30% compression; bulging/pull qualification pending."
R23_H05_065_PTFE_lacing,jaw_soft,lacing_reference,Daburn2049-A TypeIII PTFE max dimensional envelope,True,参考/器件外包络：按原器件BOM采购，不按外形体积制件或计重,work/r23-power-integration/harness/h05_strain_relief/manifest.json,work/r23-power-integration/harness/h05_strain_relief/STEP_毫米/R23_H05_065_PTFE_lacing.step,,work/r23-power-integration/harness/h05_strain_relief/STL_装配坐标_毫米/R23_H05_065_PTFE_lacing.stl,543035907c76ba7d55eb1596320e751a9065e087ae8f93af0bb92f26ac59ee73,work/r23-power-integration/harness/h05_strain_relief/R23_H05_固定桥制造装配图册.pdf,"Maxwidth1.8288/thickness0.3556. Full loop+knot+trimmed tails engineering allowance0.08g, not vendor guarantee. Actual tied geometry/pull retention checked by gauge."
R23_H05_065_knot_budget,jaw_soft,knot_budget,Same lacing knot/tails clearance budget,True,参考/器件外包络：按原器件BOM采购，不按外形体积制件或计重,work/r23-power-integration/harness/h05_strain_relief/manifest.json,work/r23-power-integration/harness/h05_strain_relief/STEP_毫米/R23_H05_065_knot_budget.step,,work/r23-power-integration/harness/h05_strain_relief/STL_装配坐标_毫米/R23_H05_065_knot_budget.stl,7c13984b8c4f0d00c97ff8fea35370892f78da71a2104097f9d98ef481770ce6,work/r23-power-integration/harness/h05_strain_relief/R23_H05_固定桥制造装配图册.pdf,Not a second manufactured solid;2.6x2.6x2mm maximum tied envelope.
R23_HEAD_SERVO_LOWER_P5,trunk_base,沿用部件,TE55A0111-16 AWG16 maxOD1.778,True,按本件源CAD与材料/工艺合同评审,work/r23-power-integration/harness/head_feed_fixed/manifest.json,work/r23-power-integration/harness/head_feed_fixed/lower_selected/STEP_毫米/R23_HEAD_SERVO_LOWER_P5.step,,work/r23-power-integration/harness/head_feed_fixed/lower_selected/STL_装配坐标_毫米/R23_HEAD_SERVO_LOWER_P5.stl,2f10aa791683913eddff1f6e89567cdab0edaa73347c40e7e064519fa1f5c2c7,,"Complete SP moulded case port to lower guidefree face; guide12 included, SP internal copper/jacket separately included once in end-to-end cut table."
R23_HEAD_SERVO_LOWER_P6,trunk_base,沿用部件,TE55A0111-16 AWG16 maxOD1.778,True,按本件源CAD与材料/工艺合同评审,work/r23-power-integration/harness/head_feed_fixed/manifest.json,work/r23-power-integration/harness/head_feed_fixed/lower_selected/STEP_毫米/R23_HEAD_SERVO_LOWER_P6.step,,work/r23-power-integration/harness/head_feed_fixed/lower_selected/STL_装配坐标_毫米/R23_HEAD_SERVO_LOWER_P6.stl,54ab0ddab645a3713f06bebc7606ed5dafa6b620b80b811d0ad1a9e6f1ae9f23,,"Complete SP moulded case port to lower guidefree face; guide12 included, SP internal copper/jacket separately included once in end-to-end cut table."
R23_HEAD_SERVO_UPPER_P5,jaw_soft,沿用部件,TE55A0111-16 AWG16 maxOD1.778,True,按本件源CAD与材料/工艺合同评审,work/r23-power-integration/harness/head_feed_fixed/manifest.json,work/r23-power-integration/harness/head_feed_fixed/upper_selected/STEP_毫米/R23_HEAD_SERVO_UPPER_P5.step,,work/r23-power-integration/harness/head_feed_fixed/upper_selected/STL_装配坐标_毫米/R23_HEAD_SERVO_UPPER_P5.stl,8dcbf9a7f18a09108000299fc90f3f1ce193a4e5b681477a5c7dcbcb74a2b529,,"Full fixed uppertail from preservedB13eightmillimetre jacket handoff to upperfreeexit, guide12included. No oldtail mass repeated."
R23_HEAD_SERVO_UPPER_P6,jaw_soft,沿用部件,TE55A0111-16 AWG16 maxOD1.778,True,按本件源CAD与材料/工艺合同评审,work/r23-power-integration/harness/head_feed_fixed/manifest.json,work/r23-power-integration/harness/head_feed_fixed/upper_selected/STEP_毫米/R23_HEAD_SERVO_UPPER_P6.step,,work/r23-power-integration/harness/head_feed_fixed/upper_selected/STL_装配坐标_毫米/R23_HEAD_SERVO_UPPER_P6.stl,f3ea584b0bbfc645a3ec4b02576ac793179a5ed5eb4df015ecc099d0af440e1d,,"Full fixed uppertail from preservedB13eightmillimetre jacket handoff to upperfreeexit, guide12included. No oldtail mass repeated."
R23_left_shell_thermal_head_power_passages,trunk_base,printed_shell_derivative,EOS PA2200 SLS retained original process,True,按本件源CAD与材料/工艺合同评审,work/r23-power-integration/harness/head_feed_fixed/manifest.json,,work/r23-power-integration/harness/head_feed_fixed/left_ports/R23_left_shell_thermal_head_power_passages.3mf,work/r23-power-integration/harness/head_feed_fixed/left_ports/R23_left_shell_thermal_head_power_passages.ply,8a8bd121383393ac1a0e565047f92933a2b3d8c0541ec9190b73ea0a10837a18,,
R23_P5_headfeed_conformal_VMQ_grommet,trunk_base,manufacturing_candidate,"VMQ50A custom moulded abrasion grommet, density assumption1.2",True,按本件源CAD与材料/工艺合同评审,work/r23-power-integration/harness/head_feed_fixed/manifest.json,,work/r23-power-integration/harness/head_feed_fixed/left_ports/R23_P5_headfeed_conformal_VMQ_grommet.3mf,work/r23-power-integration/harness/head_feed_fixed/left_ports/R23_P5_headfeed_conformal_VMQ_grommet.ply,a94bfb924ed98cf3fb65519bbd5d1cb0544feda71820cc3ebe4797573bf54792,,
R23_P6_headfeed_conformal_VMQ_grommet,trunk_base,manufacturing_candidate,"VMQ50A custom moulded abrasion grommet, density assumption1.2",True,按本件源CAD与材料/工艺合同评审,work/r23-power-integration/harness/head_feed_fixed/manifest.json,,work/r23-power-integration/harness/head_feed_fixed/left_ports/R23_P6_headfeed_conformal_VMQ_grommet.3mf,work/r23-power-integration/harness/head_feed_fixed/left_ports/R23_P6_headfeed_conformal_VMQ_grommet.ply,2733eb159990f2b52b2b1646e43217fc5806a0be09a2df8e8cbe1e297143c3c5,,
R23_FAN_REAR_VMQ_INSTALLED_LOW,trunk_base,installed_seal,"Momentive RTV615 10:1 kit, custom molded;44ShoreA typical sharedTDS",True,按本件源CAD与材料/工艺合同评审,work/r23-power-integration/harness/fan_fixed/assembled/manifest.json,work/r23-power-integration/harness/fan_fixed/duct_seals/STEP_毫米/R23_FAN_REAR_VMQ_INSTALLED_LOW.step,,work/r23-power-integration/harness/fan_fixed/duct_seals/STL_装配坐标_毫米/R23_FAN_REAR_VMQ_INSTALLED_LOW.stl,1905d1f902364401e4de7589e67d5caf7e289781b465e9a6a7c1b57304c39e36,,
R23_FAN_REAR_VMQ_INSTALLED_HIGH,trunk_base,installed_seal,"Momentive RTV615 10:1 kit, custom molded;44ShoreA typical sharedTDS",True,按本件源CAD与材料/工艺合同评审,work/r23-power-integration/harness/fan_fixed/assembled/manifest.json,work/r23-power-integration/harness/fan_fixed/duct_seals/STEP_毫米/R23_FAN_REAR_VMQ_INSTALLED_HIGH.step,,work/r23-power-integration/harness/fan_fixed/duct_seals/STL_装配坐标_毫米/R23_FAN_REAR_VMQ_INSTALLED_HIGH.stl,49de4c72f825d341dc7617bfd3b002913732e62319543de6490595b8e1b57b32,,
R23_FAN_REAR_CAP,trunk_base,installed_retainer,PEEK450G CNC,True,按本件源CAD与材料/工艺合同评审,work/r23-power-integration/harness/fan_fixed/assembled/manifest.json,work/r23-power-integration/harness/fan_fixed/duct_seals/STEP_毫米/R23_FAN_REAR_CAP.step,,work/r23-power-integration/harness/fan_fixed/duct_seals/STL_装配坐标_毫米/R23_FAN_REAR_CAP.stl,4d16a477ea68018631f57b8314c77fbd1e1a82b0e144647e77e721c81be0c615,,
R23_FAN_MID_VMQ_INSTALLED_LOW,trunk_base,installed_seal,"Momentive RTV615 10:1 kit, custom molded;44ShoreA typical sharedTDS",True,按本件源CAD与材料/工艺合同评审,work/r23-power-integration/harness/fan_fixed/assembled/manifest.json,work/r23-power-integration/harness/fan_fixed/duct_seals/STEP_毫米/R23_FAN_MID_VMQ_INSTALLED_LOW.step,,work/r23-power-integration/harness/fan_fixed/duct_seals/STL_装配坐标_毫米/R23_FAN_MID_VMQ_INSTALLED_LOW.stl,09b27f370fbe5aadce5ff9c0191b0f76d03bdf30e343d952227c44307678fdbe,,
R23_FAN_MID_VMQ_INSTALLED_HIGH,trunk_base,installed_seal,"Momentive RTV615 10:1 kit, custom molded;44ShoreA typical sharedTDS",True,按本件源CAD与材料/工艺合同评审,work/r23-power-integration/harness/fan_fixed/assembled/manifest.json,work/r23-power-integration/harness/fan_fixed/duct_seals/STEP_毫米/R23_FAN_MID_VMQ_INSTALLED_HIGH.step,,work/r23-power-integration/harness/fan_fixed/duct_seals/STL_装配坐标_毫米/R23_FAN_MID_VMQ_INSTALLED_HIGH.stl,393b4e318e31484cf69a6bf0df41ed4104d39cf47ecab2623a7984f9e512031f,,
R23_FAN_FRONT_VMQ_INSTALLED_LOW,trunk_base,installed_seal,"Momentive RTV615 10:1 kit, custom molded;44ShoreA typical sharedTDS",True,按本件源CAD与材料/工艺合同评审,work/r23-power-integration/harness/fan_fixed/assembled/manifest.json,work/r23-power-integration/harness/fan_fixed/duct_seals/STEP_毫米/R23_FAN_FRONT_VMQ_INSTALLED_LOW.step,,work/r23-power-integration/harness/fan_fixed/duct_seals/STL_装配坐标_毫米/R23_FAN_FRONT_VMQ_INSTALLED_LOW.stl,5a49bccd1e5a4604a8b87e17206e7644ace3ec8c3958553d2d9d7e3d49a38afa,,
R23_FAN_FRONT_VMQ_INSTALLED_HIGH,trunk_base,installed_seal,"Momentive RTV615 10:1 kit, custom molded;44ShoreA typical sharedTDS",True,按本件源CAD与材料/工艺合同评审,work/r23-power-integration/harness/fan_fixed/assembled/manifest.json,work/r23-power-integration/harness/fan_fixed/duct_seals/STEP_毫米/R23_FAN_FRONT_VMQ_INSTALLED_HIGH.step,,work/r23-power-integration/harness/fan_fixed/duct_seals/STL_装配坐标_毫米/R23_FAN_FRONT_VMQ_INSTALLED_HIGH.stl,282d7e5ed1fe9141667ce8ff014c7d209f40bbbaa47ee1ea0ade78424e5559d3,,
R23_FAN_FRONT_CAP,trunk_base,installed_retainer,PEEK450G CNC,True,按本件源CAD与材料/工艺合同评审,work/r23-power-integration/harness/fan_fixed/assembled/manifest.json,work/r23-power-integration/harness/fan_fixed/duct_seals/STEP_毫米/R23_FAN_FRONT_CAP.step,,work/r23-power-integration/harness/fan_fixed/duct_seals/STL_装配坐标_毫米/R23_FAN_FRONT_CAP.stl,c199e4ed8dc3f7e3ef762cdc8c153f67b30cc42e9e00526eb63041c3bdabec85,,
R23_FU2_CROSSARM_RTV_LINER_LOW,trunk_base,installed_liner,Momentive RTV615 matched kit; installed .20mm liner,True,按本件源CAD与材料/工艺合同评审,work/r23-power-integration/harness/fan_fixed/assembled/manifest.json,work/r23-power-integration/harness/fan_fixed/fuse_holders/STEP_毫米/R23_FU2_CROSSARM_RTV_LINER_LOW.step,,work/r23-power-integration/harness/fan_fixed/fuse_holders/STL_装配坐标_毫米/R23_FU2_CROSSARM_RTV_LINER_LOW.stl,7de41f29e9700dddcc220bc808678be67d45cccd2324bd09c428aac012218742,,
R23_FU2_CROSSARM_RTV_LINER_HIGH,trunk_base,installed_liner,Momentive RTV615 matched kit; installed .20mm liner,True,按本件源CAD与材料/工艺合同评审,work/r23-power-integration/harness/fan_fixed/assembled/manifest.json,work/r23-power-integration/harness/fan_fixed/fuse_holders/STEP_毫米/R23_FU2_CROSSARM_RTV_LINER_HIGH.step,,work/r23-power-integration/harness/fan_fixed/fuse_holders/STL_装配坐标_毫米/R23_FU2_CROSSARM_RTV_LINER_HIGH.stl,bc2ec96ce6f6516b570231786e5fed090e9e9f4531eef1848218defb7a3af722,,
R23_FU2_RTV_BODY_INSULATOR,trunk_base,installed_fuse_insulator,RTV615 molded annular body insulator; vendor epoxybody retained inside,True,按本件源CAD与材料/工艺合同评审,work/r23-power-integration/harness/fan_fixed/assembled/manifest.json,work/r23-power-integration/harness/fan_fixed/fuse_holders/STEP_毫米/R23_FU2_RTV_BODY_INSULATOR.step,,work/r23-power-integration/harness/fan_fixed/fuse_holders/STL_装配坐标_毫米/R23_FU2_RTV_BODY_INSULATOR.stl,402b2da1cbbe02e28922fd3ff259be4a30384dc10e0315ca384d3e0efd42fd8e,,
R23_FU2_CROSSARM_UPPER_HALF,trunk_base,installed_fuse_holder,PEEK450G CNC,True,按本件源CAD与材料/工艺合同评审,work/r23-power-integration/harness/fan_fixed/assembled/manifest.json,work/r23-power-integration/harness/fan_fixed/fuse_holders/STEP_毫米/R23_FU2_CROSSARM_UPPER_HALF.step,,work/r23-power-integration/harness/fan_fixed/fuse_holders/STL_装配坐标_毫米/R23_FU2_CROSSARM_UPPER_HALF.stl,0a85e9ae137c88081fddec401c5ae6cffd7b9df7579222d7a0cbcb383989c44c,,
R23_FU2_REMOVABLE_CUP_HALF,trunk_base,installed_fuse_holder,PEEK450G CNC,True,按本件源CAD与材料/工艺合同评审,work/r23-power-integration/harness/fan_fixed/assembled/manifest.json,work/r23-power-integration/harness/fan_fixed/fuse_holders/STEP_毫米/R23_FU2_REMOVABLE_CUP_HALF.step,,work/r23-power-integration/harness/fan_fixed/fuse_holders/STL_装配坐标_毫米/R23_FU2_REMOVABLE_CUP_HALF.stl,78067fbbbf827e3163c6c5da01081c6141fa9826b7054de7c06f44776f8f7202,,
R23_FU3_RTV_BODY_INSULATOR,trunk_base,installed_fuse_insulator,RTV615 molded annular body insulator; vendor epoxybody retained inside,True,按本件源CAD与材料/工艺合同评审,work/r23-power-integration/harness/fan_fixed/assembled/manifest.json,work/r23-power-integration/harness/fan_fixed/fuse_holders/STEP_毫米/R23_FU3_RTV_BODY_INSULATOR.step,,work/r23-power-integration/harness/fan_fixed/fuse_holders/STL_装配坐标_毫米/R23_FU3_RTV_BODY_INSULATOR.stl,c8d214664f25ce26f7f30298e1205d92516ac461465c055c16f0ea0f5f449de1,,
R23_FU3_2049A_LACING_AND_KNOT_MAX,trunk_base,installed_lacing_acceptance_envelope,Daburn2049-A PTFE flatbraid plus drawingmax installedknot,True,按本件源CAD与材料/工艺合同评审,work/r23-power-integration/harness/fan_fixed/assembled/manifest.json,work/r23-power-integration/harness/fan_fixed/fuse_holders/STEP_毫米/R23_FU3_2049A_LACING_AND_KNOT_MAX.step,,work/r23-power-integration/harness/fan_fixed/fuse_holders/STL_装配坐标_毫米/R23_FU3_2049A_LACING_AND_KNOT_MAX.stl,4441e5ee4ce4c6c396d7cdef10ff7e9fc77f22bf22af5a50a78b06648e30e2e6,,Maxwidth1.8288/maxthickness.3556; replace on fuse service. Tie around0.25deepcircumferentialgroove. Bothcuphalves are axiallycaptured by endshoulders; braidpreload retains split. No adhesive-onlysupport.
R23_FU3_REMOVABLE_CUP_HALF,trunk_base,installed_fuse_holder,PEEK450G CNC,True,按本件源CAD与材料/工艺合同评审,work/r23-power-integration/harness/fan_fixed/assembled/manifest.json,work/r23-power-integration/harness/fan_fixed/fuse_holders/STEP_毫米/R23_FU3_REMOVABLE_CUP_HALF.step,,work/r23-power-integration/harness/fan_fixed/fuse_holders/STL_装配坐标_毫米/R23_FU3_REMOVABLE_CUP_HALF.stl,b9a4e74d43bf4013a44931494ce7cf21c8a5f41cd4425344d55b8cfa65fc9e26,,
R23_FU3_EFAN_002_TE24_PASSAGE_LINER_1,trunk_base,installed_strain_liner,RTV615 molded passage lining,True,按本件源CAD与材料/工艺合同评审,work/r23-power-integration/harness/fan_fixed/assembled/manifest.json,work/r23-power-integration/harness/fan_fixed/strain_refined/STEP_毫米/R23_FU3_EFAN_002_TE24_PASSAGE_LINER_1.step,,work/r23-power-integration/harness/fan_fixed/strain_refined/STL_装配坐标_毫米/R23_FU3_EFAN_002_TE24_PASSAGE_LINER_1.stl,3eadf1ec0f53e198b063dffa9e786853b7cb122f9c20b5e80926980567dd4f6f,,
R23_FU3_EFAN_003_TE24_PASSAGE_LINER_1,trunk_base,installed_strain_liner,RTV615 molded passage lining,True,按本件源CAD与材料/工艺合同评审,work/r23-power-integration/harness/fan_fixed/assembled/manifest.json,work/r23-power-integration/harness/fan_fixed/strain_refined/STEP_毫米/R23_FU3_EFAN_003_TE24_PASSAGE_LINER_1.step,,work/r23-power-integration/harness/fan_fixed/strain_refined/STL_装配坐标_毫米/R23_FU3_EFAN_003_TE24_PASSAGE_LINER_1.stl,254d38d10a95b3dc3e1f98cfa808adb9b8730bb5b9ada5a1a6465a1cbc5c0c92,,
R23_FAN2_duct_front_half_FU3_HOLDER_STRAIN,trunk_base,installed_derived_front_half,"PEEK450G source-derived originalR78 supports preserved, independentFU3 cup andTE24linedpassages",True,按本件源CAD与材料/工艺合同评审,work/r23-power-integration/harness/fan_fixed/assembled/manifest.json,work/r23-power-integration/harness/fan_fixed/strain_refined/STEP_毫米/R23_FAN2_duct_front_half_FU3_HOLDER_STRAIN.step,,work/r23-power-integration/harness/fan_fixed/strain_refined/STL_装配坐标_毫米/R23_FAN2_duct_front_half_FU3_HOLDER_STRAIN.stl,c4094bb4e3773851d6085c68c9c6d569c89c11609295a23814341783d6dca729,,
R23_FU2_2049A_LACING_DOWN_KNOT_MAX,trunk_base,installed_lacing_acceptance_envelope,"Daburn2049-A PTFE braid, trimmed loop and downward local+Y knot envelope",True,按本件源CAD与材料/工艺合同评审,work/r23-power-integration/harness/fan_fixed/assembled/manifest.json,work/r23-power-integration/harness/fan_fixed/clamps_v2/STEP_毫米/R23_FU2_2049A_LACING_DOWN_KNOT_MAX.step,,work/r23-power-integration/harness/fan_fixed/clamps_v2/STL_装配坐标_毫米/R23_FU2_2049A_LACING_DOWN_KNOT_MAX.stl,0ab953c9834c5910f39de01c35638a994e5c967b0dbbcae4becffcd9c604472a,,
R23_FAN_VIN_V2_REMOVABLE_HALF,trunk_base,installed_strain_holder,PEEK450G CNC,True,按本件源CAD与材料/工艺合同评审,work/r23-power-integration/harness/fan_fixed/assembled/manifest.json,work/r23-power-integration/harness/fan_fixed/clamps_v2/STEP_毫米/R23_FAN_VIN_V2_REMOVABLE_HALF.step,,work/r23-power-integration/harness/fan_fixed/clamps_v2/STL_装配坐标_毫米/R23_FAN_VIN_V2_REMOVABLE_HALF.stl,d44769aaf5440727404f071ec903d27e2903e4b616f059baff20f827f77b3071,,
R23_FAN_VIN_V2_RTV_LINER,trunk_base,installed_strain_liner,"RTV615 cast fitted liner .20mm radial, cured installed, no extra free mass",True,按本件源CAD与材料/工艺合同评审,work/r23-power-integration/harness/fan_fixed/assembled/manifest.json,work/r23-power-integration/harness/fan_fixed/clamps_v2/STEP_毫米/R23_FAN_VIN_V2_RTV_LINER.step,,work/r23-power-integration/harness/fan_fixed/clamps_v2/STL_装配坐标_毫米/R23_FAN_VIN_V2_RTV_LINER.stl,9d1c1ba7988bb12fb21345d95a7af93bf754acc2761ee59d2ccdcb31eb45b668,,
R23_FAN_VIN_V2_2049A_LACING_MAX,trunk_base,installed_lacing_acceptance_envelope,"Daburn2049-A PTFE braid, positive circumferential groove and fitted knot envelope",True,按本件源CAD与材料/工艺合同评审,work/r23-power-integration/harness/fan_fixed/assembled/manifest.json,work/r23-power-integration/harness/fan_fixed/clamps_v2/STEP_毫米/R23_FAN_VIN_V2_2049A_LACING_MAX.step,,work/r23-power-integration/harness/fan_fixed/clamps_v2/STL_装配坐标_毫米/R23_FAN_VIN_V2_2049A_LACING_MAX.stl,b1934c89b8e96317110774a607810867e963bf9c4d1540eb448b3393ca6c0bce,,
R23_FAN_GND_V2_REMOVABLE_HALF,trunk_base,installed_strain_holder,PEEK450G CNC,True,按本件源CAD与材料/工艺合同评审,work/r23-power-integration/harness/fan_fixed/assembled/manifest.json,work/r23-power-integration/harness/fan_fixed/clamps_v2/STEP_毫米/R23_FAN_GND_V2_REMOVABLE_HALF.step,,work/r23-power-integration/harness/fan_fixed/clamps_v2/STL_装配坐标_毫米/R23_FAN_GND_V2_REMOVABLE_HALF.stl,fec05c33f95da7990736c4c77b7f953b761f7de78bda12b89dd1335f232ef2f9,,
R23_FAN_GND_V2_RTV_LINER,trunk_base,installed_strain_liner,"RTV615 cast fitted liner .20mm radial, cured installed, no extra free mass",True,按本件源CAD与材料/工艺合同评审,work/r23-power-integration/harness/fan_fixed/assembled/manifest.json,work/r23-power-integration/harness/fan_fixed/clamps_v2/STEP_毫米/R23_FAN_GND_V2_RTV_LINER.step,,work/r23-power-integration/harness/fan_fixed/clamps_v2/STL_装配坐标_毫米/R23_FAN_GND_V2_RTV_LINER.stl,2714e9ea5eb7a0452422e4243fc91131dc228774779f1cb65fe7beac21ba3e46,,
R23_FAN_GND_V2_2049A_LACING_MAX,trunk_base,installed_lacing_acceptance_envelope,"Daburn2049-A PTFE braid, positive circumferential groove and fitted knot envelope",True,按本件源CAD与材料/工艺合同评审,work/r23-power-integration/harness/fan_fixed/assembled/manifest.json,work/r23-power-integration/harness/fan_fixed/clamps_v2/STEP_毫米/R23_FAN_GND_V2_2049A_LACING_MAX.step,,work/r23-power-integration/harness/fan_fixed/clamps_v2/STL_装配坐标_毫米/R23_FAN_GND_V2_2049A_LACING_MAX.stl,e8e0d785b5bbca9922a07bb74728f087e89e77f9b7aa9b3d3e2380efdafd65b0,,
R23_FU2_CROSSARM_FIXED_HALF_WITH_FAN_STRAIN_V2,trunk_base,installed_fuse_and_strain_holder,PEEK450G CNC independent FU2 root and two jacket clamps,True,按本件源CAD与材料/工艺合同评审,work/r23-power-integration/harness/fan_fixed/assembled/manifest.json,work/r23-power-integration/harness/fan_fixed/clamps_v2/STEP_毫米/R23_FU2_CROSSARM_FIXED_HALF_WITH_FAN_STRAIN_V2.step,,work/r23-power-integration/harness/fan_fixed/clamps_v2/STL_装配坐标_毫米/R23_FU2_CROSSARM_FIXED_HALF_WITH_FAN_STRAIN_V2.stl,b19398e7edf0c9e9f34a6dae3eb4325c7c3e9f9849276e2e45fbb8da1a26cfeb,,
R23_FAN_REAR_BOLT_HEX_SOCKET,trunk_base,installed_retainer,"ISO4762 M1.6x4 A2 stainless stock, trim underhead length to2.0mm and deburr/restorethread; headOD3 height1.6, shaft1.6; installednominalthread1.2mm; 1.5AF hex socket corrected from circular budget",True,按本件源CAD与材料/工艺合同评审,work/r23-power-integration/harness/fan_fixed/assembled/manifest.json,work/r23-power-integration/harness/fan_fixed/retainer_access_v2/STEP_毫米/R23_FAN_REAR_BOLT_HEX_SOCKET.step,,work/r23-power-integration/harness/fan_fixed/retainer_access_v2/STL_装配坐标_毫米/R23_FAN_REAR_BOLT_HEX_SOCKET.stl,c60f86fb05bcc2e0e62043014437fff1328ca4b7b34c6c8be85a3d6d3aa59759,,
R23_FAN_FRONT_BOLT_HEX_SOCKET,trunk_base,installed_retainer,"ISO4762 M1.6x4 A2 stainless stock, trim underhead length to2.0mm and deburr/restorethread; headOD3 height1.6, shaft1.6; installednominalthread1.2mm; 1.5AF hex socket corrected from circular budget",True,按本件源CAD与材料/工艺合同评审,work/r23-power-integration/harness/fan_fixed/assembled/manifest.json,work/r23-power-integration/harness/fan_fixed/retainer_access_v2/STEP_毫米/R23_FAN_FRONT_BOLT_HEX_SOCKET.step,,work/r23-power-integration/harness/fan_fixed/retainer_access_v2/STL_装配坐标_毫米/R23_FAN_FRONT_BOLT_HEX_SOCKET.stl,1a0b9318c1f392d8df4ae909f4c1f75435d8d6f950aafcb0546ad23e011bd31b,,
R23_FU2_CROSSARM_BOLT_A_HEX_SOCKET,trunk_base,installed_clamp_bolt,"ISO4762 M1.6x8 A2 stock, trim to6.8mm underhead; matched fixture drilling; 1.5AF hex socket corrected from circular budget",True,按本件源CAD与材料/工艺合同评审,work/r23-power-integration/harness/fan_fixed/assembled/manifest.json,work/r23-power-integration/harness/fan_fixed/retainer_access_v2/STEP_毫米/R23_FU2_CROSSARM_BOLT_A_HEX_SOCKET.step,,work/r23-power-integration/harness/fan_fixed/retainer_access_v2/STL_装配坐标_毫米/R23_FU2_CROSSARM_BOLT_A_HEX_SOCKET.stl,80436468550eda5f2b34fb4286ad69fb0ffd1b9deba88aac85c60f611d8f96e3,,
R23_FU2_CROSSARM_BOLT_B_HEX_SOCKET,trunk_base,installed_clamp_bolt,"ISO4762 M1.6x8 A2 stock, trim to6.8mm underhead; matched fixture drilling; 1.5AF hex socket corrected from circular budget",True,按本件源CAD与材料/工艺合同评审,work/r23-power-integration/harness/fan_fixed/assembled/manifest.json,work/r23-power-integration/harness/fan_fixed/retainer_access_v2/STEP_毫米/R23_FU2_CROSSARM_BOLT_B_HEX_SOCKET.step,,work/r23-power-integration/harness/fan_fixed/retainer_access_v2/STL_装配坐标_毫米/R23_FU2_CROSSARM_BOLT_B_HEX_SOCKET.stl,cf4ee243bb17e754d5f6f1c5d371ed30fc417cf9249bbec5696729333df12c15,,
R23_FAN_MID_KEYED_CAP,trunk_base,installed_retainer,PEEK450G selected cap plus two blind Ø.55 x.45 dowel pockets,True,按本件源CAD与材料/工艺合同评审,work/r23-power-integration/harness/fan_fixed/assembled/manifest.json,work/r23-power-integration/harness/fan_fixed/retainer_micro_head/STEP_毫米/R23_FAN_MID_KEYED_CAP.step,,work/r23-power-integration/harness/fan_fixed/retainer_micro_head/STL_装配坐标_毫米/R23_FAN_MID_KEYED_CAP.stl,5033c4a69b83e31088d61b52245e4da0b0f7a2c239d81329f85feab4e781d1b5,,
R23_FAN_MID_STATIONARY_D_WASHER,trunk_base,installed_retainer,Custom17-4PH washer with integral Ø.5 dowels; incoming yield>=1000MPa required by drawing,True,按本件源CAD与材料/工艺合同评审,work/r23-power-integration/harness/fan_fixed/assembled/manifest.json,work/r23-power-integration/harness/fan_fixed/retainer_micro_head/STEP_毫米/R23_FAN_MID_STATIONARY_D_WASHER.step,,work/r23-power-integration/harness/fan_fixed/retainer_micro_head/STL_装配坐标_毫米/R23_FAN_MID_STATIONARY_D_WASHER.stl,7388ca48248e0d5273ce2756be9bd5ce1697c2324621d14103bca04adeb74bb6,,
R23_FAN_MID_ROTATABLE_MICROHEAD_M1p6,trunk_base,installed_retainer,"Custom17-4PH M1.6 screw, underhead2.5mm, headØ1.8H1.1,hexsocket1.2AFdepth.65; incoming yield>=1000MPa",True,按本件源CAD与材料/工艺合同评审,work/r23-power-integration/harness/fan_fixed/assembled/manifest.json,work/r23-power-integration/harness/fan_fixed/retainer_micro_head/STEP_毫米/R23_FAN_MID_ROTATABLE_MICROHEAD_M1p6.step,,work/r23-power-integration/harness/fan_fixed/retainer_micro_head/STL_装配坐标_毫米/R23_FAN_MID_ROTATABLE_MICROHEAD_M1p6.stl,47ff847f6a0f18a35907ce86a9e1d1263dd48dd76de21a8cec509902d5b4653c,,
EFAN_002_TE24_INSULATED_WIRE,trunk_base,installed_composite_wire,TE 55A0111-24-2,True,按本件源CAD与材料/工艺合同评审,work/r23-power-integration/harness/fan_fixed/assembled/manifest.json,work/r23-power-integration/harness/fan_fixed/wire_terminal_parts/STEP_毫米/EFAN_002_TE24_INSULATED_WIRE.step,,work/r23-power-integration/harness/fan_fixed/wire_terminal_parts/STL_装配坐标_毫米/EFAN_002_TE24_INSULATED_WIRE.stl,3972b4696c03c7a8b09145614ef64b5fbee8176a98b475368e59f8f81e9021f9,,
EFAN_003_TE24_INSULATED_WIRE,trunk_base,installed_composite_wire,TE 55A0111-24-0,True,按本件源CAD与材料/工艺合同评审,work/r23-power-integration/harness/fan_fixed/assembled/manifest.json,work/r23-power-integration/harness/fan_fixed/wire_terminal_parts/STEP_毫米/EFAN_003_TE24_INSULATED_WIRE.step,,work/r23-power-integration/harness/fan_fixed/wire_terminal_parts/STL_装配坐标_毫米/EFAN_003_TE24_INSULATED_WIRE.stl,03d9fbb4a9d11711de5b1977442995a84055ef687e920762caec6f78585b1039,,
EFAN_005_FAN_RED_INSULATED_WIRE,trunk_base,installed_composite_wire,"SUNON factory AWG28 jacket, maximum OD 1.2 mm",True,按本件源CAD与材料/工艺合同评审,work/r23-power-integration/harness/fan_fixed/assembled/manifest.json,work/r23-power-integration/harness/fan_fixed/wire_terminal_parts/STEP_毫米/EFAN_005_FAN_RED_INSULATED_WIRE.step,,work/r23-power-integration/harness/fan_fixed/wire_terminal_parts/STL_装配坐标_毫米/EFAN_005_FAN_RED_INSULATED_WIRE.stl,6cfae6cc93c8c9e978d461a671dc52d4350c5ad89350e64570a5b2cc868840b5,,
EFAN_006_FAN_BLACK_INSULATED_WIRE,trunk_base,installed_composite_wire,"SUNON factory AWG28 jacket, maximum OD 1.2 mm",True,按本件源CAD与材料/工艺合同评审,work/r23-power-integration/harness/fan_fixed/assembled/manifest.json,work/r23-power-integration/harness/fan_fixed/wire_terminal_parts/STEP_毫米/EFAN_006_FAN_BLACK_INSULATED_WIRE.step,,work/r23-power-integration/harness/fan_fixed/wire_terminal_parts/STL_装配坐标_毫米/EFAN_006_FAN_BLACK_INSULATED_WIRE.stl,116cdb2aa9235a26b870cbda2011195af7eccbbf17d7cfbe038b874b75aba748,,
EFAN_001_FU2_INPUT_BARE_BUNDLE,trunk_base,conductor_bundle_envelope,maximum intact copper bundle occupation; conductor mass belongs to complete purchased wire/fuse,True,按本件源CAD与材料/工艺合同评审,work/r23-power-integration/harness/fan_fixed/assembled/manifest.json,work/r23-power-integration/harness/fan_fixed/wire_terminal_parts/STEP_毫米/EFAN_001_FU2_INPUT_BARE_BUNDLE.step,,work/r23-power-integration/harness/fan_fixed/wire_terminal_parts/STL_装配坐标_毫米/EFAN_001_FU2_INPUT_BARE_BUNDLE.stl,f73fa3167c4da4cdb770c7e4eb6502a2ff0dee45be2eae33c1d62d577f4fcb3e,,
EFAN_002_FU2_OUTPUT_LEAD_BARE_BUNDLE,trunk_base,conductor_bundle_envelope,maximum intact copper bundle occupation; conductor mass belongs to complete purchased wire/fuse,True,按本件源CAD与材料/工艺合同评审,work/r23-power-integration/harness/fan_fixed/assembled/manifest.json,work/r23-power-integration/harness/fan_fixed/wire_terminal_parts/STEP_毫米/EFAN_002_FU2_OUTPUT_LEAD_BARE_BUNDLE.step,,work/r23-power-integration/harness/fan_fixed/wire_terminal_parts/STL_装配坐标_毫米/EFAN_002_FU2_OUTPUT_LEAD_BARE_BUNDLE.stl,5fa20b937009272d5e90d218d9845dcc0773f259fe2eb25944389f842d25c6fd,,
EFAN_002_TE24_SPLICE_COPPER_BARE_BUNDLE,trunk_base,conductor_bundle_envelope,maximum intact copper bundle occupation; conductor mass belongs to complete purchased wire/fuse,True,按本件源CAD与材料/工艺合同评审,work/r23-power-integration/harness/fan_fixed/assembled/manifest.json,work/r23-power-integration/harness/fan_fixed/wire_terminal_parts/STEP_毫米/EFAN_002_TE24_SPLICE_COPPER_BARE_BUNDLE.step,,work/r23-power-integration/harness/fan_fixed/wire_terminal_parts/STL_装配坐标_毫米/EFAN_002_TE24_SPLICE_COPPER_BARE_BUNDLE.stl,01078209c8d8c14fc4c494ab14303addf31f0b6496c4b1363c95ca4a3681fe60,,
REG_1_PREFORMED_COPPER_BARE_BUNDLE,trunk_base,conductor_bundle_envelope,maximum intact copper bundle occupation; conductor mass belongs to complete purchased wire/fuse,True,按本件源CAD与材料/工艺合同评审,work/r23-power-integration/harness/fan_fixed/assembled/manifest.json,work/r23-power-integration/harness/fan_fixed/wire_terminal_parts/STEP_毫米/REG_1_PREFORMED_COPPER_BARE_BUNDLE.step,,work/r23-power-integration/harness/fan_fixed/wire_terminal_parts/STL_装配坐标_毫米/REG_1_PREFORMED_COPPER_BARE_BUNDLE.stl,4fa2f12d9d5fe4c0ad03c935388655f2b5b36a73f700e1c01940097b6505b800,,
REG_2_PREFORMED_COPPER_BARE_BUNDLE,trunk_base,conductor_bundle_envelope,maximum intact copper bundle occupation; conductor mass belongs to complete purchased wire/fuse,True,按本件源CAD与材料/工艺合同评审,work/r23-power-integration/harness/fan_fixed/assembled/manifest.json,work/r23-power-integration/harness/fan_fixed/wire_terminal_parts/STEP_毫米/REG_2_PREFORMED_COPPER_BARE_BUNDLE.step,,work/r23-power-integration/harness/fan_fixed/wire_terminal_parts/STL_装配坐标_毫米/REG_2_PREFORMED_COPPER_BARE_BUNDLE.stl,00837d9006d15dcd000d031829f8d9936d8a3ea57867cfe6dd54ffdea73c3840,,
EFAN_004_FU3_INPUT_BARE_BUNDLE,trunk_base,conductor_bundle_envelope,maximum intact copper bundle occupation; conductor mass belongs to complete purchased wire/fuse,True,按本件源CAD与材料/工艺合同评审,work/r23-power-integration/harness/fan_fixed/assembled/manifest.json,work/r23-power-integration/harness/fan_fixed/wire_terminal_parts/STEP_毫米/EFAN_004_FU3_INPUT_BARE_BUNDLE.step,,work/r23-power-integration/harness/fan_fixed/wire_terminal_parts/STL_装配坐标_毫米/EFAN_004_FU3_INPUT_BARE_BUNDLE.stl,48c544e94177f8f7f788afb37458e14c165e6303fb06d3e9c76bed57a587b442,,
EFAN_005_FU3_OUTPUT_LEAD_BARE_BUNDLE,trunk_base,conductor_bundle_envelope,maximum intact copper bundle occupation; conductor mass belongs to complete purchased wire/fuse,True,按本件源CAD与材料/工艺合同评审,work/r23-power-integration/harness/fan_fixed/assembled/manifest.json,work/r23-power-integration/harness/fan_fixed/wire_terminal_parts/STEP_毫米/EFAN_005_FU3_OUTPUT_LEAD_BARE_BUNDLE.step,,work/r23-power-integration/harness/fan_fixed/wire_terminal_parts/STL_装配坐标_毫米/EFAN_005_FU3_OUTPUT_LEAD_BARE_BUNDLE.stl,baffb512054bf6aefcf8fbe9bcf58f22e95a3c66776dae3f8ba9129d7e7a5e8d,,
EFAN_005_RED_PREFORM_BARE_BUNDLE,trunk_base,conductor_bundle_envelope,maximum intact copper bundle occupation; conductor mass belongs to complete purchased wire/fuse,True,按本件源CAD与材料/工艺合同评审,work/r23-power-integration/harness/fan_fixed/assembled/manifest.json,work/r23-power-integration/harness/fan_fixed/wire_terminal_parts/STEP_毫米/EFAN_005_RED_PREFORM_BARE_BUNDLE.step,,work/r23-power-integration/harness/fan_fixed/wire_terminal_parts/STL_装配坐标_毫米/EFAN_005_RED_PREFORM_BARE_BUNDLE.stl,963fe076ceaf64471d3b8b47569e75d2cba102a58356975acff5848c4f15aa9f,,
REG_2_FACTORY_GND_PREFORM_BARE_BUNDLE,trunk_base,conductor_bundle_envelope,maximum intact copper bundle occupation; conductor mass belongs to complete purchased wire/fuse,True,按本件源CAD与材料/工艺合同评审,work/r23-power-integration/harness/fan_fixed/assembled/manifest.json,work/r23-power-integration/harness/fan_fixed/wire_terminal_parts/STEP_毫米/REG_2_FACTORY_GND_PREFORM_BARE_BUNDLE.step,,work/r23-power-integration/harness/fan_fixed/wire_terminal_parts/STL_装配坐标_毫米/REG_2_FACTORY_GND_PREFORM_BARE_BUNDLE.stl,9808e9f93abddb6af2850dd8631a34f4dddcafc21534a9fd4a6de4aa496450a4,,
FU2_BODY_FACTORY,trunk_base,installed_purchased_fuse_body,Littelfuse PICO II encapsulated fuse; factory complete-item mass ledger,True,按本件源CAD与材料/工艺合同评审,work/r23-power-integration/harness/fan_fixed/assembled/manifest.json,work/r23-power-integration/harness/fan_fixed/wire_terminal_parts/STEP_毫米/FU2_BODY_FACTORY.step,,work/r23-power-integration/harness/fan_fixed/wire_terminal_parts/STL_装配坐标_毫米/FU2_BODY_FACTORY.stl,c12f4f78f5dd663d67e71570e9458e837c4b39acd396c5f1dd86f397e326f472,,
FU3_BODY_FACTORY,trunk_base,installed_purchased_fuse_body,Littelfuse PICO II encapsulated fuse; factory complete-item mass ledger,True,按本件源CAD与材料/工艺合同评审,work/r23-power-integration/harness/fan_fixed/assembled/manifest.json,work/r23-power-integration/harness/fan_fixed/wire_terminal_parts/STEP_毫米/FU3_BODY_FACTORY.step,,work/r23-power-integration/harness/fan_fixed/wire_terminal_parts/STL_装配坐标_毫米/FU3_BODY_FACTORY.stl,f31b6ca93ad3958104c1124e62674a6508045543c06b43152bca8c69010a8fb2,,
EFAN_001_FU2_INPUT_PTFE,trunk_base,installed_insulation,"custom R23-PTFE-070-110 virgin PTFE tube: ID .700 +/- .025, OD 1.100 +/- .025 mm",True,按本件源CAD与材料/工艺合同评审,work/r23-power-integration/harness/fan_fixed/assembled/manifest.json,work/r23-power-integration/harness/fan_fixed/wire_terminal_parts/STEP_毫米/EFAN_001_FU2_INPUT_PTFE.step,,work/r23-power-integration/harness/fan_fixed/wire_terminal_parts/STL_装配坐标_毫米/EFAN_001_FU2_INPUT_PTFE.stl,4005383e202926f5bfc775a6560f77ab86281fa66cf1cb1b9721b510e0e9d92f,,
EFAN_002_FU2_OUTPUT_LEAD_PTFE,trunk_base,installed_insulation,"custom R23-PTFE-070-110 virgin PTFE tube: ID .700 +/- .025, OD 1.100 +/- .025 mm",True,按本件源CAD与材料/工艺合同评审,work/r23-power-integration/harness/fan_fixed/assembled/manifest.json,work/r23-power-integration/harness/fan_fixed/wire_terminal_parts/STEP_毫米/EFAN_002_FU2_OUTPUT_LEAD_PTFE.step,,work/r23-power-integration/harness/fan_fixed/wire_terminal_parts/STL_装配坐标_毫米/EFAN_002_FU2_OUTPUT_LEAD_PTFE.stl,bb4437144c6ec9ee0739b2dbacf92688a93fb90524a7fe67b43783a191502ff4,,
EFAN_004_FU3_INPUT_PTFE,trunk_base,installed_insulation,"custom R23-PTFE-070-110 virgin PTFE tube: ID .700 +/- .025, OD 1.100 +/- .025 mm",True,按本件源CAD与材料/工艺合同评审,work/r23-power-integration/harness/fan_fixed/assembled/manifest.json,work/r23-power-integration/harness/fan_fixed/wire_terminal_parts/STEP_毫米/EFAN_004_FU3_INPUT_PTFE.step,,work/r23-power-integration/harness/fan_fixed/wire_terminal_parts/STL_装配坐标_毫米/EFAN_004_FU3_INPUT_PTFE.stl,108b5754eb3a90f3f9b56c593e38797d77811c3283727d41f284575819127381,,
EFAN_005_FU3_OUTPUT_LEAD_PTFE,trunk_base,installed_insulation,"custom R23-PTFE-070-110 virgin PTFE tube: ID .700 +/- .025, OD 1.100 +/- .025 mm",True,按本件源CAD与材料/工艺合同评审,work/r23-power-integration/harness/fan_fixed/assembled/manifest.json,work/r23-power-integration/harness/fan_fixed/wire_terminal_parts/STEP_毫米/EFAN_005_FU3_OUTPUT_LEAD_PTFE.step,,work/r23-power-integration/harness/fan_fixed/wire_terminal_parts/STL_装配坐标_毫米/EFAN_005_FU3_OUTPUT_LEAD_PTFE.stl,032029cefe8e9baa5d9bad7764119fd64013b3b20eb86aed2344776b9a9d9b3a,,
EFAN_005_RED_PREFORM_PTFE,trunk_base,installed_insulation,"custom R23-PTFE-070-110 virgin PTFE tube: ID .700 +/- .025, OD 1.100 +/- .025 mm",True,按本件源CAD与材料/工艺合同评审,work/r23-power-integration/harness/fan_fixed/assembled/manifest.json,work/r23-power-integration/harness/fan_fixed/wire_terminal_parts/STEP_毫米/EFAN_005_RED_PREFORM_PTFE.step,,work/r23-power-integration/harness/fan_fixed/wire_terminal_parts/STL_装配坐标_毫米/EFAN_005_RED_PREFORM_PTFE.stl,93d99909fa0526e22162db7c462c58d1eb80e795147db6a4ca68e2ebf8070ae7,,
REG_2_FACTORY_GND_PREFORM_PTFE,trunk_base,installed_insulation,"custom R23-PTFE-070-110 virgin PTFE tube: ID .700 +/- .025, OD 1.100 +/- .025 mm",True,按本件源CAD与材料/工艺合同评审,work/r23-power-integration/harness/fan_fixed/assembled/manifest.json,work/r23-power-integration/harness/fan_fixed/wire_terminal_parts/STEP_毫米/REG_2_FACTORY_GND_PREFORM_PTFE.step,,work/r23-power-integration/harness/fan_fixed/wire_terminal_parts/STL_装配坐标_毫米/REG_2_FACTORY_GND_PREFORM_PTFE.stl,4af0aaf8b239cadc0969e622d27832f3b8ce40598cbfbfbb22951e58e2f6723e,,
R23_FU2_TE24_LAP_SOLDER,trunk_base,installed_solder,"Sn63Pb37 external solder fillet, controlled contour",True,按本件源CAD与材料/工艺合同评审,work/r23-power-integration/harness/fan_fixed/assembled/manifest.json,work/r23-power-integration/harness/fan_fixed/wire_terminal_parts/STEP_毫米/R23_FU2_TE24_LAP_SOLDER.step,,work/r23-power-integration/harness/fan_fixed/wire_terminal_parts/STL_装配坐标_毫米/R23_FU2_TE24_LAP_SOLDER.stl,b867b9d74aa808894c3ce990f5e6a9fbc748422bdfe62127e7f1bc75082ae966,,
R23_FU3_FACTORY_RED_LAP_SOLDER,trunk_base,installed_solder,"Sn63Pb37 external solder fillet, controlled contour",True,按本件源CAD与材料/工艺合同评审,work/r23-power-integration/harness/fan_fixed/assembled/manifest.json,work/r23-power-integration/harness/fan_fixed/wire_terminal_parts/STEP_毫米/R23_FU3_FACTORY_RED_LAP_SOLDER.step,,work/r23-power-integration/harness/fan_fixed/wire_terminal_parts/STL_装配坐标_毫米/R23_FU3_FACTORY_RED_LAP_SOLDER.stl,833b1cc06c504a86ec16cb3babaa3462dad78c40473fa7ffeefb783faefae308,,
R23_FU2_SPLICE_RTV_BOOT,trunk_base,installed_moulded_node_insulation,"Momentive RTV615 matched 10:1 kit, cast in removable split fixture",True,按本件源CAD与材料/工艺合同评审,work/r23-power-integration/harness/fan_fixed/assembled/manifest.json,work/r23-power-integration/harness/fan_fixed/wire_terminal_parts/STEP_毫米/R23_FU2_SPLICE_RTV_BOOT.step,,work/r23-power-integration/harness/fan_fixed/wire_terminal_parts/STL_装配坐标_毫米/R23_FU2_SPLICE_RTV_BOOT.stl,b327152248404b1237b3257b60fe55ef92b61f6ed0093e68b21fce4f414944ab,,Covers full lap and overlaps PTFE .7 mm and intact ETFE 1.8 mm. Separate 5 mm lined clamp on intact ETFE carries pull load.
R23_FU3_SPLICE_RTV_BOOT,trunk_base,installed_moulded_node_insulation,"Momentive RTV615 matched 10:1 kit, cast in removable split fixture",True,按本件源CAD与材料/工艺合同评审,work/r23-power-integration/harness/fan_fixed/assembled/manifest.json,work/r23-power-integration/harness/fan_fixed/wire_terminal_parts/STEP_毫米/R23_FU3_SPLICE_RTV_BOOT.step,,work/r23-power-integration/harness/fan_fixed/wire_terminal_parts/STL_装配坐标_毫米/R23_FU3_SPLICE_RTV_BOOT.stl,0022eeb05213b08531646bde723c41090ce874dc1eeb4071f1d97f7cb5f52169,,"3 mm lap, sleeve overlaps .7 mm at fuse side and .5 mm at factory-wire side."
R23_FAN_RED_JACKET_TRANSITION_RTV,trunk_base,installed_moulded_node_insulation,"Momentive RTV615 matched 10:1 kit, cast in removable split fixture",True,按本件源CAD与材料/工艺合同评审,work/r23-power-integration/harness/fan_fixed/assembled/manifest.json,work/r23-power-integration/harness/fan_fixed/wire_terminal_parts/STEP_毫米/R23_FAN_RED_JACKET_TRANSITION_RTV.step,,work/r23-power-integration/harness/fan_fixed/wire_terminal_parts/STL_装配坐标_毫米/R23_FAN_RED_JACKET_TRANSITION_RTV.stl,e9ced36320e1fc2e8824d720cffb81116ec67cb23ef836e379450112ec9699e0,,Sleeve cannot fit over 1.2 mm factory jacket. This cast boot bridges the butted PTFE and intact factory jacket; nearby captured split grommets provide separate strain relief.
R23_FAN_BLACK_JACKET_TRANSITION_RTV,trunk_base,installed_moulded_node_insulation,"Momentive RTV615 matched 10:1 kit, cast in removable split fixture",True,按本件源CAD与材料/工艺合同评审,work/r23-power-integration/harness/fan_fixed/assembled/manifest.json,work/r23-power-integration/harness/fan_fixed/wire_terminal_parts/STEP_毫米/R23_FAN_BLACK_JACKET_TRANSITION_RTV.step,,work/r23-power-integration/harness/fan_fixed/wire_terminal_parts/STL_装配坐标_毫米/R23_FAN_BLACK_JACKET_TRANSITION_RTV.stl,e165bb40b0682f3daf34518b43710d2d22654c8b792b49a38960ddcd570745b8,,Sleeve cannot fit over 1.2 mm factory jacket. This cast boot bridges the butted PTFE and intact factory jacket; nearby captured split grommets provide separate strain relief.
R23_FANREG_PIN_1_SIDE_LAP_SOLDER,trunk_base,installed_solder,Sn63Pb37 side-lap external fillet; original pin unchanged,True,按本件源CAD与材料/工艺合同评审,work/r23-power-integration/harness/fan_fixed/assembled/manifest.json,work/r23-power-integration/harness/fan_fixed/wire_terminal_parts/STEP_毫米/R23_FANREG_PIN_1_SIDE_LAP_SOLDER.step,,work/r23-power-integration/harness/fan_fixed/wire_terminal_parts/STL_装配坐标_毫米/R23_FANREG_PIN_1_SIDE_LAP_SOLDER.stl,4ad2f7d9ae360011ba09fa4a9107e25fc9f6de78fc9a92217af0993fdffeb133,,
R23_FANREG_PIN_1_COMMON_RTV_BOOT,trunk_base,installed_moulded_node_insulation,"Momentive RTV615 matched 10:1 kit, cast in removable split fixture",True,按本件源CAD与材料/工艺合同评审,work/r23-power-integration/harness/fan_fixed/assembled/manifest.json,work/r23-power-integration/harness/fan_fixed/wire_terminal_parts/STEP_毫米/R23_FANREG_PIN_1_COMMON_RTV_BOOT.step,,work/r23-power-integration/harness/fan_fixed/wire_terminal_parts/STL_装配坐标_毫米/R23_FANREG_PIN_1_COMMON_RTV_BOOT.stl,6288f3eb0e8bea14ad9210c2a8c68a35f6ffffc80283d228aee7eef0d98caf02,,"Supersedes unverified 5 mm coaxial budget. Vendor pin unbent; new wire laps on last 1.5 mm and preforms outside original pin. Mould conforms to actual retained insulating PEEK support and Kapton shim; their occupied volume is explicitly absent from cast RTV, with a sealed contact boundary. Independent lined passages/duct grommets carry wire load; RTV is insulation, not sole restraint."
R23_FANREG_PIN_2_SIDE_LAP_SOLDER,trunk_base,installed_solder,Sn63Pb37 side-lap external fillet; original pin unchanged,True,按本件源CAD与材料/工艺合同评审,work/r23-power-integration/harness/fan_fixed/assembled/manifest.json,work/r23-power-integration/harness/fan_fixed/wire_terminal_parts/STEP_毫米/R23_FANREG_PIN_2_SIDE_LAP_SOLDER.step,,work/r23-power-integration/harness/fan_fixed/wire_terminal_parts/STL_装配坐标_毫米/R23_FANREG_PIN_2_SIDE_LAP_SOLDER.stl,0a4fc7e3638fde11fb70f62d98116485487b16927d908ae1cb9e948cc4fdd665,,
R23_FANREG_PIN_2_COMMON_RTV_BOOT,trunk_base,installed_moulded_node_insulation,"Momentive RTV615 matched 10:1 kit, cast in removable split fixture",True,按本件源CAD与材料/工艺合同评审,work/r23-power-integration/harness/fan_fixed/assembled/manifest.json,work/r23-power-integration/harness/fan_fixed/wire_terminal_parts/STEP_毫米/R23_FANREG_PIN_2_COMMON_RTV_BOOT.step,,work/r23-power-integration/harness/fan_fixed/wire_terminal_parts/STL_装配坐标_毫米/R23_FANREG_PIN_2_COMMON_RTV_BOOT.stl,4127d607bd24ddcbb2a56b73dfc3f2d9b3701438200307c7cb0668d6dcc241f9,,"Supersedes unverified 5 mm coaxial budget. Vendor pin unbent; new wire laps on last 1.5 mm and preforms outside original pin. Mould conforms to actual retained insulating PEEK support and Kapton shim; their occupied volume is explicitly absent from cast RTV, with a sealed contact boundary. Independent lined passages/duct grommets carry wire load; RTV is insulation, not sole restraint."
R23_FANREG_PIN_3_SIDE_LAP_SOLDER,trunk_base,installed_solder,Sn63Pb37 side-lap external fillet; original pin unchanged,True,按本件源CAD与材料/工艺合同评审,work/r23-power-integration/harness/fan_fixed/assembled/manifest.json,work/r23-power-integration/harness/fan_fixed/wire_terminal_parts/STEP_毫米/R23_FANREG_PIN_3_SIDE_LAP_SOLDER.step,,work/r23-power-integration/harness/fan_fixed/wire_terminal_parts/STL_装配坐标_毫米/R23_FANREG_PIN_3_SIDE_LAP_SOLDER.stl,f66aef3d600377f97ba7fc1a382d0b62eef1b2e14bf7a76b8070d5e39ef493ba,,
R23_FANREG_PIN_3_COMMON_RTV_BOOT,trunk_base,installed_moulded_node_insulation,"Momentive RTV615 matched 10:1 kit, cast in removable split fixture",True,按本件源CAD与材料/工艺合同评审,work/r23-power-integration/harness/fan_fixed/assembled/manifest.json,work/r23-power-integration/harness/fan_fixed/wire_terminal_parts/STEP_毫米/R23_FANREG_PIN_3_COMMON_RTV_BOOT.step,,work/r23-power-integration/harness/fan_fixed/wire_terminal_parts/STL_装配坐标_毫米/R23_FANREG_PIN_3_COMMON_RTV_BOOT.stl,1e2171160f3d5e9490742897ebed832c6abd6f61403901b35110b20670c1027b,,"Supersedes unverified 5 mm coaxial budget. Vendor pin unbent; new wire laps on last 1.5 mm and preforms outside original pin. Mould conforms to actual retained insulating PEEK support and Kapton shim; their occupied volume is explicitly absent from cast RTV, with a sealed contact boundary. Independent lined passages/duct grommets carry wire load; RTV is insulation, not sole restraint."
R23_W1_COMMON_FRONT_SOLDER,trunk_base,installed_solder,Sn63Pb37 front common-node external fillet,True,按本件源CAD与材料/工艺合同评审,work/r23-power-integration/harness/fan_fixed/assembled/manifest.json,work/r23-power-integration/harness/fan_fixed/wire_terminal_parts/STEP_毫米/R23_W1_COMMON_FRONT_SOLDER.step,,work/r23-power-integration/harness/fan_fixed/wire_terminal_parts/STL_装配坐标_毫米/R23_W1_COMMON_FRONT_SOLDER.stl,bea5ef44ff0cc05135e777a41d5d27249cb4b92b5549c31827322394eb7f138d,,"Maximum external 2.3x2x1 mm cap minus bundle occupations. PTH and interstrand uptake remain within controlled total solder mass ceiling, not an empty-copper assumption."
R23_W1_COMMON_FRONT_BRANCH_RTV_BOOT,trunk_base,installed_moulded_node_insulation,"Momentive RTV615 matched 10:1 kit, cast in removable split fixture",True,按本件源CAD与材料/工艺合同评审,work/r23-power-integration/harness/fan_fixed/assembled/manifest.json,work/r23-power-integration/harness/fan_fixed/wire_terminal_parts/STEP_毫米/R23_W1_COMMON_FRONT_BRANCH_RTV_BOOT.step,,work/r23-power-integration/harness/fan_fixed/wire_terminal_parts/STL_装配坐标_毫米/R23_W1_COMMON_FRONT_BRANCH_RTV_BOOT.stl,63bd7a5a87c2d9b215406f98a1bb6ab58bb5dd874ffade9d7b90c2a2ca89c059,,"Shared same-net copper is physically covered. Cast on cleaned PCB face with separate mould, inspect all branch exits and edge cover; backside primary uses separately specified RNF100 recovery tube. No separate front primary insulated tail remains."
R23_W2_COMMON_FRONT_SOLDER,trunk_base,installed_solder,Sn63Pb37 front common-node external fillet,True,按本件源CAD与材料/工艺合同评审,work/r23-power-integration/harness/fan_fixed/assembled/manifest.json,work/r23-power-integration/harness/fan_fixed/wire_terminal_parts/STEP_毫米/R23_W2_COMMON_FRONT_SOLDER.step,,work/r23-power-integration/harness/fan_fixed/wire_terminal_parts/STL_装配坐标_毫米/R23_W2_COMMON_FRONT_SOLDER.stl,80458f11c107bedb807a602509cbb695b611fcca888ec67fccb4c47093863fe7,,"Maximum external 2.3x2x1 mm cap minus bundle occupations. PTH and interstrand uptake remain within controlled total solder mass ceiling, not an empty-copper assumption."
R23_W2_COMMON_FRONT_BRANCH_RTV_BOOT,trunk_base,installed_moulded_node_insulation,"Momentive RTV615 matched 10:1 kit, cast in removable split fixture",True,按本件源CAD与材料/工艺合同评审,work/r23-power-integration/harness/fan_fixed/assembled/manifest.json,work/r23-power-integration/harness/fan_fixed/wire_terminal_parts/STEP_毫米/R23_W2_COMMON_FRONT_BRANCH_RTV_BOOT.step,,work/r23-power-integration/harness/fan_fixed/wire_terminal_parts/STL_装配坐标_毫米/R23_W2_COMMON_FRONT_BRANCH_RTV_BOOT.stl,d5aad634be3965d8780b2b5c96599d2b5dd2cea89d7422cdf377a280eb4a0400,,"Shared same-net copper is physically covered. Cast on cleaned PCB face with separate mould, inspect all branch exits and edge cover; backside primary uses separately specified RNF100 recovery tube. No separate front primary insulated tail remains."
R23_W1_COMMON_BACK_ROOT_RTV,trunk_base,installed_moulded_node_insulation,"Momentive RTV615 matched10:1, shared node cast against PCB backside",True,按本件源CAD与材料/工艺合同评审,work/r23-power-integration/harness/fan_fixed/assembled/manifest.json,work/r23-power-integration/harness/fan_fixed/pth_backside_insulation_v3/STEP_毫米/R23_W1_COMMON_BACK_ROOT_RTV.step,,work/r23-power-integration/harness/fan_fixed/pth_backside_insulation_v3/STL_装配坐标_毫米/R23_W1_COMMON_BACK_ROOT_RTV.stl,f38e177330b3b99f6568c323d25907f156dd00d7716bd4c8bbf000537521dfe0,,"RNF100 begins1.5mm behindPCB; sharedRTVroot covers main and actual .5mm secondary protrusion, covers secondary end by .65mm and overlaps RNF .6mm. Cast/cure installed using separate temporary fixture. No thinning existing sleeve wall and no exposed branchstub. Inspect finished cover/voids and insulation resistance before clamping."
R23_W1_BACK_RNF100_RECOVERY_SLEEVE_MAX,trunk_base,installed_insulation_max_material_shape,RNF-100-3/32-BK-STK / NB19642001; actual annular maximum recovered wall,True,按本件源CAD与材料/工艺合同评审,work/r23-power-integration/harness/fan_fixed/assembled/manifest.json,work/r23-power-integration/harness/fan_fixed/pth_backside_insulation_v3/STEP_毫米/R23_W1_BACK_RNF100_RECOVERY_SLEEVE_MAX.step,,work/r23-power-integration/harness/fan_fixed/pth_backside_insulation_v3/STL_装配坐标_毫米/R23_W1_BACK_RNF100_RECOVERY_SLEEVE_MAX.stl,bdb0580358a660afa4cc8f3449a0679b23e83429bcd24f8c68b35b157382db71,,Back-side copper insulation after the shared 1.5mm RTV root and 3mm overlap onto intact ETFE. No adhesive layer claimed for single-wall RNF100. Shared cast back-root overlaps RNF .6mm; front node has its separate common boot.
R23_W2_COMMON_BACK_ROOT_RTV,trunk_base,installed_moulded_node_insulation,"Momentive RTV615 matched10:1, shared node cast against PCB backside",True,按本件源CAD与材料/工艺合同评审,work/r23-power-integration/harness/fan_fixed/assembled/manifest.json,work/r23-power-integration/harness/fan_fixed/pth_backside_insulation_v3/STEP_毫米/R23_W2_COMMON_BACK_ROOT_RTV.step,,work/r23-power-integration/harness/fan_fixed/pth_backside_insulation_v3/STL_装配坐标_毫米/R23_W2_COMMON_BACK_ROOT_RTV.stl,2877bc3f39aed6a49babb40100d4f326eb49bc9a62e76235e178757234534b99,,"RNF100 begins1.5mm behindPCB; sharedRTVroot covers main and actual .5mm secondary protrusion, covers secondary end by .65mm and overlaps RNF .6mm. Cast/cure installed using separate temporary fixture. No thinning existing sleeve wall and no exposed branchstub. Inspect finished cover/voids and insulation resistance before clamping."
R23_W2_BACK_RNF100_RECOVERY_SLEEVE_MAX,trunk_base,installed_insulation_max_material_shape,RNF-100-3/32-BK-STK / NB19642001; actual annular maximum recovered wall,True,按本件源CAD与材料/工艺合同评审,work/r23-power-integration/harness/fan_fixed/assembled/manifest.json,work/r23-power-integration/harness/fan_fixed/pth_backside_insulation_v3/STEP_毫米/R23_W2_BACK_RNF100_RECOVERY_SLEEVE_MAX.step,,work/r23-power-integration/harness/fan_fixed/pth_backside_insulation_v3/STL_装配坐标_毫米/R23_W2_BACK_RNF100_RECOVERY_SLEEVE_MAX.stl,33334abb9352cf11b76603b0b6bc56aa8b555b2a396456507975d9ddb1177e6e,,Back-side copper insulation after the shared 1.5mm RTV root and 7mm overlap onto intact ETFE. No adhesive layer claimed for single-wall RNF100. Shared cast back-root overlaps RNF .6mm; front node has its separate common boot.
R23_W1_MAIN_AWG16_MAX_COPPER_BUNDLE,trunk_base,conductor_interface_envelope,collision envelope of intact strand bundle; not solid copper mass,True,按本件源CAD与材料/工艺合同评审,work/r23-power-integration/harness/fan_fixed/assembled/manifest.json,work/r23-power-integration/harness/fan_fixed/pth_backside_v3/STEP_毫米/R23_W1_MAIN_AWG16_MAX_COPPER_BUNDLE.step,,work/r23-power-integration/harness/fan_fixed/pth_backside_v3/STL_装配坐标_毫米/R23_W1_MAIN_AWG16_MAX_COPPER_BUNDLE.stl,76aa16f78449c52a9fa92b3fdf7f20a906934a15fe6719a2763d6d6c04ef5148,,True hole axis offset and external preforming; selected maximum copper bundle envelope. Do not add CAD envelope mass to TE wire per-length mass.
R23_W2_MAIN_AWG16_MAX_COPPER_BUNDLE,trunk_base,conductor_interface_envelope,collision envelope of intact strand bundle; not solid copper mass,True,按本件源CAD与材料/工艺合同评审,work/r23-power-integration/harness/fan_fixed/assembled/manifest.json,work/r23-power-integration/harness/fan_fixed/pth_backside_v3/STEP_毫米/R23_W2_MAIN_AWG16_MAX_COPPER_BUNDLE.step,,work/r23-power-integration/harness/fan_fixed/pth_backside_v3/STL_装配坐标_毫米/R23_W2_MAIN_AWG16_MAX_COPPER_BUNDLE.stl,5bcac05f50a43cb7303a669af4432b234dfe97cdb81e6102b24708c37d6c98fc,,True hole axis offset and external preforming; selected maximum copper bundle envelope. Do not add CAD envelope mass to TE wire per-length mass.
R23_W2_BRANCH_MAX_COPPER,trunk_base,conductor_interface_envelope,collision envelope of intact strand bundle; not solid copper mass,True,按本件源CAD与材料/工艺合同评审,work/r23-power-integration/harness/fan_fixed/assembled/manifest.json,work/r23-power-integration/harness/fan_fixed/pth_backside_v3/STEP_毫米/R23_W2_BRANCH_MAX_COPPER.step,,work/r23-power-integration/harness/fan_fixed/pth_backside_v3/STL_装配坐标_毫米/R23_W2_BRANCH_MAX_COPPER.stl,4a1173b1f0ca75d66a073b548e8f9f5c574fbcc5290d31683f400b07944f6184,,True hole axis offset and external preforming; selected maximum copper bundle envelope. Do not add CAD envelope mass to TE wire per-length mass.
R23_W1_FU2_BRANCH_BOARD_STUB,trunk_base,conductor_interface_envelope,"Littelfuse factory .64mm input lead in PTH/back stub, mass counted once in fuse complete item",True,按本件源CAD与材料/工艺合同评审,work/r23-power-integration/harness/fan_fixed/assembled/manifest.json,work/r23-power-integration/harness/fan_fixed/assembled/STEP_毫米/R23_W1_FU2_BRANCH_BOARD_STUB.step,,work/r23-power-integration/harness/fan_fixed/assembled/STL_装配坐标_毫米/R23_W1_FU2_BRANCH_BOARD_STUB.stl,fa2541d4fcc26ae4ba4b903e4dbfd2096b86518c0a27888aa0f2ad8ecc2d863c,,
R23_RT1_1_SPLICE_PTFE_RETRACT3,trunk_base,ntc_splice_installed,Retained original PTFE with final3mm arclength sleeve removed,True,按本件源CAD与材料/工艺合同评审,work/r23-power-integration/harness/ntc_splices/manifest.json,work/r23-power-integration/harness/ntc_splices/STEP_毫米/R23_RT1_1_SPLICE_PTFE_RETRACT3.step,,work/r23-power-integration/harness/ntc_splices/STL_装配坐标_毫米/R23_RT1_1_SPLICE_PTFE_RETRACT3.stl,c91a145a32b64b6798dd88c9b8fd05ff50dda6e42a303568beb2fa256ea355fd,work/r23-power-integration/harness/ntc_splices/NTC_接续与加工图册.pdf,
R23_RT1_1_SPLICE_TE28_JACKET_ROUTE,trunk_base,ntc_splice_installed,"Original TE28 route maximum jacket occupancy, first1.35mm stripped",True,按本件源CAD与材料/工艺合同评审,work/r23-power-integration/harness/ntc_splices/manifest.json,work/r23-power-integration/harness/ntc_splices/STEP_毫米/R23_RT1_1_SPLICE_TE28_JACKET_ROUTE.step,,work/r23-power-integration/harness/ntc_splices/STL_装配坐标_毫米/R23_RT1_1_SPLICE_TE28_JACKET_ROUTE.stl,1c42086929b8706b337e92fdc433e403d4dd9b6e86d050d2e4fffa656f633f6c,work/r23-power-integration/harness/ntc_splices/NTC_接续与加工图册.pdf,
R23_RT1_1_SPLICE_TE28_BARE_CORE,trunk_base,ntc_splice_installed,Tin-coated stranded copper bundle maxD.4064 static lap envelope; sevenAWG36 original conductor,True,按本件源CAD与材料/工艺合同评审,work/r23-power-integration/harness/ntc_splices/manifest.json,work/r23-power-integration/harness/ntc_splices/STEP_毫米/R23_RT1_1_SPLICE_TE28_BARE_CORE.step,,work/r23-power-integration/harness/ntc_splices/STL_装配坐标_毫米/R23_RT1_1_SPLICE_TE28_BARE_CORE.stl,19543ade0ef3c4cf34e6f29c4e5d7325732e9fdacf7ab779b5192373338d11b1,work/r23-power-integration/harness/ntc_splices/NTC_接续与加工图册.pdf,
R23_RT1_1_SPLICE_SAC305_FILLET,trunk_base,ntc_splice_installed,"SAC305 solder nominal fixed fill envelope, qualified wetting process",True,按本件源CAD与材料/工艺合同评审,work/r23-power-integration/harness/ntc_splices/manifest.json,work/r23-power-integration/harness/ntc_splices/STEP_毫米/R23_RT1_1_SPLICE_SAC305_FILLET.step,,work/r23-power-integration/harness/ntc_splices/STL_装配坐标_毫米/R23_RT1_1_SPLICE_SAC305_FILLET.stl,fa35c797387f4d913e04d33c55de9278ba42246d0b5bf52472ffd38428f3e65c,work/r23-power-integration/harness/ntc_splices/NTC_接续与加工图册.pdf,
R23_RT1_2_SPLICE_PTFE_RETRACT3,trunk_base,ntc_splice_installed,Retained original PTFE with final3mm arclength sleeve removed,True,按本件源CAD与材料/工艺合同评审,work/r23-power-integration/harness/ntc_splices/manifest.json,work/r23-power-integration/harness/ntc_splices/STEP_毫米/R23_RT1_2_SPLICE_PTFE_RETRACT3.step,,work/r23-power-integration/harness/ntc_splices/STL_装配坐标_毫米/R23_RT1_2_SPLICE_PTFE_RETRACT3.stl,02162e8864a6838caaadf0d353612e0066256078d7a7fc9ced5e36fc42710130,work/r23-power-integration/harness/ntc_splices/NTC_接续与加工图册.pdf,
R23_RT1_2_SPLICE_TE28_JACKET_ROUTE,trunk_base,ntc_splice_installed,"Original TE28 route maximum jacket occupancy, first1.35mm stripped",True,按本件源CAD与材料/工艺合同评审,work/r23-power-integration/harness/ntc_splices/manifest.json,work/r23-power-integration/harness/ntc_splices/STEP_毫米/R23_RT1_2_SPLICE_TE28_JACKET_ROUTE.step,,work/r23-power-integration/harness/ntc_splices/STL_装配坐标_毫米/R23_RT1_2_SPLICE_TE28_JACKET_ROUTE.stl,866b38fd46a6c71ccbf2107014f42129bad90c0e143d63925fcf29830460f071,work/r23-power-integration/harness/ntc_splices/NTC_接续与加工图册.pdf,
R23_RT1_2_SPLICE_TE28_BARE_CORE,trunk_base,ntc_splice_installed,Tin-coated stranded copper bundle maxD.4064 static lap envelope; sevenAWG36 original conductor,True,按本件源CAD与材料/工艺合同评审,work/r23-power-integration/harness/ntc_splices/manifest.json,work/r23-power-integration/harness/ntc_splices/STEP_毫米/R23_RT1_2_SPLICE_TE28_BARE_CORE.step,,work/r23-power-integration/harness/ntc_splices/STL_装配坐标_毫米/R23_RT1_2_SPLICE_TE28_BARE_CORE.stl,30269bd6fbd8bc7a8d7c9af26a8e9f2c1827fd29d6f8e6a6a22a853a746c79af,work/r23-power-integration/harness/ntc_splices/NTC_接续与加工图册.pdf,
R23_RT1_2_SPLICE_SAC305_FILLET,trunk_base,ntc_splice_installed,"SAC305 solder nominal fixed fill envelope, qualified wetting process",True,按本件源CAD与材料/工艺合同评审,work/r23-power-integration/harness/ntc_splices/manifest.json,work/r23-power-integration/harness/ntc_splices/STEP_毫米/R23_RT1_2_SPLICE_SAC305_FILLET.step,,work/r23-power-integration/harness/ntc_splices/STL_装配坐标_毫米/R23_RT1_2_SPLICE_SAC305_FILLET.stl,f20d79396feb8158a4cb3afa543c8edb9d36a17d5550e59dfaa3be7107640141,work/r23-power-integration/harness/ntc_splices/NTC_接续与加工图册.pdf,
R23_RT2_1_SPLICE_PTFE_RETRACT3,trunk_base,ntc_splice_installed,Retained original PTFE with final3mm arclength sleeve removed,True,按本件源CAD与材料/工艺合同评审,work/r23-power-integration/harness/ntc_splices/manifest.json,work/r23-power-integration/harness/ntc_splices/STEP_毫米/R23_RT2_1_SPLICE_PTFE_RETRACT3.step,,work/r23-power-integration/harness/ntc_splices/STL_装配坐标_毫米/R23_RT2_1_SPLICE_PTFE_RETRACT3.stl,62faa507f579ba97a44b8ac46511839b86eec75049f3a9d583b199846c7504d0,work/r23-power-integration/harness/ntc_splices/NTC_接续与加工图册.pdf,
R23_RT2_1_SPLICE_TE28_JACKET_ROUTE,trunk_base,ntc_splice_installed,"Original TE28 route maximum jacket occupancy, first1.35mm stripped",True,按本件源CAD与材料/工艺合同评审,work/r23-power-integration/harness/ntc_splices/manifest.json,work/r23-power-integration/harness/ntc_splices/STEP_毫米/R23_RT2_1_SPLICE_TE28_JACKET_ROUTE.step,,work/r23-power-integration/harness/ntc_splices/STL_装配坐标_毫米/R23_RT2_1_SPLICE_TE28_JACKET_ROUTE.stl,3296b027da7c44ee6b9c8cdb9332762e799aa7cffa5a416ba4941f0495e3ecd0,work/r23-power-integration/harness/ntc_splices/NTC_接续与加工图册.pdf,
R23_RT2_1_SPLICE_TE28_BARE_CORE,trunk_base,ntc_splice_installed,Tin-coated stranded copper bundle maxD.4064 static lap envelope; sevenAWG36 original conductor,True,按本件源CAD与材料/工艺合同评审,work/r23-power-integration/harness/ntc_splices/manifest.json,work/r23-power-integration/harness/ntc_splices/STEP_毫米/R23_RT2_1_SPLICE_TE28_BARE_CORE.step,,work/r23-power-integration/harness/ntc_splices/STL_装配坐标_毫米/R23_RT2_1_SPLICE_TE28_BARE_CORE.stl,7793c7b3ce0c27e8aaa93aa9def5bd28c34223c4175fa404bcc7b32d87d51614,work/r23-power-integration/harness/ntc_splices/NTC_接续与加工图册.pdf,
R23_RT2_1_SPLICE_SAC305_FILLET,trunk_base,ntc_splice_installed,"SAC305 solder nominal fixed fill envelope, qualified wetting process",True,按本件源CAD与材料/工艺合同评审,work/r23-power-integration/harness/ntc_splices/manifest.json,work/r23-power-integration/harness/ntc_splices/STEP_毫米/R23_RT2_1_SPLICE_SAC305_FILLET.step,,work/r23-power-integration/harness/ntc_splices/STL_装配坐标_毫米/R23_RT2_1_SPLICE_SAC305_FILLET.stl,3f2cae0aacf03d3f9bc366c411629c613c4811cff0561a577be2b12e82678fc5,work/r23-power-integration/harness/ntc_splices/NTC_接续与加工图册.pdf,
R23_RT2_2_SPLICE_PTFE_RETRACT3,trunk_base,ntc_splice_installed,Retained original PTFE with final3mm arclength sleeve removed,True,按本件源CAD与材料/工艺合同评审,work/r23-power-integration/harness/ntc_splices/manifest.json,work/r23-power-integration/harness/ntc_splices/STEP_毫米/R23_RT2_2_SPLICE_PTFE_RETRACT3.step,,work/r23-power-integration/harness/ntc_splices/STL_装配坐标_毫米/R23_RT2_2_SPLICE_PTFE_RETRACT3.stl,3926736511eceeac0761a208b266c7ca526578900c9df0ac28f837831b6b150f,work/r23-power-integration/harness/ntc_splices/NTC_接续与加工图册.pdf,
R23_RT2_2_SPLICE_TE28_JACKET_ROUTE,trunk_base,ntc_splice_installed,"Original TE28 route maximum jacket occupancy, first1.35mm stripped",True,按本件源CAD与材料/工艺合同评审,work/r23-power-integration/harness/ntc_splices/manifest.json,work/r23-power-integration/harness/ntc_splices/STEP_毫米/R23_RT2_2_SPLICE_TE28_JACKET_ROUTE.step,,work/r23-power-integration/harness/ntc_splices/STL_装配坐标_毫米/R23_RT2_2_SPLICE_TE28_JACKET_ROUTE.stl,689570eebcbf6009f44d4b1a5fd3d6c25dc076b16206664bf8886cd51b07cdbe,work/r23-power-integration/harness/ntc_splices/NTC_接续与加工图册.pdf,
R23_RT2_2_SPLICE_TE28_BARE_CORE,trunk_base,ntc_splice_installed,Tin-coated stranded copper bundle maxD.4064 static lap envelope; sevenAWG36 original conductor,True,按本件源CAD与材料/工艺合同评审,work/r23-power-integration/harness/ntc_splices/manifest.json,work/r23-power-integration/harness/ntc_splices/STEP_毫米/R23_RT2_2_SPLICE_TE28_BARE_CORE.step,,work/r23-power-integration/harness/ntc_splices/STL_装配坐标_毫米/R23_RT2_2_SPLICE_TE28_BARE_CORE.stl,b7f78774d43791cb9a55d849674828e19cf857cac0dfb053758a4813be32a578,work/r23-power-integration/harness/ntc_splices/NTC_接续与加工图册.pdf,
R23_RT2_2_SPLICE_SAC305_FILLET,trunk_base,ntc_splice_installed,"SAC305 solder nominal fixed fill envelope, qualified wetting process",True,按本件源CAD与材料/工艺合同评审,work/r23-power-integration/harness/ntc_splices/manifest.json,work/r23-power-integration/harness/ntc_splices/STEP_毫米/R23_RT2_2_SPLICE_SAC305_FILLET.step,,work/r23-power-integration/harness/ntc_splices/STL_装配坐标_毫米/R23_RT2_2_SPLICE_SAC305_FILLET.stl,ffe8987ac46294cdb107cd0a5ba7b05489d54e67af83c6ec5683626203e862c9,work/r23-power-integration/harness/ntc_splices/NTC_接续与加工图册.pdf,
R23_RT3_1_SPLICE_PTFE_RETRACT3,trunk_base,ntc_splice_installed,Retained original PTFE with final3mm arclength sleeve removed,True,按本件源CAD与材料/工艺合同评审,work/r23-power-integration/harness/ntc_splices/manifest.json,work/r23-power-integration/harness/ntc_splices/STEP_毫米/R23_RT3_1_SPLICE_PTFE_RETRACT3.step,,work/r23-power-integration/harness/ntc_splices/STL_装配坐标_毫米/R23_RT3_1_SPLICE_PTFE_RETRACT3.stl,da1f7db5350cfa2115fdffc45bfd25e00d0be19fe72332aea261231931b66372,work/r23-power-integration/harness/ntc_splices/NTC_接续与加工图册.pdf,
R23_RT3_1_SPLICE_TE28_JACKET_ROUTE,trunk_base,ntc_splice_installed,"Original TE28 route maximum jacket occupancy, first1.35mm stripped",True,按本件源CAD与材料/工艺合同评审,work/r23-power-integration/harness/ntc_splices/manifest.json,work/r23-power-integration/harness/ntc_splices/STEP_毫米/R23_RT3_1_SPLICE_TE28_JACKET_ROUTE.step,,work/r23-power-integration/harness/ntc_splices/STL_装配坐标_毫米/R23_RT3_1_SPLICE_TE28_JACKET_ROUTE.stl,d4e981fa43929939d03d7acb06268097146545750a796591ed15649ae779bda6,work/r23-power-integration/harness/ntc_splices/NTC_接续与加工图册.pdf,
R23_RT3_1_SPLICE_TE28_BARE_CORE,trunk_base,ntc_splice_installed,Tin-coated stranded copper bundle maxD.4064 static lap envelope; sevenAWG36 original conductor,True,按本件源CAD与材料/工艺合同评审,work/r23-power-integration/harness/ntc_splices/manifest.json,work/r23-power-integration/harness/ntc_splices/STEP_毫米/R23_RT3_1_SPLICE_TE28_BARE_CORE.step,,work/r23-power-integration/harness/ntc_splices/STL_装配坐标_毫米/R23_RT3_1_SPLICE_TE28_BARE_CORE.stl,f2f53b83b07672bbac272c13b5070fbd16465368d659ba9df4830d5cf6e0cba0,work/r23-power-integration/harness/ntc_splices/NTC_接续与加工图册.pdf,
R23_RT3_1_SPLICE_SAC305_FILLET,trunk_base,ntc_splice_installed,"SAC305 solder nominal fixed fill envelope, qualified wetting process",True,按本件源CAD与材料/工艺合同评审,work/r23-power-integration/harness/ntc_splices/manifest.json,work/r23-power-integration/harness/ntc_splices/STEP_毫米/R23_RT3_1_SPLICE_SAC305_FILLET.step,,work/r23-power-integration/harness/ntc_splices/STL_装配坐标_毫米/R23_RT3_1_SPLICE_SAC305_FILLET.stl,f79ef5d8e93f9f63d47e7ba123673bdae89a73802f0ed956d9c4fce5deb438a3,work/r23-power-integration/harness/ntc_splices/NTC_接续与加工图册.pdf,
R23_RT3_2_SPLICE_PTFE_RETRACT3,trunk_base,ntc_splice_installed,Retained original PTFE with final3mm arclength sleeve removed,True,按本件源CAD与材料/工艺合同评审,work/r23-power-integration/harness/ntc_splices/manifest.json,work/r23-power-integration/harness/ntc_splices/STEP_毫米/R23_RT3_2_SPLICE_PTFE_RETRACT3.step,,work/r23-power-integration/harness/ntc_splices/STL_装配坐标_毫米/R23_RT3_2_SPLICE_PTFE_RETRACT3.stl,d248ad308a386645d38ee4fde0e6114675837d582ca42734ba8f0ae2b5d99f77,work/r23-power-integration/harness/ntc_splices/NTC_接续与加工图册.pdf,
R23_RT3_2_SPLICE_TE28_JACKET_ROUTE,trunk_base,ntc_splice_installed,"Original TE28 route maximum jacket occupancy, first1.35mm stripped",True,按本件源CAD与材料/工艺合同评审,work/r23-power-integration/harness/ntc_splices/manifest.json,work/r23-power-integration/harness/ntc_splices/STEP_毫米/R23_RT3_2_SPLICE_TE28_JACKET_ROUTE.step,,work/r23-power-integration/harness/ntc_splices/STL_装配坐标_毫米/R23_RT3_2_SPLICE_TE28_JACKET_ROUTE.stl,6cc486b17d3e9e30dd0a20247cba2cdeee9e8ec5241e87c0b7cf19b2d5a94c57,work/r23-power-integration/harness/ntc_splices/NTC_接续与加工图册.pdf,
R23_RT3_2_SPLICE_TE28_BARE_CORE,trunk_base,ntc_splice_installed,Tin-coated stranded copper bundle maxD.4064 static lap envelope; sevenAWG36 original conductor,True,按本件源CAD与材料/工艺合同评审,work/r23-power-integration/harness/ntc_splices/manifest.json,work/r23-power-integration/harness/ntc_splices/STEP_毫米/R23_RT3_2_SPLICE_TE28_BARE_CORE.step,,work/r23-power-integration/harness/ntc_splices/STL_装配坐标_毫米/R23_RT3_2_SPLICE_TE28_BARE_CORE.stl,4e493477255d13da04aa642ff20e639c15b37aa38f01f7813df3807893641b4e,work/r23-power-integration/harness/ntc_splices/NTC_接续与加工图册.pdf,
R23_RT3_2_SPLICE_SAC305_FILLET,trunk_base,ntc_splice_installed,"SAC305 solder nominal fixed fill envelope, qualified wetting process",True,按本件源CAD与材料/工艺合同评审,work/r23-power-integration/harness/ntc_splices/manifest.json,work/r23-power-integration/harness/ntc_splices/STEP_毫米/R23_RT3_2_SPLICE_SAC305_FILLET.step,,work/r23-power-integration/harness/ntc_splices/STL_装配坐标_毫米/R23_RT3_2_SPLICE_SAC305_FILLET.stl,dfc76c691de70d9d1f6f3042f1ab3a99d3123d7cc9ddea5dcd325a2c5cac3e4c,work/r23-power-integration/harness/ntc_splices/NTC_接续与加工图册.pdf,
R23_RT1_HOST_WITH_NTC_STRAIN_RELIEF,trunk_base,ntc_splice_installed,"Unfilled PEEK450G actual machined host/cap, modified per source",True,按本件源CAD与材料/工艺合同评审,work/r23-power-integration/harness/ntc_splices/manifest.json,work/r23-power-integration/harness/ntc_splices/STEP_毫米/R23_RT1_HOST_WITH_NTC_STRAIN_RELIEF.step,,work/r23-power-integration/harness/ntc_splices/STL_装配坐标_毫米/R23_RT1_HOST_WITH_NTC_STRAIN_RELIEF.stl,bf6e8aaf15d76d06ee967c779b020fb4897e978363119f380e4773518bc0e465,work/r23-power-integration/harness/ntc_splices/NTC_接续与加工图册.pdf,
R23_RT1_NTC_REMOVABLE_CAP,trunk_base,ntc_splice_installed,"Unfilled PEEK450G actual machined host/cap, modified per source",True,按本件源CAD与材料/工艺合同评审,work/r23-power-integration/harness/ntc_splices/manifest.json,work/r23-power-integration/harness/ntc_splices/STEP_毫米/R23_RT1_NTC_REMOVABLE_CAP.step,,work/r23-power-integration/harness/ntc_splices/STL_装配坐标_毫米/R23_RT1_NTC_REMOVABLE_CAP.stl,9f53a72a04b9d5a2253a2de7ecc271f207b66de2d130b0dc8d4e0e2713976c3d,work/r23-power-integration/harness/ntc_splices/NTC_接续与加工图册.pdf,
R23_RT3_HOST_WITH_NTC_STRAIN_RELIEF,trunk_base,ntc_splice_installed,"Unfilled PEEK450G actual machined host/cap, modified per source",True,按本件源CAD与材料/工艺合同评审,work/r23-power-integration/harness/ntc_splices/manifest.json,work/r23-power-integration/harness/ntc_splices/STEP_毫米/R23_RT3_HOST_WITH_NTC_STRAIN_RELIEF.step,,work/r23-power-integration/harness/ntc_splices/STL_装配坐标_毫米/R23_RT3_HOST_WITH_NTC_STRAIN_RELIEF.stl,d6f707df22147401e02349a392a50d69aac4ed8c441a25be416708425cea11f3,work/r23-power-integration/harness/ntc_splices/NTC_接续与加工图册.pdf,
R23_RT3_NTC_REMOVABLE_CAP,trunk_base,ntc_splice_installed,"Unfilled PEEK450G actual machined host/cap, modified per source",True,按本件源CAD与材料/工艺合同评审,work/r23-power-integration/harness/ntc_splices/manifest.json,work/r23-power-integration/harness/ntc_splices/STEP_毫米/R23_RT3_NTC_REMOVABLE_CAP.step,,work/r23-power-integration/harness/ntc_splices/STL_装配坐标_毫米/R23_RT3_NTC_REMOVABLE_CAP.stl,76f9cb0284b760df884075579be8b8bd9d35ff55a6e75656a3e43040080d6cf9,work/r23-power-integration/harness/ntc_splices/NTC_接续与加工图册.pdf,
R23_RT1_1_NTC_VMQ_LOW,trunk_base,ntc_splice_installed,VMQ50A .25mm free sheet selected to actual TE28OD; nominal19.32% radial compression,True,按本件源CAD与材料/工艺合同评审,work/r23-power-integration/harness/ntc_splices/manifest.json,work/r23-power-integration/harness/ntc_splices/STEP_毫米/R23_RT1_1_NTC_VMQ_LOW.step,,work/r23-power-integration/harness/ntc_splices/STL_装配坐标_毫米/R23_RT1_1_NTC_VMQ_LOW.stl,848a3b863e2c8484e48394650996560a5206da0b123ed23102febc76408f641d,work/r23-power-integration/harness/ntc_splices/NTC_接续与加工图册.pdf,
R23_RT1_1_NTC_VMQ_HIGH,trunk_base,ntc_splice_installed,VMQ50A .25mm free sheet selected to actual TE28OD; nominal19.32% radial compression,True,按本件源CAD与材料/工艺合同评审,work/r23-power-integration/harness/ntc_splices/manifest.json,work/r23-power-integration/harness/ntc_splices/STEP_毫米/R23_RT1_1_NTC_VMQ_HIGH.step,,work/r23-power-integration/harness/ntc_splices/STL_装配坐标_毫米/R23_RT1_1_NTC_VMQ_HIGH.stl,a20c94cefff6ba9b9a964bcae6f2645d779c0e65f2637b06161a92e43ee5fa46,work/r23-power-integration/harness/ntc_splices/NTC_接续与加工图册.pdf,
R23_RT1_2_NTC_VMQ_LOW,trunk_base,ntc_splice_installed,VMQ50A .25mm free sheet selected to actual TE28OD; nominal19.32% radial compression,True,按本件源CAD与材料/工艺合同评审,work/r23-power-integration/harness/ntc_splices/manifest.json,work/r23-power-integration/harness/ntc_splices/STEP_毫米/R23_RT1_2_NTC_VMQ_LOW.step,,work/r23-power-integration/harness/ntc_splices/STL_装配坐标_毫米/R23_RT1_2_NTC_VMQ_LOW.stl,daff39bead8999f3efdee6885f50c283a70dc8f730f39143f08f628521907ae6,work/r23-power-integration/harness/ntc_splices/NTC_接续与加工图册.pdf,
R23_RT1_2_NTC_VMQ_HIGH,trunk_base,ntc_splice_installed,VMQ50A .25mm free sheet selected to actual TE28OD; nominal19.32% radial compression,True,按本件源CAD与材料/工艺合同评审,work/r23-power-integration/harness/ntc_splices/manifest.json,work/r23-power-integration/harness/ntc_splices/STEP_毫米/R23_RT1_2_NTC_VMQ_HIGH.step,,work/r23-power-integration/harness/ntc_splices/STL_装配坐标_毫米/R23_RT1_2_NTC_VMQ_HIGH.stl,9c44f6443516f244ab143bb308d874a937c464b4095772df030f41f95038f20a,work/r23-power-integration/harness/ntc_splices/NTC_接续与加工图册.pdf,
R23_RT1_NTC_CAP_BOLT_1,trunk_base,ntc_splice_installed,Accu SIPM-M1.2-3-PEEK,True,按本件源CAD与材料/工艺合同评审,work/r23-power-integration/harness/ntc_splices/manifest.json,work/r23-power-integration/harness/ntc_splices/STEP_毫米/R23_RT1_NTC_CAP_BOLT_1.step,,work/r23-power-integration/harness/ntc_splices/STL_装配坐标_毫米/R23_RT1_NTC_CAP_BOLT_1.stl,3c7540642a817b375479ab022f271a28d58d4e310471b956364843867efde646,work/r23-power-integration/harness/ntc_splices/NTC_接续与加工图册.pdf,
R23_RT1_NTC_CAP_BOLT_2,trunk_base,ntc_splice_installed,Accu SIPM-M1.2-3-PEEK,True,按本件源CAD与材料/工艺合同评审,work/r23-power-integration/harness/ntc_splices/manifest.json,work/r23-power-integration/harness/ntc_splices/STEP_毫米/R23_RT1_NTC_CAP_BOLT_2.step,,work/r23-power-integration/harness/ntc_splices/STL_装配坐标_毫米/R23_RT1_NTC_CAP_BOLT_2.stl,fe3d35edf8add5c26ec79cc5cba769c99766a496395e8bbb98b1be08ff6e4ea3,work/r23-power-integration/harness/ntc_splices/NTC_接续与加工图册.pdf,
R23_RT3_1_NTC_VMQ_LOW,trunk_base,ntc_splice_installed,VMQ50A .25mm free sheet selected to actual TE28OD; nominal19.32% radial compression,True,按本件源CAD与材料/工艺合同评审,work/r23-power-integration/harness/ntc_splices/manifest.json,work/r23-power-integration/harness/ntc_splices/STEP_毫米/R23_RT3_1_NTC_VMQ_LOW.step,,work/r23-power-integration/harness/ntc_splices/STL_装配坐标_毫米/R23_RT3_1_NTC_VMQ_LOW.stl,4ee1363f47497ded4baf8d84016a01a9b4f829ab19199ac586f667dc6fcb8b2f,work/r23-power-integration/harness/ntc_splices/NTC_接续与加工图册.pdf,
R23_RT3_1_NTC_VMQ_HIGH,trunk_base,ntc_splice_installed,VMQ50A .25mm free sheet selected to actual TE28OD; nominal19.32% radial compression,True,按本件源CAD与材料/工艺合同评审,work/r23-power-integration/harness/ntc_splices/manifest.json,work/r23-power-integration/harness/ntc_splices/STEP_毫米/R23_RT3_1_NTC_VMQ_HIGH.step,,work/r23-power-integration/harness/ntc_splices/STL_装配坐标_毫米/R23_RT3_1_NTC_VMQ_HIGH.stl,7f7119f0b0b3ba44f937448be5c3e5c123341d54b087240badd92363ff627825,work/r23-power-integration/harness/ntc_splices/NTC_接续与加工图册.pdf,
R23_RT3_2_NTC_VMQ_LOW,trunk_base,ntc_splice_installed,VMQ50A .25mm free sheet selected to actual TE28OD; nominal19.32% radial compression,True,按本件源CAD与材料/工艺合同评审,work/r23-power-integration/harness/ntc_splices/manifest.json,work/r23-power-integration/harness/ntc_splices/STEP_毫米/R23_RT3_2_NTC_VMQ_LOW.step,,work/r23-power-integration/harness/ntc_splices/STL_装配坐标_毫米/R23_RT3_2_NTC_VMQ_LOW.stl,0b26cdf7aa4c04aa48c1d9caca7ab12115428aa3bae1eb8d264c02cccfffb02e,work/r23-power-integration/harness/ntc_splices/NTC_接续与加工图册.pdf,
R23_RT3_2_NTC_VMQ_HIGH,trunk_base,ntc_splice_installed,VMQ50A .25mm free sheet selected to actual TE28OD; nominal19.32% radial compression,True,按本件源CAD与材料/工艺合同评审,work/r23-power-integration/harness/ntc_splices/manifest.json,work/r23-power-integration/harness/ntc_splices/STEP_毫米/R23_RT3_2_NTC_VMQ_HIGH.step,,work/r23-power-integration/harness/ntc_splices/STL_装配坐标_毫米/R23_RT3_2_NTC_VMQ_HIGH.stl,e66325e64ea119b93c61e96463747bef992bf8646464d77d434c377b2772cb4e,work/r23-power-integration/harness/ntc_splices/NTC_接续与加工图册.pdf,
R23_RT3_NTC_CAP_BOLT_1,trunk_base,ntc_splice_installed,Accu SIP-M1.6-4-A4,True,按本件源CAD与材料/工艺合同评审,work/r23-power-integration/harness/ntc_splices/manifest.json,work/r23-power-integration/harness/ntc_splices/STEP_毫米/R23_RT3_NTC_CAP_BOLT_1.step,,work/r23-power-integration/harness/ntc_splices/STL_装配坐标_毫米/R23_RT3_NTC_CAP_BOLT_1.stl,763eb1300f0328f7ccdf9965a8b3151450749ab6841961a2b81a95a0db7c9a0e,work/r23-power-integration/harness/ntc_splices/NTC_接续与加工图册.pdf,
R23_RT2_1_NTC_VMQ_LOW,trunk_base,ntc_splice_installed,VMQ50A .25mm free sheet selected to actual TE28OD; nominal19.32% radial compression,True,按本件源CAD与材料/工艺合同评审,work/r23-power-integration/harness/ntc_splices/manifest.json,work/r23-power-integration/harness/ntc_splices/STEP_毫米/R23_RT2_1_NTC_VMQ_LOW.step,,work/r23-power-integration/harness/ntc_splices/STL_装配坐标_毫米/R23_RT2_1_NTC_VMQ_LOW.stl,453590573ca9d7abda9eb1a7edee4b1b9ac6136f826f651f1866e4fb107a2997,work/r23-power-integration/harness/ntc_splices/NTC_接续与加工图册.pdf,
R23_RT2_1_NTC_VMQ_HIGH,trunk_base,ntc_splice_installed,VMQ50A .25mm free sheet selected to actual TE28OD; nominal19.32% radial compression,True,按本件源CAD与材料/工艺合同评审,work/r23-power-integration/harness/ntc_splices/manifest.json,work/r23-power-integration/harness/ntc_splices/STEP_毫米/R23_RT2_1_NTC_VMQ_HIGH.step,,work/r23-power-integration/harness/ntc_splices/STL_装配坐标_毫米/R23_RT2_1_NTC_VMQ_HIGH.stl,49bc4a01a42511c50108a62b256e5a9d203f291ac65e317da5f85b2a093ca24c,work/r23-power-integration/harness/ntc_splices/NTC_接续与加工图册.pdf,
R23_RT2_2_NTC_VMQ_LOW,trunk_base,ntc_splice_installed,VMQ50A .25mm free sheet selected to actual TE28OD; nominal19.32% radial compression,True,按本件源CAD与材料/工艺合同评审,work/r23-power-integration/harness/ntc_splices/manifest.json,work/r23-power-integration/harness/ntc_splices/STEP_毫米/R23_RT2_2_NTC_VMQ_LOW.step,,work/r23-power-integration/harness/ntc_splices/STL_装配坐标_毫米/R23_RT2_2_NTC_VMQ_LOW.stl,9c78a747289963238683cb12d1c49813b0d2d95459db1d99846aeec296228aa1,work/r23-power-integration/harness/ntc_splices/NTC_接续与加工图册.pdf,
R23_RT2_2_NTC_VMQ_HIGH,trunk_base,ntc_splice_installed,VMQ50A .25mm free sheet selected to actual TE28OD; nominal19.32% radial compression,True,按本件源CAD与材料/工艺合同评审,work/r23-power-integration/harness/ntc_splices/manifest.json,work/r23-power-integration/harness/ntc_splices/STEP_毫米/R23_RT2_2_NTC_VMQ_HIGH.step,,work/r23-power-integration/harness/ntc_splices/STL_装配坐标_毫米/R23_RT2_2_NTC_VMQ_HIGH.stl,b746ad218edf9604df7b8a30bf33a3c2125f914b4913cdd79f293c5b3894b787,work/r23-power-integration/harness/ntc_splices/NTC_接续与加工图册.pdf,
R23_RT2_1_PTFE2049_1_LACING_MAX,trunk_base,ntc_splice_installed,Daburn2049-1-A PTFE flat braid maximum installed loop/knot acceptance occupancy,True,参考/器件外包络：按原器件BOM采购，不按外形体积制件或计重,work/r23-power-integration/harness/ntc_splices/manifest.json,work/r23-power-integration/harness/ntc_splices/STEP_毫米/R23_RT2_1_PTFE2049_1_LACING_MAX.step,,work/r23-power-integration/harness/ntc_splices/STL_装配坐标_毫米/R23_RT2_1_PTFE2049_1_LACING_MAX.stl,7d7282ea52a65e7f8c5ab6b5167de85b3d86d69af3df97ee64b04717b44e746b,work/r23-power-integration/harness/ntc_splices/NTC_接续与加工图册.pdf,
R23_RT2_2_PTFE2049_1_LACING_MAX,trunk_base,ntc_splice_installed,Daburn2049-1-A PTFE flat braid maximum installed loop/knot acceptance occupancy,True,参考/器件外包络：按原器件BOM采购，不按外形体积制件或计重,work/r23-power-integration/harness/ntc_splices/manifest.json,work/r23-power-integration/harness/ntc_splices/STEP_毫米/R23_RT2_2_PTFE2049_1_LACING_MAX.step,,work/r23-power-integration/harness/ntc_splices/STL_装配坐标_毫米/R23_RT2_2_PTFE2049_1_LACING_MAX.stl,95f2c31e983449951345df1bf1e893386192b13c5f85eb73156b997f2e6f9662,work/r23-power-integration/harness/ntc_splices/NTC_接续与加工图册.pdf,
R23_Tc_RT2_copper_link_measured_length_NTC_SPLICE_CLEARANCE,trunk_base,ntc_splice_installed,C110 copper isolated from all electrical nets,True,按本件源CAD与材料/工艺合同评审,work/r23-power-integration/harness/ntc_splices/manifest.json,work/r23-power-integration/harness/ntc_splices/STEP_毫米/R23_Tc_RT2_copper_link_measured_length_NTC_SPLICE_CLEARANCE.step,,work/r23-power-integration/harness/ntc_splices/STL_装配坐标_毫米/R23_Tc_RT2_copper_link_measured_length_NTC_SPLICE_CLEARANCE.stl,4dbfac4a4dd35efb93e41bbf3a556a50c74098a836a87ac5900e2f8c71f8fb71,work/r23-power-integration/harness/ntc_splices/NTC_接续与加工图册.pdf,
R23_Tc_RT2_Kapton_125um_NTC_SPLICE_CLEARANCE,trunk_base,ntc_splice_installed,KaptonHN125um minimum completed insulation,True,按本件源CAD与材料/工艺合同评审,work/r23-power-integration/harness/ntc_splices/manifest.json,work/r23-power-integration/harness/ntc_splices/STEP_毫米/R23_Tc_RT2_Kapton_125um_NTC_SPLICE_CLEARANCE.step,,work/r23-power-integration/harness/ntc_splices/STL_装配坐标_毫米/R23_Tc_RT2_Kapton_125um_NTC_SPLICE_CLEARANCE.stl,c8f78ebd6d3c6c03c6a67a330d25b9124138690a4101a1dc721e5ceeb8a8be53,work/r23-power-integration/harness/ntc_splices/NTC_接续与加工图册.pdf,
R23_RT1_1_SPLICE_RNF3000_INSTALLED,trunk_base,ntc_splice_installed,"TE RNF3000-1.5/0.5, installed OD<=2.2mm acceptance envelope, as-supplied sleeve before solder",True,按本件源CAD与材料/工艺合同评审,work/r23-power-integration/harness/ntc_splices/material_spec_correction/manifest.json,work/r23-power-integration/harness/ntc_splices/STEP_毫米/R23_RT1_1_SPLICE_RNF3000_INSTALLED.step,,work/r23-power-integration/harness/ntc_splices/STL_装配坐标_毫米/R23_RT1_1_SPLICE_RNF3000_INSTALLED.stl,be78211265d8082e4966cf42b51441829d4c68717e7d2db8240b81cd4decbe2c,work/r23-power-integration/harness/ntc_splices/material_spec_correction/NTC_热缩规格勘误.pdf,
R23_RT1_2_SPLICE_RNF3000_INSTALLED,trunk_base,ntc_splice_installed,"TE RNF3000-1.5/0.5, installed OD<=2.2mm acceptance envelope, as-supplied sleeve before solder",True,按本件源CAD与材料/工艺合同评审,work/r23-power-integration/harness/ntc_splices/material_spec_correction/manifest.json,work/r23-power-integration/harness/ntc_splices/STEP_毫米/R23_RT1_2_SPLICE_RNF3000_INSTALLED.step,,work/r23-power-integration/harness/ntc_splices/STL_装配坐标_毫米/R23_RT1_2_SPLICE_RNF3000_INSTALLED.stl,ff2d6e73ca3b9c07ba42ca0396e0eb26acb087196cc3f6e71b3923d5dd3df210,work/r23-power-integration/harness/ntc_splices/material_spec_correction/NTC_热缩规格勘误.pdf,
R23_RT2_1_SPLICE_RNF3000_INSTALLED,trunk_base,ntc_splice_installed,"TE RNF3000-1.5/0.5, installed OD<=2.2mm acceptance envelope, as-supplied sleeve before solder",True,按本件源CAD与材料/工艺合同评审,work/r23-power-integration/harness/ntc_splices/material_spec_correction/manifest.json,work/r23-power-integration/harness/ntc_splices/STEP_毫米/R23_RT2_1_SPLICE_RNF3000_INSTALLED.step,,work/r23-power-integration/harness/ntc_splices/STL_装配坐标_毫米/R23_RT2_1_SPLICE_RNF3000_INSTALLED.stl,7426525dd0908b97af7e5eb520e916ca3685a4c149b1ceadd9ba6ac34caa2dd0,work/r23-power-integration/harness/ntc_splices/material_spec_correction/NTC_热缩规格勘误.pdf,
R23_RT2_2_SPLICE_RNF3000_INSTALLED,trunk_base,ntc_splice_installed,"TE RNF3000-1.5/0.5, installed OD<=2.2mm acceptance envelope, as-supplied sleeve before solder",True,按本件源CAD与材料/工艺合同评审,work/r23-power-integration/harness/ntc_splices/material_spec_correction/manifest.json,work/r23-power-integration/harness/ntc_splices/STEP_毫米/R23_RT2_2_SPLICE_RNF3000_INSTALLED.step,,work/r23-power-integration/harness/ntc_splices/STL_装配坐标_毫米/R23_RT2_2_SPLICE_RNF3000_INSTALLED.stl,00d37ec158ac3f600b4160524e26b71948080331dea01b833eeb26872dfbb4f7,work/r23-power-integration/harness/ntc_splices/material_spec_correction/NTC_热缩规格勘误.pdf,
R23_RT3_1_SPLICE_RNF3000_INSTALLED,trunk_base,ntc_splice_installed,"TE RNF3000-1.5/0.5, installed OD<=2.2mm acceptance envelope, as-supplied sleeve before solder",True,按本件源CAD与材料/工艺合同评审,work/r23-power-integration/harness/ntc_splices/material_spec_correction/manifest.json,work/r23-power-integration/harness/ntc_splices/STEP_毫米/R23_RT3_1_SPLICE_RNF3000_INSTALLED.step,,work/r23-power-integration/harness/ntc_splices/STL_装配坐标_毫米/R23_RT3_1_SPLICE_RNF3000_INSTALLED.stl,3b65d87740418ba89422444f03bf23edd74c3530400ba381733e00b72ba2e243,work/r23-power-integration/harness/ntc_splices/material_spec_correction/NTC_热缩规格勘误.pdf,
R23_RT3_2_SPLICE_RNF3000_INSTALLED,trunk_base,ntc_splice_installed,"TE RNF3000-1.5/0.5, installed OD<=2.2mm acceptance envelope, as-supplied sleeve before solder",True,按本件源CAD与材料/工艺合同评审,work/r23-power-integration/harness/ntc_splices/material_spec_correction/manifest.json,work/r23-power-integration/harness/ntc_splices/STEP_毫米/R23_RT3_2_SPLICE_RNF3000_INSTALLED.step,,work/r23-power-integration/harness/ntc_splices/STL_装配坐标_毫米/R23_RT3_2_SPLICE_RNF3000_INSTALLED.stl,c24eede92d04e96f9e6c3dcc0eb5a787e60517c82b77d12b343f3f2703109e4f,work/r23-power-integration/harness/ntc_splices/material_spec_correction/NTC_热缩规格勘误.pdf,
R23_LOWER_BAT_1_THERMAL_CLEARANCE,trunk_base,wire_route,TE55A0111 AWG18/AWG16 maxOD and finished splice process-envelope D5 x L21,True,按本件源CAD与材料/工艺合同评审,work/r23-power-integration/harness/thermal_tail_clearance/battery1_passage_final/manifest.json,work/r23-power-integration/harness/thermal_tail_clearance/battery1_passage_final/STEP_毫米/R23_LOWER_BAT_1_THERMAL_CLEARANCE.step,,work/r23-power-integration/harness/thermal_tail_clearance/battery1_passage_final/STL_装配坐标_毫米/R23_LOWER_BAT_1_THERMAL_CLEARANCE.stl,3fcfc074530a7ec7ca887a6687f65de2c224b1c05ef47df1ccb3204f3ee39405,work/r23-power-integration/harness/thermal_tail_clearance/battery1_passage_final/R23_J01护口与电容托架_制造装配图册.pdf,"Original D5x21 splice, J0 first turn, source pin mapping and final guide12 retained; exact local R12 S rise2.2mm between original splice and original rising turn. Route is not a printed part."
R23_C101_PEEK_cradle_J01_clearance,trunk_base,installed_derived_cradle,"unfilled PEEK, nominal Victrex450G-type stock",True,按本件源CAD与材料/工艺合同评审,work/r23-power-integration/harness/thermal_tail_clearance/battery1_passage_final/manifest.json,work/r23-power-integration/harness/thermal_tail_clearance/battery1_passage_final/STEP_毫米/R23_C101_PEEK_cradle_J01_clearance.step,,work/r23-power-integration/harness/thermal_tail_clearance/battery1_passage_final/STL_装配坐标_毫米/R23_C101_PEEK_cradle_J01_clearance.stl,a94b34e972674aad6f3c30d6c36d5ad70b93d7c963087a5c5027757528d4ecbe,work/r23-power-integration/harness/thermal_tail_clearance/battery1_passage_final/R23_J01护口与电容托架_制造装配图册.pdf,"Only source-native free beam edge x<0.406 is relieved by R1.75 end mill parallel to board normal. H1 boss begins x0.5; both complete bosses, saddles, lacing tunnels and vent interfaces retained. No PCB hole or mounting change."
R23_J01_passage_VMQ_INSTALLED,trunk_base,installed_seal,"Momentive RTV615 10:1 nominal44ShA, custom moulded selected feedthrough",True,按本件源CAD与材料/工艺合同评审,work/r23-power-integration/harness/thermal_tail_clearance/battery1_passage_final/manifest.json,work/r23-power-integration/harness/thermal_tail_clearance/battery1_passage_final/STEP_毫米/R23_J01_passage_VMQ_INSTALLED.step,,work/r23-power-integration/harness/thermal_tail_clearance/battery1_passage_final/STL_装配坐标_毫米/R23_J01_passage_VMQ_INSTALLED.stl,84be5c5e7551513fc3fc8a3aa2d69d5dad5c213297899fddc2117b307af1b2a0,work/r23-power-integration/harness/thermal_tail_clearance/battery1_passage_final/R23_J01护口与电容托架_制造装配图册.pdf,Two D-flat lips positively capture4.4mm integral PEEK wall with the flat facing world-Y; route strain relief is separate at splice support. Nominal volume-conserving installed envelope with compliant bore following actual curved R12 wire; free mould bore is straight. Not solved elasticity.
R23_DUAL_SPLICE_7075_KEYED_SUPPORT,trunk_base,manufacturing_candidate,"7075-T651 machined billet, proof stress >=400 MPa at service temperature is an acceptance requirement",True,按本件源CAD与材料/工艺合同评审,work/r23-power-integration/harness/thermal_tail_clearance/battery_splice_supports/manifest.json,work/r23-power-integration/harness/thermal_tail_clearance/battery_splice_supports/STEP_毫米/R23_DUAL_SPLICE_7075_KEYED_SUPPORT.step,,work/r23-power-integration/harness/thermal_tail_clearance/battery_splice_supports/STL_装配坐标_毫米/R23_DUAL_SPLICE_7075_KEYED_SUPPORT.stl,c2f614b3a60e4fead5f83e1097a7743cda7871cb94df11a46f128a39bae24cd8,,"Standalone support; J9 host is unchanged. 2 mm tab on original root beam; side/end stop faces locate against original beam, D2.7 bolt clearance. Original M2.5x8 and washer are replaced by compensated M2.5x10 and raised washer. Four 2 mm wide band grooves; nominal depth 0.3 mm. D3.6 vertical near-bolt tool relief above Z40; original far bolt must be tightened before mounting this support. Finished groove/web and keyed fit require inspection."
R23_SPLICE_1_PEEK_FORMED_LINER,trunk_base,manufacturing_candidate,Unfilled PEEK 0.25 mm formed liner,True,按本件源CAD与材料/工艺合同评审,work/r23-power-integration/harness/thermal_tail_clearance/battery_splice_supports/manifest.json,work/r23-power-integration/harness/thermal_tail_clearance/battery_splice_supports/STEP_毫米/R23_SPLICE_1_PEEK_FORMED_LINER.step,,work/r23-power-integration/harness/thermal_tail_clearance/battery_splice_supports/STL_装配坐标_毫米/R23_SPLICE_1_PEEK_FORMED_LINER.stl,333d2abcebdf9fe7cb1b329e30d1c25524210a131d650a14f8c59c18f3acef48,,"Continuous formed liner captured by the two lacing loops on this splice. J0_2 liner spans the relieved middle bed; no added material between the two splices. Stock forming, edge finish and captive installation are acceptance items."
R23_SPLICE_1_VMQ_LINER_INSTALLED,trunk_base,manufacturing_candidate,"VMQ 50A, nominal free 0.35 mm / installed 0.25 mm, density 1.13 g/cm3 scenario",True,按本件源CAD与材料/工艺合同评审,work/r23-power-integration/harness/thermal_tail_clearance/battery_splice_supports/manifest.json,work/r23-power-integration/harness/thermal_tail_clearance/battery_splice_supports/STEP_毫米/R23_SPLICE_1_VMQ_LINER_INSTALLED.step,,work/r23-power-integration/harness/thermal_tail_clearance/battery_splice_supports/STL_装配坐标_毫米/R23_SPLICE_1_VMQ_LINER_INSTALLED.stl,9451c91ba4dce9488f7ce96769cc5782c8e994abe37b9a25e6f916ccf198c351,,"Installed geometry is compressed reference. Physical mass uses the same-planform 0.35 mm free stock, not installed volume. D5 is a maximum acceptance envelope, not a guaranteed real crimp diameter; actual diameter and graded liner thickness must preserve the centerline and 15–30% compression."
R23_SPLICE_2_PEEK_FORMED_LINER,trunk_base,manufacturing_candidate,Unfilled PEEK 0.25 mm formed liner,True,按本件源CAD与材料/工艺合同评审,work/r23-power-integration/harness/thermal_tail_clearance/battery_splice_supports/manifest.json,work/r23-power-integration/harness/thermal_tail_clearance/battery_splice_supports/STEP_毫米/R23_SPLICE_2_PEEK_FORMED_LINER.step,,work/r23-power-integration/harness/thermal_tail_clearance/battery_splice_supports/STL_装配坐标_毫米/R23_SPLICE_2_PEEK_FORMED_LINER.stl,69edd364128bd18d8d259d98d21233eef470bd8346e57e84629ee0d4eaaa7665,,"Continuous formed liner captured by the two lacing loops on this splice. J0_2 liner spans the relieved middle bed; no added material between the two splices. Stock forming, edge finish and captive installation are acceptance items."
R23_SPLICE_2_VMQ_LINER_INSTALLED,trunk_base,manufacturing_candidate,"VMQ 50A, nominal free 0.35 mm / installed 0.25 mm, density 1.13 g/cm3 scenario",True,按本件源CAD与材料/工艺合同评审,work/r23-power-integration/harness/thermal_tail_clearance/battery_splice_supports/manifest.json,work/r23-power-integration/harness/thermal_tail_clearance/battery_splice_supports/STEP_毫米/R23_SPLICE_2_VMQ_LINER_INSTALLED.step,,work/r23-power-integration/harness/thermal_tail_clearance/battery_splice_supports/STL_装配坐标_毫米/R23_SPLICE_2_VMQ_LINER_INSTALLED.stl,4e5737ae78d7e6e1dd46bce9821f7a483f10e1e263fef9e481979768baba1c63,,"Installed geometry is compressed reference. Physical mass uses the same-planform 0.35 mm free stock, not installed volume. D5 is a maximum acceptance envelope, not a guaranteed real crimp diameter; actual diameter and graded liner thickness must preserve the centerline and 15–30% compression."
R23_SPLICE_LACING_01,trunk_base,installed_lacing_reference,"Daburn 2049-A Type III PTFE lacing, controlled installed envelope width <=1.8288 / thickness <=0.3556 mm",True,按本件源CAD与材料/工艺合同评审,work/r23-power-integration/harness/thermal_tail_clearance/battery_splice_supports/manifest.json,work/r23-power-integration/harness/thermal_tail_clearance/battery_splice_supports/STEP_毫米/R23_SPLICE_LACING_01.step,,work/r23-power-integration/harness/thermal_tail_clearance/battery_splice_supports/STL_装配坐标_毫米/R23_SPLICE_LACING_01.stl,22f1c8e8016a0f7794fb37739a07eda92638c06d229990d4813d8820eadf9947,,"Complete closed loop reference with actual maximum lacing section; installed location is controlled by metal grooves. The 0.08 g engineering budget includes this tie, knot and cut tails; not a manufacturer maximum or measured mass."
R23_SPLICE_LACING_KNOT_01,trunk_base,installed_knot_reference,PTFE tied-knot maximum installed acceptance envelope 2.6 mm cube,True,按本件源CAD与材料/工艺合同评审,work/r23-power-integration/harness/thermal_tail_clearance/battery_splice_supports/manifest.json,work/r23-power-integration/harness/thermal_tail_clearance/battery_splice_supports/STEP_毫米/R23_SPLICE_LACING_KNOT_01.step,,work/r23-power-integration/harness/thermal_tail_clearance/battery_splice_supports/STL_装配坐标_毫米/R23_SPLICE_LACING_KNOT_01.stl,18beec1c646e4e8ef50b388eea2b8474ecff44cad11b64b0870a4c4d3b996fb7,,Separate knot envelope intentionally overlaps its own lacing reference. Mass is included once in the corresponding complete-tie 0.08 g budget.
R23_SPLICE_LACING_02,trunk_base,installed_lacing_reference,"Daburn 2049-A Type III PTFE lacing, controlled installed envelope width <=1.8288 / thickness <=0.3556 mm",True,按本件源CAD与材料/工艺合同评审,work/r23-power-integration/harness/thermal_tail_clearance/battery_splice_supports/manifest.json,work/r23-power-integration/harness/thermal_tail_clearance/battery_splice_supports/STEP_毫米/R23_SPLICE_LACING_02.step,,work/r23-power-integration/harness/thermal_tail_clearance/battery_splice_supports/STL_装配坐标_毫米/R23_SPLICE_LACING_02.stl,cce13f9b13c24e6185b5848987a80f7f4a414710f6f9787fc5fb1bf47e4f8b49,,"Complete closed loop reference with actual maximum lacing section; installed location is controlled by metal grooves. The 0.08 g engineering budget includes this tie, knot and cut tails; not a manufacturer maximum or measured mass."
R23_SPLICE_LACING_KNOT_02,trunk_base,installed_knot_reference,PTFE tied-knot maximum installed acceptance envelope 2.6 mm cube,True,按本件源CAD与材料/工艺合同评审,work/r23-power-integration/harness/thermal_tail_clearance/battery_splice_supports/manifest.json,work/r23-power-integration/harness/thermal_tail_clearance/battery_splice_supports/STEP_毫米/R23_SPLICE_LACING_KNOT_02.step,,work/r23-power-integration/harness/thermal_tail_clearance/battery_splice_supports/STL_装配坐标_毫米/R23_SPLICE_LACING_KNOT_02.stl,e7cd974aad2f4d7e16be7ca27168d38840fd7ffd17eabbd3725ae71f06e0385b,,Separate knot envelope intentionally overlaps its own lacing reference. Mass is included once in the corresponding complete-tie 0.08 g budget.
R23_SPLICE_LACING_03,trunk_base,installed_lacing_reference,"Daburn 2049-A Type III PTFE lacing, controlled installed envelope width <=1.8288 / thickness <=0.3556 mm",True,按本件源CAD与材料/工艺合同评审,work/r23-power-integration/harness/thermal_tail_clearance/battery_splice_supports/manifest.json,work/r23-power-integration/harness/thermal_tail_clearance/battery_splice_supports/STEP_毫米/R23_SPLICE_LACING_03.step,,work/r23-power-integration/harness/thermal_tail_clearance/battery_splice_supports/STL_装配坐标_毫米/R23_SPLICE_LACING_03.stl,ea878bbd2673fddd1b9787eca5b323af91c1207e246b05f7ac523fd0ad08c5be,,"Complete closed loop reference with actual maximum lacing section; installed location is controlled by metal grooves. The 0.08 g engineering budget includes this tie, knot and cut tails; not a manufacturer maximum or measured mass."
R23_SPLICE_LACING_KNOT_03,trunk_base,installed_knot_reference,PTFE tied-knot maximum installed acceptance envelope 2.6 mm cube,True,按本件源CAD与材料/工艺合同评审,work/r23-power-integration/harness/thermal_tail_clearance/battery_splice_supports/manifest.json,work/r23-power-integration/harness/thermal_tail_clearance/battery_splice_supports/STEP_毫米/R23_SPLICE_LACING_KNOT_03.step,,work/r23-power-integration/harness/thermal_tail_clearance/battery_splice_supports/STL_装配坐标_毫米/R23_SPLICE_LACING_KNOT_03.stl,88704c10801ea61478c16c1360980a0860ee2d5659a197fad09412322798c0d2,,Separate knot envelope intentionally overlaps its own lacing reference. Mass is included once in the corresponding complete-tie 0.08 g budget.
R23_SPLICE_LACING_04,trunk_base,installed_lacing_reference,"Daburn 2049-A Type III PTFE lacing, controlled installed envelope width <=1.8288 / thickness <=0.3556 mm",True,按本件源CAD与材料/工艺合同评审,work/r23-power-integration/harness/thermal_tail_clearance/battery_splice_supports/manifest.json,work/r23-power-integration/harness/thermal_tail_clearance/battery_splice_supports/STEP_毫米/R23_SPLICE_LACING_04.step,,work/r23-power-integration/harness/thermal_tail_clearance/battery_splice_supports/STL_装配坐标_毫米/R23_SPLICE_LACING_04.stl,37d9822322b3933df1bdedc077d6302ca531055655c2d02d4ff1a8f515ec1502,,"Complete closed loop reference with actual maximum lacing section; installed location is controlled by metal grooves. The 0.08 g engineering budget includes this tie, knot and cut tails; not a manufacturer maximum or measured mass."
R23_SPLICE_LACING_KNOT_04,trunk_base,installed_knot_reference,PTFE tied-knot maximum installed acceptance envelope 2.6 mm cube,True,按本件源CAD与材料/工艺合同评审,work/r23-power-integration/harness/thermal_tail_clearance/battery_splice_supports/manifest.json,work/r23-power-integration/harness/thermal_tail_clearance/battery_splice_supports/STEP_毫米/R23_SPLICE_LACING_KNOT_04.step,,work/r23-power-integration/harness/thermal_tail_clearance/battery_splice_supports/STL_装配坐标_毫米/R23_SPLICE_LACING_KNOT_04.stl,b12c852c5f7de90ed5ef5f8d20f5f17dd42082166a49dfafed76c59d99c13afd,,Separate knot envelope intentionally overlaps its own lacing reference. Mass is included once in the corresponding complete-tie 0.08 g budget.
R23_SPLICE_HOST_M2p5x10,trunk_base,purchase_reference,A2-70 ISO 4762 M2.5x10 controlled underhead envelope,True,参考/器件外包络：按原器件BOM采购，不按外形体积制件或计重,work/r23-power-integration/harness/thermal_tail_clearance/battery_splice_supports/manifest.json,work/r23-power-integration/harness/thermal_tail_clearance/battery_splice_supports/STEP_毫米/R23_SPLICE_HOST_M2p5x10.step,,work/r23-power-integration/harness/thermal_tail_clearance/battery_splice_supports/STL_装配坐标_毫米/R23_SPLICE_HOST_M2p5x10.stl,01c701ee13eeef681cd64fc5037298c01147fd04fbfb333ec6b74eb8cefba15e,,"Same original tip Z26.5, underhead Z36.5 after adding 2 mm tab. AF2 socket, controlled fillet D3.1x0.4. Original engagement preserved; actual preload and stack require first article."
R23_SPLICE_HOST_WASHER_ID3p2,trunk_base,manufacturing_candidate,303 stainless precision washer ID3.2 OD5 t0.50 +/-0.02,True,按本件源CAD与材料/工艺合同评审,work/r23-power-integration/harness/thermal_tail_clearance/battery_splice_supports/manifest.json,work/r23-power-integration/harness/thermal_tail_clearance/battery_splice_supports/STEP_毫米/R23_SPLICE_HOST_WASHER_ID3p2.step,,work/r23-power-integration/harness/thermal_tail_clearance/battery_splice_supports/STL_装配坐标_毫米/R23_SPLICE_HOST_WASHER_ID3p2.stl,b4dfae72b44b28ec058afe8ef8d5525460e81bdad7d6282ba3d145fb8b002a8d,,"Original specified washer shifted +Z2 mm. Its mass is substituted, not appended."
R23_H05_064_COMPLETE_B5_TERMINATED,jaw_soft,沿用部件,TE55A0111-14 actual ETFE/Cu conductor geometry,True,按本件源CAD与材料/工艺合同评审,work/r23-power-integration/harness/h05_b5_finish/manifest.json,work/r23-power-integration/harness/h05_b5_finish/STEP_毫米/R23_H05_064_COMPLETE_B5_TERMINATED.step,,work/r23-power-integration/harness/h05_b5_finish/STL_装配坐标_毫米/R23_H05_064_COMPLETE_B5_TERMINATED.stl,a93e52723405e861fed02c23edf6eb3dfe46b2a39d85564be311789280fec1c9,,Engineering selected-shape candidate; all dimensions in worldHOME.
R23_H05_065_COMPLETE_B5_TERMINATED,jaw_soft,沿用部件,TE55A0111-14 actual ETFE/Cu conductor geometry,True,按本件源CAD与材料/工艺合同评审,work/r23-power-integration/harness/h05_b5_finish/manifest.json,work/r23-power-integration/harness/h05_b5_finish/STEP_毫米/R23_H05_065_COMPLETE_B5_TERMINATED.step,,work/r23-power-integration/harness/h05_b5_finish/STL_装配坐标_毫米/R23_H05_065_COMPLETE_B5_TERMINATED.stl,bab6353522350445148635a200c55e7c067daf7ed1a5f22039071c89cc6bb4b6,,Engineering selected-shape candidate; all dimensions in worldHOME.
R23_H05_B5_PEEK_REAR_POST_BRIDGE,jaw_soft,沿用部件,PEEK machined insulating spacer/bridge,True,按本件源CAD与材料/工艺合同评审,work/r23-power-integration/harness/h05_b5_finish/manifest.json,work/r23-power-integration/harness/h05_b5_finish/STEP_毫米/R23_H05_B5_PEEK_REAR_POST_BRIDGE.step,,work/r23-power-integration/harness/h05_b5_finish/STL_装配坐标_毫米/R23_H05_B5_PEEK_REAR_POST_BRIDGE.stl,2f43b7026a03822bf73d5eb78569311c3008efa70d71ccab668471f14c3197c7,,Engineering selected-shape candidate; all dimensions in worldHOME.
R23_H05_B5_1_VMQ,jaw_soft,沿用部件,VMQ50A rear-half liner; 20% thickness compression matched OD,True,按本件源CAD与材料/工艺合同评审,work/r23-power-integration/harness/h05_b5_finish/manifest.json,work/r23-power-integration/harness/h05_b5_finish/STEP_毫米/R23_H05_B5_1_VMQ.step,,work/r23-power-integration/harness/h05_b5_finish/STL_装配坐标_毫米/R23_H05_B5_1_VMQ.stl,b0b7ce87b1dcc81cb9a607eae3a0948bc0e3fd6b45b1b9db63fb2816446ef2a2,,Engineering selected-shape candidate; all dimensions in worldHOME.
R23_H05_B5_1_PTFE_LACING_AND_KNOT_MAX,jaw_soft,沿用部件,TE2049A PTFE flat lacing .2mm and bounding knot process profile,True,按本件源CAD与材料/工艺合同评审,work/r23-power-integration/harness/h05_b5_finish/manifest.json,work/r23-power-integration/harness/h05_b5_finish/STEP_毫米/R23_H05_B5_1_PTFE_LACING_AND_KNOT_MAX.step,,work/r23-power-integration/harness/h05_b5_finish/STL_装配坐标_毫米/R23_H05_B5_1_PTFE_LACING_AND_KNOT_MAX.stl,5112c07797da1adef376b61fe1a5e86f8c5e981108d829e0f8bf379212bc452d,,Engineering selected-shape candidate; all dimensions in worldHOME.
R23_H05_B5_2_VMQ,jaw_soft,沿用部件,VMQ50A rear-half liner; 20% thickness compression matched OD,True,按本件源CAD与材料/工艺合同评审,work/r23-power-integration/harness/h05_b5_finish/manifest.json,work/r23-power-integration/harness/h05_b5_finish/STEP_毫米/R23_H05_B5_2_VMQ.step,,work/r23-power-integration/harness/h05_b5_finish/STL_装配坐标_毫米/R23_H05_B5_2_VMQ.stl,cc367a544c4a9acb36ffc0a9b8a70763af620e533cb0db58f150355304889967,,Engineering selected-shape candidate; all dimensions in worldHOME.
R23_H05_B5_2_PTFE_LACING_AND_KNOT_MAX,jaw_soft,沿用部件,TE2049A PTFE flat lacing .2mm and bounding knot process profile,True,按本件源CAD与材料/工艺合同评审,work/r23-power-integration/harness/h05_b5_finish/manifest.json,work/r23-power-integration/harness/h05_b5_finish/STEP_毫米/R23_H05_B5_2_PTFE_LACING_AND_KNOT_MAX.step,,work/r23-power-integration/harness/h05_b5_finish/STL_装配坐标_毫米/R23_H05_B5_2_PTFE_LACING_AND_KNOT_MAX.stl,38abf1d0635585153ed3d2989d36d5e1f7d9c8b2bf54c47dc68d379f07f68e29,,Engineering selected-shape candidate; all dimensions in worldHOME.
R23_H05_B5_1_SOLDER_MAX,jaw_soft,沿用部件,SAC305 bounded solder fillet process; not a predicted meniscus,True,按本件源CAD与材料/工艺合同评审,work/r23-power-integration/harness/h05_b5_finish/manifest.json,work/r23-power-integration/harness/h05_b5_finish/STEP_毫米/R23_H05_B5_1_SOLDER_MAX.step,,work/r23-power-integration/harness/h05_b5_finish/STL_装配坐标_毫米/R23_H05_B5_1_SOLDER_MAX.stl,90cb920d67d0c577a16e0fad2e73e3fec045126158abfe1a529331ed5e85731e,,Engineering selected-shape candidate; all dimensions in worldHOME.
R23_H05_B5_1_RTV615_INSULATION_MAX,jaw_soft,沿用部件,RTV615 molded joint boot; actual bounded cavity and formed conductor subtracted,True,按本件源CAD与材料/工艺合同评审,work/r23-power-integration/harness/h05_b5_finish/manifest.json,work/r23-power-integration/harness/h05_b5_finish/STEP_毫米/R23_H05_B5_1_RTV615_INSULATION_MAX.step,,work/r23-power-integration/harness/h05_b5_finish/STL_装配坐标_毫米/R23_H05_B5_1_RTV615_INSULATION_MAX.stl,d4ae01c7b84f5de092395880c02f18df7cac9f3047838cf2acb8e6ed5e709faf,,Engineering selected-shape candidate; all dimensions in worldHOME.
R23_H05_Entry_W7_SOLDER_MAX,jaw_soft,沿用部件,SAC305 bounded source solder profile less actual copper,True,按本件源CAD与材料/工艺合同评审,work/r23-power-integration/harness/h05_b5_finish/manifest.json,work/r23-power-integration/harness/h05_b5_finish/STEP_毫米/R23_H05_Entry_W7_SOLDER_MAX.step,,work/r23-power-integration/harness/h05_b5_finish/STL_装配坐标_毫米/R23_H05_Entry_W7_SOLDER_MAX.stl,5388227fbbff1aa0b025769b5ce968cd65733308f8e02578e6476631feda6028,,Engineering selected-shape candidate; all dimensions in worldHOME.
R23_H05_B5_2_SOLDER_MAX,jaw_soft,沿用部件,SAC305 bounded solder fillet process; not a predicted meniscus,True,按本件源CAD与材料/工艺合同评审,work/r23-power-integration/harness/h05_b5_finish/manifest.json,work/r23-power-integration/harness/h05_b5_finish/STEP_毫米/R23_H05_B5_2_SOLDER_MAX.step,,work/r23-power-integration/harness/h05_b5_finish/STL_装配坐标_毫米/R23_H05_B5_2_SOLDER_MAX.stl,ce699c1025ab35ed3ffa3544bf004177e63690dd8772ab28416ae763b925825f,,Engineering selected-shape candidate; all dimensions in worldHOME.
R23_H05_B5_2_RTV615_INSULATION_MAX,jaw_soft,沿用部件,RTV615 molded joint boot; actual bounded cavity and formed conductor subtracted,True,按本件源CAD与材料/工艺合同评审,work/r23-power-integration/harness/h05_b5_finish/manifest.json,work/r23-power-integration/harness/h05_b5_finish/STEP_毫米/R23_H05_B5_2_RTV615_INSULATION_MAX.step,,work/r23-power-integration/harness/h05_b5_finish/STL_装配坐标_毫米/R23_H05_B5_2_RTV615_INSULATION_MAX.stl,8b777a02805d8dbf269a7d9f66160a0989d0d0cc58b4b725c3b516a66f418611,,Engineering selected-shape candidate; all dimensions in worldHOME.
R23_H05_Entry_W8_SOLDER_MAX,jaw_soft,沿用部件,SAC305 bounded source solder profile less actual copper,True,按本件源CAD与材料/工艺合同评审,work/r23-power-integration/harness/h05_b5_finish/manifest.json,work/r23-power-integration/harness/h05_b5_finish/STEP_毫米/R23_H05_Entry_W8_SOLDER_MAX.step,,work/r23-power-integration/harness/h05_b5_finish/STL_装配坐标_毫米/R23_H05_Entry_W8_SOLDER_MAX.stl,fc7b076a8ee1961b9702a30d2b313aa6e23fc7ac3ddf79b9e3982b2d4de27e72,,Engineering selected-shape candidate; all dimensions in worldHOME.
R23_NECK_UPPER_P1_PTH_TERMINATED,jaw_soft,沿用部件,TE55A0111-16 ETFE/Cu;3.1mm static bare endpoint,True,按本件源CAD与材料/工艺合同评审,work/r23-power-integration/harness/pth_material_finish/manifest.json,work/r23-power-integration/harness/pth_material_finish/STEP_毫米/R23_NECK_UPPER_P1_PTH_TERMINATED.step,,work/r23-power-integration/harness/pth_material_finish/STL_装配坐标_毫米/R23_NECK_UPPER_P1_PTH_TERMINATED.stl,0017322083021f067447f6f45c2a50f17acff42fab4a154ff8be3e5ea4281ab2,,Actual static PTH bare conductor/material refinement. Original centerline and allmounts unchanged.
R22_Entry_W1_SOLDER_FRONT_ACTUAL_CU_SUBTRACTED,jaw_soft,沿用部件,SAC305 bounded original solder process profile minus actualCu,True,按本件源CAD与材料/工艺合同评审,work/r23-power-integration/harness/pth_material_finish/manifest.json,work/r23-power-integration/harness/pth_material_finish/STEP_毫米/R22_Entry_W1_SOLDER_FRONT_ACTUAL_CU_SUBTRACTED.step,,work/r23-power-integration/harness/pth_material_finish/STL_装配坐标_毫米/R22_Entry_W1_SOLDER_FRONT_ACTUAL_CU_SUBTRACTED.stl,5c0fb037219132b023791d203623a6e2b0d2325d03806d40ec8335603482dbd9,,Actual static PTH bare conductor/material refinement. Original centerline and allmounts unchanged.
R23_NECK_UPPER_P2_PTH_TERMINATED,jaw_soft,沿用部件,TE55A0111-16 ETFE/Cu;3.1mm static bare endpoint,True,按本件源CAD与材料/工艺合同评审,work/r23-power-integration/harness/pth_material_finish/manifest.json,work/r23-power-integration/harness/pth_material_finish/STEP_毫米/R23_NECK_UPPER_P2_PTH_TERMINATED.step,,work/r23-power-integration/harness/pth_material_finish/STL_装配坐标_毫米/R23_NECK_UPPER_P2_PTH_TERMINATED.stl,f2e187dd98ce18776e3082981c8c8efbccadd17ab7059ca8b057d8bf7fd6ae91,,Actual static PTH bare conductor/material refinement. Original centerline and allmounts unchanged.
R22_Entry_W2_SOLDER_FRONT_ACTUAL_CU_SUBTRACTED,jaw_soft,沿用部件,SAC305 bounded original solder process profile minus actualCu,True,按本件源CAD与材料/工艺合同评审,work/r23-power-integration/harness/pth_material_finish/manifest.json,work/r23-power-integration/harness/pth_material_finish/STEP_毫米/R22_Entry_W2_SOLDER_FRONT_ACTUAL_CU_SUBTRACTED.step,,work/r23-power-integration/harness/pth_material_finish/STL_装配坐标_毫米/R22_Entry_W2_SOLDER_FRONT_ACTUAL_CU_SUBTRACTED.stl,34f541113cc0d866431b7cbf0e86ae3f34a6a19ff5a32aebebf9ea7705ed14dd,,Actual static PTH bare conductor/material refinement. Original centerline and allmounts unchanged.
R23_NECK_UPPER_P3_PTH_TERMINATED,jaw_soft,沿用部件,TE55A0111-16 ETFE/Cu;3.1mm static bare endpoint,True,按本件源CAD与材料/工艺合同评审,work/r23-power-integration/harness/pth_material_finish/manifest.json,work/r23-power-integration/harness/pth_material_finish/STEP_毫米/R23_NECK_UPPER_P3_PTH_TERMINATED.step,,work/r23-power-integration/harness/pth_material_finish/STL_装配坐标_毫米/R23_NECK_UPPER_P3_PTH_TERMINATED.stl,81272e6fcfa1b9100565b219bb6373bf0e00f719f28dce031feeb9d61d726fb5,,Actual static PTH bare conductor/material refinement. Original centerline and allmounts unchanged.
R22_Entry_W3_SOLDER_FRONT_ACTUAL_CU_SUBTRACTED,jaw_soft,沿用部件,SAC305 bounded original solder process profile minus actualCu,True,按本件源CAD与材料/工艺合同评审,work/r23-power-integration/harness/pth_material_finish/manifest.json,work/r23-power-integration/harness/pth_material_finish/STEP_毫米/R22_Entry_W3_SOLDER_FRONT_ACTUAL_CU_SUBTRACTED.step,,work/r23-power-integration/harness/pth_material_finish/STL_装配坐标_毫米/R22_Entry_W3_SOLDER_FRONT_ACTUAL_CU_SUBTRACTED.stl,2c3fe7561d8895d2a225b9a4f4c27ddce9517e9ae80f1855a0dfd65ed6f42c12,,Actual static PTH bare conductor/material refinement. Original centerline and allmounts unchanged.
R23_NECK_UPPER_P4_PTH_TERMINATED,jaw_soft,沿用部件,TE55A0111-16 ETFE/Cu;3.1mm static bare endpoint,True,按本件源CAD与材料/工艺合同评审,work/r23-power-integration/harness/pth_material_finish/manifest.json,work/r23-power-integration/harness/pth_material_finish/STEP_毫米/R23_NECK_UPPER_P4_PTH_TERMINATED.step,,work/r23-power-integration/harness/pth_material_finish/STL_装配坐标_毫米/R23_NECK_UPPER_P4_PTH_TERMINATED.stl,474cbd607b95dee5c60614bcea295de85a69d05b1fbf30057cfc37a0f10bf882,,Actual static PTH bare conductor/material refinement. Original centerline and allmounts unchanged.
R22_Entry_W4_SOLDER_FRONT_ACTUAL_CU_SUBTRACTED,jaw_soft,沿用部件,SAC305 bounded original solder process profile minus actualCu,True,按本件源CAD与材料/工艺合同评审,work/r23-power-integration/harness/pth_material_finish/manifest.json,work/r23-power-integration/harness/pth_material_finish/STEP_毫米/R22_Entry_W4_SOLDER_FRONT_ACTUAL_CU_SUBTRACTED.step,,work/r23-power-integration/harness/pth_material_finish/STL_装配坐标_毫米/R22_Entry_W4_SOLDER_FRONT_ACTUAL_CU_SUBTRACTED.stl,2c31736161ce7b4da9dfbc16ea62c3d2f12846a58c71cb528dd64448e086d8fe,,Actual static PTH bare conductor/material refinement. Original centerline and allmounts unchanged.
R23_POWER_W3_TO_J9_COMPLETE_XM73P2_Z44P5_PTH_TERMINATED,trunk_base,沿用部件,TE55A0111-16 ETFE/Cu;3.1mm static bare endpoint,True,按本件源CAD与材料/工艺合同评审,work/r23-power-integration/harness/pth_material_finish/manifest.json,work/r23-power-integration/harness/pth_material_finish/STEP_毫米/R23_POWER_W3_TO_J9_COMPLETE_XM73P2_Z44P5_PTH_TERMINATED.step,,work/r23-power-integration/harness/pth_material_finish/STL_装配坐标_毫米/R23_POWER_W3_TO_J9_COMPLETE_XM73P2_Z44P5_PTH_TERMINATED.stl,e7131c1cce93c512a8d86da1131ce21c74951abe9d8ed0ee7f40be51a73b6dee,,Actual static PTH bare conductor/material refinement. Original centerline and allmounts unchanged.
R22_Power_W3_SOLDER_FRONT_ACTUAL_CU_SUBTRACTED,trunk_base,沿用部件,SAC305 bounded original solder process profile minus actualCu,True,按本件源CAD与材料/工艺合同评审,work/r23-power-integration/harness/pth_material_finish/manifest.json,work/r23-power-integration/harness/pth_material_finish/STEP_毫米/R22_Power_W3_SOLDER_FRONT_ACTUAL_CU_SUBTRACTED.step,,work/r23-power-integration/harness/pth_material_finish/STL_装配坐标_毫米/R22_Power_W3_SOLDER_FRONT_ACTUAL_CU_SUBTRACTED.stl,d8e147460cf1cb52e2b43f1f22a699829bd4a72108953593826f81ddad773741,,Actual static PTH bare conductor/material refinement. Original centerline and allmounts unchanged.
R23_POWER_W4_TO_J9_COMPLETE_XM73P2_Z44P5_PTH_TERMINATED,trunk_base,沿用部件,TE55A0111-16 ETFE/Cu;3.1mm static bare endpoint,True,按本件源CAD与材料/工艺合同评审,work/r23-power-integration/harness/pth_material_finish/manifest.json,work/r23-power-integration/harness/pth_material_finish/STEP_毫米/R23_POWER_W4_TO_J9_COMPLETE_XM73P2_Z44P5_PTH_TERMINATED.step,,work/r23-power-integration/harness/pth_material_finish/STL_装配坐标_毫米/R23_POWER_W4_TO_J9_COMPLETE_XM73P2_Z44P5_PTH_TERMINATED.stl,bd622eb83d123c677db946b75a2f08ce4426b16881a6243249f8ddb1c974058b,,Actual static PTH bare conductor/material refinement. Original centerline and allmounts unchanged.
R22_Power_W4_SOLDER_FRONT_ACTUAL_CU_SUBTRACTED,trunk_base,沿用部件,SAC305 bounded original solder process profile minus actualCu,True,按本件源CAD与材料/工艺合同评审,work/r23-power-integration/harness/pth_material_finish/manifest.json,work/r23-power-integration/harness/pth_material_finish/STEP_毫米/R22_Power_W4_SOLDER_FRONT_ACTUAL_CU_SUBTRACTED.step,,work/r23-power-integration/harness/pth_material_finish/STL_装配坐标_毫米/R22_Power_W4_SOLDER_FRONT_ACTUAL_CU_SUBTRACTED.stl,cf28f6ee1406833eb795532237592b3b61746bb11c2d54a98584cc2cb970ea47,,Actual static PTH bare conductor/material refinement. Original centerline and allmounts unchanged.
R23_J10_MOLEX_430200201_VENDOR_EXTERNAL,jaw_soft,installed_part,Molex nylon purchased simplified source geometry,True,按本件源CAD与材料/工艺合同评审,work/r23-power-integration/harness/bench_j10/manifest.json,work/r23-power-integration/harness/bench_j10/selected/STEP_毫米/R23_J10_MOLEX_430200201_VENDOR_EXTERNAL.step,,work/r23-power-integration/harness/bench_j10/selected/STL_装配坐标_毫米/R23_J10_MOLEX_430200201_VENDOR_EXTERNAL.stl,230c1f99bc0cfd96364b54b9ac4ef19fd034b0cabe6d3697f930b3c6827f0d8f,,R23 J10 engineering geometry. Purchased connector STEP is source simplified external geometry; manufactured fit and internal contacts are not fabrication released.
R23_J10_BODY_M1p6x12_-7.2,jaw_soft,installed_part,steel screw maximum envelope,True,按本件源CAD与材料/工艺合同评审,work/r23-power-integration/harness/bench_j10/manifest.json,work/r23-power-integration/harness/bench_j10/selected/STEP_毫米/R23_J10_BODY_M1p6x12_-7.2.step,,work/r23-power-integration/harness/bench_j10/selected/STL_装配坐标_毫米/R23_J10_BODY_M1p6x12_-7.2.stl,68d7705465c7ef09f74392274f6ef59a52175fdd56c13559ebd615e7ea26098e,,R23 J10 engineering geometry. Purchased connector STEP is source simplified external geometry; manufactured fit and internal contacts are not fabrication released.
R23_J10_BODY_HARD_STOP_SPACER_-7.2,jaw_soft,installed_part,6061-T651,True,按本件源CAD与材料/工艺合同评审,work/r23-power-integration/harness/bench_j10/manifest.json,work/r23-power-integration/harness/bench_j10/selected/STEP_毫米/R23_J10_BODY_HARD_STOP_SPACER_-7.2.step,,work/r23-power-integration/harness/bench_j10/selected/STL_装配坐标_毫米/R23_J10_BODY_HARD_STOP_SPACER_-7.2.stl,5794433392031a930a94a578c37f1322e224eb4f540ab934a25467fdfcd264e8,,R23 J10 engineering geometry. Purchased connector STEP is source simplified external geometry; manufactured fit and internal contacts are not fabrication released.
R23_J10_BODY_M1p6x12_6.6,jaw_soft,installed_part,steel screw maximum envelope,True,按本件源CAD与材料/工艺合同评审,work/r23-power-integration/harness/bench_j10/manifest.json,work/r23-power-integration/harness/bench_j10/selected/STEP_毫米/R23_J10_BODY_M1p6x12_6.6.step,,work/r23-power-integration/harness/bench_j10/selected/STL_装配坐标_毫米/R23_J10_BODY_M1p6x12_6.6.stl,0a0b6c3fcca8e87a2e648ac22a388f10a36e291bbe9fff887a7e1ed701b5c908,,R23 J10 engineering geometry. Purchased connector STEP is source simplified external geometry; manufactured fit and internal contacts are not fabrication released.
R23_J10_BODY_HARD_STOP_SPACER_6.6,jaw_soft,installed_part,6061-T651,True,按本件源CAD与材料/工艺合同评审,work/r23-power-integration/harness/bench_j10/manifest.json,work/r23-power-integration/harness/bench_j10/selected/STEP_毫米/R23_J10_BODY_HARD_STOP_SPACER_6.6.step,,work/r23-power-integration/harness/bench_j10/selected/STL_装配坐标_毫米/R23_J10_BODY_HARD_STOP_SPACER_6.6.stl,31283a6c2532e650f3fded520484daef8374607c1560c40b7212911db7df3790,,R23 J10 engineering geometry. Purchased connector STEP is source simplified external geometry; manufactured fit and internal contacts are not fabrication released.
R23_J10_BODY_SILICONE_PAD_-1,jaw_soft,installed_part,RTV615 fixture-cured silicone assembled,True,按本件源CAD与材料/工艺合同评审,work/r23-power-integration/harness/bench_j10/manifest.json,work/r23-power-integration/harness/bench_j10/selected/STEP_毫米/R23_J10_BODY_SILICONE_PAD_-1.step,,work/r23-power-integration/harness/bench_j10/selected/STL_装配坐标_毫米/R23_J10_BODY_SILICONE_PAD_-1.stl,b1a5c7f15dcf35527dbbf1dd1336c9878c2a5e713a735c27d7859627d7aec00e,,R23 J10 engineering geometry. Purchased connector STEP is source simplified external geometry; manufactured fit and internal contacts are not fabrication released.
R23_J10_BODY_SILICONE_PAD_1,jaw_soft,installed_part,RTV615 fixture-cured silicone assembled,True,按本件源CAD与材料/工艺合同评审,work/r23-power-integration/harness/bench_j10/manifest.json,work/r23-power-integration/harness/bench_j10/selected/STEP_毫米/R23_J10_BODY_SILICONE_PAD_1.step,,work/r23-power-integration/harness/bench_j10/selected/STL_装配坐标_毫米/R23_J10_BODY_SILICONE_PAD_1.stl,a9f3d08e5f23533b0717863a1179ef401a0302ab1402de5c34e51cf60decf1bf,,R23 J10 engineering geometry. Purchased connector STEP is source simplified external geometry; manufactured fit and internal contacts are not fabrication released.
R23_J10_BODY_REMOVABLE_CAP,jaw_soft,installed_part,6061-T651,True,按本件源CAD与材料/工艺合同评审,work/r23-power-integration/harness/bench_j10/manifest.json,work/r23-power-integration/harness/bench_j10/selected/STEP_毫米/R23_J10_BODY_REMOVABLE_CAP.step,,work/r23-power-integration/harness/bench_j10/selected/STL_装配坐标_毫米/R23_J10_BODY_REMOVABLE_CAP.stl,bdef501fef3842358cf1af82f40344e32eb7093d0d778430bf8367d7daed4c3f,,R23 J10 engineering geometry. Purchased connector STEP is source simplified external geometry; manufactured fit and internal contacts are not fabrication released.
R23_J10_B1_CLAMP_LINER_272,jaw_soft,installed_part,RTV615 fixture-cured silicone assembled,True,按本件源CAD与材料/工艺合同评审,work/r23-power-integration/harness/bench_j10/manifest.json,work/r23-power-integration/harness/bench_j10/selected/STEP_毫米/R23_J10_B1_CLAMP_LINER_272.step,,work/r23-power-integration/harness/bench_j10/selected/STL_装配坐标_毫米/R23_J10_B1_CLAMP_LINER_272.stl,c29827c8d8971c9f9fd3d6ab76f4c37e0215d57036e90f7b6ec003f44e11b68e,,R23 J10 engineering geometry. Purchased connector STEP is source simplified external geometry; manufactured fit and internal contacts are not fabrication released.
R23_J10_B1_CLAMP_LINER_279,jaw_soft,installed_part,RTV615 fixture-cured silicone assembled,True,按本件源CAD与材料/工艺合同评审,work/r23-power-integration/harness/bench_j10/manifest.json,work/r23-power-integration/harness/bench_j10/selected/STEP_毫米/R23_J10_B1_CLAMP_LINER_279.step,,work/r23-power-integration/harness/bench_j10/selected/STL_装配坐标_毫米/R23_J10_B1_CLAMP_LINER_279.stl,cfb8a964816de05faff161b50a8c4adb6cc433a2341f6dde8d0586113d0926f8,,R23 J10 engineering geometry. Purchased connector STEP is source simplified external geometry; manufactured fit and internal contacts are not fabrication released.
R23_J10_B1_REMOVABLE_CLAMP,jaw_soft,installed_part,6061-T651,True,按本件源CAD与材料/工艺合同评审,work/r23-power-integration/harness/bench_j10/manifest.json,work/r23-power-integration/harness/bench_j10/selected/STEP_毫米/R23_J10_B1_REMOVABLE_CLAMP.step,,work/r23-power-integration/harness/bench_j10/selected/STL_装配坐标_毫米/R23_J10_B1_REMOVABLE_CLAMP.stl,5c72c9b23e4b4905f969ee2c1e6d67e765b7ae28f08dad70017f3f771dc9b44e,,R23 J10 engineering geometry. Purchased connector STEP is source simplified external geometry; manufactured fit and internal contacts are not fabrication released.
R23_J10_B1_M1p6x6,jaw_soft,installed_part,steel screw maximum envelope,True,按本件源CAD与材料/工艺合同评审,work/r23-power-integration/harness/bench_j10/manifest.json,work/r23-power-integration/harness/bench_j10/selected/STEP_毫米/R23_J10_B1_M1p6x6.step,,work/r23-power-integration/harness/bench_j10/selected/STL_装配坐标_毫米/R23_J10_B1_M1p6x6.stl,61c79320a2981c786220d591d9af96d358ae40ef17cd4e60d15fc5d7b2893fbf,,R23 J10 engineering geometry. Purchased connector STEP is source simplified external geometry; manufactured fit and internal contacts are not fabrication released.
R23_J10_REAR_CLAMP_LINER_-1.5,jaw_soft,installed_part,RTV615 fixture-cured silicone assembled,True,按本件源CAD与材料/工艺合同评审,work/r23-power-integration/harness/bench_j10/manifest.json,work/r23-power-integration/harness/bench_j10/selected/STEP_毫米/R23_J10_REAR_CLAMP_LINER_-1.5.step,,work/r23-power-integration/harness/bench_j10/selected/STL_装配坐标_毫米/R23_J10_REAR_CLAMP_LINER_-1.5.stl,9c36a65df48da5358b6ed767a7598f616fde25d52c918dda96d8c1069d7dd262,,R23 J10 engineering geometry. Purchased connector STEP is source simplified external geometry; manufactured fit and internal contacts are not fabrication released.
R23_J10_REAR_CLAMP_LINER_1.5,jaw_soft,installed_part,RTV615 fixture-cured silicone assembled,True,按本件源CAD与材料/工艺合同评审,work/r23-power-integration/harness/bench_j10/manifest.json,work/r23-power-integration/harness/bench_j10/selected/STEP_毫米/R23_J10_REAR_CLAMP_LINER_1.5.step,,work/r23-power-integration/harness/bench_j10/selected/STL_装配坐标_毫米/R23_J10_REAR_CLAMP_LINER_1.5.stl,5acab73894a4b591939e969aedbbdaa5f3fc5e1ed59626c181b17bb2a382c258,,R23 J10 engineering geometry. Purchased connector STEP is source simplified external geometry; manufactured fit and internal contacts are not fabrication released.
R23_J10_REAR_M1p6x10_-4.6,jaw_soft,installed_part,steel screw maximum envelope,True,按本件源CAD与材料/工艺合同评审,work/r23-power-integration/harness/bench_j10/manifest.json,work/r23-power-integration/harness/bench_j10/selected/STEP_毫米/R23_J10_REAR_M1p6x10_-4.6.step,,work/r23-power-integration/harness/bench_j10/selected/STL_装配坐标_毫米/R23_J10_REAR_M1p6x10_-4.6.stl,61ffd73c6283d6d803dcc62b9ab93821c00c4f1669834a7d7dfcc6d2402efe5c,,R23 J10 engineering geometry. Purchased connector STEP is source simplified external geometry; manufactured fit and internal contacts are not fabrication released.
R23_J10_REAR_M1p6x10_4.6,jaw_soft,installed_part,steel screw maximum envelope,True,按本件源CAD与材料/工艺合同评审,work/r23-power-integration/harness/bench_j10/manifest.json,work/r23-power-integration/harness/bench_j10/selected/STEP_毫米/R23_J10_REAR_M1p6x10_4.6.step,,work/r23-power-integration/harness/bench_j10/selected/STL_装配坐标_毫米/R23_J10_REAR_M1p6x10_4.6.stl,157abf7dcf6633cdca15df1a659d2ae3d91bc65be698c31b4001c83ebcb272df,,R23 J10 engineering geometry. Purchased connector STEP is source simplified external geometry; manufactured fit and internal contacts are not fabrication released.
R23_J10_REAR_REMOVABLE_CLAMP,jaw_soft,installed_part,6061-T651,True,按本件源CAD与材料/工艺合同评审,work/r23-power-integration/harness/bench_j10/manifest.json,work/r23-power-integration/harness/bench_j10/selected/STEP_毫米/R23_J10_REAR_REMOVABLE_CLAMP.step,,work/r23-power-integration/harness/bench_j10/selected/STL_装配坐标_毫米/R23_J10_REAR_REMOVABLE_CLAMP.stl,2f16977adddec9e92d841440f99f103c7235175566a9547ec3725e40f6a094f3,,R23 J10 engineering geometry. Purchased connector STEP is source simplified external geometry; manufactured fit and internal contacts are not fabrication released.
R23_ENTRY_FRAME_WITH_J10_CARRIER,jaw_soft,installed_part,6061-T651,True,按本件源CAD与材料/工艺合同评审,work/r23-power-integration/harness/bench_j10/manifest.json,work/r23-power-integration/harness/bench_j10/selected/STEP_毫米/R23_ENTRY_FRAME_WITH_J10_CARRIER.step,,work/r23-power-integration/harness/bench_j10/selected/STL_装配坐标_毫米/R23_ENTRY_FRAME_WITH_J10_CARRIER.stl,fedb514aaa70ef96bad44acab320d8d9768dca20a73eaf9dc5df0e575ea4a324,,R23 J10 engineering geometry. Purchased connector STEP is source simplified external geometry; manufactured fit and internal contacts are not fabrication released.
R23_J10_B1_BARE_COPPER_BUNDLE_272,jaw_soft,installed_part,Alpha20 strand-bundle envelope counted in wire cut mass,True,按本件源CAD与材料/工艺合同评审,work/r23-power-integration/harness/bench_j10/manifest.json,work/r23-power-integration/harness/bench_j10/selected/STEP_毫米/R23_J10_B1_BARE_COPPER_BUNDLE_272.step,,work/r23-power-integration/harness/bench_j10/selected/STL_装配坐标_毫米/R23_J10_B1_BARE_COPPER_BUNDLE_272.stl,cdc57284cef456d4ac33442e1b4ff3f92fa99424702f31908712c979614da273,,R23 J10 engineering geometry. Purchased connector STEP is source simplified external geometry; manufactured fit and internal contacts are not fabrication released.
R23_J10_B1_PTH_SOLDER_272,jaw_soft,installed_part,SAC305 solder maximum process envelope,True,按本件源CAD与材料/工艺合同评审,work/r23-power-integration/harness/bench_j10/manifest.json,work/r23-power-integration/harness/bench_j10/selected/STEP_毫米/R23_J10_B1_PTH_SOLDER_272.step,,work/r23-power-integration/harness/bench_j10/selected/STL_装配坐标_毫米/R23_J10_B1_PTH_SOLDER_272.stl,9a60b71a97b3cb9dfc263778441ac2a55747c2d694a5462f8df95fbea1be16c5,,R23 J10 engineering geometry. Purchased connector STEP is source simplified external geometry; manufactured fit and internal contacts are not fabrication released.
R23_J10_B1_FRONT_RTV_INSULATION_272,jaw_soft,installed_part,RTV615 in-place cured insulation,True,按本件源CAD与材料/工艺合同评审,work/r23-power-integration/harness/bench_j10/manifest.json,work/r23-power-integration/harness/bench_j10/selected/STEP_毫米/R23_J10_B1_FRONT_RTV_INSULATION_272.step,,work/r23-power-integration/harness/bench_j10/selected/STL_装配坐标_毫米/R23_J10_B1_FRONT_RTV_INSULATION_272.stl,1be12d3fda7290455268b549b346276ab34047a1ef498246462481e5c5accef0,,R23 J10 engineering geometry. Purchased connector STEP is source simplified external geometry; manufactured fit and internal contacts are not fabrication released.
R23_J10_B1_BACK_RTV_INSULATION_272,jaw_soft,installed_part,RTV615 in-place cured insulation,True,按本件源CAD与材料/工艺合同评审,work/r23-power-integration/harness/bench_j10/manifest.json,work/r23-power-integration/harness/bench_j10/selected/STEP_毫米/R23_J10_B1_BACK_RTV_INSULATION_272.step,,work/r23-power-integration/harness/bench_j10/selected/STL_装配坐标_毫米/R23_J10_B1_BACK_RTV_INSULATION_272.stl,aa730825343aaade6ea22f8a41e1752059a32f35f90c707d9bdd2bba5d06ae6b,,R23 J10 engineering geometry. Purchased connector STEP is source simplified external geometry; manufactured fit and internal contacts are not fabrication released.
R23_J10_B1_BARE_COPPER_BUNDLE_279,jaw_soft,installed_part,Alpha20 strand-bundle envelope counted in wire cut mass,True,按本件源CAD与材料/工艺合同评审,work/r23-power-integration/harness/bench_j10/manifest.json,work/r23-power-integration/harness/bench_j10/selected/STEP_毫米/R23_J10_B1_BARE_COPPER_BUNDLE_279.step,,work/r23-power-integration/harness/bench_j10/selected/STL_装配坐标_毫米/R23_J10_B1_BARE_COPPER_BUNDLE_279.stl,d7b53ac2522e6f6049901b1a0bf16fdb76a4b2405df304b4f3f332d4514de812,,R23 J10 engineering geometry. Purchased connector STEP is source simplified external geometry; manufactured fit and internal contacts are not fabrication released.
R23_J10_B1_PTH_SOLDER_279,jaw_soft,installed_part,SAC305 solder maximum process envelope,True,按本件源CAD与材料/工艺合同评审,work/r23-power-integration/harness/bench_j10/manifest.json,work/r23-power-integration/harness/bench_j10/selected/STEP_毫米/R23_J10_B1_PTH_SOLDER_279.step,,work/r23-power-integration/harness/bench_j10/selected/STL_装配坐标_毫米/R23_J10_B1_PTH_SOLDER_279.stl,301ae183385cd09c456d03d3ff16f85f58fd694dfc01cb374cce2a28faf25ef1,,R23 J10 engineering geometry. Purchased connector STEP is source simplified external geometry; manufactured fit and internal contacts are not fabrication released.
R23_J10_B1_FRONT_RTV_INSULATION_279,jaw_soft,installed_part,RTV615 in-place cured insulation,True,按本件源CAD与材料/工艺合同评审,work/r23-power-integration/harness/bench_j10/manifest.json,work/r23-power-integration/harness/bench_j10/selected/STEP_毫米/R23_J10_B1_FRONT_RTV_INSULATION_279.step,,work/r23-power-integration/harness/bench_j10/selected/STL_装配坐标_毫米/R23_J10_B1_FRONT_RTV_INSULATION_279.stl,5a8bd6941e9ded19166edaf68e230212323ca9f25731665050efaab987f4f373,,R23 J10 engineering geometry. Purchased connector STEP is source simplified external geometry; manufactured fit and internal contacts are not fabrication released.
R23_J10_B1_BACK_RTV_INSULATION_279,jaw_soft,installed_part,RTV615 in-place cured insulation,True,按本件源CAD与材料/工艺合同评审,work/r23-power-integration/harness/bench_j10/manifest.json,work/r23-power-integration/harness/bench_j10/selected/STEP_毫米/R23_J10_B1_BACK_RTV_INSULATION_279.step,,work/r23-power-integration/harness/bench_j10/selected/STL_装配坐标_毫米/R23_J10_B1_BACK_RTV_INSULATION_279.stl,c85f25decc3741b8aecd7ae5e7c0cb0fd72fde18703fd83aceaa61d666907c95,,R23 J10 engineering geometry. Purchased connector STEP is source simplified external geometry; manufactured fit and internal contacts are not fabrication released.
R23_NECK_UPPER_S06_J10_CLEARANCE,jaw_soft,wire_route,TE55A0111-28 maximum insulation envelope,True,按本件源CAD与材料/工艺合同评审,work/r23-power-integration/harness/bench_j10/manifest.json,work/r23-power-integration/harness/bench_j10/selected/STEP_毫米/R23_NECK_UPPER_S06_J10_CLEARANCE.step,,work/r23-power-integration/harness/bench_j10/selected/STL_装配坐标_毫米/R23_NECK_UPPER_S06_J10_CLEARANCE.stl,0eb085f892d7c6d02d63c96a2f60b4d80a025cfe4f9ae6afa097ee7c83bf52a3,,R23 J10 engineering geometry. Purchased connector STEP is source simplified external geometry; manufactured fit and internal contacts are not fabrication released.
R23_J10_TO_B1_W5,jaw_soft,wire_route,Alpha 3053 maximum insulation envelope,True,按本件源CAD与材料/工艺合同评审,work/r23-power-integration/harness/bench_j10/manifest.json,work/r23-power-integration/harness/bench_j10/selected/STEP_毫米/R23_J10_TO_B1_W5.step,,work/r23-power-integration/harness/bench_j10/selected/STL_装配坐标_毫米/R23_J10_TO_B1_W5.stl,89c947afe7005e9993f2a508bb92969b6cfcf42dc0cac8663979a92995f784c3,,R23 J10 engineering geometry. Purchased connector STEP is source simplified external geometry; manufactured fit and internal contacts are not fabrication released.
R23_J10_TO_B1_W6,jaw_soft,wire_route,Alpha 3053 maximum insulation envelope,True,按本件源CAD与材料/工艺合同评审,work/r23-power-integration/harness/bench_j10/manifest.json,work/r23-power-integration/harness/bench_j10/selected/STEP_毫米/R23_J10_TO_B1_W6.step,,work/r23-power-integration/harness/bench_j10/selected/STL_装配坐标_毫米/R23_J10_TO_B1_W6.stl,93bf9bce004816529fe977f163c9fc956ea6c621d81191b09c6f1cd4c685e902,,R23 J10 engineering geometry. Purchased connector STEP is source simplified external geometry; manufactured fit and internal contacts are not fabrication released.
R23_NECK_FREE_P1,MULTI_LINK_FLEX_HARNESS,flexible_wire_home,"TE 55A0111 tin-coated copper / crosslinked modified ETFE, maximum OD envelope",True,自由线HOME形状参考；按完整导线表裁线，不制作实心弯管,work/r23-power-integration/harness/flex_compact_v6/home_export/manifest.json,work/r23-power-integration/harness/flex_compact_v6/home_export/STEP_毫米/R23_NECK_FREE_P1.step,,work/r23-power-integration/harness/flex_compact_v6/home_export/STL_装配坐标_毫米/R23_NECK_FREE_P1.stl,3fe9e042882ba84f92ada88e07591ad109470f0fb34e1ecbd1e20586663084cf,,Frozen flexible HOME reference only. Exact free-exit to free-exit; no added end tails. Never rigidly rotate whole wire with head.
R23_NECK_FREE_P2,MULTI_LINK_FLEX_HARNESS,flexible_wire_home,"TE 55A0111 tin-coated copper / crosslinked modified ETFE, maximum OD envelope",True,自由线HOME形状参考；按完整导线表裁线，不制作实心弯管,work/r23-power-integration/harness/flex_compact_v6/home_export/manifest.json,work/r23-power-integration/harness/flex_compact_v6/home_export/STEP_毫米/R23_NECK_FREE_P2.step,,work/r23-power-integration/harness/flex_compact_v6/home_export/STL_装配坐标_毫米/R23_NECK_FREE_P2.stl,152066fe2f0f743b009b4b4ec557623b42e4b65f1e10f0381fd66660de221505,,Frozen flexible HOME reference only. Exact free-exit to free-exit; no added end tails. Never rigidly rotate whole wire with head.
R23_NECK_FREE_P3,MULTI_LINK_FLEX_HARNESS,flexible_wire_home,"TE 55A0111 tin-coated copper / crosslinked modified ETFE, maximum OD envelope",True,自由线HOME形状参考；按完整导线表裁线，不制作实心弯管,work/r23-power-integration/harness/flex_compact_v6/home_export/manifest.json,work/r23-power-integration/harness/flex_compact_v6/home_export/STEP_毫米/R23_NECK_FREE_P3.step,,work/r23-power-integration/harness/flex_compact_v6/home_export/STL_装配坐标_毫米/R23_NECK_FREE_P3.stl,83e564ac7afbe52190f34c8b88fc52716644094b3bad5fd1333018a615b9f6ad,,Frozen flexible HOME reference only. Exact free-exit to free-exit; no added end tails. Never rigidly rotate whole wire with head.
R23_NECK_FREE_P4,MULTI_LINK_FLEX_HARNESS,flexible_wire_home,"TE 55A0111 tin-coated copper / crosslinked modified ETFE, maximum OD envelope",True,自由线HOME形状参考；按完整导线表裁线，不制作实心弯管,work/r23-power-integration/harness/flex_compact_v6/home_export/manifest.json,work/r23-power-integration/harness/flex_compact_v6/home_export/STEP_毫米/R23_NECK_FREE_P4.step,,work/r23-power-integration/harness/flex_compact_v6/home_export/STL_装配坐标_毫米/R23_NECK_FREE_P4.stl,4f3a91e04c664d9acf333632f5009b5f524e21416b85060d05bc482a3fd20008,,Frozen flexible HOME reference only. Exact free-exit to free-exit; no added end tails. Never rigidly rotate whole wire with head.
R23_NECK_FREE_S01,MULTI_LINK_FLEX_HARNESS,flexible_wire_home,"TE 55A0111 tin-coated copper / crosslinked modified ETFE, maximum OD envelope",True,自由线HOME形状参考；按完整导线表裁线，不制作实心弯管,work/r23-power-integration/harness/flex_compact_v6/home_export/manifest.json,work/r23-power-integration/harness/flex_compact_v6/home_export/STEP_毫米/R23_NECK_FREE_S01.step,,work/r23-power-integration/harness/flex_compact_v6/home_export/STL_装配坐标_毫米/R23_NECK_FREE_S01.stl,d8b5695a4d94ccd1f696143c21675d83084427c3b5144290655dc8881b3c777d,,Frozen flexible HOME reference only. Exact free-exit to free-exit; no added end tails. Never rigidly rotate whole wire with head.
R23_NECK_FREE_S02,MULTI_LINK_FLEX_HARNESS,flexible_wire_home,"TE 55A0111 tin-coated copper / crosslinked modified ETFE, maximum OD envelope",True,自由线HOME形状参考；按完整导线表裁线，不制作实心弯管,work/r23-power-integration/harness/flex_compact_v6/home_export/manifest.json,work/r23-power-integration/harness/flex_compact_v6/home_export/STEP_毫米/R23_NECK_FREE_S02.step,,work/r23-power-integration/harness/flex_compact_v6/home_export/STL_装配坐标_毫米/R23_NECK_FREE_S02.stl,7c9e3c02a83a83035fd26d9ac508263c8eaba03acec500af6b1a67e985ef79e4,,Frozen flexible HOME reference only. Exact free-exit to free-exit; no added end tails. Never rigidly rotate whole wire with head.
R23_NECK_FREE_S03,MULTI_LINK_FLEX_HARNESS,flexible_wire_home,"TE 55A0111 tin-coated copper / crosslinked modified ETFE, maximum OD envelope",True,自由线HOME形状参考；按完整导线表裁线，不制作实心弯管,work/r23-power-integration/harness/flex_compact_v6/home_export/manifest.json,work/r23-power-integration/harness/flex_compact_v6/home_export/STEP_毫米/R23_NECK_FREE_S03.step,,work/r23-power-integration/harness/flex_compact_v6/home_export/STL_装配坐标_毫米/R23_NECK_FREE_S03.stl,6641b4d86270387977421844dbc7b06badc300571b5560fc53029f82b7cf4e19,,Frozen flexible HOME reference only. Exact free-exit to free-exit; no added end tails. Never rigidly rotate whole wire with head.
R23_NECK_FREE_S04,MULTI_LINK_FLEX_HARNESS,flexible_wire_home,"TE 55A0111 tin-coated copper / crosslinked modified ETFE, maximum OD envelope",True,自由线HOME形状参考；按完整导线表裁线，不制作实心弯管,work/r23-power-integration/harness/flex_compact_v6/home_export/manifest.json,work/r23-power-integration/harness/flex_compact_v6/home_export/STEP_毫米/R23_NECK_FREE_S04.step,,work/r23-power-integration/harness/flex_compact_v6/home_export/STL_装配坐标_毫米/R23_NECK_FREE_S04.stl,1672d8327ff300d8250bd226e6ad9954b905b847a7dd593b2dd62dd438e97300,,Frozen flexible HOME reference only. Exact free-exit to free-exit; no added end tails. Never rigidly rotate whole wire with head.
R23_NECK_FREE_S05,MULTI_LINK_FLEX_HARNESS,flexible_wire_home,"TE 55A0111 tin-coated copper / crosslinked modified ETFE, maximum OD envelope",True,自由线HOME形状参考；按完整导线表裁线，不制作实心弯管,work/r23-power-integration/harness/flex_compact_v6/home_export/manifest.json,work/r23-power-integration/harness/flex_compact_v6/home_export/STEP_毫米/R23_NECK_FREE_S05.step,,work/r23-power-integration/harness/flex_compact_v6/home_export/STL_装配坐标_毫米/R23_NECK_FREE_S05.stl,503b16160b8041f320a035a934b3f604b8c91ca3931c0fd2f85dee6a3c2daa6c,,Frozen flexible HOME reference only. Exact free-exit to free-exit; no added end tails. Never rigidly rotate whole wire with head.
R23_NECK_FREE_S06,MULTI_LINK_FLEX_HARNESS,flexible_wire_home,"TE 55A0111 tin-coated copper / crosslinked modified ETFE, maximum OD envelope",True,自由线HOME形状参考；按完整导线表裁线，不制作实心弯管,work/r23-power-integration/harness/flex_compact_v6/home_export/manifest.json,work/r23-power-integration/harness/flex_compact_v6/home_export/STEP_毫米/R23_NECK_FREE_S06.step,,work/r23-power-integration/harness/flex_compact_v6/home_export/STL_装配坐标_毫米/R23_NECK_FREE_S06.stl,5bb1d1587391e7e7d6c205d7afd442402a0a9e0913de0747fb2310301ed1f58c,,Frozen flexible HOME reference only. Exact free-exit to free-exit; no added end tails. Never rigidly rotate whole wire with head.
R23_NECK_FREE_S07,MULTI_LINK_FLEX_HARNESS,flexible_wire_home,"TE 55A0111 tin-coated copper / crosslinked modified ETFE, maximum OD envelope",True,自由线HOME形状参考；按完整导线表裁线，不制作实心弯管,work/r23-power-integration/harness/flex_compact_v6/home_export/manifest.json,work/r23-power-integration/harness/flex_compact_v6/home_export/STEP_毫米/R23_NECK_FREE_S07.step,,work/r23-power-integration/harness/flex_compact_v6/home_export/STL_装配坐标_毫米/R23_NECK_FREE_S07.stl,bc0d39b67ce990cb5ae20ade3137cea4f15e8ba2ab76655b0ec2fe4c3bdaa314,,Frozen flexible HOME reference only. Exact free-exit to free-exit; no added end tails. Never rigidly rotate whole wire with head.
R23_NECK_FREE_S08,MULTI_LINK_FLEX_HARNESS,flexible_wire_home,"TE 55A0111 tin-coated copper / crosslinked modified ETFE, maximum OD envelope",True,自由线HOME形状参考；按完整导线表裁线，不制作实心弯管,work/r23-power-integration/harness/flex_compact_v6/home_export/manifest.json,work/r23-power-integration/harness/flex_compact_v6/home_export/STEP_毫米/R23_NECK_FREE_S08.step,,work/r23-power-integration/harness/flex_compact_v6/home_export/STL_装配坐标_毫米/R23_NECK_FREE_S08.stl,ba5fed304641eec79095bd71c075c69611e7aa26311c3bf90505e82d98842255,,Frozen flexible HOME reference only. Exact free-exit to free-exit; no added end tails. Never rigidly rotate whole wire with head.
R23_NECK_FREE_S09,MULTI_LINK_FLEX_HARNESS,flexible_wire_home,"TE 55A0111 tin-coated copper / crosslinked modified ETFE, maximum OD envelope",True,自由线HOME形状参考；按完整导线表裁线，不制作实心弯管,work/r23-power-integration/harness/flex_compact_v6/home_export/manifest.json,work/r23-power-integration/harness/flex_compact_v6/home_export/STEP_毫米/R23_NECK_FREE_S09.step,,work/r23-power-integration/harness/flex_compact_v6/home_export/STL_装配坐标_毫米/R23_NECK_FREE_S09.stl,8ea4ed002a20f74ac8351f606944c90a5200076866a3e4a1f140c9f4cb7468a0,,Frozen flexible HOME reference only. Exact free-exit to free-exit; no added end tails. Never rigidly rotate whole wire with head.
R23_NECK_FREE_S10,MULTI_LINK_FLEX_HARNESS,flexible_wire_home,"TE 55A0111 tin-coated copper / crosslinked modified ETFE, maximum OD envelope",True,自由线HOME形状参考；按完整导线表裁线，不制作实心弯管,work/r23-power-integration/harness/flex_compact_v6/home_export/manifest.json,work/r23-power-integration/harness/flex_compact_v6/home_export/STEP_毫米/R23_NECK_FREE_S10.step,,work/r23-power-integration/harness/flex_compact_v6/home_export/STL_装配坐标_毫米/R23_NECK_FREE_S10.stl,c6277aa09938f01ab7757d13497e428542c14fcd5447ecab2ce2494fe8995c87,,Frozen flexible HOME reference only. Exact free-exit to free-exit; no added end tails. Never rigidly rotate whole wire with head.
R23_NECK_FREE_S11,MULTI_LINK_FLEX_HARNESS,flexible_wire_home,"TE 55A0111 tin-coated copper / crosslinked modified ETFE, maximum OD envelope",True,自由线HOME形状参考；按完整导线表裁线，不制作实心弯管,work/r23-power-integration/harness/flex_compact_v6/home_export/manifest.json,work/r23-power-integration/harness/flex_compact_v6/home_export/STEP_毫米/R23_NECK_FREE_S11.step,,work/r23-power-integration/harness/flex_compact_v6/home_export/STL_装配坐标_毫米/R23_NECK_FREE_S11.stl,389eb3f0d80466034ca62c77bbf3719b8772913220e9f5b2d37d57332f7e2f32,,Frozen flexible HOME reference only. Exact free-exit to free-exit; no added end tails. Never rigidly rotate whole wire with head.
R23_NECK_FREE_S12,MULTI_LINK_FLEX_HARNESS,flexible_wire_home,"TE 55A0111 tin-coated copper / crosslinked modified ETFE, maximum OD envelope",True,自由线HOME形状参考；按完整导线表裁线，不制作实心弯管,work/r23-power-integration/harness/flex_compact_v6/home_export/manifest.json,work/r23-power-integration/harness/flex_compact_v6/home_export/STEP_毫米/R23_NECK_FREE_S12.step,,work/r23-power-integration/harness/flex_compact_v6/home_export/STL_装配坐标_毫米/R23_NECK_FREE_S12.stl,3a54311f27202b0256d10f2ec148c225f714a19b2adae5762d6ca70517a6a49c,,Frozen flexible HOME reference only. Exact free-exit to free-exit; no added end tails. Never rigidly rotate whole wire with head.
R23_NECK_FREE_S13,MULTI_LINK_FLEX_HARNESS,flexible_wire_home,"TE 55A0111 tin-coated copper / crosslinked modified ETFE, maximum OD envelope",True,自由线HOME形状参考；按完整导线表裁线，不制作实心弯管,work/r23-power-integration/harness/flex_compact_v6/home_export/manifest.json,work/r23-power-integration/harness/flex_compact_v6/home_export/STEP_毫米/R23_NECK_FREE_S13.step,,work/r23-power-integration/harness/flex_compact_v6/home_export/STL_装配坐标_毫米/R23_NECK_FREE_S13.stl,34168d091626730196bee826c959f0d50cd14e6a1be63f161044585cf9634e97,,Frozen flexible HOME reference only. Exact free-exit to free-exit; no added end tails. Never rigidly rotate whole wire with head.
R23_NECK_FREE_S14,MULTI_LINK_FLEX_HARNESS,flexible_wire_home,"TE 55A0111 tin-coated copper / crosslinked modified ETFE, maximum OD envelope",True,自由线HOME形状参考；按完整导线表裁线，不制作实心弯管,work/r23-power-integration/harness/flex_compact_v6/home_export/manifest.json,work/r23-power-integration/harness/flex_compact_v6/home_export/STEP_毫米/R23_NECK_FREE_S14.step,,work/r23-power-integration/harness/flex_compact_v6/home_export/STL_装配坐标_毫米/R23_NECK_FREE_S14.stl,50ee86b749a7695158d8c2c1db223e5584d27a50d94bf6ef189217dd26c39fe0,,Frozen flexible HOME reference only. Exact free-exit to free-exit; no added end tails. Never rigidly rotate whole wire with head.
R23_NECK_FREE_S15,MULTI_LINK_FLEX_HARNESS,flexible_wire_home,"TE 55A0111 tin-coated copper / crosslinked modified ETFE, maximum OD envelope",True,自由线HOME形状参考；按完整导线表裁线，不制作实心弯管,work/r23-power-integration/harness/flex_compact_v6/home_export/manifest.json,work/r23-power-integration/harness/flex_compact_v6/home_export/STEP_毫米/R23_NECK_FREE_S15.step,,work/r23-power-integration/harness/flex_compact_v6/home_export/STL_装配坐标_毫米/R23_NECK_FREE_S15.stl,a9337072eb1a897ca4ab0c3afecef7f725ca85ec1e383ca43d45aea9498f2d31,,Frozen flexible HOME reference only. Exact free-exit to free-exit; no added end tails. Never rigidly rotate whole wire with head.
R23_NECK_FREE_S16,MULTI_LINK_FLEX_HARNESS,flexible_wire_home,"TE 55A0111 tin-coated copper / crosslinked modified ETFE, maximum OD envelope",True,自由线HOME形状参考；按完整导线表裁线，不制作实心弯管,work/r23-power-integration/harness/flex_compact_v6/home_export/manifest.json,work/r23-power-integration/harness/flex_compact_v6/home_export/STEP_毫米/R23_NECK_FREE_S16.step,,work/r23-power-integration/harness/flex_compact_v6/home_export/STL_装配坐标_毫米/R23_NECK_FREE_S16.stl,c7a92b3ac21155e984bde1b22af3e56abaa5905c4bbc091a43e26f67e3ee3ba9,,Frozen flexible HOME reference only. Exact free-exit to free-exit; no added end tails. Never rigidly rotate whole wire with head.
R23_NECK_FREE_S17,MULTI_LINK_FLEX_HARNESS,flexible_wire_home,"TE 55A0111 tin-coated copper / crosslinked modified ETFE, maximum OD envelope",True,自由线HOME形状参考；按完整导线表裁线，不制作实心弯管,work/r23-power-integration/harness/flex_compact_v6/home_export/manifest.json,work/r23-power-integration/harness/flex_compact_v6/home_export/STEP_毫米/R23_NECK_FREE_S17.step,,work/r23-power-integration/harness/flex_compact_v6/home_export/STL_装配坐标_毫米/R23_NECK_FREE_S17.stl,463d14917f891cc388518c94a90fd4af1d2efaa1b232a0749ea16c6a28ca9e2d,,Frozen flexible HOME reference only. Exact free-exit to free-exit; no added end tails. Never rigidly rotate whole wire with head.
R23_NECK_FREE_S18,MULTI_LINK_FLEX_HARNESS,flexible_wire_home,"TE 55A0111 tin-coated copper / crosslinked modified ETFE, maximum OD envelope",True,自由线HOME形状参考；按完整导线表裁线，不制作实心弯管,work/r23-power-integration/harness/flex_compact_v6/home_export/manifest.json,work/r23-power-integration/harness/flex_compact_v6/home_export/STEP_毫米/R23_NECK_FREE_S18.step,,work/r23-power-integration/harness/flex_compact_v6/home_export/STL_装配坐标_毫米/R23_NECK_FREE_S18.stl,089edf9a8bfd058b6f85cd366e80e7a902a99ec3c18e7c5a968677b8e8798485,,Frozen flexible HOME reference only. Exact free-exit to free-exit; no added end tails. Never rigidly rotate whole wire with head.
R23_NECK_FREE_S19,MULTI_LINK_FLEX_HARNESS,flexible_wire_home,"TE 55A0111 tin-coated copper / crosslinked modified ETFE, maximum OD envelope",True,自由线HOME形状参考；按完整导线表裁线，不制作实心弯管,work/r23-power-integration/harness/flex_compact_v6/home_export/manifest.json,work/r23-power-integration/harness/flex_compact_v6/home_export/STEP_毫米/R23_NECK_FREE_S19.step,,work/r23-power-integration/harness/flex_compact_v6/home_export/STL_装配坐标_毫米/R23_NECK_FREE_S19.stl,5b5eb55d93d080871419e5c963defe5d2e97dc145ceca903588815ca444402c1,,Frozen flexible HOME reference only. Exact free-exit to free-exit; no added end tails. Never rigidly rotate whole wire with head.
R23_NECK_FREE_S20,MULTI_LINK_FLEX_HARNESS,flexible_wire_home,"TE 55A0111 tin-coated copper / crosslinked modified ETFE, maximum OD envelope",True,自由线HOME形状参考；按完整导线表裁线，不制作实心弯管,work/r23-power-integration/harness/flex_compact_v6/home_export/manifest.json,work/r23-power-integration/harness/flex_compact_v6/home_export/STEP_毫米/R23_NECK_FREE_S20.step,,work/r23-power-integration/harness/flex_compact_v6/home_export/STL_装配坐标_毫米/R23_NECK_FREE_S20.stl,246cd6a5f450e4f45d9a577af56a49042efca2a7f1a1fade22f1c2678f4e00bd,,Frozen flexible HOME reference only. Exact free-exit to free-exit; no added end tails. Never rigidly rotate whole wire with head.
R23_NECK_FREE_S21,MULTI_LINK_FLEX_HARNESS,flexible_wire_home,"TE 55A0111 tin-coated copper / crosslinked modified ETFE, maximum OD envelope",True,自由线HOME形状参考；按完整导线表裁线，不制作实心弯管,work/r23-power-integration/harness/flex_compact_v6/home_export/manifest.json,work/r23-power-integration/harness/flex_compact_v6/home_export/STEP_毫米/R23_NECK_FREE_S21.step,,work/r23-power-integration/harness/flex_compact_v6/home_export/STL_装配坐标_毫米/R23_NECK_FREE_S21.stl,1de114937294a73ed3ec7a98bb1c26495f363c5f557838736604f3d21ab224b7,,Frozen flexible HOME reference only. Exact free-exit to free-exit; no added end tails. Never rigidly rotate whole wire with head.
R23_NECK_FREE_S22,MULTI_LINK_FLEX_HARNESS,flexible_wire_home,"TE 55A0111 tin-coated copper / crosslinked modified ETFE, maximum OD envelope",True,自由线HOME形状参考；按完整导线表裁线，不制作实心弯管,work/r23-power-integration/harness/flex_compact_v6/home_export/manifest.json,work/r23-power-integration/harness/flex_compact_v6/home_export/STEP_毫米/R23_NECK_FREE_S22.step,,work/r23-power-integration/harness/flex_compact_v6/home_export/STL_装配坐标_毫米/R23_NECK_FREE_S22.stl,b5e8c655ddf1888015a28ca79c5d9677016e4820e6353ad2f83d579171afbe76,,Frozen flexible HOME reference only. Exact free-exit to free-exit; no added end tails. Never rigidly rotate whole wire with head.
R23_NECK_FREE_S23,MULTI_LINK_FLEX_HARNESS,flexible_wire_home,"TE 55A0111 tin-coated copper / crosslinked modified ETFE, maximum OD envelope",True,自由线HOME形状参考；按完整导线表裁线，不制作实心弯管,work/r23-power-integration/harness/flex_compact_v6/home_export/manifest.json,work/r23-power-integration/harness/flex_compact_v6/home_export/STEP_毫米/R23_NECK_FREE_S23.step,,work/r23-power-integration/harness/flex_compact_v6/home_export/STL_装配坐标_毫米/R23_NECK_FREE_S23.stl,485db5fde440b7373ae672476714d0c6f9c906a0d596dbe2f406aa84b9f2b875,,Frozen flexible HOME reference only. Exact free-exit to free-exit; no added end tails. Never rigidly rotate whole wire with head.
R23_NECK_FREE_S24,MULTI_LINK_FLEX_HARNESS,flexible_wire_home,"TE 55A0111 tin-coated copper / crosslinked modified ETFE, maximum OD envelope",True,自由线HOME形状参考；按完整导线表裁线，不制作实心弯管,work/r23-power-integration/harness/flex_compact_v6/home_export/manifest.json,work/r23-power-integration/harness/flex_compact_v6/home_export/STEP_毫米/R23_NECK_FREE_S24.step,,work/r23-power-integration/harness/flex_compact_v6/home_export/STL_装配坐标_毫米/R23_NECK_FREE_S24.stl,017b3a321bde6ae19f02fe741b32aeeea3f26dbd22f49fa41e374a27eca4dbf4,,Frozen flexible HOME reference only. Exact free-exit to free-exit; no added end tails. Never rigidly rotate whole wire with head.
R23_NECK_FREE_S25,MULTI_LINK_FLEX_HARNESS,flexible_wire_home,"TE 55A0111 tin-coated copper / crosslinked modified ETFE, maximum OD envelope",True,自由线HOME形状参考；按完整导线表裁线，不制作实心弯管,work/r23-power-integration/harness/flex_compact_v6/home_export/manifest.json,work/r23-power-integration/harness/flex_compact_v6/home_export/STEP_毫米/R23_NECK_FREE_S25.step,,work/r23-power-integration/harness/flex_compact_v6/home_export/STL_装配坐标_毫米/R23_NECK_FREE_S25.stl,eb9a81fd45ec7de29f7fa1cb03569d7d5abd7ada8bea1b73fc81e4bbf1940a6e,,Frozen flexible HOME reference only. Exact free-exit to free-exit; no added end tails. Never rigidly rotate whole wire with head.
R23_NECK_FREE_P5,MULTI_LINK_FLEX_HARNESS,flexible_wire_home,TE 55A0111 AWG16 maximumOD insulation envelope,True,自由线HOME形状参考；按完整导线表裁线，不制作实心弯管,work/r23-power-integration/harness/flex_power_pair_v7/home_export_outer/manifest.json,work/r23-power-integration/harness/flex_power_pair_v7/home_export_outer/STEP_毫米/R23_NECK_FREE_P5.step,,work/r23-power-integration/harness/flex_power_pair_v7/home_export_outer/STL_装配坐标_毫米/R23_NECK_FREE_P5.stl,0634e7a26b7b626cd73b082db55314afab09a51e1b6a46afe656b25d11428235,,Flexible HOME reference only; free_exit to free_exit; no added boundary tails.
R23_NECK_FREE_P6,MULTI_LINK_FLEX_HARNESS,flexible_wire_home,TE 55A0111 AWG16 maximumOD insulation envelope,True,自由线HOME形状参考；按完整导线表裁线，不制作实心弯管,work/r23-power-integration/harness/flex_power_pair_v7/home_export_outer/manifest.json,work/r23-power-integration/harness/flex_power_pair_v7/home_export_outer/STEP_毫米/R23_NECK_FREE_P6.step,,work/r23-power-integration/harness/flex_power_pair_v7/home_export_outer/STL_装配坐标_毫米/R23_NECK_FREE_P6.stl,cc14e641031cd98246ddb22b7ce5b4afdf6e43f9dda8032f876e5951e7973530,,Flexible HOME reference only; free_exit to free_exit; no added boundary tails.
R23_LEG5_Power_integrated_load_bracket_FINAL_ROOT,trunk_base,manufacturing_candidate,6061-T651 machined billet,True,按本件源CAD与材料/工艺合同评审,work/r23-power-integration/mechanics/final_load_reinforcement/manifest.json,work/r23-power-integration/mechanics/final_load_reinforcement/STEP_毫米/R23_LEG5_Power_integrated_load_bracket_FINAL_ROOT.step,,work/r23-power-integration/mechanics/final_load_reinforcement/STL_装配坐标_毫米/R23_LEG5_Power_integrated_load_bracket_FINAL_ROOT.stl,1219b527e7023b5cfdaee77cb5076545c23f2bcc5d839ae99fbf6dda3e9476c5,work/r23-power-integration/mechanics/final_load_reinforcement/R23_主支架补强_尺寸与载荷复核.pdf,"Final root reinforcement:6.3x6.3 root links/stems; tool bridge8.7Xx12Yx12Z, unchanged twoM3 seats/holes and fullD6.6 tool passages. Source bracket retained as subset; no PCB or motor interface moved."
R23_RT2_HOST_J01_SIDE_BOLT_MOUNT,trunk_base,manufacturing_candidate,"Unfilled PEEK CNC, certified450G-class stock required",True,按本件源CAD与材料/工艺合同评审,work/r23-power-integration/thermal/rear_load_revision/candidate_v10/manifest.json,work/r23-power-integration/thermal/rear_load_revision/candidate_v10/STEP_毫米/R23_RT2_HOST_J01_SIDE_BOLT_MOUNT.step,,work/r23-power-integration/thermal/rear_load_revision/candidate_v10/STL_装配坐标_毫米/R23_RT2_HOST_J01_SIDE_BOLT_MOUNT.stl,99cee0de7ddc8b2f95b6549eeb21edffd0573cc124a89c2316112136e06070db,work/r23-power-integration/thermal/R23_thermal_budget.pdf,"Externalspine/rootweb retained. Twofactory-onlyCNCthroughM2threads atnativeY30/Z8.8,13.2,X−2.8...4;maxshaftendX+.2. Geometricinsert3.0mm, completeeffectiveformedthread>=2.5mm requiresgauge/firstpiece. Separate7075adapter fixesrearfromside after board/rear/INPUTbridge placement. Originalrailshoe/M2/VMQ/toolfoilretired;obsoletepositiveXcapturebelowrail-topremovedatX.4..5/Y19.5..32.1/Z6.5..13.7toreleaseleftassembly;toolslot/tap permanentlyclosed. NoPCB/NTCposechange."
R23_REAR_DUAL_M2_7075_ADAPTER,trunk_base,manufacturing_candidate,"7075-T6 machinedbillet; finishedhard-anodizeddimensions, engineeringdensity2.81",True,按本件源CAD与材料/工艺合同评审,work/r23-power-integration/thermal/rear_load_revision/candidate_v10/manifest.json,work/r23-power-integration/thermal/rear_load_revision/candidate_v10/STEP_毫米/R23_REAR_DUAL_M2_7075_ADAPTER.step,,work/r23-power-integration/thermal/rear_load_revision/candidate_v10/STL_装配坐标_毫米/R23_REAR_DUAL_M2_7075_ADAPTER.stl,416993212bfecd91fa42f9560a0f520268a6cacf47326809ae5700f92f77e9cc,work/r23-power-integration/thermal/R23_thermal_budget.pdf,"Separateonepiece7075adapter: originalINPUTtwoM2axesY36/42,metalear1mmOD3.8/hole2.2; twoadditionalrearNBKSSHS-M2-4atY30/Z8.8,13.2 with1mmcounterborefloor; lowerheadbearingannulusistruncatedbyflangeZ7edgeandmustuseactualarea. Positivefastenerpath andstagedassembly; noPEEKearcompressionlimiter required. Contactpreload/heat/fatigue/torquesrequirevalidatedprocess."
R23_INPUT_side_M2x6_1,trunk_base,manufacturing_candidate,A2-70 certified M2x6 DIN912,True,按本件源CAD与材料/工艺合同评审,work/r23-power-integration/thermal/rear_load_revision/candidate_v10/manifest.json,work/r23-power-integration/thermal/rear_load_revision/candidate_v10/STEP_毫米/R23_INPUT_side_M2x6_1.step,,work/r23-power-integration/thermal/rear_load_revision/candidate_v10/STL_装配坐标_毫米/R23_INPUT_side_M2x6_1.stl,ae1532bf16ecab58870c1fe3bf1535562bf513010aceed1e394cd016815a8c6d,work/r23-power-integration/thermal/R23_thermal_budget.pdf,"Originalshaftaxis/end preserved;headseat−2.5,1mmmetalear+2mmoriginal7075tab+3mmoriginalrailthread. OriginalstyleD3.8/H2head/socketretained; no0.995PEEKear orsteelshim."
R23_INPUT_side_M2x6_2,trunk_base,manufacturing_candidate,A2-70 certified M2x6 DIN912,True,按本件源CAD与材料/工艺合同评审,work/r23-power-integration/thermal/rear_load_revision/candidate_v10/manifest.json,work/r23-power-integration/thermal/rear_load_revision/candidate_v10/STEP_毫米/R23_INPUT_side_M2x6_2.step,,work/r23-power-integration/thermal/rear_load_revision/candidate_v10/STL_装配坐标_毫米/R23_INPUT_side_M2x6_2.stl,1bb84f77b0a09c71a5c3901d9a57e0506198e5dfe2269d2e074ade66c84a9e2d,work/r23-power-integration/thermal/R23_thermal_budget.pdf,"Originalshaftaxis/end preserved;headseat−2.5,1mmmetalear+2mmoriginal7075tab+3mmoriginalrailthread. OriginalstyleD3.8/H2head/socketretained; no0.995PEEKear orsteelshim."
R23_REAR_SIDE_SSHS_M2x4_1,trunk_base,manufacturing_candidate,"NBK SSHS-M2-4 SUSXM7 (SUS304 equivalent), purchased official ultra-low-head screw",True,按本件源CAD与材料/工艺合同评审,work/r23-power-integration/thermal/rear_load_revision/candidate_v10/manifest.json,work/r23-power-integration/thermal/rear_load_revision/candidate_v10/STEP_毫米/R23_REAR_SIDE_SSHS_M2x4_1.step,,work/r23-power-integration/thermal/rear_load_revision/candidate_v10/STL_装配坐标_毫米/R23_REAR_SIDE_SSHS_M2x4_1.stl,7034d1ac30dab1c8c7439d006a0c83b058a684c450a2267a9827fe1c7e57ba7a,work/r23-power-integration/thermal/R23_thermal_budget.pdf,"Official nominal D4/H1.1/AF1.3/socket t1.2; headseatX-3.8, front-4.9, shaftend+.2; 1mm7075counterborefloor+3mmgeometricPEEKengagement; completeformed>=2.5mm to be gauged. Product max torque0.18Nm is NOT recommended PEEK tightening torque."
R23_REAR_SIDE_SSHS_M2x4_2,trunk_base,manufacturing_candidate,"NBK SSHS-M2-4 SUSXM7 (SUS304 equivalent), purchased official ultra-low-head screw",True,按本件源CAD与材料/工艺合同评审,work/r23-power-integration/thermal/rear_load_revision/candidate_v10/manifest.json,work/r23-power-integration/thermal/rear_load_revision/candidate_v10/STEP_毫米/R23_REAR_SIDE_SSHS_M2x4_2.step,,work/r23-power-integration/thermal/rear_load_revision/candidate_v10/STL_装配坐标_毫米/R23_REAR_SIDE_SSHS_M2x4_2.stl,cd923452d12a6c02601d00e85c0ff2c5c47b4eff78a7378db1e26002668057f2,work/r23-power-integration/thermal/R23_thermal_budget.pdf,"Official nominal D4/H1.1/AF1.3/socket t1.2; headseatX-3.8, front-4.9, shaftend+.2; 1mm7075counterborefloor+3mmgeometricPEEKengagement; completeformed>=2.5mm to be gauged. Product max torque0.18Nm is NOT recommended PEEK tightening torque."
R23_POWER_BACKSIDE_7075_INPUT_BRIDGE_REAR_M2_ACCESS,trunk_base,manufacturing_candidate,"7075-T6; finished hard-anodized dimensions, engineering density2.81",True,按本件源CAD与材料/工艺合同评审,work/r23-power-integration/thermal/rear_load_revision/candidate_v10/manifest.json,work/r23-power-integration/thermal/rear_load_revision/candidate_v10/STEP_毫米/R23_POWER_BACKSIDE_7075_INPUT_BRIDGE_REAR_M2_ACCESS.step,,work/r23-power-integration/thermal/rear_load_revision/candidate_v10/STL_装配坐标_毫米/R23_POWER_BACKSIDE_7075_INPUT_BRIDGE_REAR_M2_ACCESS.stl,f09133e5143fd3f9855d3ae33e4c973173842db016836cfef0b84260d833dcff,work/r23-power-integration/thermal/R23_thermal_budget.pdf,"OnlyD4.0externalhead/earaccesscounterboreextensionnativeX−4.6..−3.699,Y36/42,Z10.2. ExistingdeepD4.2, shaftaxes, original−1.5bearingfaceandspineunchanged. Combinedrearloadandoriginalwireloadrequirefinalscreen."
R23_POWER_W1_BACK_TO_S1_COMPLETE_DYNAMIC_CLEARANCE,trunk_base,wire_route,TE55A0111-16 tinned Cu/ETFE max1.397/1.778mm,True,按本件源CAD与材料/工艺合同评审,work/r23-power-integration/harness/dynamic_relief_final/manifest.json,work/r23-power-integration/harness/dynamic_relief_final/STEP_毫米/R23_POWER_W1_BACK_TO_S1_COMPLETE_DYNAMIC_CLEARANCE.step,,work/r23-power-integration/harness/dynamic_relief_final/STL_装配坐标_毫米/R23_POWER_W1_BACK_TO_S1_COMPLETE_DYNAMIC_CLEARANCE.stl,85a4a0b1d266b4293880dade2a8dd07b16318e0094309ace07a73d2438e402ac,work/r23-power-integration/harness/dynamic_relief_final/R23_Dynamic_Relief_and_Current_Cut_Table.pdf,"Local dynamic clearance route; endpoints, original independent grip and terminal stock preserved. Not fatigue or manufactured release."
R23_NECK_UPPER_S03_DYNAMIC_CLEARANCE,jaw_soft,wire_route,TE55A0111 maximum insulation envelope,True,按本件源CAD与材料/工艺合同评审,work/r23-power-integration/harness/dynamic_relief_final/manifest.json,work/r23-power-integration/harness/dynamic_relief_final/STEP_毫米/R23_NECK_UPPER_S03_DYNAMIC_CLEARANCE.step,,work/r23-power-integration/harness/dynamic_relief_final/STL_装配坐标_毫米/R23_NECK_UPPER_S03_DYNAMIC_CLEARANCE.stl,237c8ebc608c3e816ffadcb0587c608daddefb899dd8fb58bfb621f6ab416fc3,work/r23-power-integration/harness/dynamic_relief_final/R23_Dynamic_Relief_and_Current_Cut_Table.pdf,"Local dynamic clearance route; endpoints, original independent grip and terminal stock preserved. Not fatigue or manufactured release."
R23_H05_6061_cradle_bridge_mouth_relief,jaw_soft,manufacturing_candidate,6061-T651 machined stock minimumproof240MPa at service temperature,True,按本件源CAD与材料/工艺合同评审,work/r23-power-integration/review/final_rigid_01/narrow_pair_audit/h05_relief_candidate/overlay_manifest.json,work/r23-power-integration/review/final_rigid_01/narrow_pair_audit/h05_relief_candidate/STEP_毫米/R23_H05_6061_cradle_bridge_mouth_relief.step,,work/r23-power-integration/review/final_rigid_01/narrow_pair_audit/h05_relief_candidate/STL_装配坐标_毫米/R23_H05_6061_cradle_bridge_mouth_relief.stl,9c92f21f7cc35c4dc6d5c5e3209702e56e1d38dafb41d27b8a1a68b59f9be462,work/r23-power-integration/review/final_rigid_01/narrow_pair_audit/h05_relief_candidate/H05_让位补强尺寸图.svg,"One-piece CNC replacement. Source attachment pads, holes, wire grooves and lacing slots retained. Distal lower/outside diagonal relief plus1.5mm added upper stock; no separate bonded plate."
left_hip_yaw_motor,trunk_base,motor,vendor assembly nominal,False,按本件源CAD与材料/工艺合同评审,work/r12-motion/assembly_current.json,outputs/Microduck_RK_R8_制造设计/结构/审查快照/V18_STRENGTH_REVISED/assets/0811c7059b_x-430_idle.stp,,outputs/Microduck_RK_R8_制造设计/结构/审查快照/V18_STRENGTH_REVISED/assets/173cee4c01_x-430_idle.stp.stl,e8fdd939739fa2f7a6747105152af1b2a2577cdc46f069f2f061d6435f72b4fd,,
R13p3_left_hip_yaw_fixed_integral_contact_pads,trunk_base,fixed,7075-T651,False,按本件源CAD与材料/工艺合同评审,work/r16-motor-mount/candidate/manifest.json,work/r16-motor-mount/host_geometry/candidate_v1/STEP_毫米/R13p3_left_hip_yaw_fixed_integral_contact_pads.step,,work/r16-motor-mount/host_geometry/candidate_v1/STL_装配坐标_毫米/R13p3_left_hip_yaw_fixed_integral_contact_pads.stl,50bbca3326b2cf0b07ba3352e0e4453bc70095f0c453bccdf14ef69e9cc0bc51,,
left_hip_yaw_active,yaw2roll,active,7075-T651,False,按本件源CAD与材料/工艺合同评审,work/r12-motion/assembly_current.json,outputs/Microduck_RK_R8_制造设计/结构/审查快照/V18_STRENGTH_REVISED/assets/c765c7ce1c_XM430_active_ear.step,,outputs/Microduck_RK_R8_制造设计/结构/审查快照/V18_STRENGTH_REVISED/assets/f57f2d1fe0_XM430_active_ear.stl,446c048be46e205ffc4ce452a21d46d29a00f26f17cfb6635dafa08d7e9084f8,,
left_hip_yaw_idler,yaw2roll,idler,7075-T651,False,按本件源CAD与材料/工艺合同评审,work/r12-motion/assembly_current.json,outputs/Microduck_RK_R8_制造设计/结构/审查快照/V18_STRENGTH_REVISED/assets/ef905be886_XM430_idler_ear.step,,outputs/Microduck_RK_R8_制造设计/结构/审查快照/V18_STRENGTH_REVISED/assets/2fdb836a92_XM430_idler_ear.stl,1f079e7c52432d4ec2e73fc435beda00556c1dd2c3f262b8e60b9ed24f9f70d4,,
right_hip_yaw_motor,trunk_base,motor,vendor assembly nominal,False,按本件源CAD与材料/工艺合同评审,work/r12-motion/assembly_current.json,outputs/Microduck_RK_R8_制造设计/结构/审查快照/V18_STRENGTH_REVISED/assets/0811c7059b_x-430_idle.stp,,outputs/Microduck_RK_R8_制造设计/结构/审查快照/V18_STRENGTH_REVISED/assets/173cee4c01_x-430_idle.stp.stl,e8fdd939739fa2f7a6747105152af1b2a2577cdc46f069f2f061d6435f72b4fd,,
R13p3_right_hip_yaw_fixed_integral_contact_pads,trunk_base,fixed,7075-T651,False,按本件源CAD与材料/工艺合同评审,work/r16-motor-mount/candidate/manifest.json,work/r16-motor-mount/host_geometry/candidate_v1/STEP_毫米/R13p3_right_hip_yaw_fixed_integral_contact_pads.step,,work/r16-motor-mount/host_geometry/candidate_v1/STL_装配坐标_毫米/R13p3_right_hip_yaw_fixed_integral_contact_pads.stl,7442cffca0d89c9423dca9507a2937d6a0439731dea0536d6f6b16d0e8406934,,
right_hip_yaw_active,bearing_roll,active,7075-T651,False,按本件源CAD与材料/工艺合同评审,work/r12-motion/assembly_current.json,outputs/Microduck_RK_R8_制造设计/结构/审查快照/V18_STRENGTH_REVISED/assets/c765c7ce1c_XM430_active_ear.step,,outputs/Microduck_RK_R8_制造设计/结构/审查快照/V18_STRENGTH_REVISED/assets/f57f2d1fe0_XM430_active_ear.stl,446c048be46e205ffc4ce452a21d46d29a00f26f17cfb6635dafa08d7e9084f8,,
right_hip_yaw_idler,bearing_roll,idler,7075-T651,False,按本件源CAD与材料/工艺合同评审,work/r12-motion/assembly_current.json,outputs/Microduck_RK_R8_制造设计/结构/审查快照/V18_STRENGTH_REVISED/assets/ef905be886_XM430_idler_ear.step,,outputs/Microduck_RK_R8_制造设计/结构/审查快照/V18_STRENGTH_REVISED/assets/2fdb836a92_XM430_idler_ear.stl,1f079e7c52432d4ec2e73fc435beda00556c1dd2c3f262b8e60b9ed24f9f70d4,,
left_hip_roll_motor,yaw2roll,motor,vendor assembly nominal,False,按本件源CAD与材料/工艺合同评审,work/r12-motion/assembly_current.json,outputs/Microduck_RK_R8_制造设计/结构/审查快照/V18_STRENGTH_REVISED/assets/0811c7059b_x-430_idle.stp,,outputs/Microduck_RK_R8_制造设计/结构/审查快照/V18_STRENGTH_REVISED/assets/173cee4c01_x-430_idle.stp.stl,e8fdd939739fa2f7a6747105152af1b2a2577cdc46f069f2f061d6435f72b4fd,,
left_hip_roll_fixed,yaw2roll,fixed,7075-T651,False,按本件源CAD与材料/工艺合同评审,work/r12-motion/assembly_current.json,outputs/Microduck_RK_R8_制造设计/结构/审查快照/V18_STRENGTH_REVISED/assets/3a368da47b_XM430_body_saddle.step,,outputs/Microduck_RK_R8_制造设计/结构/审查快照/V18_STRENGTH_REVISED/assets/bfd188784f_XM430_body_saddle.stl,22df70577ee10f1966c343fa55b24adb2ee8d30dc8e7874ba4829e27e41a33f5,,
left_hip_roll_active,hip_l,active,7075-T651,False,按本件源CAD与材料/工艺合同评审,work/r12-motion/assembly_current.json,outputs/Microduck_RK_R8_制造设计/结构/审查快照/V18_STRENGTH_REVISED/assets/c765c7ce1c_XM430_active_ear.step,,outputs/Microduck_RK_R8_制造设计/结构/审查快照/V18_STRENGTH_REVISED/assets/f57f2d1fe0_XM430_active_ear.stl,446c048be46e205ffc4ce452a21d46d29a00f26f17cfb6635dafa08d7e9084f8,,
left_hip_roll_idler,hip_l,idler,7075-T651,False,按本件源CAD与材料/工艺合同评审,work/r12-motion/assembly_current.json,outputs/Microduck_RK_R8_制造设计/结构/审查快照/V18_STRENGTH_REVISED/assets/ef905be886_XM430_idler_ear.step,,outputs/Microduck_RK_R8_制造设计/结构/审查快照/V18_STRENGTH_REVISED/assets/2fdb836a92_XM430_idler_ear.stl,1f079e7c52432d4ec2e73fc435beda00556c1dd2c3f262b8e60b9ed24f9f70d4,,
right_hip_roll_motor,bearing_roll,motor,vendor assembly nominal,False,按本件源CAD与材料/工艺合同评审,work/r12-motion/assembly_current.json,outputs/Microduck_RK_R8_制造设计/结构/审查快照/V18_STRENGTH_REVISED/assets/0811c7059b_x-430_idle.stp,,outputs/Microduck_RK_R8_制造设计/结构/审查快照/V18_STRENGTH_REVISED/assets/173cee4c01_x-430_idle.stp.stl,e8fdd939739fa2f7a6747105152af1b2a2577cdc46f069f2f061d6435f72b4fd,,
right_hip_roll_fixed,bearing_roll,fixed,7075-T651,False,按本件源CAD与材料/工艺合同评审,work/r12-motion/assembly_current.json,outputs/Microduck_RK_R8_制造设计/结构/审查快照/V18_STRENGTH_REVISED/assets/3a368da47b_XM430_body_saddle.step,,outputs/Microduck_RK_R8_制造设计/结构/审查快照/V18_STRENGTH_REVISED/assets/bfd188784f_XM430_body_saddle.stl,22df70577ee10f1966c343fa55b24adb2ee8d30dc8e7874ba4829e27e41a33f5,,
right_hip_roll_active,hip_l_2,active,7075-T651,False,按本件源CAD与材料/工艺合同评审,work/r12-motion/assembly_current.json,outputs/Microduck_RK_R8_制造设计/结构/审查快照/V18_STRENGTH_REVISED/assets/c765c7ce1c_XM430_active_ear.step,,outputs/Microduck_RK_R8_制造设计/结构/审查快照/V18_STRENGTH_REVISED/assets/f57f2d1fe0_XM430_active_ear.stl,446c048be46e205ffc4ce452a21d46d29a00f26f17cfb6635dafa08d7e9084f8,,
right_hip_roll_idler,hip_l_2,idler,7075-T651,False,按本件源CAD与材料/工艺合同评审,work/r12-motion/assembly_current.json,outputs/Microduck_RK_R8_制造设计/结构/审查快照/V18_STRENGTH_REVISED/assets/ef905be886_XM430_idler_ear.step,,outputs/Microduck_RK_R8_制造设计/结构/审查快照/V18_STRENGTH_REVISED/assets/2fdb836a92_XM430_idler_ear.stl,1f079e7c52432d4ec2e73fc435beda00556c1dd2c3f262b8e60b9ed24f9f70d4,,
left_hip_pitch_motor,upper_leg_left,motor,vendor assembly nominal,False,按本件源CAD与材料/工艺合同评审,work/r12-motion/assembly_current.json,outputs/Microduck_RK_R8_制造设计/结构/审查快照/V18_STRENGTH_REVISED/assets/0811c7059b_x-430_idle.stp,,outputs/Microduck_RK_R8_制造设计/结构/审查快照/V18_STRENGTH_REVISED/assets/173cee4c01_x-430_idle.stp.stl,e8fdd939739fa2f7a6747105152af1b2a2577cdc46f069f2f061d6435f72b4fd,,
left_hip_pitch_fixed,upper_leg_left,fixed,7075-T651,False,按本件源CAD与材料/工艺合同评审,work/r12-motion/assembly_current.json,outputs/Microduck_RK_R8_制造设计/结构/审查快照/V18_STRENGTH_REVISED/assets/3a368da47b_XM430_body_saddle.step,,outputs/Microduck_RK_R8_制造设计/结构/审查快照/V18_STRENGTH_REVISED/assets/bfd188784f_XM430_body_saddle.stl,22df70577ee10f1966c343fa55b24adb2ee8d30dc8e7874ba4829e27e41a33f5,,
left_hip_pitch_active,hip_l,active,7075-T651,False,按本件源CAD与材料/工艺合同评审,work/r12-motion/assembly_current.json,outputs/Microduck_RK_R8_制造设计/结构/审查快照/V18_STRENGTH_REVISED/assets/c765c7ce1c_XM430_active_ear.step,,outputs/Microduck_RK_R8_制造设计/结构/审查快照/V18_STRENGTH_REVISED/assets/f57f2d1fe0_XM430_active_ear.stl,446c048be46e205ffc4ce452a21d46d29a00f26f17cfb6635dafa08d7e9084f8,,
left_hip_pitch_idler,hip_l,idler,7075-T651,False,按本件源CAD与材料/工艺合同评审,work/r12-motion/assembly_current.json,outputs/Microduck_RK_R8_制造设计/结构/审查快照/V18_STRENGTH_REVISED/assets/ef905be886_XM430_idler_ear.step,,outputs/Microduck_RK_R8_制造设计/结构/审查快照/V18_STRENGTH_REVISED/assets/2fdb836a92_XM430_idler_ear.stl,1f079e7c52432d4ec2e73fc435beda00556c1dd2c3f262b8e60b9ed24f9f70d4,,
right_hip_pitch_motor,upper_leg_right,motor,vendor assembly nominal,False,按本件源CAD与材料/工艺合同评审,work/r12-motion/assembly_current.json,outputs/Microduck_RK_R8_制造设计/结构/审查快照/V18_STRENGTH_REVISED/assets/0811c7059b_x-430_idle.stp,,outputs/Microduck_RK_R8_制造设计/结构/审查快照/V18_STRENGTH_REVISED/assets/173cee4c01_x-430_idle.stp.stl,e8fdd939739fa2f7a6747105152af1b2a2577cdc46f069f2f061d6435f72b4fd,,
right_hip_pitch_fixed,upper_leg_right,fixed,7075-T651,False,按本件源CAD与材料/工艺合同评审,work/r12-motion/assembly_current.json,outputs/Microduck_RK_R8_制造设计/结构/审查快照/V18_STRENGTH_REVISED/assets/3a368da47b_XM430_body_saddle.step,,outputs/Microduck_RK_R8_制造设计/结构/审查快照/V18_STRENGTH_REVISED/assets/bfd188784f_XM430_body_saddle.stl,22df70577ee10f1966c343fa55b24adb2ee8d30dc8e7874ba4829e27e41a33f5,,
right_hip_pitch_active,hip_l_2,active,7075-T651,False,按本件源CAD与材料/工艺合同评审,work/r12-motion/assembly_current.json,outputs/Microduck_RK_R8_制造设计/结构/审查快照/V18_STRENGTH_REVISED/assets/c765c7ce1c_XM430_active_ear.step,,outputs/Microduck_RK_R8_制造设计/结构/审查快照/V18_STRENGTH_REVISED/assets/f57f2d1fe0_XM430_active_ear.stl,446c048be46e205ffc4ce452a21d46d29a00f26f17cfb6635dafa08d7e9084f8,,
right_hip_pitch_idler,hip_l_2,idler,7075-T651,False,按本件源CAD与材料/工艺合同评审,work/r12-motion/assembly_current.json,outputs/Microduck_RK_R8_制造设计/结构/审查快照/V18_STRENGTH_REVISED/assets/ef905be886_XM430_idler_ear.step,,outputs/Microduck_RK_R8_制造设计/结构/审查快照/V18_STRENGTH_REVISED/assets/2fdb836a92_XM430_idler_ear.stl,1f079e7c52432d4ec2e73fc435beda00556c1dd2c3f262b8e60b9ed24f9f70d4,,
left_knee_motor,upper_leg_left,motor,vendor assembly nominal,False,按本件源CAD与材料/工艺合同评审,work/r12-motion/assembly_current.json,outputs/Microduck_RK_R8_制造设计/结构/审查快照/V18_STRENGTH_REVISED/assets/0811c7059b_x-430_idle.stp,,outputs/Microduck_RK_R8_制造设计/结构/审查快照/V18_STRENGTH_REVISED/assets/173cee4c01_x-430_idle.stp.stl,e8fdd939739fa2f7a6747105152af1b2a2577cdc46f069f2f061d6435f72b4fd,,
left_knee_fixed,upper_leg_left,fixed,7075-T651,False,按本件源CAD与材料/工艺合同评审,work/r12-motion/assembly_current.json,outputs/Microduck_RK_R8_制造设计/结构/审查快照/V18_STRENGTH_REVISED/assets/3a368da47b_XM430_body_saddle.step,,outputs/Microduck_RK_R8_制造设计/结构/审查快照/V18_STRENGTH_REVISED/assets/bfd188784f_XM430_body_saddle.stl,22df70577ee10f1966c343fa55b24adb2ee8d30dc8e7874ba4829e27e41a33f5,,
left_knee_active,leg,active,7075-T651,False,按本件源CAD与材料/工艺合同评审,work/r12-motion/assembly_current.json,outputs/Microduck_RK_R8_制造设计/结构/审查快照/V18_STRENGTH_REVISED/assets/c765c7ce1c_XM430_active_ear.step,,outputs/Microduck_RK_R8_制造设计/结构/审查快照/V18_STRENGTH_REVISED/assets/f57f2d1fe0_XM430_active_ear.stl,446c048be46e205ffc4ce452a21d46d29a00f26f17cfb6635dafa08d7e9084f8,,
left_knee_idler,leg,idler,7075-T651,False,按本件源CAD与材料/工艺合同评审,work/r12-motion/assembly_current.json,outputs/Microduck_RK_R8_制造设计/结构/审查快照/V18_STRENGTH_REVISED/assets/ef905be886_XM430_idler_ear.step,,outputs/Microduck_RK_R8_制造设计/结构/审查快照/V18_STRENGTH_REVISED/assets/2fdb836a92_XM430_idler_ear.stl,1f079e7c52432d4ec2e73fc435beda00556c1dd2c3f262b8e60b9ed24f9f70d4,,
right_knee_motor,upper_leg_right,motor,vendor assembly nominal,False,按本件源CAD与材料/工艺合同评审,work/r12-motion/assembly_current.json,outputs/Microduck_RK_R8_制造设计/结构/审查快照/V18_STRENGTH_REVISED/assets/0811c7059b_x-430_idle.stp,,outputs/Microduck_RK_R8_制造设计/结构/审查快照/V18_STRENGTH_REVISED/assets/173cee4c01_x-430_idle.stp.stl,e8fdd939739fa2f7a6747105152af1b2a2577cdc46f069f2f061d6435f72b4fd,,
right_knee_fixed,upper_leg_right,fixed,7075-T651,False,按本件源CAD与材料/工艺合同评审,work/r12-motion/assembly_current.json,outputs/Microduck_RK_R8_制造设计/结构/审查快照/V18_STRENGTH_REVISED/assets/3a368da47b_XM430_body_saddle.step,,outputs/Microduck_RK_R8_制造设计/结构/审查快照/V18_STRENGTH_REVISED/assets/bfd188784f_XM430_body_saddle.stl,22df70577ee10f1966c343fa55b24adb2ee8d30dc8e7874ba4829e27e41a33f5,,
right_knee_active,leg_2,active,7075-T651,False,按本件源CAD与材料/工艺合同评审,work/r12-motion/assembly_current.json,outputs/Microduck_RK_R8_制造设计/结构/审查快照/V18_STRENGTH_REVISED/assets/c765c7ce1c_XM430_active_ear.step,,outputs/Microduck_RK_R8_制造设计/结构/审查快照/V18_STRENGTH_REVISED/assets/f57f2d1fe0_XM430_active_ear.stl,446c048be46e205ffc4ce452a21d46d29a00f26f17cfb6635dafa08d7e9084f8,,
right_knee_idler,leg_2,idler,7075-T651,False,按本件源CAD与材料/工艺合同评审,work/r12-motion/assembly_current.json,outputs/Microduck_RK_R8_制造设计/结构/审查快照/V18_STRENGTH_REVISED/assets/ef905be886_XM430_idler_ear.step,,outputs/Microduck_RK_R8_制造设计/结构/审查快照/V18_STRENGTH_REVISED/assets/2fdb836a92_XM430_idler_ear.stl,1f079e7c52432d4ec2e73fc435beda00556c1dd2c3f262b8e60b9ed24f9f70d4,,
left_ankle_motor,leg,motor,vendor assembly nominal,False,按本件源CAD与材料/工艺合同评审,work/r12-motion/assembly_current.json,outputs/Microduck_RK_R8_制造设计/结构/审查快照/V18_STRENGTH_REVISED/assets/0811c7059b_x-430_idle.stp,,outputs/Microduck_RK_R8_制造设计/结构/审查快照/V18_STRENGTH_REVISED/assets/173cee4c01_x-430_idle.stp.stl,e8fdd939739fa2f7a6747105152af1b2a2577cdc46f069f2f061d6435f72b4fd,,
left_ankle_fixed,leg,fixed,7075-T651,False,按本件源CAD与材料/工艺合同评审,work/r12-motion/assembly_current.json,outputs/Microduck_RK_R8_制造设计/结构/审查快照/V18_STRENGTH_REVISED/assets/3a368da47b_XM430_body_saddle.step,,outputs/Microduck_RK_R8_制造设计/结构/审查快照/V18_STRENGTH_REVISED/assets/bfd188784f_XM430_body_saddle.stl,22df70577ee10f1966c343fa55b24adb2ee8d30dc8e7874ba4829e27e41a33f5,,
left_ankle_active,ankle_left,active,7075-T651,False,按本件源CAD与材料/工艺合同评审,work/r12-motion/assembly_current.json,outputs/Microduck_RK_R8_制造设计/结构/审查快照/V18_STRENGTH_REVISED/assets/c765c7ce1c_XM430_active_ear.step,,outputs/Microduck_RK_R8_制造设计/结构/审查快照/V18_STRENGTH_REVISED/assets/f57f2d1fe0_XM430_active_ear.stl,446c048be46e205ffc4ce452a21d46d29a00f26f17cfb6635dafa08d7e9084f8,,
left_ankle_idler,ankle_left,idler,7075-T651,False,按本件源CAD与材料/工艺合同评审,work/r12-motion/assembly_current.json,outputs/Microduck_RK_R8_制造设计/结构/审查快照/V18_STRENGTH_REVISED/assets/ef905be886_XM430_idler_ear.step,,outputs/Microduck_RK_R8_制造设计/结构/审查快照/V18_STRENGTH_REVISED/assets/2fdb836a92_XM430_idler_ear.stl,1f079e7c52432d4ec2e73fc435beda00556c1dd2c3f262b8e60b9ed24f9f70d4,,
right_ankle_motor,leg_2,motor,vendor assembly nominal,False,按本件源CAD与材料/工艺合同评审,work/r12-motion/assembly_current.json,outputs/Microduck_RK_R8_制造设计/结构/审查快照/V18_STRENGTH_REVISED/assets/0811c7059b_x-430_idle.stp,,outputs/Microduck_RK_R8_制造设计/结构/审查快照/V18_STRENGTH_REVISED/assets/173cee4c01_x-430_idle.stp.stl,e8fdd939739fa2f7a6747105152af1b2a2577cdc46f069f2f061d6435f72b4fd,,
right_ankle_fixed,leg_2,fixed,7075-T651,False,按本件源CAD与材料/工艺合同评审,work/r12-motion/assembly_current.json,outputs/Microduck_RK_R8_制造设计/结构/审查快照/V18_STRENGTH_REVISED/assets/3a368da47b_XM430_body_saddle.step,,outputs/Microduck_RK_R8_制造设计/结构/审查快照/V18_STRENGTH_REVISED/assets/bfd188784f_XM430_body_saddle.stl,22df70577ee10f1966c343fa55b24adb2ee8d30dc8e7874ba4829e27e41a33f5,,
right_ankle_active,ankle_right,active,7075-T651,False,按本件源CAD与材料/工艺合同评审,work/r12-motion/assembly_current.json,outputs/Microduck_RK_R8_制造设计/结构/审查快照/V18_STRENGTH_REVISED/assets/c765c7ce1c_XM430_active_ear.step,,outputs/Microduck_RK_R8_制造设计/结构/审查快照/V18_STRENGTH_REVISED/assets/f57f2d1fe0_XM430_active_ear.stl,446c048be46e205ffc4ce452a21d46d29a00f26f17cfb6635dafa08d7e9084f8,,
right_ankle_idler,ankle_right,idler,7075-T651,False,按本件源CAD与材料/工艺合同评审,work/r12-motion/assembly_current.json,outputs/Microduck_RK_R8_制造设计/结构/审查快照/V18_STRENGTH_REVISED/assets/ef905be886_XM430_idler_ear.step,,outputs/Microduck_RK_R8_制造设计/结构/审查快照/V18_STRENGTH_REVISED/assets/2fdb836a92_XM430_idler_ear.stl,1f079e7c52432d4ec2e73fc435beda00556c1dd2c3f262b8e60b9ed24f9f70d4,,
neck_pitch_motor,neck,motor,vendor assembly nominal,False,按本件源CAD与材料/工艺合同评审,work/r12-motion/assembly_current.json,outputs/Microduck_RK_R8_制造设计/结构/审查快照/V18_STRENGTH_REVISED/assets/0811c7059b_x-430_idle.stp,,outputs/Microduck_RK_R8_制造设计/结构/审查快照/V18_STRENGTH_REVISED/assets/173cee4c01_x-430_idle.stp.stl,e8fdd939739fa2f7a6747105152af1b2a2577cdc46f069f2f061d6435f72b4fd,,
neck_pitch_fixed,neck,fixed,7075-T651,False,按本件源CAD与材料/工艺合同评审,work/r12-motion/assembly_current.json,outputs/Microduck_RK_R8_制造设计/结构/审查快照/V18_STRENGTH_REVISED/assets/3a368da47b_XM430_body_saddle.step,,outputs/Microduck_RK_R8_制造设计/结构/审查快照/V18_STRENGTH_REVISED/assets/bfd188784f_XM430_body_saddle.stl,22df70577ee10f1966c343fa55b24adb2ee8d30dc8e7874ba4829e27e41a33f5,,
R13p3_neck_pitch_active_through_M3_ears,trunk_base,active,7075-T651,False,按本件源CAD与材料/工艺合同评审,work/r16-motor-mount/candidate/manifest.json,work/r16-motor-mount/host_geometry/candidate_v1/STEP_毫米/R13p3_neck_pitch_active_through_M3_ears.step,,work/r16-motor-mount/host_geometry/candidate_v1/STL_装配坐标_毫米/R13p3_neck_pitch_active_through_M3_ears.stl,6fd59fa148a632c90c85330cff7c78e2413f5a70a75a4ac74f5fd4970083b856,,
R13p3_neck_pitch_idler_through_M3_ears,trunk_base,idler,7075-T651,False,按本件源CAD与材料/工艺合同评审,work/r16-motor-mount/candidate/manifest.json,work/r16-motor-mount/host_geometry/candidate_v1/STEP_毫米/R13p3_neck_pitch_idler_through_M3_ears.step,,work/r16-motor-mount/host_geometry/candidate_v1/STL_装配坐标_毫米/R13p3_neck_pitch_idler_through_M3_ears.stl,dcabdb860269e59dbe15752e97324cca81edc0187b5cff06b7ee419eb16f0696,,
head_pitch_motor,neck,motor,vendor assembly nominal,False,按本件源CAD与材料/工艺合同评审,work/r12-motion/assembly_current.json,outputs/Microduck_RK_R8_制造设计/结构/审查快照/V18_STRENGTH_REVISED/assets/0811c7059b_x-430_idle.stp,,outputs/Microduck_RK_R8_制造设计/结构/审查快照/V18_STRENGTH_REVISED/assets/173cee4c01_x-430_idle.stp.stl,e8fdd939739fa2f7a6747105152af1b2a2577cdc46f069f2f061d6435f72b4fd,,
head_pitch_fixed,neck,fixed,7075-T651,False,按本件源CAD与材料/工艺合同评审,work/r12-motion/assembly_current.json,outputs/Microduck_RK_R8_制造设计/结构/审查快照/V18_STRENGTH_REVISED/assets/3a368da47b_XM430_body_saddle.step,,outputs/Microduck_RK_R8_制造设计/结构/审查快照/V18_STRENGTH_REVISED/assets/bfd188784f_XM430_body_saddle.stl,22df70577ee10f1966c343fa55b24adb2ee8d30dc8e7874ba4829e27e41a33f5,,
head_pitch_active,neck_pitch,active,7075-T651,False,按本件源CAD与材料/工艺合同评审,work/r12-motion/assembly_current.json,outputs/Microduck_RK_R8_制造设计/结构/审查快照/V18_STRENGTH_REVISED/assets/c765c7ce1c_XM430_active_ear.step,,outputs/Microduck_RK_R8_制造设计/结构/审查快照/V18_STRENGTH_REVISED/assets/f57f2d1fe0_XM430_active_ear.stl,446c048be46e205ffc4ce452a21d46d29a00f26f17cfb6635dafa08d7e9084f8,,
head_pitch_idler,neck_pitch,idler,7075-T651,False,按本件源CAD与材料/工艺合同评审,work/r12-motion/assembly_current.json,outputs/Microduck_RK_R8_制造设计/结构/审查快照/V18_STRENGTH_REVISED/assets/ef905be886_XM430_idler_ear.step,,outputs/Microduck_RK_R8_制造设计/结构/审查快照/V18_STRENGTH_REVISED/assets/2fdb836a92_XM430_idler_ear.stl,1f079e7c52432d4ec2e73fc435beda00556c1dd2c3f262b8e60b9ed24f9f70d4,,
head_yaw_motor,yaw_roll_motion,motor,vendor assembly nominal,False,按本件源CAD与材料/工艺合同评审,work/r12-motion/assembly_current.json,outputs/Microduck_RK_R8_制造设计/结构/审查快照/V18_STRENGTH_REVISED/assets/53196ab315_XC330.stp,,outputs/Microduck_RK_R8_制造设计/结构/审查快照/V18_STRENGTH_REVISED/assets/bc6ee169f3_XC330.stp.stl,ccd5dc4a0d974fa569ee4c7c5bd4c472721ee91f5ab4b9101f585676c13c47a8,,
head_yaw_fixed,yaw_roll_motion,fixed,7075-T651,False,按本件源CAD与材料/工艺合同评审,work/r12-motion/assembly_current.json,outputs/Microduck_RK_R8_制造设计/结构/审查快照/V18_STRENGTH_REVISED/assets/28b12c1db8_XC330_headyaw_clearance_frame.step,,outputs/Microduck_RK_R8_制造设计/结构/审查快照/V18_STRENGTH_REVISED/assets/ad67655f61_XC330_headyaw_clearance_frame.stl,0e9bb35319b6714d2edf1893a5e983ae3854d2c65961b6990d914426a80bfcdb,,
head_yaw_active,neck_pitch,active,7075-T651,False,按本件源CAD与材料/工艺合同评审,work/r12-motion/assembly_current.json,outputs/Microduck_RK_R8_制造设计/结构/审查快照/V18_STRENGTH_REVISED/assets/48c7f0ba2c_XC330_active_ear.step,,outputs/Microduck_RK_R8_制造设计/结构/审查快照/V18_STRENGTH_REVISED/assets/ac2a004304_XC330_active_ear.stl,62ecea96daf369cacadc15179a8bda72eb48959ae19a1f1e4d27dc264488c5b9,,
head_yaw_idler,neck_pitch,idler,7075-T651,False,按本件源CAD与材料/工艺合同评审,work/r12-motion/assembly_current.json,outputs/Microduck_RK_R8_制造设计/结构/审查快照/V18_STRENGTH_REVISED/assets/0e2dfa0e41_XC330_idler_ear.step,,outputs/Microduck_RK_R8_制造设计/结构/审查快照/V18_STRENGTH_REVISED/assets/019e07fb4c_XC330_idler_ear.stl,e7afbbad3b659a4dc377a2165380e91a86d4b6d87ca30bb34d1dad300993cbbe,,
head_roll_motor,jaw_soft,motor,vendor assembly nominal,False,按本件源CAD与材料/工艺合同评审,work/r12-motion/assembly_current.json,outputs/Microduck_RK_R8_制造设计/结构/审查快照/V18_STRENGTH_REVISED/assets/53196ab315_XC330.stp,,outputs/Microduck_RK_R8_制造设计/结构/审查快照/V18_STRENGTH_REVISED/assets/bc6ee169f3_XC330.stp.stl,ccd5dc4a0d974fa569ee4c7c5bd4c472721ee91f5ab4b9101f585676c13c47a8,,
head_roll_fixed,jaw_soft,fixed,7075-T651,False,按本件源CAD与材料/工艺合同评审,work/r12-motion/assembly_current.json,outputs/Microduck_RK_R8_制造设计/结构/审查快照/V18_STRENGTH_REVISED/assets/1b48340fb3_XC330_body_frame.step,,outputs/Microduck_RK_R8_制造设计/结构/审查快照/V18_STRENGTH_REVISED/assets/6eebb3c117_XC330_body_frame.stl,767307614cb83e24caee3a2ce470fc5f8b494069564428c8e335717def64dc5b,,
head_roll_active,yaw_roll_motion,active,7075-T651,False,按本件源CAD与材料/工艺合同评审,work/r12-motion/assembly_current.json,outputs/Microduck_RK_R8_制造设计/结构/审查快照/V18_STRENGTH_REVISED/assets/6885064c2d_XC330_head_roll_active_ear.step,,outputs/Microduck_RK_R8_制造设计/结构/审查快照/V18_STRENGTH_REVISED/assets/cb1b9fb987_XC330_head_roll_active_ear.stl,d4d4d2678b7642b5e221ef2eb96fbc78d6f31d2162ecc8cae321bccff057c29d,,
head_roll_idler,yaw_roll_motion,idler,7075-T651,False,按本件源CAD与材料/工艺合同评审,work/r12-motion/assembly_current.json,outputs/Microduck_RK_R8_制造设计/结构/审查快照/V18_STRENGTH_REVISED/assets/a925e5e891_XC330_head_roll_idler_ear.step,,outputs/Microduck_RK_R8_制造设计/结构/审查快照/V18_STRENGTH_REVISED/assets/05ebc834a4_XC330_head_roll_idler_ear.stl,1393d304a1578aa8d68b325f17987f59d6e4a3b5c23eb4e602a4d50724fa88a2,,
mouth_candidate_motor,jaw_soft,motor,vendor assembly nominal,False,按本件源CAD与材料/工艺合同评审,work/r12-motion/assembly_current.json,outputs/Microduck_RK_R8_制造设计/结构/审查快照/V18_STRENGTH_REVISED/assets/53196ab315_XC330.stp,,outputs/Microduck_RK_R8_制造设计/结构/审查快照/V18_STRENGTH_REVISED/assets/bc6ee169f3_XC330.stp.stl,ccd5dc4a0d974fa569ee4c7c5bd4c472721ee91f5ab4b9101f585676c13c47a8,,
mouth_candidate_fixed,jaw_soft,fixed,7075-T651,False,按本件源CAD与材料/工艺合同评审,work/r12-motion/assembly_current.json,outputs/Microduck_RK_R8_制造设计/结构/审查快照/V18_STRENGTH_REVISED/assets/1b48340fb3_XC330_body_frame.step,,outputs/Microduck_RK_R8_制造设计/结构/审查快照/V18_STRENGTH_REVISED/assets/6eebb3c117_XC330_body_frame.stl,767307614cb83e24caee3a2ce470fc5f8b494069564428c8e335717def64dc5b,,
mouth_candidate_active,mouth_link,active,7075-T651,False,按本件源CAD与材料/工艺合同评审,work/r12-motion/assembly_current.json,outputs/Microduck_RK_R8_制造设计/结构/审查快照/V18_STRENGTH_REVISED/assets/2aa7ffeb68_XC330_mouth_active_ear_short.step,,outputs/Microduck_RK_R8_制造设计/结构/审查快照/V18_STRENGTH_REVISED/assets/272635295b_XC330_mouth_active_ear_short.stl,1ace8fb9c28459ff89d0dbc747917ba9c0947e85627a778773f6508aeb201624,,
mouth_candidate_idler,mouth_link,idler,7075-T651,False,按本件源CAD与材料/工艺合同评审,work/r12-motion/assembly_current.json,outputs/Microduck_RK_R8_制造设计/结构/审查快照/V18_STRENGTH_REVISED/assets/ce1e661410_XC330_mouth_idler_ear.step,,outputs/Microduck_RK_R8_制造设计/结构/审查快照/V18_STRENGTH_REVISED/assets/76aeb481d4_XC330_mouth_idler_ear.stl,51381ae88d73a231f40ab89b49cdef8cc27bb456f9ef34b092d63b7899b06ef6,,
R11_upper_leg_left_dual_rail,upper_leg_left,serial_rail,7075-T651 CNC candidate,False,按本件源CAD与材料/工艺合同评审,work/r12-motion/assembly_current.json,work/r11-integration/mechanics/serial_cad_v4/STEP_毫米/R11_upper_leg_left_dual_rail.step,,work/r11-integration/mechanics/serial_cad_v4/STL_装配坐标_毫米/R11_upper_leg_left_dual_rail.stl,8c05aee5c0cb30c907e1c527887aa8bc00817a01b85c39720ee769d7945ac19b,,
R11_neck_rail_1,neck,serial_rail,7075-T651 CNC candidate,False,按本件源CAD与材料/工艺合同评审,work/r12-motion/assembly_current.json,work/r11-integration/mechanics/serial_cad_v4/STEP_毫米/R11_neck_rail_1.step,,work/r11-integration/mechanics/serial_cad_v4/STL_装配坐标_毫米/R11_neck_rail_1.stl,4bcf2f7960469567197828df779024a30888a7b2331dc207e77e36ba0aebe488,,
R11_neck_rail_2,neck,serial_rail,7075-T651 CNC candidate,False,按本件源CAD与材料/工艺合同评审,work/r12-motion/assembly_current.json,work/r11-integration/mechanics/serial_cad_v4/STEP_毫米/R11_neck_rail_2.step,,work/r11-integration/mechanics/serial_cad_v4/STL_装配坐标_毫米/R11_neck_rail_2.stl,72d76f984c45957e53e8d4243491e47be50a85ece34e5224fa307e720a886ea1,,
R11_yaw_roll_motion_rail_1,yaw_roll_motion,serial_rail,7075-T651 CNC candidate,False,按本件源CAD与材料/工艺合同评审,work/r12-motion/assembly_current.json,work/r11-integration/mechanics/serial_cad_v4/STEP_毫米/R11_yaw_roll_motion_rail_1.step,,work/r11-integration/mechanics/serial_cad_v4/STL_装配坐标_毫米/R11_yaw_roll_motion_rail_1.stl,b5e91bcab38daaac32a57b818d9abfa0166b658424038b267306ceb3d63d656b,,
R11_yaw_roll_motion_rail_2,yaw_roll_motion,serial_rail,7075-T651 CNC candidate,False,按本件源CAD与材料/工艺合同评审,work/r12-motion/assembly_current.json,work/r11-integration/mechanics/serial_cad_v4/STEP_毫米/R11_yaw_roll_motion_rail_2.step,,work/r11-integration/mechanics/serial_cad_v4/STL_装配坐标_毫米/R11_yaw_roll_motion_rail_2.stl,13dc7f6f7d9c7359dc92b35b4691a1e7c3e09cc663cb20967dae50f7631df7b2,,
R11_upper_leg_right_dual_rail,upper_leg_right,serial_rail,7075-T651 CNC candidate,False,按本件源CAD与材料/工艺合同评审,work/r12-motion/assembly_current.json,work/r11-integration/mechanics/serial_cad_v4/STEP_毫米/R11_upper_leg_right_dual_rail.step,,work/r11-integration/mechanics/serial_cad_v4/STL_装配坐标_毫米/R11_upper_leg_right_dual_rail.stl,8a22db130a4f02c08ab7c67f52f0f0fcfb9e0c3843eb0be41877aa0d5d52b4f1,,
R11_hip_l_rail_1,hip_l,serial_rail,7075-T651 CNC candidate,False,按本件源CAD与材料/工艺合同评审,work/r12-motion/assembly_current.json,work/r11-integration/mechanics/serial_cad_v4/STEP_毫米/R11_hip_l_rail_1.step,,work/r11-integration/mechanics/serial_cad_v4/STL_装配坐标_毫米/R11_hip_l_rail_1.stl,10a4ff82b085ba962106c8c67c09393c8f4817f32acb2f9e95715e1c1700f05c,,
R20_left_hip_rail_offset,hip_l,serial_rail,7075-T651 CNC candidate,False,按本件源CAD与材料/工艺合同评审,work/r20-walking-fix/hip_relief/candidate_v4/candidate_manifest.json,work/r20-walking-fix/hip_relief/candidate_v4/CAD/STEP_毫米/R20_left_hip_rail_offset.step,,work/r20-walking-fix/hip_relief/candidate_v4/CAD/STL_装配坐标_毫米/R20_left_hip_rail_offset.stl,c952c42c53864be4ee23f041b841d4897709b453c99bc2aecc9ae29664478fd6,,
R11_hip_l_2_rail_1,hip_l_2,serial_rail,7075-T651 CNC candidate,False,按本件源CAD与材料/工艺合同评审,work/r12-motion/assembly_current.json,work/r11-integration/mechanics/serial_cad_v4/STEP_毫米/R11_hip_l_2_rail_1.step,,work/r11-integration/mechanics/serial_cad_v4/STL_装配坐标_毫米/R11_hip_l_2_rail_1.stl,28cfe434818be04659938c94d997657554268db1f49fe4c40bcd48fedc247241,,
R11_hip_l_2_rail_2,hip_l_2,serial_rail,7075-T651 CNC candidate,False,按本件源CAD与材料/工艺合同评审,work/r12-motion/assembly_current.json,work/r11-integration/mechanics/serial_cad_v4/STEP_毫米/R11_hip_l_2_rail_2.step,,work/r11-integration/mechanics/serial_cad_v4/STL_装配坐标_毫米/R11_hip_l_2_rail_2.stl,7d23c6e51a087ded4ee8bc26df4e539fec887822874d9342397a587b143b18f4,,
R11_leg_2_rail_1,leg_2,serial_rail,7075-T651 CNC candidate,False,按本件源CAD与材料/工艺合同评审,work/r12-motion/assembly_current.json,work/r11-integration/mechanics/serial_cad_v4/STEP_毫米/R11_leg_2_rail_1.step,,work/r11-integration/mechanics/serial_cad_v4/STL_装配坐标_毫米/R11_leg_2_rail_1.stl,c50a7b21b494f5033800da8825e6b5544bdf1d76d7d36e73ed0800cae1f6f812,,
R11_leg_2_rail_2,leg_2,serial_rail,7075-T651 CNC candidate,False,按本件源CAD与材料/工艺合同评审,work/r12-motion/assembly_current.json,work/r11-integration/mechanics/serial_cad_v4/STEP_毫米/R11_leg_2_rail_2.step,,work/r11-integration/mechanics/serial_cad_v4/STL_装配坐标_毫米/R11_leg_2_rail_2.stl,5092ffcbef874bbe695760065743042a9c9423287f795a41bedac1f78d1a98c1,,
R11_leg_rail_1,leg,serial_rail,7075-T651 CNC candidate,False,按本件源CAD与材料/工艺合同评审,work/r12-motion/assembly_current.json,work/r11-integration/mechanics/serial_cad_v4/STEP_毫米/R11_leg_rail_1.step,,work/r11-integration/mechanics/serial_cad_v4/STL_装配坐标_毫米/R11_leg_rail_1.stl,24e811d60fb02b9644b807ea0d738c1002f05565668dba4c634d1064531677b3,,
R11_leg_rail_2,leg,serial_rail,7075-T651 CNC candidate,False,按本件源CAD与材料/工艺合同评审,work/r12-motion/assembly_current.json,work/r11-integration/mechanics/serial_cad_v4/STEP_毫米/R11_leg_rail_2.step,,work/r11-integration/mechanics/serial_cad_v4/STL_装配坐标_毫米/R11_leg_rail_2.stl,372027df381ac84550f1f6234bb9a71e8650dfb299912105ce0bdf212efcd894,,
R11_neck_pitch_rail_1,neck_pitch,serial_rail,7075-T651 CNC candidate,False,按本件源CAD与材料/工艺合同评审,work/r12-motion/assembly_current.json,work/r11-integration/mechanics/serial_cad_v5/STEP_毫米/R11_neck_pitch_rail_1.step,,work/r11-integration/mechanics/serial_cad_v5/STL_装配坐标_毫米/R11_neck_pitch_rail_1.stl,e227964ee94ba2da482b64b8b0699078179e608c1331e6ef66c3fc0b64a792e4,,
R11_neck_pitch_rail_2,neck_pitch,serial_rail,7075-T651 CNC candidate,False,按本件源CAD与材料/工艺合同评审,work/r12-motion/assembly_current.json,work/r11-integration/mechanics/serial_cad_v5/STEP_毫米/R11_neck_pitch_rail_2.step,,work/r11-integration/mechanics/serial_cad_v5/STL_装配坐标_毫米/R11_neck_pitch_rail_2.stl,200eb657a4880eb1a1c5adcc6472489f2990d763f6b092ba872086d08257f8a6,,
R11_bearing_roll_rail_1,bearing_roll,serial_rail,7075-T651 CNC candidate,False,按本件源CAD与材料/工艺合同评审,work/r12-motion/assembly_current.json,work/r11-integration/mechanics/serial_cad_v6/STEP_毫米/R11_bearing_roll_rail_1.step,,work/r11-integration/mechanics/serial_cad_v6/STL_装配坐标_毫米/R11_bearing_roll_rail_1.stl,8e71fb2f88514a6ca10dc6a1c85c5c5715a079cd6e3f0a57acc6fbdf24e8fd99,,
R12_bearing_roll_rail_2,bearing_roll,serial_rail,7075-T651 CNC candidate,False,按本件源CAD与材料/工艺合同评审,work/r12-motion/assembly_current.json,work/r12-motion/mechanics/hip_rods_v2_inner/STEP_毫米/R12_bearing_roll_rail_2.step,,work/r12-motion/mechanics/hip_rods_v2_inner/STL_装配坐标_毫米/R12_bearing_roll_rail_2.stl,bd37010354e11de7c0be63d7a819dec209d4698696cfdd61d852e69cec55285d,,
R11_yaw2roll_rail_1,yaw2roll,serial_rail,7075-T651 CNC candidate,False,按本件源CAD与材料/工艺合同评审,work/r12-motion/assembly_current.json,work/r11-integration/mechanics/serial_cad_v6/STEP_毫米/R11_yaw2roll_rail_1.step,,work/r11-integration/mechanics/serial_cad_v6/STL_装配坐标_毫米/R11_yaw2roll_rail_1.stl,dcf66f964deae6e5115667fb13de21d50c67e8f5689de1f989c31edd8b216cec,,
R12_yaw2roll_rail_2,yaw2roll,serial_rail,7075-T651 CNC candidate,False,按本件源CAD与材料/工艺合同评审,work/r12-motion/assembly_current.json,work/r12-motion/mechanics/hip_rods_v2_inner/STEP_毫米/R12_yaw2roll_rail_2.step,,work/r12-motion/mechanics/hip_rods_v2_inner/STL_装配坐标_毫米/R12_yaw2roll_rail_2.stl,5f9344caf8b9dcc7bcc169dc13ee255a33bebfe05d5975b91dbdf271246ff02f,,
R12_left_TPU_contact_pad_W130,ankle_left,,TPU3mm material candidate,False,按本件源CAD与材料/工艺合同评审,work/r12-motion/assembly_current.json,work/r12-motion/feet_loads/actual_feet_w130/STEP_毫米/R12_left_TPU_contact_pad_W130.step,,work/r12-motion/feet_loads/actual_feet_w130/STL_装配坐标_毫米/R12_left_TPU_contact_pad_W130.stl,c5eeb7dd1082a0697c3d21dac750d5486acb7c7db416a23c48623581269f81a1,,
R12_right_TPU_contact_pad_W130,ankle_right,,TPU3mm material candidate,False,按本件源CAD与材料/工艺合同评审,work/r12-motion/assembly_current.json,work/r12-motion/feet_loads/actual_feet_w130/STEP_毫米/R12_right_TPU_contact_pad_W130.step,,work/r12-motion/feet_loads/actual_feet_w130/STL_装配坐标_毫米/R12_right_TPU_contact_pad_W130.stl,bf778d4dc8aff3ce6455e57c134862f55cd38a427204d99331ce3d22f5aff2f7,,
R12_left_foot_load_carrier_W130,ankle_left,,7075-T651 CNC candidate,False,按本件源CAD与材料/工艺合同评审,work/r12-motion/assembly_current.json,work/r12-motion/feet_loads/actual_feet_w130/STEP_毫米/R12_left_foot_load_carrier_W130.step,,work/r12-motion/feet_loads/actual_feet_w130/STL_装配坐标_毫米/R12_left_foot_load_carrier_W130.stl,6ad0e1e0d294553000934c268efa8bafbf5ac18aa31b44e4cd2ed72b896ff045,,
R12_right_foot_load_carrier_W130,ankle_right,,7075-T651 CNC candidate,False,按本件源CAD与材料/工艺合同评审,work/r12-motion/assembly_current.json,work/r12-motion/feet_loads/actual_feet_w130/STEP_毫米/R12_right_foot_load_carrier_W130.step,,work/r12-motion/feet_loads/actual_feet_w130/STL_装配坐标_毫米/R12_right_foot_load_carrier_W130.stl,8c4cddca20857768540502f8de85a7ed6300ce7e5b3d44011cfb7ba70c263519,,
R12_mouth_load_carrier,mouth_link,mouth_carrier,7075-T651 CNC candidate,False,按本件源CAD与材料/工艺合同评审,work/r12-motion/assembly_current.json,work/r12-motion/mechanics/mouth_v7_bent_entry/STEP_毫米/R12_mouth_load_carrier.step,,work/r12-motion/mechanics/mouth_v7_bent_entry/STL_装配坐标_毫米/R12_mouth_load_carrier.stl,cdf15b243e205f2329a9ed1fb5ee3d964431a43cdc65b68099541421abbb7d09,,
PDB_H3__HEAD3_F1_MAX_BODY,jaw_soft,actual_board_component_reference,,False,按本件源CAD与材料/工艺合同评审,outputs/Microduck_RK_R13_配电电路与扭矩验证/结构与安装/R13增量装配.json,outputs/Microduck_RK_R13_配电电路与扭矩验证/结构与安装/CAD/6bc4ac58d415_HEAD3_F1_MAX_BODY.step,,outputs/Microduck_RK_R13_配电电路与扭矩验证/结构与安装/CAD/46aef88bda84_HEAD3_F1_MAX_BODY.stl,46aef88bda8496ffc55f3d6318fdf5cea4937bc6e354cacd6f5de8805906edfc,,
PDB_H3__HEAD3_F2_MAX_BODY,jaw_soft,actual_board_component_reference,,False,按本件源CAD与材料/工艺合同评审,outputs/Microduck_RK_R13_配电电路与扭矩验证/结构与安装/R13增量装配.json,outputs/Microduck_RK_R13_配电电路与扭矩验证/结构与安装/CAD/d614f115db4d_HEAD3_F2_MAX_BODY.step,,outputs/Microduck_RK_R13_配电电路与扭矩验证/结构与安装/CAD/9c890e8722a8_HEAD3_F2_MAX_BODY.stl,9c890e8722a8150181d0a4471b1b407fb612f0faad3a708267bc88bd36a4b19b,,
PDB_H3__HEAD3_F3_MAX_BODY,jaw_soft,actual_board_component_reference,,False,按本件源CAD与材料/工艺合同评审,outputs/Microduck_RK_R13_配电电路与扭矩验证/结构与安装/R13增量装配.json,outputs/Microduck_RK_R13_配电电路与扭矩验证/结构与安装/CAD/5ab538994f58_HEAD3_F3_MAX_BODY.step,,outputs/Microduck_RK_R13_配电电路与扭矩验证/结构与安装/CAD/bad586d41df1_HEAD3_F3_MAX_BODY.stl,bad586d41df1a10ad805c137ec4a55ce75893dbc75877b295ac061b0329ccfe1,,
PDB_H3__HEAD3_J1_MATED_UNION,jaw_soft,actual_board_component_reference,,False,按本件源CAD与材料/工艺合同评审,outputs/Microduck_RK_R13_配电电路与扭矩验证/结构与安装/R13增量装配.json,outputs/Microduck_RK_R13_配电电路与扭矩验证/结构与安装/CAD/a57d578ebb49_HEAD3_J1_MATED_UNION.step,,outputs/Microduck_RK_R13_配电电路与扭矩验证/结构与安装/CAD/3f8e0304b741_HEAD3_J1_MATED_UNION.stl,3f8e0304b74109c0856714573ccd447d6a95f8bf3dd474ba854db41bc1a1ba7d,,
PDB_H3__HEAD3_J1_PIN_1,jaw_soft,actual_board_component_reference,,False,按本件源CAD与材料/工艺合同评审,outputs/Microduck_RK_R13_配电电路与扭矩验证/结构与安装/R13增量装配.json,outputs/Microduck_RK_R13_配电电路与扭矩验证/结构与安装/CAD/11fcceb324c8_HEAD3_J1_PIN_1.step,,outputs/Microduck_RK_R13_配电电路与扭矩验证/结构与安装/CAD/0a5e780f2e1f_HEAD3_J1_PIN_1.stl,0a5e780f2e1fa98da008d1c911562b37bf06edfa18e39fb40f359b7eace1ef53,,
PDB_H3__HEAD3_J1_PIN_2,jaw_soft,actual_board_component_reference,,False,按本件源CAD与材料/工艺合同评审,outputs/Microduck_RK_R13_配电电路与扭矩验证/结构与安装/R13增量装配.json,outputs/Microduck_RK_R13_配电电路与扭矩验证/结构与安装/CAD/ea900a53cfd4_HEAD3_J1_PIN_2.step,,outputs/Microduck_RK_R13_配电电路与扭矩验证/结构与安装/CAD/e072447b74ec_HEAD3_J1_PIN_2.stl,e072447b74ecfa906fed760b140b14738a9af8dc9b3e4a22c35a7cdce2b395b1,,
PDB_H3__HEAD3_J1_PIN_3,jaw_soft,actual_board_component_reference,,False,按本件源CAD与材料/工艺合同评审,outputs/Microduck_RK_R13_配电电路与扭矩验证/结构与安装/R13增量装配.json,outputs/Microduck_RK_R13_配电电路与扭矩验证/结构与安装/CAD/a3a09f0c090b_HEAD3_J1_PIN_3.step,,outputs/Microduck_RK_R13_配电电路与扭矩验证/结构与安装/CAD/73f8fcc5f445_HEAD3_J1_PIN_3.stl,73f8fcc5f445000d058a2fa6ae7713e22470b396b9324929c501f97f88ab2090,,
PDB_H3__HEAD3_J1_STRAIGHT_TAIL,jaw_soft,actual_board_component_reference,,False,按本件源CAD与材料/工艺合同评审,outputs/Microduck_RK_R13_配电电路与扭矩验证/结构与安装/R13增量装配.json,outputs/Microduck_RK_R13_配电电路与扭矩验证/结构与安装/CAD/ac7ea29193b9_HEAD3_J1_STRAIGHT_TAIL.step,,outputs/Microduck_RK_R13_配电电路与扭矩验证/结构与安装/CAD/8a5799c8fbe0_HEAD3_J1_STRAIGHT_TAIL.stl,8a5799c8fbe083ca51d2450977a249ba317ac6bd1162a74e2c931efcf4d5a38c,,
PDB_H3__HEAD3_J2_MATED_UNION,jaw_soft,actual_board_component_reference,,False,按本件源CAD与材料/工艺合同评审,outputs/Microduck_RK_R13_配电电路与扭矩验证/结构与安装/R13增量装配.json,outputs/Microduck_RK_R13_配电电路与扭矩验证/结构与安装/CAD/cd487de94605_HEAD3_J2_MATED_UNION.step,,outputs/Microduck_RK_R13_配电电路与扭矩验证/结构与安装/CAD/e11b727a8e6f_HEAD3_J2_MATED_UNION.stl,e11b727a8e6f29689f4c09b74242390e4afcffb104c48daaf6f77b84a5cefefa,,
PDB_H3__HEAD3_J2_PIN_1,jaw_soft,actual_board_component_reference,,False,按本件源CAD与材料/工艺合同评审,outputs/Microduck_RK_R13_配电电路与扭矩验证/结构与安装/R13增量装配.json,outputs/Microduck_RK_R13_配电电路与扭矩验证/结构与安装/CAD/e0c763a99772_HEAD3_J2_PIN_1.step,,outputs/Microduck_RK_R13_配电电路与扭矩验证/结构与安装/CAD/b60f516a53ff_HEAD3_J2_PIN_1.stl,b60f516a53ff88e8c2b7ccee3f5a8752e0165349549947e4335f00c7d9fcf357,,
PDB_H3__HEAD3_J2_PIN_2,jaw_soft,actual_board_component_reference,,False,按本件源CAD与材料/工艺合同评审,outputs/Microduck_RK_R13_配电电路与扭矩验证/结构与安装/R13增量装配.json,outputs/Microduck_RK_R13_配电电路与扭矩验证/结构与安装/CAD/cc60169991a5_HEAD3_J2_PIN_2.step,,outputs/Microduck_RK_R13_配电电路与扭矩验证/结构与安装/CAD/1ee508c27034_HEAD3_J2_PIN_2.stl,1ee508c27034b106efe37694a60dd6c3e50f42d9c33a849f85b595902ee65509,,
PDB_H3__HEAD3_J2_PIN_3,jaw_soft,actual_board_component_reference,,False,按本件源CAD与材料/工艺合同评审,outputs/Microduck_RK_R13_配电电路与扭矩验证/结构与安装/R13增量装配.json,outputs/Microduck_RK_R13_配电电路与扭矩验证/结构与安装/CAD/6833b340544f_HEAD3_J2_PIN_3.step,,outputs/Microduck_RK_R13_配电电路与扭矩验证/结构与安装/CAD/24cea2e5e8ea_HEAD3_J2_PIN_3.stl,24cea2e5e8ea763e710962c8294c91045da48630867ce032e48a2cbe376c1837,,
PDB_H3__HEAD3_J2_STRAIGHT_TAIL,jaw_soft,actual_board_component_reference,,False,按本件源CAD与材料/工艺合同评审,outputs/Microduck_RK_R13_配电电路与扭矩验证/结构与安装/R13增量装配.json,outputs/Microduck_RK_R13_配电电路与扭矩验证/结构与安装/CAD/8f9f87991b9b_HEAD3_J2_STRAIGHT_TAIL.step,,outputs/Microduck_RK_R13_配电电路与扭矩验证/结构与安装/CAD/e2953f75fd12_HEAD3_J2_STRAIGHT_TAIL.stl,e2953f75fd12194d73e7d5cb22f9db43ce1f4c18731bbd1ff9f590166a5772f8,,
PDB_H3__HEAD3_J3_MATED_UNION,jaw_soft,actual_board_component_reference,,False,按本件源CAD与材料/工艺合同评审,outputs/Microduck_RK_R13_配电电路与扭矩验证/结构与安装/R13增量装配.json,outputs/Microduck_RK_R13_配电电路与扭矩验证/结构与安装/CAD/bc7f41786320_HEAD3_J3_MATED_UNION.step,,outputs/Microduck_RK_R13_配电电路与扭矩验证/结构与安装/CAD/6e18cfc450e9_HEAD3_J3_MATED_UNION.stl,6e18cfc450e93710281ceffeb55c95a75a34cd0b5783639d541fcaed70456d3e,,
PDB_H3__HEAD3_J3_PIN_1,jaw_soft,actual_board_component_reference,,False,按本件源CAD与材料/工艺合同评审,outputs/Microduck_RK_R13_配电电路与扭矩验证/结构与安装/R13增量装配.json,outputs/Microduck_RK_R13_配电电路与扭矩验证/结构与安装/CAD/f4741f5df780_HEAD3_J3_PIN_1.step,,outputs/Microduck_RK_R13_配电电路与扭矩验证/结构与安装/CAD/73240a54f6db_HEAD3_J3_PIN_1.stl,73240a54f6dbfc99cf034018187fee46f3189ecf9e126540a9e2a228220fe5a2,,
PDB_H3__HEAD3_J3_PIN_2,jaw_soft,actual_board_component_reference,,False,按本件源CAD与材料/工艺合同评审,outputs/Microduck_RK_R13_配电电路与扭矩验证/结构与安装/R13增量装配.json,outputs/Microduck_RK_R13_配电电路与扭矩验证/结构与安装/CAD/763629dc7fbf_HEAD3_J3_PIN_2.step,,outputs/Microduck_RK_R13_配电电路与扭矩验证/结构与安装/CAD/7f4ea3c970a7_HEAD3_J3_PIN_2.stl,7f4ea3c970a7a9a292c466c19fc467e7367ef6f6c6a74a8771da99ffd73ec28f,,
PDB_H3__HEAD3_J3_PIN_3,jaw_soft,actual_board_component_reference,,False,按本件源CAD与材料/工艺合同评审,outputs/Microduck_RK_R13_配电电路与扭矩验证/结构与安装/R13增量装配.json,outputs/Microduck_RK_R13_配电电路与扭矩验证/结构与安装/CAD/baca7090f7a4_HEAD3_J3_PIN_3.step,,outputs/Microduck_RK_R13_配电电路与扭矩验证/结构与安装/CAD/8c2250b73757_HEAD3_J3_PIN_3.stl,8c2250b7375781b89279ffcad2a7048e92c865c8ac5574b4d0eeedecbfe177a1,,
PDB_H3__HEAD3_J3_STRAIGHT_TAIL,jaw_soft,actual_board_component_reference,,False,按本件源CAD与材料/工艺合同评审,outputs/Microduck_RK_R13_配电电路与扭矩验证/结构与安装/R13增量装配.json,outputs/Microduck_RK_R13_配电电路与扭矩验证/结构与安装/CAD/5b616b7b97f1_HEAD3_J3_STRAIGHT_TAIL.step,,outputs/Microduck_RK_R13_配电电路与扭矩验证/结构与安装/CAD/00655d965f7c_HEAD3_J3_STRAIGHT_TAIL.stl,00655d965f7c47f2fd21d7d699e3b0dbd35937f73a6723a289d3edd1ddd82d87,,
PDB_H3__HEAD3_J6_MATED_UNION,jaw_soft,actual_board_component_reference,,False,按本件源CAD与材料/工艺合同评审,outputs/Microduck_RK_R13_配电电路与扭矩验证/结构与安装/R13增量装配.json,outputs/Microduck_RK_R13_配电电路与扭矩验证/结构与安装/CAD/999589bed1a7_HEAD3_J6_MATED_UNION.step,,outputs/Microduck_RK_R13_配电电路与扭矩验证/结构与安装/CAD/9e91439a5637_HEAD3_J6_MATED_UNION.stl,9e91439a5637c1ca68ff467f85a12abf6404d3f8ff53987ee64885324bfb4ff5,,
PDB_H3__HEAD3_J6_STRAIGHT_TAIL,jaw_soft,actual_board_component_reference,,False,按本件源CAD与材料/工艺合同评审,outputs/Microduck_RK_R13_配电电路与扭矩验证/结构与安装/R13增量装配.json,outputs/Microduck_RK_R13_配电电路与扭矩验证/结构与安装/CAD/328720761fbf_HEAD3_J6_STRAIGHT_TAIL.step,,outputs/Microduck_RK_R13_配电电路与扭矩验证/结构与安装/CAD/27009726a848_HEAD3_J6_STRAIGHT_TAIL.stl,27009726a848c21f73826ec902d7dbd2bb35819cfceb12780b0f2853ee3d9ec9,,
PDB_H3__HEAD3_PCB_FINISHED,jaw_soft,actual_board_component_reference,,False,按本件源CAD与材料/工艺合同评审,outputs/Microduck_RK_R13_配电电路与扭矩验证/结构与安装/R13增量装配.json,outputs/Microduck_RK_R13_配电电路与扭矩验证/结构与安装/CAD/516a4e34d0ff_HEAD3_PCB_FINISHED.step,,outputs/Microduck_RK_R13_配电电路与扭矩验证/结构与安装/CAD/0d31a0e75fb5_HEAD3_PCB_FINISHED.stl,0d31a0e75fb5c1702e9e7fe460e9975b6eac9082559e600695bb8a00f7a56966,,
PDB_H3__HEAD3_W1_BACK_SOLDER,jaw_soft,actual_board_component_reference,,False,按本件源CAD与材料/工艺合同评审,outputs/Microduck_RK_R13_配电电路与扭矩验证/结构与安装/R13增量装配.json,outputs/Microduck_RK_R13_配电电路与扭矩验证/结构与安装/CAD/a730a557b0a7_HEAD3_W1_BACK_SOLDER.step,,outputs/Microduck_RK_R13_配电电路与扭矩验证/结构与安装/CAD/0b0d97d8024f_HEAD3_W1_BACK_SOLDER.stl,0b0d97d8024fa9cfcd3c6d52274f3cefc0a11ff14d3cc6a8208445b3e72a7588,,
PDB_H3__HEAD3_W1_BARE_PTH_PROCESS_MAX,jaw_soft,preformed_board_tail_reference,CONDUCTOR_PROCESS_REFERENCE_NOT_MATERIAL,False,参考/器件外包络：按原器件BOM采购，不按外形体积制件或计重,outputs/Microduck_RK_R13_配电电路与扭矩验证/结构与安装/R13增量装配.json,outputs/Microduck_RK_R13_配电电路与扭矩验证/结构与安装/CAD/b89e0a42f081_HEAD3_W1_BARE_PTH_PROCESS_MAX.step,,outputs/Microduck_RK_R13_配电电路与扭矩验证/结构与安装/CAD/dfc2f7eadb8b_HEAD3_W1_BARE_PTH_PROCESS_MAX.stl,dfc2f7eadb8b69b7a15191580cb9e08e1431102b5bed84e4a00abfdeb5b1337c,,
PDB_H3__HEAD3_W1_FRONT_SOLDER,jaw_soft,actual_board_component_reference,,False,按本件源CAD与材料/工艺合同评审,outputs/Microduck_RK_R13_配电电路与扭矩验证/结构与安装/R13增量装配.json,outputs/Microduck_RK_R13_配电电路与扭矩验证/结构与安装/CAD/1a3aee8990fb_HEAD3_W1_FRONT_SOLDER.step,,outputs/Microduck_RK_R13_配电电路与扭矩验证/结构与安装/CAD/b36bdec32d1c_HEAD3_W1_FRONT_SOLDER.stl,b36bdec32d1c9029bb77c421b6964d34be29940240e1404a273edec53eb72222,,
PDB_H3__HEAD3_W1_INSULATED_STRAIGHT8_MAX,jaw_soft,preformed_board_tail_reference,CONDUCTOR_PROCESS_REFERENCE_NOT_MATERIAL,False,参考/器件外包络：按原器件BOM采购，不按外形体积制件或计重,outputs/Microduck_RK_R13_配电电路与扭矩验证/结构与安装/R13增量装配.json,outputs/Microduck_RK_R13_配电电路与扭矩验证/结构与安装/CAD/c632c2e2d69e_HEAD3_W1_INSULATED_STRAIGHT8_MAX.step,,outputs/Microduck_RK_R13_配电电路与扭矩验证/结构与安装/CAD/42842cd68b33_HEAD3_W1_INSULATED_STRAIGHT8_MAX.stl,42842cd68b331b2f923ed307d6ece72b203d6b228b7df374ee7e3c383df0111d,,
PDB_H3__HEAD3_W2_BACK_SOLDER,jaw_soft,actual_board_component_reference,,False,按本件源CAD与材料/工艺合同评审,outputs/Microduck_RK_R13_配电电路与扭矩验证/结构与安装/R13增量装配.json,outputs/Microduck_RK_R13_配电电路与扭矩验证/结构与安装/CAD/f97b629adb0e_HEAD3_W2_BACK_SOLDER.step,,outputs/Microduck_RK_R13_配电电路与扭矩验证/结构与安装/CAD/bc6846eb0a0f_HEAD3_W2_BACK_SOLDER.stl,bc6846eb0a0f98f09a60c2038199d0a95e532753967abaf2640fb6cacec21b8f,,
PDB_H3__HEAD3_W2_BARE_PTH_PROCESS_MAX,jaw_soft,preformed_board_tail_reference,CONDUCTOR_PROCESS_REFERENCE_NOT_MATERIAL,False,参考/器件外包络：按原器件BOM采购，不按外形体积制件或计重,outputs/Microduck_RK_R13_配电电路与扭矩验证/结构与安装/R13增量装配.json,outputs/Microduck_RK_R13_配电电路与扭矩验证/结构与安装/CAD/f2d08bed10d8_HEAD3_W2_BARE_PTH_PROCESS_MAX.step,,outputs/Microduck_RK_R13_配电电路与扭矩验证/结构与安装/CAD/785df9ac9c13_HEAD3_W2_BARE_PTH_PROCESS_MAX.stl,785df9ac9c135c66e862904df59c2ab52e3cb5bfea6b9df9ee479c0ec487b2ca,,
PDB_H3__HEAD3_W2_FRONT_SOLDER,jaw_soft,actual_board_component_reference,,False,按本件源CAD与材料/工艺合同评审,outputs/Microduck_RK_R13_配电电路与扭矩验证/结构与安装/R13增量装配.json,outputs/Microduck_RK_R13_配电电路与扭矩验证/结构与安装/CAD/a39506b7bea2_HEAD3_W2_FRONT_SOLDER.step,,outputs/Microduck_RK_R13_配电电路与扭矩验证/结构与安装/CAD/4d70229d0975_HEAD3_W2_FRONT_SOLDER.stl,4d70229d0975dc474abdc51ef1ecfd95031a1f8731b886a61a77d387eb808fc6,,
PDB_H3__HEAD3_W2_INSULATED_STRAIGHT8_MAX,jaw_soft,preformed_board_tail_reference,CONDUCTOR_PROCESS_REFERENCE_NOT_MATERIAL,False,参考/器件外包络：按原器件BOM采购，不按外形体积制件或计重,outputs/Microduck_RK_R13_配电电路与扭矩验证/结构与安装/R13增量装配.json,outputs/Microduck_RK_R13_配电电路与扭矩验证/结构与安装/CAD/194c375f9fe8_HEAD3_W2_INSULATED_STRAIGHT8_MAX.step,,outputs/Microduck_RK_R13_配电电路与扭矩验证/结构与安装/CAD/66dee1c2a53f_HEAD3_W2_INSULATED_STRAIGHT8_MAX.stl,66dee1c2a53fb521fa7bdd1f8c49f4f1295159384dbdcd3732f027672c42b3b8,,
PDB_L5__LEG5_F1_MAX_BODY,trunk_base,actual_board_component_reference,,False,按本件源CAD与材料/工艺合同评审,outputs/Microduck_RK_R13_配电电路与扭矩验证/结构与安装/R13增量装配.json,outputs/Microduck_RK_R13_配电电路与扭矩验证/结构与安装/CAD/08e48ddc8f00_LEG5_F1_MAX_BODY.step,,outputs/Microduck_RK_R13_配电电路与扭矩验证/结构与安装/CAD/46aef88bda84_LEG5_F1_MAX_BODY.stl,46aef88bda8496ffc55f3d6318fdf5cea4937bc6e354cacd6f5de8805906edfc,,
PDB_L5__LEG5_F2_MAX_BODY,trunk_base,actual_board_component_reference,,False,按本件源CAD与材料/工艺合同评审,outputs/Microduck_RK_R13_配电电路与扭矩验证/结构与安装/R13增量装配.json,outputs/Microduck_RK_R13_配电电路与扭矩验证/结构与安装/CAD/6ea35cad29db_LEG5_F2_MAX_BODY.step,,outputs/Microduck_RK_R13_配电电路与扭矩验证/结构与安装/CAD/1da44a41cf49_LEG5_F2_MAX_BODY.stl,1da44a41cf49d4d43a0c50edf32903074ebf21ff665bd5a016b89691ba732a7c,,
PDB_L5__LEG5_F3_MAX_BODY,trunk_base,actual_board_component_reference,,False,按本件源CAD与材料/工艺合同评审,outputs/Microduck_RK_R13_配电电路与扭矩验证/结构与安装/R13增量装配.json,outputs/Microduck_RK_R13_配电电路与扭矩验证/结构与安装/CAD/24eb0b7205ee_LEG5_F3_MAX_BODY.step,,outputs/Microduck_RK_R13_配电电路与扭矩验证/结构与安装/CAD/3196fc546ec5_LEG5_F3_MAX_BODY.stl,3196fc546ec5626dd2bd12d9798b54a312b5bfed2c9fd13a85ae88807db36493,,
PDB_L5__LEG5_F4_MAX_BODY,trunk_base,actual_board_component_reference,,False,按本件源CAD与材料/工艺合同评审,outputs/Microduck_RK_R13_配电电路与扭矩验证/结构与安装/R13增量装配.json,outputs/Microduck_RK_R13_配电电路与扭矩验证/结构与安装/CAD/1c6bc657587e_LEG5_F4_MAX_BODY.step,,outputs/Microduck_RK_R13_配电电路与扭矩验证/结构与安装/CAD/db3d170f6dd8_LEG5_F4_MAX_BODY.stl,db3d170f6dd88b0875982790414ecf0d0e1018a73f300dde959a94e6892b1255,,
PDB_L5__LEG5_F5_MAX_BODY,trunk_base,actual_board_component_reference,,False,按本件源CAD与材料/工艺合同评审,outputs/Microduck_RK_R13_配电电路与扭矩验证/结构与安装/R13增量装配.json,outputs/Microduck_RK_R13_配电电路与扭矩验证/结构与安装/CAD/5e67067e3468_LEG5_F5_MAX_BODY.step,,outputs/Microduck_RK_R13_配电电路与扭矩验证/结构与安装/CAD/20bf68821aa8_LEG5_F5_MAX_BODY.stl,20bf68821aa817a3cc3d1fe368c2aa9ecc1a5891c96e88269b570edb78e94791,,
PDB_L5__LEG5_J1_MATED_UNION,trunk_base,actual_board_component_reference,,False,按本件源CAD与材料/工艺合同评审,outputs/Microduck_RK_R13_配电电路与扭矩验证/结构与安装/R13增量装配.json,outputs/Microduck_RK_R13_配电电路与扭矩验证/结构与安装/CAD/abf74f9ef566_LEG5_J1_MATED_UNION.step,,outputs/Microduck_RK_R13_配电电路与扭矩验证/结构与安装/CAD/c5148a8a3389_LEG5_J1_MATED_UNION.stl,c5148a8a33895d85445b4329a9d84fe7852dc64805851fced5790c6e6da467f3,,
PDB_L5__LEG5_J1_PIN_1,trunk_base,actual_board_component_reference,,False,按本件源CAD与材料/工艺合同评审,outputs/Microduck_RK_R13_配电电路与扭矩验证/结构与安装/R13增量装配.json,outputs/Microduck_RK_R13_配电电路与扭矩验证/结构与安装/CAD/427ae9692e06_LEG5_J1_PIN_1.step,,outputs/Microduck_RK_R13_配电电路与扭矩验证/结构与安装/CAD/1152f13ee9fd_LEG5_J1_PIN_1.stl,1152f13ee9fd17f68fe1823533e750aa9c3e6b7febd90e0e5b549c23c313c236,,
PDB_L5__LEG5_J1_PIN_2,trunk_base,actual_board_component_reference,,False,按本件源CAD与材料/工艺合同评审,outputs/Microduck_RK_R13_配电电路与扭矩验证/结构与安装/R13增量装配.json,outputs/Microduck_RK_R13_配电电路与扭矩验证/结构与安装/CAD/35f5d5e7d24a_LEG5_J1_PIN_2.step,,outputs/Microduck_RK_R13_配电电路与扭矩验证/结构与安装/CAD/675b7e13696b_LEG5_J1_PIN_2.stl,675b7e13696beba22bdf76e10e410241257e394ca1f488211e3d8541a3bd756e,,
PDB_L5__LEG5_J1_PIN_3,trunk_base,actual_board_component_reference,,False,按本件源CAD与材料/工艺合同评审,outputs/Microduck_RK_R13_配电电路与扭矩验证/结构与安装/R13增量装配.json,outputs/Microduck_RK_R13_配电电路与扭矩验证/结构与安装/CAD/3da8d3c9a271_LEG5_J1_PIN_3.step,,outputs/Microduck_RK_R13_配电电路与扭矩验证/结构与安装/CAD/56d09186ff91_LEG5_J1_PIN_3.stl,56d09186ff914bcd7b836b2f6af2758ad87151370fda9537032381177716c425,,
PDB_L5__LEG5_J1_STRAIGHT_TAIL,trunk_base,actual_board_component_reference,,False,按本件源CAD与材料/工艺合同评审,outputs/Microduck_RK_R13_配电电路与扭矩验证/结构与安装/R13增量装配.json,outputs/Microduck_RK_R13_配电电路与扭矩验证/结构与安装/CAD/e3142d2c2bb6_LEG5_J1_STRAIGHT_TAIL.step,,outputs/Microduck_RK_R13_配电电路与扭矩验证/结构与安装/CAD/2471fc0cacd3_LEG5_J1_STRAIGHT_TAIL.stl,2471fc0cacd31474a655fad9daa63e063bcc2b7b4dd01c229d96c6a32801ff94,,
PDB_L5__LEG5_J2_MATED_UNION,trunk_base,actual_board_component_reference,,False,按本件源CAD与材料/工艺合同评审,outputs/Microduck_RK_R13_配电电路与扭矩验证/结构与安装/R13增量装配.json,outputs/Microduck_RK_R13_配电电路与扭矩验证/结构与安装/CAD/505722b5e5a2_LEG5_J2_MATED_UNION.step,,outputs/Microduck_RK_R13_配电电路与扭矩验证/结构与安装/CAD/7906b8801c18_LEG5_J2_MATED_UNION.stl,7906b8801c180510306cddb51e8f2ac39e144ca87e382c1dfec2d531d05f0cc7,,
PDB_L5__LEG5_J2_PIN_1,trunk_base,actual_board_component_reference,,False,按本件源CAD与材料/工艺合同评审,outputs/Microduck_RK_R13_配电电路与扭矩验证/结构与安装/R13增量装配.json,outputs/Microduck_RK_R13_配电电路与扭矩验证/结构与安装/CAD/5d985eebc9a2_LEG5_J2_PIN_1.step,,outputs/Microduck_RK_R13_配电电路与扭矩验证/结构与安装/CAD/6406fbd49e47_LEG5_J2_PIN_1.stl,6406fbd49e473c1acdd7dfa60a5c80d79da580cd364d1c5a8ed2ccee001036b4,,
PDB_L5__LEG5_J2_PIN_2,trunk_base,actual_board_component_reference,,False,按本件源CAD与材料/工艺合同评审,outputs/Microduck_RK_R13_配电电路与扭矩验证/结构与安装/R13增量装配.json,outputs/Microduck_RK_R13_配电电路与扭矩验证/结构与安装/CAD/4b232158d613_LEG5_J2_PIN_2.step,,outputs/Microduck_RK_R13_配电电路与扭矩验证/结构与安装/CAD/39ce19ed6420_LEG5_J2_PIN_2.stl,39ce19ed64204621c0eb714d41665b12725f882a456dc2fb4f0031360763dd8a,,
PDB_L5__LEG5_J2_PIN_3,trunk_base,actual_board_component_reference,,False,按本件源CAD与材料/工艺合同评审,outputs/Microduck_RK_R13_配电电路与扭矩验证/结构与安装/R13增量装配.json,outputs/Microduck_RK_R13_配电电路与扭矩验证/结构与安装/CAD/996c333ce26b_LEG5_J2_PIN_3.step,,outputs/Microduck_RK_R13_配电电路与扭矩验证/结构与安装/CAD/3e2a24e3d32e_LEG5_J2_PIN_3.stl,3e2a24e3d32e443869e75a0ac3dc1a5834f5c80f197ab5909868005da84a7c50,,
PDB_L5__LEG5_J2_STRAIGHT_TAIL,trunk_base,actual_board_component_reference,,False,按本件源CAD与材料/工艺合同评审,outputs/Microduck_RK_R13_配电电路与扭矩验证/结构与安装/R13增量装配.json,outputs/Microduck_RK_R13_配电电路与扭矩验证/结构与安装/CAD/5a2806e93f15_LEG5_J2_STRAIGHT_TAIL.step,,outputs/Microduck_RK_R13_配电电路与扭矩验证/结构与安装/CAD/d0f6654723f6_LEG5_J2_STRAIGHT_TAIL.stl,d0f6654723f69f88f20602f5020eb0e4484b21e1ce1d99c43753bc15c022dee0,,
PDB_L5__LEG5_J3_MATED_UNION,trunk_base,actual_board_component_reference,,False,按本件源CAD与材料/工艺合同评审,outputs/Microduck_RK_R13_配电电路与扭矩验证/结构与安装/R13增量装配.json,outputs/Microduck_RK_R13_配电电路与扭矩验证/结构与安装/CAD/644e1d149e77_LEG5_J3_MATED_UNION.step,,outputs/Microduck_RK_R13_配电电路与扭矩验证/结构与安装/CAD/85e19290d9ac_LEG5_J3_MATED_UNION.stl,85e19290d9ac3bd256efa1930ed610b8fac696246f806bdd65ce9c059a7eb617,,
PDB_L5__LEG5_J3_PIN_1,trunk_base,actual_board_component_reference,,False,按本件源CAD与材料/工艺合同评审,outputs/Microduck_RK_R13_配电电路与扭矩验证/结构与安装/R13增量装配.json,outputs/Microduck_RK_R13_配电电路与扭矩验证/结构与安装/CAD/539502eec3b9_LEG5_J3_PIN_1.step,,outputs/Microduck_RK_R13_配电电路与扭矩验证/结构与安装/CAD/4c6dd952c12e_LEG5_J3_PIN_1.stl,4c6dd952c12e06ddb28c4b6a052f32cbef51e0ed7b366dd92f69532e4496039b,,
PDB_L5__LEG5_J3_PIN_2,trunk_base,actual_board_component_reference,,False,按本件源CAD与材料/工艺合同评审,outputs/Microduck_RK_R13_配电电路与扭矩验证/结构与安装/R13增量装配.json,outputs/Microduck_RK_R13_配电电路与扭矩验证/结构与安装/CAD/8dec2d9fd61a_LEG5_J3_PIN_2.step,,outputs/Microduck_RK_R13_配电电路与扭矩验证/结构与安装/CAD/e55e63572fe4_LEG5_J3_PIN_2.stl,e55e63572fe451a38054000f81434b4ae73c7fe22db59feb0980bf0d676554a7,,
PDB_L5__LEG5_J3_PIN_3,trunk_base,actual_board_component_reference,,False,按本件源CAD与材料/工艺合同评审,outputs/Microduck_RK_R13_配电电路与扭矩验证/结构与安装/R13增量装配.json,outputs/Microduck_RK_R13_配电电路与扭矩验证/结构与安装/CAD/973a20bd44cf_LEG5_J3_PIN_3.step,,outputs/Microduck_RK_R13_配电电路与扭矩验证/结构与安装/CAD/ad506b58e943_LEG5_J3_PIN_3.stl,ad506b58e943d5752357a8b6c1d22d7331f9102e6de2b456cea8e81168ece31e,,
PDB_L5__LEG5_J3_STRAIGHT_TAIL,trunk_base,actual_board_component_reference,,False,按本件源CAD与材料/工艺合同评审,outputs/Microduck_RK_R13_配电电路与扭矩验证/结构与安装/R13增量装配.json,outputs/Microduck_RK_R13_配电电路与扭矩验证/结构与安装/CAD/88692080c723_LEG5_J3_STRAIGHT_TAIL.step,,outputs/Microduck_RK_R13_配电电路与扭矩验证/结构与安装/CAD/c990a7119548_LEG5_J3_STRAIGHT_TAIL.stl,c990a7119548db45ee184bef61bd26ed7719c935ff8f4bff4793685e2a014534,,
PDB_L5__LEG5_J4_MATED_UNION,trunk_base,actual_board_component_reference,,False,按本件源CAD与材料/工艺合同评审,outputs/Microduck_RK_R13_配电电路与扭矩验证/结构与安装/R13增量装配.json,outputs/Microduck_RK_R13_配电电路与扭矩验证/结构与安装/CAD/4834503b9d9e_LEG5_J4_MATED_UNION.step,,outputs/Microduck_RK_R13_配电电路与扭矩验证/结构与安装/CAD/0fe72b274039_LEG5_J4_MATED_UNION.stl,0fe72b274039965c40f445d985d2e221d34f3691fed17f047d7c717669ef0008,,
PDB_L5__LEG5_J4_PIN_1,trunk_base,actual_board_component_reference,,False,按本件源CAD与材料/工艺合同评审,outputs/Microduck_RK_R13_配电电路与扭矩验证/结构与安装/R13增量装配.json,outputs/Microduck_RK_R13_配电电路与扭矩验证/结构与安装/CAD/79e2f78e18ca_LEG5_J4_PIN_1.step,,outputs/Microduck_RK_R13_配电电路与扭矩验证/结构与安装/CAD/0d7a7a511c14_LEG5_J4_PIN_1.stl,0d7a7a511c148fa9159330a364a98a2ac05308f3ac096cb5daf3bc9c579d5548,,
PDB_L5__LEG5_J4_PIN_2,trunk_base,actual_board_component_reference,,False,按本件源CAD与材料/工艺合同评审,outputs/Microduck_RK_R13_配电电路与扭矩验证/结构与安装/R13增量装配.json,outputs/Microduck_RK_R13_配电电路与扭矩验证/结构与安装/CAD/6370f7a69fbe_LEG5_J4_PIN_2.step,,outputs/Microduck_RK_R13_配电电路与扭矩验证/结构与安装/CAD/c0d663a55972_LEG5_J4_PIN_2.stl,c0d663a55972d5c25c555eefa2fcbada35012f838a1c86e4b8113aeff2b431c2,,
PDB_L5__LEG5_J4_PIN_3,trunk_base,actual_board_component_reference,,False,按本件源CAD与材料/工艺合同评审,outputs/Microduck_RK_R13_配电电路与扭矩验证/结构与安装/R13增量装配.json,outputs/Microduck_RK_R13_配电电路与扭矩验证/结构与安装/CAD/a187d80522d4_LEG5_J4_PIN_3.step,,outputs/Microduck_RK_R13_配电电路与扭矩验证/结构与安装/CAD/36827ad10ea3_LEG5_J4_PIN_3.stl,36827ad10ea366e5f5910ab4a6d5ffa5ab3529d21a973886819cdbeec240140c,,
PDB_L5__LEG5_J4_STRAIGHT_TAIL,trunk_base,actual_board_component_reference,,False,按本件源CAD与材料/工艺合同评审,outputs/Microduck_RK_R13_配电电路与扭矩验证/结构与安装/R13增量装配.json,outputs/Microduck_RK_R13_配电电路与扭矩验证/结构与安装/CAD/d1efd156d466_LEG5_J4_STRAIGHT_TAIL.step,,outputs/Microduck_RK_R13_配电电路与扭矩验证/结构与安装/CAD/80bcd67ed10a_LEG5_J4_STRAIGHT_TAIL.stl,80bcd67ed10a494c2587981079fc80c170f4f38f8527980b88288cd1d9b1bb55,,
PDB_L5__LEG5_J5_MATED_UNION,trunk_base,actual_board_component_reference,,False,按本件源CAD与材料/工艺合同评审,outputs/Microduck_RK_R13_配电电路与扭矩验证/结构与安装/R13增量装配.json,outputs/Microduck_RK_R13_配电电路与扭矩验证/结构与安装/CAD/4fdc72a64bc2_LEG5_J5_MATED_UNION.step,,outputs/Microduck_RK_R13_配电电路与扭矩验证/结构与安装/CAD/07c5bc9cd898_LEG5_J5_MATED_UNION.stl,07c5bc9cd898eeb14119c24eb5e0d9c8932561662ab866b05e6748cc34b2d7ed,,
PDB_L5__LEG5_J5_PIN_1,trunk_base,actual_board_component_reference,,False,按本件源CAD与材料/工艺合同评审,outputs/Microduck_RK_R13_配电电路与扭矩验证/结构与安装/R13增量装配.json,outputs/Microduck_RK_R13_配电电路与扭矩验证/结构与安装/CAD/efc577a6a216_LEG5_J5_PIN_1.step,,outputs/Microduck_RK_R13_配电电路与扭矩验证/结构与安装/CAD/0aa7b0224d26_LEG5_J5_PIN_1.stl,0aa7b0224d26d11bdcfcc40d5df5610704068d1646c96fc7105341ad7c367137,,
PDB_L5__LEG5_J5_PIN_2,trunk_base,actual_board_component_reference,,False,按本件源CAD与材料/工艺合同评审,outputs/Microduck_RK_R13_配电电路与扭矩验证/结构与安装/R13增量装配.json,outputs/Microduck_RK_R13_配电电路与扭矩验证/结构与安装/CAD/41876e2bb95a_LEG5_J5_PIN_2.step,,outputs/Microduck_RK_R13_配电电路与扭矩验证/结构与安装/CAD/031d5295ffd9_LEG5_J5_PIN_2.stl,031d5295ffd96ff86167f2d73383a2778a37df15d8ceb46d18fbde641f25045b,,
PDB_L5__LEG5_J5_PIN_3,trunk_base,actual_board_component_reference,,False,按本件源CAD与材料/工艺合同评审,outputs/Microduck_RK_R13_配电电路与扭矩验证/结构与安装/R13增量装配.json,outputs/Microduck_RK_R13_配电电路与扭矩验证/结构与安装/CAD/e3b90c8830a5_LEG5_J5_PIN_3.step,,outputs/Microduck_RK_R13_配电电路与扭矩验证/结构与安装/CAD/7c959b90c3ab_LEG5_J5_PIN_3.stl,7c959b90c3abd61b652067f15709700045448252704d68966957c051209fd88e,,
PDB_L5__LEG5_J5_STRAIGHT_TAIL,trunk_base,actual_board_component_reference,,False,按本件源CAD与材料/工艺合同评审,outputs/Microduck_RK_R13_配电电路与扭矩验证/结构与安装/R13增量装配.json,outputs/Microduck_RK_R13_配电电路与扭矩验证/结构与安装/CAD/69749597ba96_LEG5_J5_STRAIGHT_TAIL.step,,outputs/Microduck_RK_R13_配电电路与扭矩验证/结构与安装/CAD/c3275189e841_LEG5_J5_STRAIGHT_TAIL.stl,c3275189e841f4ceeed93a9d2ebb601e35150f2d2723561c9b5068db474ea844,,
PDB_L5__LEG5_J6_MATED_UNION,trunk_base,actual_board_component_reference,,False,按本件源CAD与材料/工艺合同评审,outputs/Microduck_RK_R13_配电电路与扭矩验证/结构与安装/R13增量装配.json,outputs/Microduck_RK_R13_配电电路与扭矩验证/结构与安装/CAD/662818896bbf_LEG5_J6_MATED_UNION.step,,outputs/Microduck_RK_R13_配电电路与扭矩验证/结构与安装/CAD/45529d3816b7_LEG5_J6_MATED_UNION.stl,45529d3816b7e6191f9f9f2998c460e3f313b7620ee5526a708c89f239bdc759,,
PDB_L5__LEG5_J6_STRAIGHT_TAIL,trunk_base,actual_board_component_reference,,False,按本件源CAD与材料/工艺合同评审,outputs/Microduck_RK_R13_配电电路与扭矩验证/结构与安装/R13增量装配.json,outputs/Microduck_RK_R13_配电电路与扭矩验证/结构与安装/CAD/6040506dc766_LEG5_J6_STRAIGHT_TAIL.step,,outputs/Microduck_RK_R13_配电电路与扭矩验证/结构与安装/CAD/f9bd76a8b011_LEG5_J6_STRAIGHT_TAIL.stl,f9bd76a8b0115cf350dadf4fdd6d7c94634bcf048a09fb1c0c3106338a492c3f,,
PDB_L5__LEG5_PCB_FINISHED,trunk_base,actual_board_component_reference,,False,按本件源CAD与材料/工艺合同评审,outputs/Microduck_RK_R13_配电电路与扭矩验证/结构与安装/R13增量装配.json,outputs/Microduck_RK_R13_配电电路与扭矩验证/结构与安装/CAD/211e0ff21708_LEG5_PCB_FINISHED.step,,outputs/Microduck_RK_R13_配电电路与扭矩验证/结构与安装/CAD/83317ed7eba9_LEG5_PCB_FINISHED.stl,83317ed7eba94d5f6868a01a3efa8b16af2fa5ce6a010ded20353bca31bfa91e,,
PDB_L5__LEG5_W1_BACK_SOLDER,trunk_base,actual_board_component_reference,,False,按本件源CAD与材料/工艺合同评审,outputs/Microduck_RK_R13_配电电路与扭矩验证/结构与安装/R13增量装配.json,outputs/Microduck_RK_R13_配电电路与扭矩验证/结构与安装/CAD/658bfdbb6d9a_LEG5_W1_BACK_SOLDER.step,,outputs/Microduck_RK_R13_配电电路与扭矩验证/结构与安装/CAD/0b0d97d8024f_LEG5_W1_BACK_SOLDER.stl,0b0d97d8024fa9cfcd3c6d52274f3cefc0a11ff14d3cc6a8208445b3e72a7588,,
PDB_L5__LEG5_W1_BARE_PTH_PROCESS_MAX,trunk_base,preformed_board_tail_reference,CONDUCTOR_PROCESS_REFERENCE_NOT_MATERIAL,False,参考/器件外包络：按原器件BOM采购，不按外形体积制件或计重,outputs/Microduck_RK_R13_配电电路与扭矩验证/结构与安装/R13增量装配.json,outputs/Microduck_RK_R13_配电电路与扭矩验证/结构与安装/CAD/e4d126d04ee2_LEG5_W1_BARE_PTH_PROCESS_MAX.step,,outputs/Microduck_RK_R13_配电电路与扭矩验证/结构与安装/CAD/c638def2d58b_LEG5_W1_BARE_PTH_PROCESS_MAX.stl,c638def2d58be55acd43b926701f194e483eebe7ddc2565a5820c3d7ad653ce7,,
PDB_L5__LEG5_W1_FRONT_SOLDER,trunk_base,actual_board_component_reference,,False,按本件源CAD与材料/工艺合同评审,outputs/Microduck_RK_R13_配电电路与扭矩验证/结构与安装/R13增量装配.json,outputs/Microduck_RK_R13_配电电路与扭矩验证/结构与安装/CAD/a1ad441b7a75_LEG5_W1_FRONT_SOLDER.step,,outputs/Microduck_RK_R13_配电电路与扭矩验证/结构与安装/CAD/b36bdec32d1c_LEG5_W1_FRONT_SOLDER.stl,b36bdec32d1c9029bb77c421b6964d34be29940240e1404a273edec53eb72222,,
PDB_L5__LEG5_W1_INSULATED_STRAIGHT8_MAX,trunk_base,preformed_board_tail_reference,CONDUCTOR_PROCESS_REFERENCE_NOT_MATERIAL,False,参考/器件外包络：按原器件BOM采购，不按外形体积制件或计重,outputs/Microduck_RK_R13_配电电路与扭矩验证/结构与安装/R13增量装配.json,outputs/Microduck_RK_R13_配电电路与扭矩验证/结构与安装/CAD/5375d64f474f_LEG5_W1_INSULATED_STRAIGHT8_MAX.step,,outputs/Microduck_RK_R13_配电电路与扭矩验证/结构与安装/CAD/14bcc9b0fdb9_LEG5_W1_INSULATED_STRAIGHT8_MAX.stl,14bcc9b0fdb959825116356485417c55f338ededb399f5d50addc12f98637f3e,,
PDB_L5__LEG5_W2_BACK_SOLDER,trunk_base,actual_board_component_reference,,False,按本件源CAD与材料/工艺合同评审,outputs/Microduck_RK_R13_配电电路与扭矩验证/结构与安装/R13增量装配.json,outputs/Microduck_RK_R13_配电电路与扭矩验证/结构与安装/CAD/98d6f7597348_LEG5_W2_BACK_SOLDER.step,,outputs/Microduck_RK_R13_配电电路与扭矩验证/结构与安装/CAD/c379c611c401_LEG5_W2_BACK_SOLDER.stl,c379c611c401cabfd1530df3a7f0be41db9fcb64ae1a0adff2aad89132b94a4c,,
PDB_L5__LEG5_W2_BARE_PTH_PROCESS_MAX,trunk_base,preformed_board_tail_reference,CONDUCTOR_PROCESS_REFERENCE_NOT_MATERIAL,False,参考/器件外包络：按原器件BOM采购，不按外形体积制件或计重,outputs/Microduck_RK_R13_配电电路与扭矩验证/结构与安装/R13增量装配.json,outputs/Microduck_RK_R13_配电电路与扭矩验证/结构与安装/CAD/e61d4e7fddb4_LEG5_W2_BARE_PTH_PROCESS_MAX.step,,outputs/Microduck_RK_R13_配电电路与扭矩验证/结构与安装/CAD/56c5ed1c9ea2_LEG5_W2_BARE_PTH_PROCESS_MAX.stl,56c5ed1c9ea2a3ab83dbd99330e0ea95753791a275b3c4ab4096aa11126c11f0,,
PDB_L5__LEG5_W2_FRONT_SOLDER,trunk_base,actual_board_component_reference,,False,按本件源CAD与材料/工艺合同评审,outputs/Microduck_RK_R13_配电电路与扭矩验证/结构与安装/R13增量装配.json,outputs/Microduck_RK_R13_配电电路与扭矩验证/结构与安装/CAD/add29a44d89d_LEG5_W2_FRONT_SOLDER.step,,outputs/Microduck_RK_R13_配电电路与扭矩验证/结构与安装/CAD/90e138c09246_LEG5_W2_FRONT_SOLDER.stl,90e138c092467ad903eb4dcbb9f3ecce8666537ec07b0be9ab548024c98f2c58,,
PDB_L5__LEG5_W2_INSULATED_STRAIGHT8_MAX,trunk_base,preformed_board_tail_reference,CONDUCTOR_PROCESS_REFERENCE_NOT_MATERIAL,False,参考/器件外包络：按原器件BOM采购，不按外形体积制件或计重,outputs/Microduck_RK_R13_配电电路与扭矩验证/结构与安装/R13增量装配.json,outputs/Microduck_RK_R13_配电电路与扭矩验证/结构与安装/CAD/b6ad56337473_LEG5_W2_INSULATED_STRAIGHT8_MAX.step,,outputs/Microduck_RK_R13_配电电路与扭矩验证/结构与安装/CAD/bcdbd498b237_LEG5_W2_INSULATED_STRAIGHT8_MAX.stl,bcdbd498b237e8ff56b4c56b87f60560df4fe18280bccb7d78842728d5620c85,,
PDB_R5__LEG5_F1_MAX_BODY,trunk_base,actual_board_component_reference,,False,按本件源CAD与材料/工艺合同评审,outputs/Microduck_RK_R13_配电电路与扭矩验证/结构与安装/R13增量装配.json,outputs/Microduck_RK_R13_配电电路与扭矩验证/结构与安装/CAD/08e48ddc8f00_LEG5_F1_MAX_BODY.step,,outputs/Microduck_RK_R13_配电电路与扭矩验证/结构与安装/CAD/46aef88bda84_LEG5_F1_MAX_BODY.stl,46aef88bda8496ffc55f3d6318fdf5cea4937bc6e354cacd6f5de8805906edfc,,
PDB_R5__LEG5_F2_MAX_BODY,trunk_base,actual_board_component_reference,,False,按本件源CAD与材料/工艺合同评审,outputs/Microduck_RK_R13_配电电路与扭矩验证/结构与安装/R13增量装配.json,outputs/Microduck_RK_R13_配电电路与扭矩验证/结构与安装/CAD/6ea35cad29db_LEG5_F2_MAX_BODY.step,,outputs/Microduck_RK_R13_配电电路与扭矩验证/结构与安装/CAD/1da44a41cf49_LEG5_F2_MAX_BODY.stl,1da44a41cf49d4d43a0c50edf32903074ebf21ff665bd5a016b89691ba732a7c,,
PDB_R5__LEG5_F3_MAX_BODY,trunk_base,actual_board_component_reference,,False,按本件源CAD与材料/工艺合同评审,outputs/Microduck_RK_R13_配电电路与扭矩验证/结构与安装/R13增量装配.json,outputs/Microduck_RK_R13_配电电路与扭矩验证/结构与安装/CAD/24eb0b7205ee_LEG5_F3_MAX_BODY.step,,outputs/Microduck_RK_R13_配电电路与扭矩验证/结构与安装/CAD/3196fc546ec5_LEG5_F3_MAX_BODY.stl,3196fc546ec5626dd2bd12d9798b54a312b5bfed2c9fd13a85ae88807db36493,,
PDB_R5__LEG5_F4_MAX_BODY,trunk_base,actual_board_component_reference,,False,按本件源CAD与材料/工艺合同评审,outputs/Microduck_RK_R13_配电电路与扭矩验证/结构与安装/R13增量装配.json,outputs/Microduck_RK_R13_配电电路与扭矩验证/结构与安装/CAD/1c6bc657587e_LEG5_F4_MAX_BODY.step,,outputs/Microduck_RK_R13_配电电路与扭矩验证/结构与安装/CAD/db3d170f6dd8_LEG5_F4_MAX_BODY.stl,db3d170f6dd88b0875982790414ecf0d0e1018a73f300dde959a94e6892b1255,,
PDB_R5__LEG5_F5_MAX_BODY,trunk_base,actual_board_component_reference,,False,按本件源CAD与材料/工艺合同评审,outputs/Microduck_RK_R13_配电电路与扭矩验证/结构与安装/R13增量装配.json,outputs/Microduck_RK_R13_配电电路与扭矩验证/结构与安装/CAD/5e67067e3468_LEG5_F5_MAX_BODY.step,,outputs/Microduck_RK_R13_配电电路与扭矩验证/结构与安装/CAD/20bf68821aa8_LEG5_F5_MAX_BODY.stl,20bf68821aa817a3cc3d1fe368c2aa9ecc1a5891c96e88269b570edb78e94791,,
PDB_R5__LEG5_J1_MATED_UNION,trunk_base,actual_board_component_reference,,False,按本件源CAD与材料/工艺合同评审,outputs/Microduck_RK_R13_配电电路与扭矩验证/结构与安装/R13增量装配.json,outputs/Microduck_RK_R13_配电电路与扭矩验证/结构与安装/CAD/abf74f9ef566_LEG5_J1_MATED_UNION.step,,outputs/Microduck_RK_R13_配电电路与扭矩验证/结构与安装/CAD/c5148a8a3389_LEG5_J1_MATED_UNION.stl,c5148a8a33895d85445b4329a9d84fe7852dc64805851fced5790c6e6da467f3,,
PDB_R5__LEG5_J1_PIN_1,trunk_base,actual_board_component_reference,,False,按本件源CAD与材料/工艺合同评审,outputs/Microduck_RK_R13_配电电路与扭矩验证/结构与安装/R13增量装配.json,outputs/Microduck_RK_R13_配电电路与扭矩验证/结构与安装/CAD/427ae9692e06_LEG5_J1_PIN_1.step,,outputs/Microduck_RK_R13_配电电路与扭矩验证/结构与安装/CAD/1152f13ee9fd_LEG5_J1_PIN_1.stl,1152f13ee9fd17f68fe1823533e750aa9c3e6b7febd90e0e5b549c23c313c236,,
PDB_R5__LEG5_J1_PIN_2,trunk_base,actual_board_component_reference,,False,按本件源CAD与材料/工艺合同评审,outputs/Microduck_RK_R13_配电电路与扭矩验证/结构与安装/R13增量装配.json,outputs/Microduck_RK_R13_配电电路与扭矩验证/结构与安装/CAD/35f5d5e7d24a_LEG5_J1_PIN_2.step,,outputs/Microduck_RK_R13_配电电路与扭矩验证/结构与安装/CAD/675b7e13696b_LEG5_J1_PIN_2.stl,675b7e13696beba22bdf76e10e410241257e394ca1f488211e3d8541a3bd756e,,
PDB_R5__LEG5_J1_PIN_3,trunk_base,actual_board_component_reference,,False,按本件源CAD与材料/工艺合同评审,outputs/Microduck_RK_R13_配电电路与扭矩验证/结构与安装/R13增量装配.json,outputs/Microduck_RK_R13_配电电路与扭矩验证/结构与安装/CAD/3da8d3c9a271_LEG5_J1_PIN_3.step,,outputs/Microduck_RK_R13_配电电路与扭矩验证/结构与安装/CAD/56d09186ff91_LEG5_J1_PIN_3.stl,56d09186ff914bcd7b836b2f6af2758ad87151370fda9537032381177716c425,,
PDB_R5__LEG5_J1_STRAIGHT_TAIL,trunk_base,actual_board_component_reference,,False,按本件源CAD与材料/工艺合同评审,outputs/Microduck_RK_R13_配电电路与扭矩验证/结构与安装/R13增量装配.json,outputs/Microduck_RK_R13_配电电路与扭矩验证/结构与安装/CAD/e3142d2c2bb6_LEG5_J1_STRAIGHT_TAIL.step,,outputs/Microduck_RK_R13_配电电路与扭矩验证/结构与安装/CAD/2471fc0cacd3_LEG5_J1_STRAIGHT_TAIL.stl,2471fc0cacd31474a655fad9daa63e063bcc2b7b4dd01c229d96c6a32801ff94,,
PDB_R5__LEG5_J2_MATED_UNION,trunk_base,actual_board_component_reference,,False,按本件源CAD与材料/工艺合同评审,outputs/Microduck_RK_R13_配电电路与扭矩验证/结构与安装/R13增量装配.json,outputs/Microduck_RK_R13_配电电路与扭矩验证/结构与安装/CAD/505722b5e5a2_LEG5_J2_MATED_UNION.step,,outputs/Microduck_RK_R13_配电电路与扭矩验证/结构与安装/CAD/7906b8801c18_LEG5_J2_MATED_UNION.stl,7906b8801c180510306cddb51e8f2ac39e144ca87e382c1dfec2d531d05f0cc7,,
PDB_R5__LEG5_J2_PIN_1,trunk_base,actual_board_component_reference,,False,按本件源CAD与材料/工艺合同评审,outputs/Microduck_RK_R13_配电电路与扭矩验证/结构与安装/R13增量装配.json,outputs/Microduck_RK_R13_配电电路与扭矩验证/结构与安装/CAD/5d985eebc9a2_LEG5_J2_PIN_1.step,,outputs/Microduck_RK_R13_配电电路与扭矩验证/结构与安装/CAD/6406fbd49e47_LEG5_J2_PIN_1.stl,6406fbd49e473c1acdd7dfa60a5c80d79da580cd364d1c5a8ed2ccee001036b4,,
PDB_R5__LEG5_J2_PIN_2,trunk_base,actual_board_component_reference,,False,按本件源CAD与材料/工艺合同评审,outputs/Microduck_RK_R13_配电电路与扭矩验证/结构与安装/R13增量装配.json,outputs/Microduck_RK_R13_配电电路与扭矩验证/结构与安装/CAD/4b232158d613_LEG5_J2_PIN_2.step,,outputs/Microduck_RK_R13_配电电路与扭矩验证/结构与安装/CAD/39ce19ed6420_LEG5_J2_PIN_2.stl,39ce19ed64204621c0eb714d41665b12725f882a456dc2fb4f0031360763dd8a,,
PDB_R5__LEG5_J2_PIN_3,trunk_base,actual_board_component_reference,,False,按本件源CAD与材料/工艺合同评审,outputs/Microduck_RK_R13_配电电路与扭矩验证/结构与安装/R13增量装配.json,outputs/Microduck_RK_R13_配电电路与扭矩验证/结构与安装/CAD/996c333ce26b_LEG5_J2_PIN_3.step,,outputs/Microduck_RK_R13_配电电路与扭矩验证/结构与安装/CAD/3e2a24e3d32e_LEG5_J2_PIN_3.stl,3e2a24e3d32e443869e75a0ac3dc1a5834f5c80f197ab5909868005da84a7c50,,
PDB_R5__LEG5_J2_STRAIGHT_TAIL,trunk_base,actual_board_component_reference,,False,按本件源CAD与材料/工艺合同评审,outputs/Microduck_RK_R13_配电电路与扭矩验证/结构与安装/R13增量装配.json,outputs/Microduck_RK_R13_配电电路与扭矩验证/结构与安装/CAD/5a2806e93f15_LEG5_J2_STRAIGHT_TAIL.step,,outputs/Microduck_RK_R13_配电电路与扭矩验证/结构与安装/CAD/d0f6654723f6_LEG5_J2_STRAIGHT_TAIL.stl,d0f6654723f69f88f20602f5020eb0e4484b21e1ce1d99c43753bc15c022dee0,,
PDB_R5__LEG5_J3_MATED_UNION,trunk_base,actual_board_component_reference,,False,按本件源CAD与材料/工艺合同评审,outputs/Microduck_RK_R13_配电电路与扭矩验证/结构与安装/R13增量装配.json,outputs/Microduck_RK_R13_配电电路与扭矩验证/结构与安装/CAD/644e1d149e77_LEG5_J3_MATED_UNION.step,,outputs/Microduck_RK_R13_配电电路与扭矩验证/结构与安装/CAD/85e19290d9ac_LEG5_J3_MATED_UNION.stl,85e19290d9ac3bd256efa1930ed610b8fac696246f806bdd65ce9c059a7eb617,,
PDB_R5__LEG5_J3_PIN_1,trunk_base,actual_board_component_reference,,False,按本件源CAD与材料/工艺合同评审,outputs/Microduck_RK_R13_配电电路与扭矩验证/结构与安装/R13增量装配.json,outputs/Microduck_RK_R13_配电电路与扭矩验证/结构与安装/CAD/539502eec3b9_LEG5_J3_PIN_1.step,,outputs/Microduck_RK_R13_配电电路与扭矩验证/结构与安装/CAD/4c6dd952c12e_LEG5_J3_PIN_1.stl,4c6dd952c12e06ddb28c4b6a052f32cbef51e0ed7b366dd92f69532e4496039b,,
PDB_R5__LEG5_J3_PIN_2,trunk_base,actual_board_component_reference,,False,按本件源CAD与材料/工艺合同评审,outputs/Microduck_RK_R13_配电电路与扭矩验证/结构与安装/R13增量装配.json,outputs/Microduck_RK_R13_配电电路与扭矩验证/结构与安装/CAD/8dec2d9fd61a_LEG5_J3_PIN_2.step,,outputs/Microduck_RK_R13_配电电路与扭矩验证/结构与安装/CAD/e55e63572fe4_LEG5_J3_PIN_2.stl,e55e63572fe451a38054000f81434b4ae73c7fe22db59feb0980bf0d676554a7,,
PDB_R5__LEG5_J3_PIN_3,trunk_base,actual_board_component_reference,,False,按本件源CAD与材料/工艺合同评审,outputs/Microduck_RK_R13_配电电路与扭矩验证/结构与安装/R13增量装配.json,outputs/Microduck_RK_R13_配电电路与扭矩验证/结构与安装/CAD/973a20bd44cf_LEG5_J3_PIN_3.step,,outputs/Microduck_RK_R13_配电电路与扭矩验证/结构与安装/CAD/ad506b58e943_LEG5_J3_PIN_3.stl,ad506b58e943d5752357a8b6c1d22d7331f9102e6de2b456cea8e81168ece31e,,
PDB_R5__LEG5_J3_STRAIGHT_TAIL,trunk_base,actual_board_component_reference,,False,按本件源CAD与材料/工艺合同评审,outputs/Microduck_RK_R13_配电电路与扭矩验证/结构与安装/R13增量装配.json,outputs/Microduck_RK_R13_配电电路与扭矩验证/结构与安装/CAD/88692080c723_LEG5_J3_STRAIGHT_TAIL.step,,outputs/Microduck_RK_R13_配电电路与扭矩验证/结构与安装/CAD/c990a7119548_LEG5_J3_STRAIGHT_TAIL.stl,c990a7119548db45ee184bef61bd26ed7719c935ff8f4bff4793685e2a014534,,
PDB_R5__LEG5_J4_MATED_UNION,trunk_base,actual_board_component_reference,,False,按本件源CAD与材料/工艺合同评审,outputs/Microduck_RK_R13_配电电路与扭矩验证/结构与安装/R13增量装配.json,outputs/Microduck_RK_R13_配电电路与扭矩验证/结构与安装/CAD/4834503b9d9e_LEG5_J4_MATED_UNION.step,,outputs/Microduck_RK_R13_配电电路与扭矩验证/结构与安装/CAD/0fe72b274039_LEG5_J4_MATED_UNION.stl,0fe72b274039965c40f445d985d2e221d34f3691fed17f047d7c717669ef0008,,
PDB_R5__LEG5_J4_PIN_1,trunk_base,actual_board_component_reference,,False,按本件源CAD与材料/工艺合同评审,outputs/Microduck_RK_R13_配电电路与扭矩验证/结构与安装/R13增量装配.json,outputs/Microduck_RK_R13_配电电路与扭矩验证/结构与安装/CAD/79e2f78e18ca_LEG5_J4_PIN_1.step,,outputs/Microduck_RK_R13_配电电路与扭矩验证/结构与安装/CAD/0d7a7a511c14_LEG5_J4_PIN_1.stl,0d7a7a511c148fa9159330a364a98a2ac05308f3ac096cb5daf3bc9c579d5548,,
PDB_R5__LEG5_J4_PIN_2,trunk_base,actual_board_component_reference,,False,按本件源CAD与材料/工艺合同评审,outputs/Microduck_RK_R13_配电电路与扭矩验证/结构与安装/R13增量装配.json,outputs/Microduck_RK_R13_配电电路与扭矩验证/结构与安装/CAD/6370f7a69fbe_LEG5_J4_PIN_2.step,,outputs/Microduck_RK_R13_配电电路与扭矩验证/结构与安装/CAD/c0d663a55972_LEG5_J4_PIN_2.stl,c0d663a55972d5c25c555eefa2fcbada35012f838a1c86e4b8113aeff2b431c2,,
PDB_R5__LEG5_J4_PIN_3,trunk_base,actual_board_component_reference,,False,按本件源CAD与材料/工艺合同评审,outputs/Microduck_RK_R13_配电电路与扭矩验证/结构与安装/R13增量装配.json,outputs/Microduck_RK_R13_配电电路与扭矩验证/结构与安装/CAD/a187d80522d4_LEG5_J4_PIN_3.step,,outputs/Microduck_RK_R13_配电电路与扭矩验证/结构与安装/CAD/36827ad10ea3_LEG5_J4_PIN_3.stl,36827ad10ea366e5f5910ab4a6d5ffa5ab3529d21a973886819cdbeec240140c,,
PDB_R5__LEG5_J4_STRAIGHT_TAIL,trunk_base,actual_board_component_reference,,False,按本件源CAD与材料/工艺合同评审,outputs/Microduck_RK_R13_配电电路与扭矩验证/结构与安装/R13增量装配.json,outputs/Microduck_RK_R13_配电电路与扭矩验证/结构与安装/CAD/d1efd156d466_LEG5_J4_STRAIGHT_TAIL.step,,outputs/Microduck_RK_R13_配电电路与扭矩验证/结构与安装/CAD/80bcd67ed10a_LEG5_J4_STRAIGHT_TAIL.stl,80bcd67ed10a494c2587981079fc80c170f4f38f8527980b88288cd1d9b1bb55,,
PDB_R5__LEG5_J5_MATED_UNION,trunk_base,actual_board_component_reference,,False,按本件源CAD与材料/工艺合同评审,outputs/Microduck_RK_R13_配电电路与扭矩验证/结构与安装/R13增量装配.json,outputs/Microduck_RK_R13_配电电路与扭矩验证/结构与安装/CAD/4fdc72a64bc2_LEG5_J5_MATED_UNION.step,,outputs/Microduck_RK_R13_配电电路与扭矩验证/结构与安装/CAD/07c5bc9cd898_LEG5_J5_MATED_UNION.stl,07c5bc9cd898eeb14119c24eb5e0d9c8932561662ab866b05e6748cc34b2d7ed,,
PDB_R5__LEG5_J5_PIN_1,trunk_base,actual_board_component_reference,,False,按本件源CAD与材料/工艺合同评审,outputs/Microduck_RK_R13_配电电路与扭矩验证/结构与安装/R13增量装配.json,outputs/Microduck_RK_R13_配电电路与扭矩验证/结构与安装/CAD/efc577a6a216_LEG5_J5_PIN_1.step,,outputs/Microduck_RK_R13_配电电路与扭矩验证/结构与安装/CAD/0aa7b0224d26_LEG5_J5_PIN_1.stl,0aa7b0224d26d11bdcfcc40d5df5610704068d1646c96fc7105341ad7c367137,,
PDB_R5__LEG5_J5_PIN_2,trunk_base,actual_board_component_reference,,False,按本件源CAD与材料/工艺合同评审,outputs/Microduck_RK_R13_配电电路与扭矩验证/结构与安装/R13增量装配.json,outputs/Microduck_RK_R13_配电电路与扭矩验证/结构与安装/CAD/41876e2bb95a_LEG5_J5_PIN_2.step,,outputs/Microduck_RK_R13_配电电路与扭矩验证/结构与安装/CAD/031d5295ffd9_LEG5_J5_PIN_2.stl,031d5295ffd96ff86167f2d73383a2778a37df15d8ceb46d18fbde641f25045b,,
PDB_R5__LEG5_J5_PIN_3,trunk_base,actual_board_component_reference,,False,按本件源CAD与材料/工艺合同评审,outputs/Microduck_RK_R13_配电电路与扭矩验证/结构与安装/R13增量装配.json,outputs/Microduck_RK_R13_配电电路与扭矩验证/结构与安装/CAD/e3b90c8830a5_LEG5_J5_PIN_3.step,,outputs/Microduck_RK_R13_配电电路与扭矩验证/结构与安装/CAD/7c959b90c3ab_LEG5_J5_PIN_3.stl,7c959b90c3abd61b652067f15709700045448252704d68966957c051209fd88e,,
PDB_R5__LEG5_J5_STRAIGHT_TAIL,trunk_base,actual_board_component_reference,,False,按本件源CAD与材料/工艺合同评审,outputs/Microduck_RK_R13_配电电路与扭矩验证/结构与安装/R13增量装配.json,outputs/Microduck_RK_R13_配电电路与扭矩验证/结构与安装/CAD/69749597ba96_LEG5_J5_STRAIGHT_TAIL.step,,outputs/Microduck_RK_R13_配电电路与扭矩验证/结构与安装/CAD/c3275189e841_LEG5_J5_STRAIGHT_TAIL.stl,c3275189e841f4ceeed93a9d2ebb601e35150f2d2723561c9b5068db474ea844,,
PDB_R5__LEG5_J6_MATED_UNION,trunk_base,actual_board_component_reference,,False,按本件源CAD与材料/工艺合同评审,outputs/Microduck_RK_R13_配电电路与扭矩验证/结构与安装/R13增量装配.json,outputs/Microduck_RK_R13_配电电路与扭矩验证/结构与安装/CAD/662818896bbf_LEG5_J6_MATED_UNION.step,,outputs/Microduck_RK_R13_配电电路与扭矩验证/结构与安装/CAD/45529d3816b7_LEG5_J6_MATED_UNION.stl,45529d3816b7e6191f9f9f2998c460e3f313b7620ee5526a708c89f239bdc759,,
PDB_R5__LEG5_J6_STRAIGHT_TAIL,trunk_base,actual_board_component_reference,,False,按本件源CAD与材料/工艺合同评审,outputs/Microduck_RK_R13_配电电路与扭矩验证/结构与安装/R13增量装配.json,outputs/Microduck_RK_R13_配电电路与扭矩验证/结构与安装/CAD/6040506dc766_LEG5_J6_STRAIGHT_TAIL.step,,outputs/Microduck_RK_R13_配电电路与扭矩验证/结构与安装/CAD/f9bd76a8b011_LEG5_J6_STRAIGHT_TAIL.stl,f9bd76a8b0115cf350dadf4fdd6d7c94634bcf048a09fb1c0c3106338a492c3f,,
PDB_R5__LEG5_PCB_FINISHED,trunk_base,actual_board_component_reference,,False,按本件源CAD与材料/工艺合同评审,outputs/Microduck_RK_R13_配电电路与扭矩验证/结构与安装/R13增量装配.json,outputs/Microduck_RK_R13_配电电路与扭矩验证/结构与安装/CAD/211e0ff21708_LEG5_PCB_FINISHED.step,,outputs/Microduck_RK_R13_配电电路与扭矩验证/结构与安装/CAD/83317ed7eba9_LEG5_PCB_FINISHED.stl,83317ed7eba94d5f6868a01a3efa8b16af2fa5ce6a010ded20353bca31bfa91e,,
PDB_R5__LEG5_W1_BACK_SOLDER,trunk_base,actual_board_component_reference,,False,按本件源CAD与材料/工艺合同评审,outputs/Microduck_RK_R13_配电电路与扭矩验证/结构与安装/R13增量装配.json,outputs/Microduck_RK_R13_配电电路与扭矩验证/结构与安装/CAD/658bfdbb6d9a_LEG5_W1_BACK_SOLDER.step,,outputs/Microduck_RK_R13_配电电路与扭矩验证/结构与安装/CAD/0b0d97d8024f_LEG5_W1_BACK_SOLDER.stl,0b0d97d8024fa9cfcd3c6d52274f3cefc0a11ff14d3cc6a8208445b3e72a7588,,
PDB_R5__LEG5_W1_BARE_PTH_PROCESS_MAX,trunk_base,preformed_board_tail_reference,CONDUCTOR_PROCESS_REFERENCE_NOT_MATERIAL,False,参考/器件外包络：按原器件BOM采购，不按外形体积制件或计重,outputs/Microduck_RK_R13_配电电路与扭矩验证/结构与安装/R13增量装配.json,outputs/Microduck_RK_R13_配电电路与扭矩验证/结构与安装/CAD/e4d126d04ee2_LEG5_W1_BARE_PTH_PROCESS_MAX.step,,outputs/Microduck_RK_R13_配电电路与扭矩验证/结构与安装/CAD/c638def2d58b_LEG5_W1_BARE_PTH_PROCESS_MAX.stl,c638def2d58be55acd43b926701f194e483eebe7ddc2565a5820c3d7ad653ce7,,
PDB_R5__LEG5_W1_FRONT_SOLDER,trunk_base,actual_board_component_reference,,False,按本件源CAD与材料/工艺合同评审,outputs/Microduck_RK_R13_配电电路与扭矩验证/结构与安装/R13增量装配.json,outputs/Microduck_RK_R13_配电电路与扭矩验证/结构与安装/CAD/a1ad441b7a75_LEG5_W1_FRONT_SOLDER.step,,outputs/Microduck_RK_R13_配电电路与扭矩验证/结构与安装/CAD/b36bdec32d1c_LEG5_W1_FRONT_SOLDER.stl,b36bdec32d1c9029bb77c421b6964d34be29940240e1404a273edec53eb72222,,
PDB_R5__LEG5_W1_INSULATED_STRAIGHT8_MAX,trunk_base,preformed_board_tail_reference,CONDUCTOR_PROCESS_REFERENCE_NOT_MATERIAL,False,参考/器件外包络：按原器件BOM采购，不按外形体积制件或计重,outputs/Microduck_RK_R13_配电电路与扭矩验证/结构与安装/R13增量装配.json,outputs/Microduck_RK_R13_配电电路与扭矩验证/结构与安装/CAD/5375d64f474f_LEG5_W1_INSULATED_STRAIGHT8_MAX.step,,outputs/Microduck_RK_R13_配电电路与扭矩验证/结构与安装/CAD/14bcc9b0fdb9_LEG5_W1_INSULATED_STRAIGHT8_MAX.stl,14bcc9b0fdb959825116356485417c55f338ededb399f5d50addc12f98637f3e,,
PDB_R5__LEG5_W2_BACK_SOLDER,trunk_base,actual_board_component_reference,,False,按本件源CAD与材料/工艺合同评审,outputs/Microduck_RK_R13_配电电路与扭矩验证/结构与安装/R13增量装配.json,outputs/Microduck_RK_R13_配电电路与扭矩验证/结构与安装/CAD/98d6f7597348_LEG5_W2_BACK_SOLDER.step,,outputs/Microduck_RK_R13_配电电路与扭矩验证/结构与安装/CAD/c379c611c401_LEG5_W2_BACK_SOLDER.stl,c379c611c401cabfd1530df3a7f0be41db9fcb64ae1a0adff2aad89132b94a4c,,
PDB_R5__LEG5_W2_BARE_PTH_PROCESS_MAX,trunk_base,preformed_board_tail_reference,CONDUCTOR_PROCESS_REFERENCE_NOT_MATERIAL,False,参考/器件外包络：按原器件BOM采购，不按外形体积制件或计重,outputs/Microduck_RK_R13_配电电路与扭矩验证/结构与安装/R13增量装配.json,outputs/Microduck_RK_R13_配电电路与扭矩验证/结构与安装/CAD/e61d4e7fddb4_LEG5_W2_BARE_PTH_PROCESS_MAX.step,,outputs/Microduck_RK_R13_配电电路与扭矩验证/结构与安装/CAD/56c5ed1c9ea2_LEG5_W2_BARE_PTH_PROCESS_MAX.stl,56c5ed1c9ea2a3ab83dbd99330e0ea95753791a275b3c4ab4096aa11126c11f0,,
PDB_R5__LEG5_W2_FRONT_SOLDER,trunk_base,actual_board_component_reference,,False,按本件源CAD与材料/工艺合同评审,outputs/Microduck_RK_R13_配电电路与扭矩验证/结构与安装/R13增量装配.json,outputs/Microduck_RK_R13_配电电路与扭矩验证/结构与安装/CAD/add29a44d89d_LEG5_W2_FRONT_SOLDER.step,,outputs/Microduck_RK_R13_配电电路与扭矩验证/结构与安装/CAD/90e138c09246_LEG5_W2_FRONT_SOLDER.stl,90e138c092467ad903eb4dcbb9f3ecce8666537ec07b0be9ab548024c98f2c58,,
PDB_R5__LEG5_W2_INSULATED_STRAIGHT8_MAX,trunk_base,preformed_board_tail_reference,CONDUCTOR_PROCESS_REFERENCE_NOT_MATERIAL,False,参考/器件外包络：按原器件BOM采购，不按外形体积制件或计重,outputs/Microduck_RK_R13_配电电路与扭矩验证/结构与安装/R13增量装配.json,outputs/Microduck_RK_R13_配电电路与扭矩验证/结构与安装/CAD/b6ad56337473_LEG5_W2_INSULATED_STRAIGHT8_MAX.step,,outputs/Microduck_RK_R13_配电电路与扭矩验证/结构与安装/CAD/bcdbd498b237_LEG5_W2_INSULATED_STRAIGHT8_MAX.stl,bcdbd498b237e8ff56b4c56b87f60560df4fe18280bccb7d78842728d5620c85,,
R13_HEAD3_PEEK_-26,jaw_soft,,unfilled PEEK,False,按本件源CAD与材料/工艺合同评审,outputs/Microduck_RK_R13_配电电路与扭矩验证/结构与安装/R13增量装配.json,outputs/Microduck_RK_R13_配电电路与扭矩验证/结构与安装/CAD/15ee4ecda677_R13_HEAD3_PEEK_-26.step,,outputs/Microduck_RK_R13_配电电路与扭矩验证/结构与安装/CAD/c0903b2dbac3_R13_HEAD3_PEEK_-26.stl,c0903b2dbac39f831fac984b15946e7de3c8694e83a20190f71fab4ae9ebaed0,,
R13_HEAD3_PEEK_-60,jaw_soft,,unfilled PEEK,False,按本件源CAD与材料/工艺合同评审,outputs/Microduck_RK_R13_配电电路与扭矩验证/结构与安装/R13增量装配.json,outputs/Microduck_RK_R13_配电电路与扭矩验证/结构与安装/CAD/7b63f230fdd0_R13_HEAD3_PEEK_-60.step,,outputs/Microduck_RK_R13_配电电路与扭矩验证/结构与安装/CAD/78704185a824_R13_HEAD3_PEEK_-60.stl,78704185a8245e58aad939e8ca8dc1e866745b05c7c2b802403843b22738b175,,
R13_HEAD3_rigid_stalk,jaw_soft,,6061-T651,False,按本件源CAD与材料/工艺合同评审,outputs/Microduck_RK_R13_配电电路与扭矩验证/结构与安装/R13增量装配.json,outputs/Microduck_RK_R13_配电电路与扭矩验证/结构与安装/CAD/e1039a5a9f53_R13_HEAD3_rigid_stalk.step,,outputs/Microduck_RK_R13_配电电路与扭矩验证/结构与安装/CAD/4a93561b580b_R13_HEAD3_rigid_stalk.stl,4a93561b580b84566b82f39afac02c5a7290e2095ca899a16e2d91d16141c96a,,
R13_H_Entry_foot_-6_M2p5x10,jaw_soft,nominal_fastener_reference,A2 steel nominal purchase geometry,False,参考/器件外包络：按原器件BOM采购，不按外形体积制件或计重,outputs/Microduck_RK_R13_配电电路与扭矩验证/结构与安装/R13增量装配.json,outputs/Microduck_RK_R13_配电电路与扭矩验证/结构与安装/CAD/c904ec513c92_R13_H_Entry_foot_-6_M2p5x10.step,,outputs/Microduck_RK_R13_配电电路与扭矩验证/结构与安装/CAD/95b53e588890_R13_H_Entry_foot_-6_M2p5x10.stl,95b53e588890dbc7a62fde831a2707ba017a1c7548ee1abe85381b714379c324,,
R13_H_Entry_foot_-6_nut,jaw_soft,nominal_fastener_reference,A2 steel nominal purchase geometry,False,参考/器件外包络：按原器件BOM采购，不按外形体积制件或计重,outputs/Microduck_RK_R13_配电电路与扭矩验证/结构与安装/R13增量装配.json,outputs/Microduck_RK_R13_配电电路与扭矩验证/结构与安装/CAD/25296becffbe_R13_H_Entry_foot_-6_nut.step,,outputs/Microduck_RK_R13_配电电路与扭矩验证/结构与安装/CAD/bebf7e819488_R13_H_Entry_foot_-6_nut.stl,bebf7e819488b02a6f5d5574de36ca8d1bac92b30724cf912468c4005c0a550b,,
R13_H_Entry_foot_-6_washer,jaw_soft,nominal_fastener_reference,A2 steel nominal purchase geometry,False,参考/器件外包络：按原器件BOM采购，不按外形体积制件或计重,outputs/Microduck_RK_R13_配电电路与扭矩验证/结构与安装/R13增量装配.json,outputs/Microduck_RK_R13_配电电路与扭矩验证/结构与安装/CAD/b6918d525b95_R13_H_Entry_foot_-6_washer.step,,outputs/Microduck_RK_R13_配电电路与扭矩验证/结构与安装/CAD/e0a160bb264e_R13_H_Entry_foot_-6_washer.stl,e0a160bb264e5ebd5c362580570f7e0d4f016b9064c0d52765b88217084897a6,,
R13_H_Entry_foot_2_M2p5x10,jaw_soft,nominal_fastener_reference,A2 steel nominal purchase geometry,False,参考/器件外包络：按原器件BOM采购，不按外形体积制件或计重,outputs/Microduck_RK_R13_配电电路与扭矩验证/结构与安装/R13增量装配.json,outputs/Microduck_RK_R13_配电电路与扭矩验证/结构与安装/CAD/74019724295a_R13_H_Entry_foot_2_M2p5x10.step,,outputs/Microduck_RK_R13_配电电路与扭矩验证/结构与安装/CAD/9417fb908e0b_R13_H_Entry_foot_2_M2p5x10.stl,9417fb908e0b23f0eeebdb6ca7f8bbbcce3504121cbea5690f4520a075aae0a4,,
R13_H_Entry_foot_2_nut,jaw_soft,nominal_fastener_reference,A2 steel nominal purchase geometry,False,参考/器件外包络：按原器件BOM采购，不按外形体积制件或计重,outputs/Microduck_RK_R13_配电电路与扭矩验证/结构与安装/R13增量装配.json,outputs/Microduck_RK_R13_配电电路与扭矩验证/结构与安装/CAD/05fa93661ba5_R13_H_Entry_foot_2_nut.step,,outputs/Microduck_RK_R13_配电电路与扭矩验证/结构与安装/CAD/b5972c16f8da_R13_H_Entry_foot_2_nut.stl,b5972c16f8dad20bd40822365b9e8183310ddf68b06eef24831f57fce7b6fac7,,
R13_H_Entry_foot_2_washer,jaw_soft,nominal_fastener_reference,A2 steel nominal purchase geometry,False,参考/器件外包络：按原器件BOM采购，不按外形体积制件或计重,outputs/Microduck_RK_R13_配电电路与扭矩验证/结构与安装/R13增量装配.json,outputs/Microduck_RK_R13_配电电路与扭矩验证/结构与安装/CAD/b61351680e82_R13_H_Entry_foot_2_washer.step,,outputs/Microduck_RK_R13_配电电路与扭矩验证/结构与安装/CAD/bcc41f3ced15_R13_H_Entry_foot_2_washer.stl,bcc41f3ced15de08f024023fd02f6b70182108b2b199ce9f683660a31a595184,,
R13_H_board_-26_M2p5x10,jaw_soft,,A2 steel nominal purchase geometry,False,参考/器件外包络：按原器件BOM采购，不按外形体积制件或计重,outputs/Microduck_RK_R13_配电电路与扭矩验证/结构与安装/R13增量装配.json,outputs/Microduck_RK_R13_配电电路与扭矩验证/结构与安装/CAD/20d2c380102c_R13_H_board_-26_M2p5x10.step,,outputs/Microduck_RK_R13_配电电路与扭矩验证/结构与安装/CAD/962399b742f2_R13_H_board_-26_M2p5x10.stl,962399b742f214d88bb63ca521cd2dff636419eadbc1177a786a325dbd9433a2,,
R13_H_board_-26_washer,jaw_soft,,A2 steel nominal purchase geometry,False,参考/器件外包络：按原器件BOM采购，不按外形体积制件或计重,outputs/Microduck_RK_R13_配电电路与扭矩验证/结构与安装/R13增量装配.json,outputs/Microduck_RK_R13_配电电路与扭矩验证/结构与安装/CAD/e65dda1c0968_R13_H_board_-26_washer.step,,outputs/Microduck_RK_R13_配电电路与扭矩验证/结构与安装/CAD/b79b15f607e1_R13_H_board_-26_washer.stl,b79b15f607e11f7ab5a95e46e5670a316a70ffa5eb800fa0b007fffd3c860359,,
R13_H_board_-60_M2p5x10,jaw_soft,,A2 steel nominal purchase geometry,False,参考/器件外包络：按原器件BOM采购，不按外形体积制件或计重,outputs/Microduck_RK_R13_配电电路与扭矩验证/结构与安装/R13增量装配.json,outputs/Microduck_RK_R13_配电电路与扭矩验证/结构与安装/CAD/47781052636b_R13_H_board_-60_M2p5x10.step,,outputs/Microduck_RK_R13_配电电路与扭矩验证/结构与安装/CAD/78433b168294_R13_H_board_-60_M2p5x10.stl,78433b168294e3c5988e23507920c8f45f9e4721290a6d8e83125535e77b18dd,,
R13_H_board_-60_washer,jaw_soft,,A2 steel nominal purchase geometry,False,参考/器件外包络：按原器件BOM采购，不按外形体积制件或计重,outputs/Microduck_RK_R13_配电电路与扭矩验证/结构与安装/R13增量装配.json,outputs/Microduck_RK_R13_配电电路与扭矩验证/结构与安装/CAD/47470cb5beb6_R13_H_board_-60_washer.step,,outputs/Microduck_RK_R13_配电电路与扭矩验证/结构与安装/CAD/fe9f77925f8c_R13_H_board_-60_washer.stl,fe9f77925f8c5af0e773a5e2ce481561fb73afb48e5fa37e8ba6e4aa9790ea01,,
R13_H_foot_-43_M2p5x8,jaw_soft,nominal_fastener_reference,A2 steel nominal purchase geometry,False,参考/器件外包络：按原器件BOM采购，不按外形体积制件或计重,outputs/Microduck_RK_R13_配电电路与扭矩验证/结构与安装/R13增量装配.json,outputs/Microduck_RK_R13_配电电路与扭矩验证/结构与安装/CAD/3dfbd8214e02_R13_H_foot_-43_M2p5x8.step,,outputs/Microduck_RK_R13_配电电路与扭矩验证/结构与安装/CAD/668f42016b86_R13_H_foot_-43_M2p5x8.stl,668f42016b86a45aae94323c7ad4499ab518d42c963082ef5fb944c5e587d986,,
R13_H_foot_-43_washer,jaw_soft,nominal_fastener_reference,A2 steel nominal purchase geometry,False,参考/器件外包络：按原器件BOM采购，不按外形体积制件或计重,outputs/Microduck_RK_R13_配电电路与扭矩验证/结构与安装/R13增量装配.json,outputs/Microduck_RK_R13_配电电路与扭矩验证/结构与安装/CAD/819c7ad78bef_R13_H_foot_-43_washer.step,,outputs/Microduck_RK_R13_配电电路与扭矩验证/结构与安装/CAD/d14ca9ccc8f1_R13_H_foot_-43_washer.stl,d14ca9ccc8f1bf23ac203abe79d4b099e6b97b365be5c36e45460237c10f89ee,,
R13_H_foot_-52_M2p5x8,jaw_soft,nominal_fastener_reference,A2 steel nominal purchase geometry,False,参考/器件外包络：按原器件BOM采购，不按外形体积制件或计重,outputs/Microduck_RK_R13_配电电路与扭矩验证/结构与安装/R13增量装配.json,outputs/Microduck_RK_R13_配电电路与扭矩验证/结构与安装/CAD/7fa91425bd73_R13_H_foot_-52_M2p5x8.step,,outputs/Microduck_RK_R13_配电电路与扭矩验证/结构与安装/CAD/3d51c1b77a68_R13_H_foot_-52_M2p5x8.stl,3d51c1b77a688b2a3cf2ee46628a12c09d3f7fa09f5acc9935bde050bc979179,,
R13_H_foot_-52_washer,jaw_soft,nominal_fastener_reference,A2 steel nominal purchase geometry,False,参考/器件外包络：按原器件BOM采购，不按外形体积制件或计重,outputs/Microduck_RK_R13_配电电路与扭矩验证/结构与安装/R13增量装配.json,outputs/Microduck_RK_R13_配电电路与扭矩验证/结构与安装/CAD/e82c1cad2b17_R13_H_foot_-52_washer.step,,outputs/Microduck_RK_R13_配电电路与扭矩验证/结构与安装/CAD/bc4be0dea399_R13_H_foot_-52_washer.stl,bc4be0dea3999aca0122f7affbb5005cd0786e824f5806fe311997a71b2bde29,,
R13_J0_ACTUAL_F_GND_SLEEVED_CUP,trunk_base,,VENDOR_DIMENSIONAL_REFERENCE_NOT_MATERIAL,False,参考/器件外包络：按原器件BOM采购，不按外形体积制件或计重,outputs/Microduck_RK_R13_配电电路与扭矩验证/结构与安装/R13增量装配.json,outputs/Microduck_RK_R13_配电电路与扭矩验证/结构与安装/CAD/5cc918d2f02a_R13_J0_ACTUAL_F_GND_SLEEVED_CUP.step,,outputs/Microduck_RK_R13_配电电路与扭矩验证/结构与安装/CAD/406fc83b9079_R13_J0_ACTUAL_F_GND_SLEEVED_CUP.stl,406fc83b90799bfed2a4f69d45b87a29afbcc3d76037de99fb5e05f753e38ca2,,
R13_J0_ACTUAL_F_POS_SLEEVED_CUP,trunk_base,,VENDOR_DIMENSIONAL_REFERENCE_NOT_MATERIAL,False,参考/器件外包络：按原器件BOM采购，不按外形体积制件或计重,outputs/Microduck_RK_R13_配电电路与扭矩验证/结构与安装/R13增量装配.json,outputs/Microduck_RK_R13_配电电路与扭矩验证/结构与安装/CAD/7e349776eef1_R13_J0_ACTUAL_F_POS_SLEEVED_CUP.step,,outputs/Microduck_RK_R13_配电电路与扭矩验证/结构与安装/CAD/bf0371163e6a_R13_J0_ACTUAL_F_POS_SLEEVED_CUP.stl,bf0371163e6a35d43739c8abd1986182cb304c50a9603abfe16d18c5b018f8c7,,
R13_J0_ACTUAL_XT30_BODY_MAX,trunk_base,,VENDOR_DIMENSIONAL_REFERENCE_NOT_MATERIAL,False,参考/器件外包络：按原器件BOM采购，不按外形体积制件或计重,outputs/Microduck_RK_R13_配电电路与扭矩验证/结构与安装/R13增量装配.json,outputs/Microduck_RK_R13_配电电路与扭矩验证/结构与安装/CAD/4275d3f390e6_R13_J0_ACTUAL_XT30_BODY_MAX.step,,outputs/Microduck_RK_R13_配电电路与扭矩验证/结构与安装/CAD/29b7dc1ae64d_R13_J0_ACTUAL_XT30_BODY_MAX.stl,29b7dc1ae64d2ab636c0033cf0ea77b32e34c1b66dd5b8bba5285fb2c0185a2a,,
R13_J0_M_GND_FULLMATE_TAIL_RANGE,trunk_base,,VENDOR_DIMENSIONAL_REFERENCE_NOT_MATERIAL,False,参考/器件外包络：按原器件BOM采购，不按外形体积制件或计重,outputs/Microduck_RK_R13_配电电路与扭矩验证/结构与安装/R13增量装配.json,outputs/Microduck_RK_R13_配电电路与扭矩验证/结构与安装/CAD/fb3b49039c50_R13_J0_M_GND_FULLMATE_TAIL_RANGE.step,,outputs/Microduck_RK_R13_配电电路与扭矩验证/结构与安装/CAD/b7f554416a21_R13_J0_M_GND_FULLMATE_TAIL_RANGE.stl,b7f554416a21ef6e9c10f92234d32afe6e17dcdf2160f3cce8cd367e77e03bbc,,
R13_J0_M_POS_FULLMATE_TAIL_RANGE,trunk_base,,VENDOR_DIMENSIONAL_REFERENCE_NOT_MATERIAL,False,参考/器件外包络：按原器件BOM采购，不按外形体积制件或计重,outputs/Microduck_RK_R13_配电电路与扭矩验证/结构与安装/R13增量装配.json,outputs/Microduck_RK_R13_配电电路与扭矩验证/结构与安装/CAD/998d2d657cec_R13_J0_M_POS_FULLMATE_TAIL_RANGE.step,,outputs/Microduck_RK_R13_配电电路与扭矩验证/结构与安装/CAD/a0b4cd1714be_R13_J0_M_POS_FULLMATE_TAIL_RANGE.stl,a0b4cd1714be98bef6e8774335358926e35b4a61138a3948219f939efdfc3f26,,
R13_LEG5_PEEK_corner_antirotation_key,trunk_base,actual_CNC_part,unfilled PEEK,False,按本件源CAD与材料/工艺合同评审,outputs/Microduck_RK_R13_配电电路与扭矩验证/结构与安装/R13增量装配.json,outputs/Microduck_RK_R13_配电电路与扭矩验证/结构与安装/CAD/27b37a1d7730_R13_LEG5_PEEK_corner_antirotation_key.step,,outputs/Microduck_RK_R13_配电电路与扭矩验证/结构与安装/CAD/21fd06989a2f_R13_LEG5_PEEK_corner_antirotation_key.stl,21fd06989a2ff3d717fcbab015b69b1f4d2710afea95f6abee64f0a3b1fa7f32,,
R13_LEG5_PEEK_front_mount_35,trunk_base,actual_CNC_part,unfilled PEEK,False,按本件源CAD与材料/工艺合同评审,outputs/Microduck_RK_R13_配电电路与扭矩验证/结构与安装/R13增量装配.json,outputs/Microduck_RK_R13_配电电路与扭矩验证/结构与安装/CAD/8c5cac003e4b_R13_LEG5_PEEK_front_mount_35.step,,outputs/Microduck_RK_R13_配电电路与扭矩验证/结构与安装/CAD/00071ee5fc71_R13_LEG5_PEEK_front_mount_35.stl,00071ee5fc71f0d4c2cb5a858459b2d1d7b877db8e4a3621ca306ea8feb64f6b,,
R13_LEG5_PEEK_front_mount_69,trunk_base,actual_CNC_part,unfilled PEEK,False,按本件源CAD与材料/工艺合同评审,outputs/Microduck_RK_R13_配电电路与扭矩验证/结构与安装/R13增量装配.json,outputs/Microduck_RK_R13_配电电路与扭矩验证/结构与安装/CAD/b5fa2ec007fe_R13_LEG5_PEEK_front_mount_69.step,,outputs/Microduck_RK_R13_配电电路与扭矩验证/结构与安装/CAD/8825316018e8_R13_LEG5_PEEK_front_mount_69.stl,8825316018e86929c1856eff6762976ac8f1a0e5a203049c1923b2bd0bc13b37,,
R13_LEG5_PEEK_interboard_35,trunk_base,actual_CNC_part,unfilled PEEK,False,按本件源CAD与材料/工艺合同评审,outputs/Microduck_RK_R13_配电电路与扭矩验证/结构与安装/R13增量装配.json,outputs/Microduck_RK_R13_配电电路与扭矩验证/结构与安装/CAD/90b029b56df9_R13_LEG5_PEEK_interboard_35.step,,outputs/Microduck_RK_R13_配电电路与扭矩验证/结构与安装/CAD/1a185f259581_R13_LEG5_PEEK_interboard_35.stl,1a185f259581a3436917f0b2d7e22a3314e8480003d5066cb83cd5fb3df34f1c,,
R13_LEG5_PEEK_interboard_69,trunk_base,actual_CNC_part,unfilled PEEK,False,按本件源CAD与材料/工艺合同评审,outputs/Microduck_RK_R13_配电电路与扭矩验证/结构与安装/R13增量装配.json,outputs/Microduck_RK_R13_配电电路与扭矩验证/结构与安装/CAD/11d73e81cb1f_R13_LEG5_PEEK_interboard_69.step,,outputs/Microduck_RK_R13_配电电路与扭矩验证/结构与安装/CAD/9505b3cf97c7_R13_LEG5_PEEK_interboard_69.stl,9505b3cf97c72d67748eb36598d4f9e462037f58436e6ff2cc8af9e4caecb136,,
R13_L_board_35_M2p5x20p50_CS,trunk_base,nominal_fastener_reference,A2 steel nominal purchase geometry,False,参考/器件外包络：按原器件BOM采购，不按外形体积制件或计重,outputs/Microduck_RK_R13_配电电路与扭矩验证/结构与安装/R13增量装配.json,outputs/Microduck_RK_R13_配电电路与扭矩验证/结构与安装/CAD/7d8c6db2e8af_R13_L_board_35_M2p5x20p50_CS.step,,outputs/Microduck_RK_R13_配电电路与扭矩验证/结构与安装/CAD/f05a6d95d7b3_R13_L_board_35_M2p5x20p50_CS.stl,f05a6d95d7b3b0572598468c63ec2bd2fca395b19b046757e66092b6d11d3773,,
R13_L_board_35_nut,trunk_base,nominal_fastener_reference,A2 steel nominal purchase geometry,False,参考/器件外包络：按原器件BOM采购，不按外形体积制件或计重,outputs/Microduck_RK_R13_配电电路与扭矩验证/结构与安装/R13增量装配.json,outputs/Microduck_RK_R13_配电电路与扭矩验证/结构与安装/CAD/816248ef1e83_R13_L_board_35_nut.step,,outputs/Microduck_RK_R13_配电电路与扭矩验证/结构与安装/CAD/dc314fed3404_R13_L_board_35_nut.stl,dc314fed34048f2aadcfa3aa25e0ce58e7e94b21a64c7c078ce55aad9e70b8bf,,
R13_L_board_35_washer,trunk_base,nominal_fastener_reference,A2 steel nominal purchase geometry,False,参考/器件外包络：按原器件BOM采购，不按外形体积制件或计重,outputs/Microduck_RK_R13_配电电路与扭矩验证/结构与安装/R13增量装配.json,outputs/Microduck_RK_R13_配电电路与扭矩验证/结构与安装/CAD/3031d4a2bf6d_R13_L_board_35_washer.step,,outputs/Microduck_RK_R13_配电电路与扭矩验证/结构与安装/CAD/7ab93aacdfdc_R13_L_board_35_washer.stl,7ab93aacdfdc9b3df3b9339f5f6a81fccae4ebb95870498d425f2174b7c8ae82,,
R13_L_board_69_M2p5x20p50_CS,trunk_base,nominal_fastener_reference,A2 steel nominal purchase geometry,False,参考/器件外包络：按原器件BOM采购，不按外形体积制件或计重,outputs/Microduck_RK_R13_配电电路与扭矩验证/结构与安装/R13增量装配.json,outputs/Microduck_RK_R13_配电电路与扭矩验证/结构与安装/CAD/2c3a81dab700_R13_L_board_69_M2p5x20p50_CS.step,,outputs/Microduck_RK_R13_配电电路与扭矩验证/结构与安装/CAD/73a44f1a72e4_R13_L_board_69_M2p5x20p50_CS.stl,73a44f1a72e47c4155466d03ced891015f971756217052ed8c1d53ce56a94f23,,
R13_L_board_69_nut,trunk_base,nominal_fastener_reference,A2 steel nominal purchase geometry,False,参考/器件外包络：按原器件BOM采购，不按外形体积制件或计重,outputs/Microduck_RK_R13_配电电路与扭矩验证/结构与安装/R13增量装配.json,outputs/Microduck_RK_R13_配电电路与扭矩验证/结构与安装/CAD/bba111179a2a_R13_L_board_69_nut.step,,outputs/Microduck_RK_R13_配电电路与扭矩验证/结构与安装/CAD/520efec2599c_R13_L_board_69_nut.stl,520efec2599c27aedc83e698f03ee4129a9807b6bbdc64202e903adce46e7704,,
R13_L_board_69_washer,trunk_base,nominal_fastener_reference,A2 steel nominal purchase geometry,False,参考/器件外包络：按原器件BOM采购，不按外形体积制件或计重,outputs/Microduck_RK_R13_配电电路与扭矩验证/结构与安装/R13增量装配.json,outputs/Microduck_RK_R13_配电电路与扭矩验证/结构与安装/CAD/b0d70e8c5976_R13_L_board_69_washer.step,,outputs/Microduck_RK_R13_配电电路与扭矩验证/结构与安装/CAD/82e4c59bfdae_R13_L_board_69_washer.stl,82e4c59bfdae2e22b2e7223a5d2fe9289081eab77e964d8d86bb49554a98b7de,,
R13_L_key_M2x10,trunk_base,nominal_fastener_reference,A2 steel nominal purchase geometry,False,参考/器件外包络：按原器件BOM采购，不按外形体积制件或计重,outputs/Microduck_RK_R13_配电电路与扭矩验证/结构与安装/R13增量装配.json,outputs/Microduck_RK_R13_配电电路与扭矩验证/结构与安装/CAD/95c0bc14d5f4_R13_L_key_M2x10.step,,outputs/Microduck_RK_R13_配电电路与扭矩验证/结构与安装/CAD/0c103f3c3532_R13_L_key_M2x10.stl,0c103f3c35328b4212994eba4c15573369b43523f658357cac4466f288bc5cca,,
R13_L_key_nut,trunk_base,nominal_fastener_reference,A2 steel nominal purchase geometry,False,参考/器件外包络：按原器件BOM采购，不按外形体积制件或计重,outputs/Microduck_RK_R13_配电电路与扭矩验证/结构与安装/R13增量装配.json,outputs/Microduck_RK_R13_配电电路与扭矩验证/结构与安装/CAD/de084c70b8f8_R13_L_key_nut.step,,outputs/Microduck_RK_R13_配电电路与扭矩验证/结构与安装/CAD/39bc0ba67e6b_R13_L_key_nut.stl,39bc0ba67e6b672fad4d3ddda4acb25423cd684ca5ca1da434d2efd9d54416e1,,
R13_L_key_washer,trunk_base,nominal_fastener_reference,A2 steel nominal purchase geometry,False,参考/器件外包络：按原器件BOM采购，不按外形体积制件或计重,outputs/Microduck_RK_R13_配电电路与扭矩验证/结构与安装/R13增量装配.json,outputs/Microduck_RK_R13_配电电路与扭矩验证/结构与安装/CAD/88acbf5d7205_R13_L_key_washer.step,,outputs/Microduck_RK_R13_配电电路与扭矩验证/结构与安装/CAD/158496bd6402_R13_L_key_washer.stl,158496bd640215dccd673c4e18a0a67175a673eed745f78191a8a55bf588cb8e,,
R13p4_LEG5_mount_-31_M3_L7p30,trunk_base,nominal_fastener_reference,"A2-70 / certified equivalent engineering incoming requirement, not page-certified A2 grade",False,参考/器件外包络：按原器件BOM采购，不按外形体积制件或计重,work/r17-module-mount/candidate/manifest.json,work/r17-module-mount/leg5/candidate_v1/STEP_毫米/R13p4_LEG5_mount_-31_M3_L7p30.step,,work/r17-module-mount/leg5/candidate_v1/STL_装配坐标_毫米/R13p4_LEG5_mount_-31_M3_L7p30.stl,c797d510722bf0ecd01d828ba77947397ba44c888e2c3d804ea69333699b0629,,
R13p4_LEG5_mount_31_M3_L7p30,trunk_base,nominal_fastener_reference,"A2-70 / certified equivalent engineering incoming requirement, not page-certified A2 grade",False,参考/器件外包络：按原器件BOM采购，不按外形体积制件或计重,work/r17-module-mount/candidate/manifest.json,work/r17-module-mount/leg5/candidate_v1/STEP_毫米/R13p4_LEG5_mount_31_M3_L7p30.step,,work/r17-module-mount/leg5/candidate_v1/STL_装配坐标_毫米/R13p4_LEG5_mount_31_M3_L7p30.stl,deb046f2ee8a4cc5fa982978efe044c5d1419ef988c2f75f8e28b256cf538463,,
R13_REF_S301_AT503M_FACE_NUT,trunk_base,,manufacturer-dimensional reference / not a manufactured replacement,False,参考/器件外包络：按原器件BOM采购，不按外形体积制件或计重,outputs/Microduck_RK_R13_配电电路与扭矩验证/结构与安装/R13增量装配.json,outputs/Microduck_RK_R13_配电电路与扭矩验证/结构与安装/CAD/721882ef924c_R13_REF_S301_AT503M_FACE_NUT.step,,outputs/Microduck_RK_R13_配电电路与扭矩验证/结构与安装/CAD/19089fa1e66e_R13_REF_S301_AT503M_FACE_NUT.stl,19089fa1e66e0b06094d2a4ef6dbb9d1c43771bd5cc00c85221fc5d25db2db2a,,
R13_REF_S301_AT506M_KEY_TAB,trunk_base,,manufacturer-dimensional reference / not a manufactured replacement,False,参考/器件外包络：按原器件BOM采购，不按外形体积制件或计重,outputs/Microduck_RK_R13_配电电路与扭矩验证/结构与安装/R13增量装配.json,outputs/Microduck_RK_R13_配电电路与扭矩验证/结构与安装/CAD/7241648572c6_R13_REF_S301_AT506M_KEY_TAB.step,,outputs/Microduck_RK_R13_配电电路与扭矩验证/结构与安装/CAD/e1e2504e747a_R13_REF_S301_AT506M_KEY_TAB.stl,e1e2504e747a1d267604894311f8c91af029ecb6c793c3ea428086399cea8a96,,
R13_REF_S301_AT506M_LOCK_RING,trunk_base,,manufacturer-dimensional reference / not a manufactured replacement,False,参考/器件外包络：按原器件BOM采购，不按外形体积制件或计重,outputs/Microduck_RK_R13_配电电路与扭矩验证/结构与安装/R13增量装配.json,outputs/Microduck_RK_R13_配电电路与扭矩验证/结构与安装/CAD/115f52c11311_R13_REF_S301_AT506M_LOCK_RING.step,,outputs/Microduck_RK_R13_配电电路与扭矩验证/结构与安装/CAD/55d4d427bd72_R13_REF_S301_AT506M_LOCK_RING.stl,55d4d427bd72c662dc863e18acc2005b1723adf8edb07ac068655ea5e9c979be,,
R13_REF_S301_AT508_LOCK_WASHER,trunk_base,,manufacturer-dimensional reference / not a manufactured replacement,False,参考/器件外包络：按原器件BOM采购，不按外形体积制件或计重,outputs/Microduck_RK_R13_配电电路与扭矩验证/结构与安装/R13增量装配.json,outputs/Microduck_RK_R13_配电电路与扭矩验证/结构与安装/CAD/0c1670a2bde2_R13_REF_S301_AT508_LOCK_WASHER.step,,outputs/Microduck_RK_R13_配电电路与扭矩验证/结构与安装/CAD/0dbe3ea6c305_R13_REF_S301_AT508_LOCK_WASHER.stl,0dbe3ea6c30561e884d04a17e822671993798c9faaff444fc6b61b7d330bd999,,
R13_REF_S301_AT527M_BACK_NUT,trunk_base,,manufacturer-dimensional reference / not a manufactured replacement,False,参考/器件外包络：按原器件BOM采购，不按外形体积制件或计重,outputs/Microduck_RK_R13_配电电路与扭矩验证/结构与安装/R13增量装配.json,outputs/Microduck_RK_R13_配电电路与扭矩验证/结构与安装/CAD/fe3c0ddf3733_R13_REF_S301_AT527M_BACK_NUT.step,,outputs/Microduck_RK_R13_配电电路与扭矩验证/结构与安装/CAD/55d1464c93e3_R13_REF_S301_AT527M_BACK_NUT.stl,55d1464c93e39af5219f0ce5d70abd7f358c4ae180cc041c2af31b1425d8b63b,,
R13_REF_S301_BODY,trunk_base,,manufacturer-dimensional reference / not a manufactured replacement,False,参考/器件外包络：按原器件BOM采购，不按外形体积制件或计重,outputs/Microduck_RK_R13_配电电路与扭矩验证/结构与安装/R13增量装配.json,outputs/Microduck_RK_R13_配电电路与扭矩验证/结构与安装/CAD/364705285a52_R13_REF_S301_BODY.step,,outputs/Microduck_RK_R13_配电电路与扭矩验证/结构与安装/CAD/df42162fcdf9_R13_REF_S301_BODY.stl,df42162fcdf95a49ba0d35ad48be29820c32b4ee2471b3d9a7a69d922a593cdc,,
R13_REF_S301_LEVER_FULL_SWEEP,trunk_base,,manufacturer-dimensional reference / not a manufactured replacement,False,参考/器件外包络：按原器件BOM采购，不按外形体积制件或计重,outputs/Microduck_RK_R13_配电电路与扭矩验证/结构与安装/R13增量装配.json,outputs/Microduck_RK_R13_配电电路与扭矩验证/结构与安装/CAD/7261dde7f7ce_R13_REF_S301_LEVER_FULL_SWEEP.step,,outputs/Microduck_RK_R13_配电电路与扭矩验证/结构与安装/CAD/2e7126fb0fcd_R13_REF_S301_LEVER_FULL_SWEEP.stl,2e7126fb0fcd7abb95f4f89dba5a3e8c952bda5f0e4df714d5f657af1fe01948,,
R13_REF_S301_M12_BUSHING,trunk_base,,manufacturer-dimensional reference / not a manufactured replacement,False,参考/器件外包络：按原器件BOM采购，不按外形体积制件或计重,outputs/Microduck_RK_R13_配电电路与扭矩验证/结构与安装/R13增量装配.json,outputs/Microduck_RK_R13_配电电路与扭矩验证/结构与安装/CAD/6c3fcdfce0a4_R13_REF_S301_M12_BUSHING.step,,outputs/Microduck_RK_R13_配电电路与扭矩验证/结构与安装/CAD/541bc1d7eaf2_R13_REF_S301_M12_BUSHING.stl,541bc1d7eaf2a18a2e8cadd233684420d74e59d1c6364eff13f92b9012b83224,,
R13_REF_S301_TERMINALS_AGGREGATE,trunk_base,,manufacturer-dimensional reference / not a manufactured replacement,False,参考/器件外包络：按原器件BOM采购，不按外形体积制件或计重,outputs/Microduck_RK_R13_配电电路与扭矩验证/结构与安装/R13增量装配.json,outputs/Microduck_RK_R13_配电电路与扭矩验证/结构与安装/CAD/deee39692105_R13_REF_S301_TERMINALS_AGGREGATE.step,,outputs/Microduck_RK_R13_配电电路与扭矩验证/结构与安装/CAD/f4bab0f64572_R13_REF_S301_TERMINALS_AGGREGATE.stl,f4bab0f645724e3665c0050595c3941646bd99a51e02691e85ea88b0d315f207,,
R13p1_S301_1_M2_DIN433_washer,trunk_base,,steel nominal geometry / purchase part reference,False,参考/器件外包络：按原器件BOM采购，不按外形体积制件或计重,work/r14-s301/candidate/manifest.json,work/r14-s301/candidate/STEP_毫米/R13p1_S301_1_M2_DIN433_washer.step,,work/r14-s301/candidate/STL_装配坐标_毫米/R13p1_S301_1_M2_DIN433_washer.stl,8146df57deb2b6803e2439267705bc544f4df72296deae5d5b9cb6b4e8586ab3,,
R13p1_S301_1_M2_DIN934_nut,trunk_base,,steel nominal geometry / purchase part reference,False,参考/器件外包络：按原器件BOM采购，不按外形体积制件或计重,work/r14-s301/candidate/manifest.json,work/r14-s301/candidate/STEP_毫米/R13p1_S301_1_M2_DIN934_nut.step,,work/r14-s301/candidate/STL_装配坐标_毫米/R13p1_S301_1_M2_DIN934_nut.stl,c0536c76c2764e8d9ceaaf00dd1ee4f8ba436c10e2d3ae78cb95a4f0da42d084,,
R13p1_S301_1_M2x10_screw,trunk_base,,steel nominal geometry / purchase part reference,False,参考/器件外包络：按原器件BOM采购，不按外形体积制件或计重,work/r14-s301/candidate/manifest.json,work/r14-s301/candidate/STEP_毫米/R13p1_S301_1_M2x10_screw.step,,work/r14-s301/candidate/STL_装配坐标_毫米/R13p1_S301_1_M2x10_screw.stl,32a3ce95e5d87e8181e367dff1e0a9cf61cf349d7c839c30d1767bf3047112b6,,
R13p1_S301_2_M2_DIN433_washer,trunk_base,,steel nominal geometry / purchase part reference,False,参考/器件外包络：按原器件BOM采购，不按外形体积制件或计重,work/r14-s301/candidate/manifest.json,work/r14-s301/candidate/STEP_毫米/R13p1_S301_2_M2_DIN433_washer.step,,work/r14-s301/candidate/STL_装配坐标_毫米/R13p1_S301_2_M2_DIN433_washer.stl,412ccfee064d5d9c6ea4fbd0191ad4ba880e7d5db07242bfa44ef4cadaae22bd,,
R13p1_S301_2_M2_DIN934_nut,trunk_base,,steel nominal geometry / purchase part reference,False,参考/器件外包络：按原器件BOM采购，不按外形体积制件或计重,work/r14-s301/candidate/manifest.json,work/r14-s301/candidate/STEP_毫米/R13p1_S301_2_M2_DIN934_nut.step,,work/r14-s301/candidate/STL_装配坐标_毫米/R13p1_S301_2_M2_DIN934_nut.stl,952036f51894d528aaf811bb06ed5ff11e522cfb413f9caabb34736e5492131b,,
R13p1_S301_2_M2x10_screw,trunk_base,,steel nominal geometry / purchase part reference,False,参考/器件外包络：按原器件BOM采购，不按外形体积制件或计重,work/r14-s301/candidate/manifest.json,work/r14-s301/candidate/STEP_毫米/R13p1_S301_2_M2x10_screw.step,,work/r14-s301/candidate/STL_装配坐标_毫米/R13p1_S301_2_M2x10_screw.stl,92ad2eb42975e5be249551a431a65609b6c677ae4be0373303e36ca077455e61,,
R13p1_S301_3_M2_DIN433_washer,trunk_base,,steel nominal geometry / purchase part reference,False,参考/器件外包络：按原器件BOM采购，不按外形体积制件或计重,work/r14-s301/candidate/manifest.json,work/r14-s301/candidate/STEP_毫米/R13p1_S301_3_M2_DIN433_washer.step,,work/r14-s301/candidate/STL_装配坐标_毫米/R13p1_S301_3_M2_DIN433_washer.stl,db91b9ec53883cdb7238b82f319763d17d7e63198af09c7d5fe4b0c760d1c561,,
R13p1_S301_3_M2_DIN934_nut,trunk_base,,steel nominal geometry / purchase part reference,False,参考/器件外包络：按原器件BOM采购，不按外形体积制件或计重,work/r14-s301/candidate/manifest.json,work/r14-s301/candidate/STEP_毫米/R13p1_S301_3_M2_DIN934_nut.step,,work/r14-s301/candidate/STL_装配坐标_毫米/R13p1_S301_3_M2_DIN934_nut.stl,3fd0a5f799ec276f434c50bf180769698044c3bf76823512fe67aee9aa9061df,,
R13p1_S301_3_M2x10_screw,trunk_base,,steel nominal geometry / purchase part reference,False,参考/器件外包络：按原器件BOM采购，不按外形体积制件或计重,work/r14-s301/candidate/manifest.json,work/r14-s301/candidate/STEP_毫米/R13p1_S301_3_M2x10_screw.step,,work/r14-s301/candidate/STL_装配坐标_毫米/R13p1_S301_3_M2x10_screw.stl,ea262ca0d51732db6a6b2717bdd4cb47f281e8cea62a77b189614d66d20dc772,,
R13p1_S301_4_M2_DIN433_washer,trunk_base,,steel nominal geometry / purchase part reference,False,参考/器件外包络：按原器件BOM采购，不按外形体积制件或计重,work/r14-s301/candidate/manifest.json,work/r14-s301/candidate/STEP_毫米/R13p1_S301_4_M2_DIN433_washer.step,,work/r14-s301/candidate/STL_装配坐标_毫米/R13p1_S301_4_M2_DIN433_washer.stl,8ed0246d8975372595762de0ad6810e019b083e857d91ae4ae4133e734ec9ef0,,
R13p1_S301_4_M2_DIN934_nut,trunk_base,,steel nominal geometry / purchase part reference,False,参考/器件外包络：按原器件BOM采购，不按外形体积制件或计重,work/r14-s301/candidate/manifest.json,work/r14-s301/candidate/STEP_毫米/R13p1_S301_4_M2_DIN934_nut.step,,work/r14-s301/candidate/STL_装配坐标_毫米/R13p1_S301_4_M2_DIN934_nut.stl,60691e80d9f20130a4b02f8f8fa62211f24ddba27a24807080cf46da701c26cb,,
R13p1_S301_4_M2x10_screw,trunk_base,,steel nominal geometry / purchase part reference,False,参考/器件外包络：按原器件BOM采购，不按外形体积制件或计重,work/r14-s301/candidate/manifest.json,work/r14-s301/candidate/STEP_毫米/R13p1_S301_4_M2x10_screw.step,,work/r14-s301/candidate/STL_装配坐标_毫米/R13p1_S301_4_M2x10_screw.stl,4831e73623e623395eaf52f9b7c72b003ab1f15d8b3e2ad8fea85938d45c7007,,
R13p1_S301_recess_metal_panel,trunk_base,,6061-T651,False,按本件源CAD与材料/工艺合同评审,work/r14-s301/candidate/manifest.json,work/r14-s301/candidate/STEP_毫米/R13p1_S301_recess_metal_panel.step,,work/r14-s301/candidate/STL_装配坐标_毫米/R13p1_S301_recess_metal_panel.stl,912af2e5efb59e6fe1baec5ab2e68640e8af8cdb56599959074666460c22d510,,
R13_SP3_compressed_back_liner,trunk_base,,silicone rubber assumed rho1.15,False,按本件源CAD与材料/工艺合同评审,outputs/Microduck_RK_R13_配电电路与扭矩验证/结构与安装/R13增量装配.json,outputs/Microduck_RK_R13_配电电路与扭矩验证/结构与安装/CAD/ad58f3f2ada0_R13_SP3_compressed_back_liner.step,,outputs/Microduck_RK_R13_配电电路与扭矩验证/结构与安装/CAD/ebd2e9e09a4d_R13_SP3_compressed_back_liner.stl,ebd2e9e09a4d4f7e68bbde59d36e86cdec42e15a1923895f7e91f4db1806dadb,,
R13_SP4_compressed_back_liner,trunk_base,,silicone rubber assumed rho1.15,False,按本件源CAD与材料/工艺合同评审,outputs/Microduck_RK_R13_配电电路与扭矩验证/结构与安装/R13增量装配.json,outputs/Microduck_RK_R13_配电电路与扭矩验证/结构与安装/CAD/f80e3e0a5798_R13_SP4_compressed_back_liner.step,,outputs/Microduck_RK_R13_配电电路与扭矩验证/结构与安装/CAD/67ac636c7a09_R13_SP4_compressed_back_liner.stl,67ac636c7a09389c540cb19042992dc3f982a6d0abc9bad180fdb02fc06e5e78,,
R13_SP_tie_1,trunk_base,,PA66 installed generic envelope,False,按本件源CAD与材料/工艺合同评审,outputs/Microduck_RK_R13_配电电路与扭矩验证/结构与安装/R13增量装配.json,outputs/Microduck_RK_R13_配电电路与扭矩验证/结构与安装/CAD/f0f179578888_R13_SP_tie_1.step,,outputs/Microduck_RK_R13_配电电路与扭矩验证/结构与安装/CAD/e1800b9bbb60_R13_SP_tie_1.stl,e1800b9bbb6070a117efe6716daa1660f6b1e8047383bdf58bbe3d88eeece8ee,,
R13_SP_tie_2,trunk_base,,PA66 installed generic envelope,False,按本件源CAD与材料/工艺合同评审,outputs/Microduck_RK_R13_配电电路与扭矩验证/结构与安装/R13增量装配.json,outputs/Microduck_RK_R13_配电电路与扭矩验证/结构与安装/CAD/a17f6afa52ac_R13_SP_tie_2.step,,outputs/Microduck_RK_R13_配电电路与扭矩验证/结构与安装/CAD/d5bd74377e70_R13_SP_tie_2.stl,d5bd74377e700b8273fe03cb0d9a6766faf8f3037f9bf8133055938bb78f09c7,,
R13_SP_tie_3,trunk_base,,PA66 installed generic envelope,False,按本件源CAD与材料/工艺合同评审,outputs/Microduck_RK_R13_配电电路与扭矩验证/结构与安装/R13增量装配.json,outputs/Microduck_RK_R13_配电电路与扭矩验证/结构与安装/CAD/1924d7397158_R13_SP_tie_3.step,,outputs/Microduck_RK_R13_配电电路与扭矩验证/结构与安装/CAD/b4d06d1d5514_R13_SP_tie_3.stl,b4d06d1d5514fe1a8a2dc01d23a235bc2458af722e082e25ac0ed00e62e4cce1,,
R13_SP_tie_4,trunk_base,,PA66 installed generic envelope,False,按本件源CAD与材料/工艺合同评审,outputs/Microduck_RK_R13_配电电路与扭矩验证/结构与安装/R13增量装配.json,outputs/Microduck_RK_R13_配电电路与扭矩验证/结构与安装/CAD/b56c6e1276f5_R13_SP_tie_4.step,,outputs/Microduck_RK_R13_配电电路与扭矩验证/结构与安装/CAD/2fa54ef1eae1_R13_SP_tie_4.stl,2fa54ef1eae1ee7a99ce8adc4619954ad6e69310b2852d3450231552e7020ebf,,
R17_battery_front_relocated_limiter_hosts,trunk_base,actual_SLS_mesh_source_no_analytic_STEP,EOS PA2200 PA12 SLS,False,按本件源CAD与材料/工艺合同评审,work/r17-module-mount/candidate/manifest.json,,,work/r17-module-mount/cradle/candidate_v3/R17_battery_front_relocated_limiter_hosts.stl,ae27b5272bc25e5e96254aa897fdbb38654898f4a7d02dd05ab13dbd6cb55c3a,,
R13_battery_front_split_silicone_edge_3,trunk_base,,"Moulded/split silicone edge guard, supplier hardness/compression pending",False,按本件源CAD与材料/工艺合同评审,outputs/Microduck_RK_R13_配电电路与扭矩验证/结构与安装/R13增量装配.json,,,outputs/Microduck_RK_R13_配电电路与扭矩验证/结构与安装/CAD/6227fcc3a141_R13_battery_front_split_silicone_edge_3.stl,6227fcc3a1413375814c8af3c947b2929a7892da2a2dbb72e369893bacc734d7,,
R13_battery_front_split_silicone_edge_4,trunk_base,,"Moulded/split silicone edge guard, supplier hardness/compression pending",False,按本件源CAD与材料/工艺合同评审,outputs/Microduck_RK_R13_配电电路与扭矩验证/结构与安装/R13增量装配.json,,,outputs/Microduck_RK_R13_配电电路与扭矩验证/结构与安装/CAD/f9accff5aeeb_R13_battery_front_split_silicone_edge_4.stl,f9accff5aeebd9e39e0796e04ee298da3da0e026baac7c7091649f945062a753,,
R13_battery_rear_internal_passages,trunk_base,,EOS PA2200 SLS,False,按本件源CAD与材料/工艺合同评审,outputs/Microduck_RK_R13_配电电路与扭矩验证/结构与安装/R13增量装配.json,,,outputs/Microduck_RK_R13_配电电路与扭矩验证/结构与安装/CAD/f50f50636588_R13_battery_rear_internal_passages.stl,f50f50636588f873f87abe16acb9fcd091d55f2267e95f4d26fd6e0d78de116f,,
R13_battery_rear_split_silicone_edge_1,trunk_base,,"Moulded/split silicone edge guard, supplier hardness/compression pending",False,按本件源CAD与材料/工艺合同评审,outputs/Microduck_RK_R13_配电电路与扭矩验证/结构与安装/R13增量装配.json,,,outputs/Microduck_RK_R13_配电电路与扭矩验证/结构与安装/CAD/9f03eaee0392_R13_battery_rear_split_silicone_edge_1.stl,9f03eaee03928db43e952fe2ec7f8ef82697a0cf0fe5edceb5eace9142024ede,,
R13_head_shell_carrier_Entry_ports,jaw_soft,actual_installation_part,7075-T651,False,按本件源CAD与材料/工艺合同评审,outputs/Microduck_RK_R13_配电电路与扭矩验证/结构与安装/R13增量装配.json,outputs/Microduck_RK_R13_配电电路与扭矩验证/结构与安装/CAD/3cb056c682b6_R13_head_shell_carrier_Entry_ports.step,,outputs/Microduck_RK_R13_配电电路与扭矩验证/结构与安装/CAD/46250cfd651c_R13_head_shell_carrier_Entry_ports.stl,46250cfd651ce9b86ffb4f911367d59cca146a6c9e1cfa24eebc081846fa27cb,,
R13p3_trunk_loadframe_motor_wells,trunk_base,actual_CNC_part,7075-T651 CNC engineering candidate,False,按本件源CAD与材料/工艺合同评审,work/r16-motor-mount/candidate/manifest.json,work/r16-motor-mount/frame_geometry/capwells_relief/STEP_毫米/R13p3_trunk_loadframe_motor_wells.step,,work/r16-motor-mount/frame_geometry/capwells_relief/STL_装配坐标_毫米/R13p3_trunk_loadframe_motor_wells.stl,0bad7fcc1882d4f976bcf9647b78863187e78ee59667eba15afb1bb08838e163,,
SP3_TO_PDB_L,trunk_base,,INSULATION_INSTALLATION_ALLOWANCE_NOT_MASS,False,参考/器件外包络：按原器件BOM采购，不按外形体积制件或计重,outputs/Microduck_RK_R13_配电电路与扭矩验证/结构与安装/R13增量装配.json,outputs/Microduck_RK_R13_配电电路与扭矩验证/结构与安装/CAD/49c50718b919_SP3_TO_PDB_L.step,,outputs/Microduck_RK_R13_配电电路与扭矩验证/结构与安装/CAD/f9182eae272e_SP3_TO_PDB_L.stl,f9182eae272e3a71a3776eb7fcb1caeba397c103840f5cde3fab04ca797406d2,,
SP4_TO_PDB_L,trunk_base,,INSULATION_INSTALLATION_ALLOWANCE_NOT_MASS,False,参考/器件外包络：按原器件BOM采购，不按外形体积制件或计重,outputs/Microduck_RK_R13_配电电路与扭矩验证/结构与安装/R13增量装配.json,outputs/Microduck_RK_R13_配电电路与扭矩验证/结构与安装/CAD/a18e04d90b78_SP4_TO_PDB_L.step,,outputs/Microduck_RK_R13_配电电路与扭矩验证/结构与安装/CAD/66cf4582d892_SP4_TO_PDB_L.stl,66cf4582d892a5c5f887d749427471aa18c46ee630e78f1dd7d110d03b6a0f72,,
SP4_TO_PDB_R,trunk_base,,INSULATION_INSTALLATION_ALLOWANCE_NOT_MASS,False,参考/器件外包络：按原器件BOM采购，不按外形体积制件或计重,outputs/Microduck_RK_R13_配电电路与扭矩验证/结构与安装/R13增量装配.json,outputs/Microduck_RK_R13_配电电路与扭矩验证/结构与安装/CAD/1383e15ca893_SP4_TO_PDB_R.step,,outputs/Microduck_RK_R13_配电电路与扭矩验证/结构与安装/CAD/b11f4558ca11_SP4_TO_PDB_R.stl,b11f4558ca11c1f6f709329ae60895d04652fc077db8599d1be6f806ab15a5e2,,
R12_lower_head_shell,jaw_soft,,EOS PA2200 SLS,False,按本件源CAD与材料/工艺合同评审,work/r12-motion/shells/final_shell_manifest.json,,,work/r12-motion/shells/lower_head_entry_final/R12_lower_head_shell_clean.stl,94a5faf64ea37e870406f7ec377ac3c1d4c219d3d27daaba763fa9170e8f58dc,,
R11_moving_beak_hollow,mouth_link,,EOS PA2200 SLS rigid hollow candidate,False,按本件源CAD与材料/工艺合同评审,work/r11-integration/shells/mouth_manifest.json,,,work/r11-integration/shells/STL_嘴部轻壳候选/R11_moving_beak_hollow.stl,7ac0d8195aa05a857cb8f2124b7964917bab3111a70b5bfc64ce74df3d273493,,
R11_moving_jaw_chin,mouth_link,,EOS PA2200 SLS rigid hollow candidate,False,按本件源CAD与材料/工艺合同评审,work/r11-integration/shells/mouth_manifest.json,,,work/r11-integration/shells/STL_嘴部轻壳候选/R11_moving_jaw_chin.stl,20fc6e66a4158102e1bcee90d4bd51395b34d1e1044b596fce65896492017128,,
R10_M50A_C1,trunk_base,,,False,参考/器件外包络：按原器件BOM采购，不按外形体积制件或计重,work/r11-integration/electrical/R11_electrical_layout_current.json,,,work/r10-proportional/s2p1_electrical_reference/R10_M50A_C1.stl,0a7503f668a83df848b033176d79462db760c36db8ed53cf393937a520fe30ed,,
R10_M50A_C2,trunk_base,,,False,参考/器件外包络：按原器件BOM采购，不按外形体积制件或计重,work/r11-integration/electrical/R11_electrical_layout_current.json,,,work/r10-proportional/s2p1_electrical_reference/R10_M50A_C2.stl,526e2472e5f7020a7f77bda445f6076620474498b16cb7bc84b4ad77239ea0e4,,
R10_M50A_C3,trunk_base,,,False,参考/器件外包络：按原器件BOM采购，不按外形体积制件或计重,work/r11-integration/electrical/R11_electrical_layout_current.json,,,work/r10-proportional/s2p1_electrical_reference/R10_M50A_C3.stl,8b1443ba0067f7e6696d9ca8a08a4710c0f642a3f02f40adcad725923ac3ce41,,
R10_M50A_C4,trunk_base,,,False,参考/器件外包络：按原器件BOM采购，不按外形体积制件或计重,work/r11-integration/electrical/R11_electrical_layout_current.json,,,work/r10-proportional/s2p1_electrical_reference/R10_M50A_C4.stl,c5e347d75a8dddf53682a07cac20c03c34ae150bc97de214e1204acf1d601508,,
R10_HEAD_CM4carrier_J101,jaw_soft,PCB,,False,参考/器件外包络：按原器件BOM采购，不按外形体积制件或计重,work/r11-integration/electrical/R11_electrical_layout_current.json,,,work/r10-proportional/s2p1_electrical_reference/R10_HEAD_CM4carrier_J101.stl,47f75331b33697f2dd201c83f073aec94b2e9958ead3acd9f62d21fab2b46154,,
R10_HEAD_CM4carrier_J102,jaw_soft,PCB,,False,参考/器件外包络：按原器件BOM采购，不按外形体积制件或计重,work/r11-integration/electrical/R11_electrical_layout_current.json,,,work/r10-proportional/s2p1_electrical_reference/R10_HEAD_CM4carrier_J102.stl,97dec348f37c946d9444f68a5089e43abe5da74052986b60234bb931b6403678,,
R10_HEAD_CM4carrier_J103,jaw_soft,PCB,,False,参考/器件外包络：按原器件BOM采购，不按外形体积制件或计重,work/r11-integration/electrical/R11_electrical_layout_current.json,,,work/r10-proportional/s2p1_electrical_reference/R10_HEAD_CM4carrier_J103.stl,4185e20801126195bfe31ef36006f9cdd60d10e803c2d916f2e4ef94349be493,,
R10_HEAD_CM4carrier_J1,jaw_soft,PCB,,False,参考/器件外包络：按原器件BOM采购，不按外形体积制件或计重,work/r11-integration/electrical/R11_electrical_layout_current.json,,,work/r10-proportional/s2p1_electrical_reference/R10_HEAD_CM4carrier_J1.stl,393e976934ab8d13c1e8dc556447502f0bd3f013e8fec37c73520d6deb65b915,,
R10_HEAD_CM4carrier_J2,jaw_soft,PCB,,False,参考/器件外包络：按原器件BOM采购，不按外形体积制件或计重,work/r11-integration/electrical/R11_electrical_layout_current.json,,,work/r10-proportional/s2p1_electrical_reference/R10_HEAD_CM4carrier_J2.stl,b12037eaa17d330b842b3decc40b38391b56c42149a725bf941bc16cb00e56be,,
R10_HEAD_CM4carrier_J3,jaw_soft,PCB,,False,参考/器件外包络：按原器件BOM采购，不按外形体积制件或计重,work/r11-integration/electrical/R11_electrical_layout_current.json,,,work/r10-proportional/s2p1_electrical_reference/R10_HEAD_CM4carrier_J3.stl,b053b4f78cf017a91508a4cd13259680b4087b8bdf8b1c496d3a3d90a1bee41c,,
R10_HEAD_CM4carrier_J4,jaw_soft,PCB,,False,参考/器件外包络：按原器件BOM采购，不按外形体积制件或计重,work/r11-integration/electrical/R11_electrical_layout_current.json,,,work/r10-proportional/s2p1_electrical_reference/R10_HEAD_CM4carrier_J4.stl,1a69d5053651c346a8b186c40220c2f2b7a6cdd8d7fff207cba72b117e1fd869,,
R10_HEAD_CM4carrier_J5,jaw_soft,PCB,,False,参考/器件外包络：按原器件BOM采购，不按外形体积制件或计重,work/r11-integration/electrical/R11_electrical_layout_current.json,,,work/r10-proportional/s2p1_electrical_reference/R10_HEAD_CM4carrier_J5.stl,05f2056da2a207f48456865a56e89627a8b0731b2de675338722838fcc6bde42,,
R10_HEAD_CM4carrier_J6,jaw_soft,PCB,,False,参考/器件外包络：按原器件BOM采购，不按外形体积制件或计重,work/r11-integration/electrical/R11_electrical_layout_current.json,,,work/r10-proportional/s2p1_electrical_reference/R10_HEAD_CM4carrier_J6.stl,af2ce603eb1cdf676cecd8faec762f36b6e5da65ff20567e7c4330f5d427e71f,,
R10_HEAD_CM4carrier_J7,jaw_soft,PCB,,False,参考/器件外包络：按原器件BOM采购，不按外形体积制件或计重,work/r11-integration/electrical/R11_electrical_layout_current.json,,,work/r10-proportional/s2p1_electrical_reference/R10_HEAD_CM4carrier_J7.stl,da1e109ed465cd660b8ea362da7cfbb7f179116a903720196558aa995d7a187d,,
R10_HEAD_CM4carrier_J8,jaw_soft,PCB,,False,参考/器件外包络：按原器件BOM采购，不按外形体积制件或计重,work/r11-integration/electrical/R11_electrical_layout_current.json,,,work/r10-proportional/s2p1_electrical_reference/R10_HEAD_CM4carrier_J8.stl,df1037981766b4e7e3c0bf991306a1b10aa0d649b78face423b072c1e66fe947,,
R10_HEAD_CM4carrier_U1,jaw_soft,PCB,,False,参考/器件外包络：按原器件BOM采购，不按外形体积制件或计重,work/r11-integration/electrical/R11_electrical_layout_current.json,,,work/r10-proportional/s2p1_electrical_reference/R10_HEAD_CM4carrier_U1.stl,64cbf4edc2f20ab197b62fc798553026dd137270c5f5cf12f4872a19af7163a9,,
R10_HEAD_CM4carrier_R1,jaw_soft,PCB,,False,参考/器件外包络：按原器件BOM采购，不按外形体积制件或计重,work/r11-integration/electrical/R11_electrical_layout_current.json,,,work/r10-proportional/s2p1_electrical_reference/R10_HEAD_CM4carrier_R1.stl,8bb288128e81d5379390f03669859a80a39ad6229d4d66671ceeea4095e8d6e7,,
R10_HEAD_CM4carrier_C1,jaw_soft,PCB,,False,参考/器件外包络：按原器件BOM采购，不按外形体积制件或计重,work/r11-integration/electrical/R11_electrical_layout_current.json,,,work/r10-proportional/s2p1_electrical_reference/R10_HEAD_CM4carrier_C1.stl,d9599ae65435aa8cdbf450f9d83aa463bd277bd33c3ab55372d1abdba0110e28,,
R10_HEAD_CM4carrier_C2,jaw_soft,PCB,,False,参考/器件外包络：按原器件BOM采购，不按外形体积制件或计重,work/r11-integration/electrical/R11_electrical_layout_current.json,,,work/r10-proportional/s2p1_electrical_reference/R10_HEAD_CM4carrier_C2.stl,78858c756742531a747cad32d6d54466679d89ecb0c39e7f324d0d0b5f0a36f9,,
R10_HEAD_CM4carrier_C3,jaw_soft,PCB,,False,参考/器件外包络：按原器件BOM采购，不按外形体积制件或计重,work/r11-integration/electrical/R11_electrical_layout_current.json,,,work/r10-proportional/s2p1_electrical_reference/R10_HEAD_CM4carrier_C3.stl,ec395d58ee4d401c30cf74e01e8791f205921ffabc0effbd34a0115314b2d532,,
R10_HEAD_CM4carrier_C4,jaw_soft,PCB,,False,参考/器件外包络：按原器件BOM采购，不按外形体积制件或计重,work/r11-integration/electrical/R11_electrical_layout_current.json,,,work/r10-proportional/s2p1_electrical_reference/R10_HEAD_CM4carrier_C4.stl,06eb00c0303d27b53b8c81d524e6c13fec7792237906e2e4459a220e8546b6d8,,
R10_HEAD_CM4carrier_R2,jaw_soft,PCB,,False,参考/器件外包络：按原器件BOM采购，不按外形体积制件或计重,work/r11-integration/electrical/R11_electrical_layout_current.json,,,work/r10-proportional/s2p1_electrical_reference/R10_HEAD_CM4carrier_R2.stl,75394426d0341c9cd60926b8a5dc84da18a60a06b89ab5a036a31ff6f3d3f9a4,,
R10_HEAD_CM4carrier_R3,jaw_soft,PCB,,False,参考/器件外包络：按原器件BOM采购，不按外形体积制件或计重,work/r11-integration/electrical/R11_electrical_layout_current.json,,,work/r10-proportional/s2p1_electrical_reference/R10_HEAD_CM4carrier_R3.stl,5b9b71b88f9eb6034aeda9ccddfc9e1545b55ccd7e750744963393b38c174234,,
R10_HEAD_CM4carrier_R7,jaw_soft,PCB,,False,参考/器件外包络：按原器件BOM采购，不按外形体积制件或计重,work/r11-integration/electrical/R11_electrical_layout_current.json,,,work/r10-proportional/s2p1_electrical_reference/R10_HEAD_CM4carrier_R7.stl,fe659de02ef960e0dfad15b9d5026025e3aca2ecb7595fe63b08d4283eb52390,,
R10_HEAD_CM4carrier_R8,jaw_soft,PCB,,False,参考/器件外包络：按原器件BOM采购，不按外形体积制件或计重,work/r11-integration/electrical/R11_electrical_layout_current.json,,,work/r10-proportional/s2p1_electrical_reference/R10_HEAD_CM4carrier_R8.stl,b511d04cd620e8c867a6869fb2069b4fe63e05bd7a0891a1ffae4e63b4ecf572,,
R10_HEAD_CM4carrier_R4,jaw_soft,PCB,,False,参考/器件外包络：按原器件BOM采购，不按外形体积制件或计重,work/r11-integration/electrical/R11_electrical_layout_current.json,,,work/r10-proportional/s2p1_electrical_reference/R10_HEAD_CM4carrier_R4.stl,ccf7a48052c3220b054b202e8492938208eeea5e63b1a06d7df5f863cd4929a3,,
R10_HEAD_CM4carrier_R5,jaw_soft,PCB,,False,参考/器件外包络：按原器件BOM采购，不按外形体积制件或计重,work/r11-integration/electrical/R11_electrical_layout_current.json,,,work/r10-proportional/s2p1_electrical_reference/R10_HEAD_CM4carrier_R5.stl,b78f42b6347f0a00ed88029057213a9e7b607adb3827f5d0654eaf7ae75a75b1,,
R10_HEAD_CM4carrier_R6,jaw_soft,PCB,,False,参考/器件外包络：按原器件BOM采购，不按外形体积制件或计重,work/r11-integration/electrical/R11_electrical_layout_current.json,,,work/r10-proportional/s2p1_electrical_reference/R10_HEAD_CM4carrier_R6.stl,523bc97ddf00734ba9b161df6b8dd695f64e2ccc9da25feca560d099b995bd6d,,
R10_HEAD_CM4carrier_F1,jaw_soft,PCB,,False,参考/器件外包络：按原器件BOM采购，不按外形体积制件或计重,work/r11-integration/electrical/R11_electrical_layout_current.json,,,work/r10-proportional/s2p1_electrical_reference/R10_HEAD_CM4carrier_F1.stl,191a3c6e927502867cd892f57c9002fd9f14bd2ed84d45739dfdd624606daf70,,
R10_HEAD_CM4carrier_F2,jaw_soft,PCB,,False,参考/器件外包络：按原器件BOM采购，不按外形体积制件或计重,work/r11-integration/electrical/R11_electrical_layout_current.json,,,work/r10-proportional/s2p1_electrical_reference/R10_HEAD_CM4carrier_F2.stl,082258f25204aeb6e636898c67baf2561a365444a995092a054b3bddd4468e2f,,
R10_HEAD_CM4carrier_F3,jaw_soft,PCB,,False,参考/器件外包络：按原器件BOM采购，不按外形体积制件或计重,work/r11-integration/electrical/R11_electrical_layout_current.json,,,work/r10-proportional/s2p1_electrical_reference/R10_HEAD_CM4carrier_F3.stl,dac0fcddbf2bc45381513da32a6c216056ad63ada51a20b0bcb1addb49451c7d,,
R10_HEAD_CM4carrier_F4,jaw_soft,PCB,,False,参考/器件外包络：按原器件BOM采购，不按外形体积制件或计重,work/r11-integration/electrical/R11_electrical_layout_current.json,,,work/r10-proportional/s2p1_electrical_reference/R10_HEAD_CM4carrier_F4.stl,28186a85bdc8568d1d65afb1dfecf9fc038fe79fc14d303eb8cab0de4307b241,,
R13_VIEW_CM4carrier_U2,jaw_soft,component_package_envelope,,False,参考/器件外包络：按原器件BOM采购，不按外形体积制件或计重,work/r13-viewer/pcb/carrier_geometry_patch/manifest.json,,,work/r13-viewer/pcb/carrier_geometry_patch/R13_VIEW_CM4carrier_U2.stl,8ef3a4a01f9be6bb19b51274dab33ace596a28985be610f5282a31f70ea6bb76,,
R13_VIEW_CM4carrier_U3,jaw_soft,component_package_envelope,,False,参考/器件外包络：按原器件BOM采购，不按外形体积制件或计重,work/r13-viewer/pcb/carrier_geometry_patch/manifest.json,,,work/r13-viewer/pcb/carrier_geometry_patch/R13_VIEW_CM4carrier_U3.stl,1a661e202c152b895225b54f2394b1e23177371eb43780306f35fed73d574d06,,
R10_HEAD_CM4carrier_U4,jaw_soft,PCB,,False,参考/器件外包络：按原器件BOM采购，不按外形体积制件或计重,work/r11-integration/electrical/R11_electrical_layout_current.json,,,work/r10-proportional/s2p1_electrical_reference/R10_HEAD_CM4carrier_U4.stl,9985d11aecc8ad4e23207d1a38349f58223c1856c9f2df288697b5d1bb5a2030,,
R10_HEAD_CM4carrier_J1_PLUG,jaw_soft,PCB,,False,参考/器件外包络：按原器件BOM采购，不按外形体积制件或计重,work/r11-integration/electrical/R11_electrical_layout_current.json,,,work/r10-proportional/s2p1_electrical_reference/R10_HEAD_CM4carrier_J1_PLUG.stl,2c138097cf69a7e0447ac81eea304e011723cc7df6a110ecb3398f8b88265f80,,
R10_HEAD_CM4carrier_J2_PLUG,jaw_soft,PCB,,False,参考/器件外包络：按原器件BOM采购，不按外形体积制件或计重,work/r11-integration/electrical/R11_electrical_layout_current.json,,,work/r10-proportional/s2p1_electrical_reference/R10_HEAD_CM4carrier_J2_PLUG.stl,cc5f70768bafb6b6a319754caa7f6d0e7d7178937d430516fd8b29c994efb470,,
R10_HEAD_CM4carrier_J3_PLUG,jaw_soft,PCB,,False,参考/器件外包络：按原器件BOM采购，不按外形体积制件或计重,work/r11-integration/electrical/R11_electrical_layout_current.json,,,work/r10-proportional/s2p1_electrical_reference/R10_HEAD_CM4carrier_J3_PLUG.stl,2b0077701b0863c9b20f550e0cd938f99cd9bd0ea42b44a937dc4a1dc4932d14,,
R10_HEAD_CM4carrier_J4_PLUG,jaw_soft,PCB,,False,参考/器件外包络：按原器件BOM采购，不按外形体积制件或计重,work/r11-integration/electrical/R11_electrical_layout_current.json,,,work/r10-proportional/s2p1_electrical_reference/R10_HEAD_CM4carrier_J4_PLUG.stl,9bdba65d116581ac0b9237b9c1bfa0744cbeec8888f99957ad84f0cbd2faaa0a,,
R10_HEAD_CM4carrier_J5_PLUG,jaw_soft,PCB,,False,参考/器件外包络：按原器件BOM采购，不按外形体积制件或计重,work/r11-integration/electrical/R11_electrical_layout_current.json,,,work/r10-proportional/s2p1_electrical_reference/R10_HEAD_CM4carrier_J5_PLUG.stl,ac1ba48e657c7f25b07ea7665623dc91a87952dcd8409bacab280b59ca0475cd,,
R10_HEAD_CM4carrier_J6_PLUG,jaw_soft,PCB,,False,参考/器件外包络：按原器件BOM采购，不按外形体积制件或计重,work/r11-integration/electrical/R11_electrical_layout_current.json,,,work/r10-proportional/s2p1_electrical_reference/R10_HEAD_CM4carrier_J6_PLUG.stl,d6453163a62d5dd5dd415b02109c665ec68dfffa7002c59b40a35964ce37b62f,,
R10_HEAD_CM4carrier_J7_PLUG,jaw_soft,PCB,,False,参考/器件外包络：按原器件BOM采购，不按外形体积制件或计重,work/r11-integration/electrical/R11_electrical_layout_current.json,,,work/r10-proportional/s2p1_electrical_reference/R10_HEAD_CM4carrier_J7_PLUG.stl,26e79a110cb130ce56bafb1ebc533867d8e09f1092af4e4bcdbffe202739e466,,
R10_HEAD_CM4carrier_J8_PLUG,jaw_soft,PCB,,False,参考/器件外包络：按原器件BOM采购，不按外形体积制件或计重,work/r11-integration/electrical/R11_electrical_layout_current.json,,,work/r10-proportional/s2p1_electrical_reference/R10_HEAD_CM4carrier_J8_PLUG.stl,f089f3ea03da61b55c4f1c5466a813b498b3d63d31d12da4aefab303bea00cf9,,
R10_HEAD_R8_CM4_6061_finned_heatsink,jaw_soft,cooling_or_core_spacer,,False,参考/器件外包络：按原器件BOM采购，不按外形体积制件或计重,work/r11-integration/electrical/R11_electrical_layout_current.json,,,work/r10-proportional/s2p1_electrical_reference/R10_HEAD_R8_CM4_6061_finned_heatsink.stl,22cdc43465734ecc751245c040e655955ab098e81e210154396f0fadc6fdcdc9,,
R10_HEAD_REFERENCE_SUNON_MF30060V2_1000U_A99,jaw_soft,cooling_or_core_spacer,,False,参考/器件外包络：按原器件BOM采购，不按外形体积制件或计重,work/r11-integration/electrical/R11_electrical_layout_current.json,,,work/r10-proportional/s2p1_electrical_reference/R10_HEAD_REFERENCE_SUNON_MF30060V2_1000U_A99.stl,5b2221e25fd26a6ffa18b3b1238c8f0c2ea9c0849ae35e5b7526591c548c220b,,
R10_HEAD_R8_CM4_PEEK_front_4mm_1,jaw_soft,cooling_or_core_spacer,,False,参考/器件外包络：按原器件BOM采购，不按外形体积制件或计重,work/r11-integration/electrical/R11_electrical_layout_current.json,,,work/r10-proportional/s2p1_electrical_reference/R10_HEAD_R8_CM4_PEEK_front_4mm_1.stl,07094050103302c4bd602e58b79d85d98226e4a896f9ae8d3c67c6e2b6504cb5,,
R10_HEAD_R8_CM4_PEEK_front_4mm_2,jaw_soft,cooling_or_core_spacer,,False,参考/器件外包络：按原器件BOM采购，不按外形体积制件或计重,work/r11-integration/electrical/R11_electrical_layout_current.json,,,work/r10-proportional/s2p1_electrical_reference/R10_HEAD_R8_CM4_PEEK_front_4mm_2.stl,9ba62ebd3a3ac40ec4ea4a5691a4e12a85e3eacfe9bc36f0d4603e3a3a42a3d6,,
R10_HEAD_R8_CM4_PEEK_front_4mm_3,jaw_soft,cooling_or_core_spacer,,False,参考/器件外包络：按原器件BOM采购，不按外形体积制件或计重,work/r11-integration/electrical/R11_electrical_layout_current.json,,,work/r10-proportional/s2p1_electrical_reference/R10_HEAD_R8_CM4_PEEK_front_4mm_3.stl,5ecdad3283a209c0ac26a8400f1afc174a1ae02ac2cce900b5ae7dc2e09ccd54,,
R10_HEAD_R8_CM4_PEEK_front_4mm_4,jaw_soft,cooling_or_core_spacer,,False,参考/器件外包络：按原器件BOM采购，不按外形体积制件或计重,work/r11-integration/electrical/R11_electrical_layout_current.json,,,work/r10-proportional/s2p1_electrical_reference/R10_HEAD_R8_CM4_PEEK_front_4mm_4.stl,36c912afe001cdaff7023c13ee40722e0c79e5e81ab634bdf6517c4ce74ff0aa,,
R10_HEAD_R8_CM4_PEEK_B2B_1p50mm_1,jaw_soft,cooling_or_core_spacer,,False,参考/器件外包络：按原器件BOM采购，不按外形体积制件或计重,work/r11-integration/electrical/R11_electrical_layout_current.json,,,work/r10-proportional/s2p1_electrical_reference/R10_HEAD_R8_CM4_PEEK_B2B_1p50mm_1.stl,601bdbfd79f5ec289b055126ef5a3e49a589a9f75b77e35abf04e8ec50901803,,
R10_HEAD_R8_CM4_PEEK_B2B_1p50mm_2,jaw_soft,cooling_or_core_spacer,,False,参考/器件外包络：按原器件BOM采购，不按外形体积制件或计重,work/r11-integration/electrical/R11_electrical_layout_current.json,,,work/r10-proportional/s2p1_electrical_reference/R10_HEAD_R8_CM4_PEEK_B2B_1p50mm_2.stl,053177f9e408ec4e5eb94393b2ec7ffd3e5ded834e359c935108b2236e3d3463,,
R10_HEAD_R8_CM4_PEEK_B2B_1p50mm_3,jaw_soft,cooling_or_core_spacer,,False,参考/器件外包络：按原器件BOM采购，不按外形体积制件或计重,work/r11-integration/electrical/R11_electrical_layout_current.json,,,work/r10-proportional/s2p1_electrical_reference/R10_HEAD_R8_CM4_PEEK_B2B_1p50mm_3.stl,793131ef0ac2469862fdb5eee7c65005f819babdd79f7dcc03f5b94a3c92e921,,
R10_HEAD_R8_CM4_PEEK_B2B_1p50mm_4,jaw_soft,cooling_or_core_spacer,,False,参考/器件外包络：按原器件BOM采购，不按外形体积制件或计重,work/r11-integration/electrical/R11_electrical_layout_current.json,,,work/r10-proportional/s2p1_electrical_reference/R10_HEAD_R8_CM4_PEEK_B2B_1p50mm_4.stl,81cfed1557093e5b4c41dffe6c2ad18e2a5c337f00a54396571090ed17080057,,
R10_HEAD_CM4_VENDOR_MAX_ENVELOPE,jaw_soft,vendor_conservative_envelope,,False,参考/器件外包络：按原器件BOM采购，不按外形体积制件或计重,work/r11-integration/electrical/R11_electrical_layout_current.json,,,work/r10-proportional/s2p1_electrical_reference/R10_HEAD_CM4_VENDOR_MAX_ENVELOPE.stl,17be2914f1cf012d369b1919e2153f246490d2509fd2f040b08c501f692194e3,,
R17_Battery_front_cradle_relocated_limiter_bosses,trunk_base,actual_SLS_part,EOS PA2200 PA12 SLS,False,按本件源CAD与材料/工艺合同评审,work/r17-module-mount/candidate/manifest.json,work/r17-module-mount/cradle/candidate_v3/STEP_毫米/R17_Battery_front_cradle_relocated_limiter_bosses.step,,work/r17-module-mount/cradle/candidate_v3/STL_装配坐标_毫米/R17_Battery_front_cradle_relocated_limiter_bosses.stl,f9a50f3e27bd8400139f5d0e0b17c31520832b3f3ae46053f7f2fef88d02b0d4,,
R11_CM4_rear_cradle_and_diagonal_arms,jaw_soft,,6061-T6 CNC,False,按本件源CAD与材料/工艺合同评审,work/r11-integration/electrical/R11_electrical_layout_current.json,work/r11-integration/electrical/cm4_mount/STEP_毫米/R11_CM4_rear_cradle_and_diagonal_arms.step,,work/r11-integration/electrical/cm4_mount/STL_装配坐标_毫米/R11_CM4_rear_cradle_and_diagonal_arms.stl,6119dbd8132cefbde7a7cfaecf611aa3b7d60be3df37cee33ced64186539fbbe,,
R11_CM4_rear_PEEK_5mm_2,jaw_soft,,PEEK machined spacer,False,按本件源CAD与材料/工艺合同评审,work/r11-integration/electrical/R11_electrical_layout_current.json,work/r11-integration/electrical/cm4_mount/STEP_毫米/R11_CM4_rear_PEEK_5mm_2.step,,work/r11-integration/electrical/cm4_mount/STL_装配坐标_毫米/R11_CM4_rear_PEEK_5mm_2.stl,207ad24126e71f8f085dba2ba7a7cd98444ef39f5a8d94793e2d8097b42ee19f,,
R11_CM4_rear_PEEK_5mm_4,jaw_soft,,PEEK machined spacer,False,按本件源CAD与材料/工艺合同评审,work/r11-integration/electrical/R11_electrical_layout_current.json,work/r11-integration/electrical/cm4_mount/STEP_毫米/R11_CM4_rear_PEEK_5mm_4.step,,work/r11-integration/electrical/cm4_mount/STL_装配坐标_毫米/R11_CM4_rear_PEEK_5mm_4.stl,229197e50c1977eba0e1adbb2ff5ee314fa961ca060f85900927a222a5701ac1,,
R11_RH_window_gasket_installed,trunk_base,,Silicone sheet die-cut; free0.30 installed0.20mm,False,按本件源CAD与材料/工艺合同评审,work/r11-integration/electrical/R11_electrical_layout_current.json,work/r11-integration/electrical/rh_shell_interface/STEP_毫米/R11_RH_window_gasket_installed.step,,work/r11-integration/electrical/rh_shell_interface/STL_装配坐标_毫米/R11_RH_window_gasket_installed.stl,586dd6695ac1361d42df6868556870e100772ad5efeb408da556ed307c2d50a0,,
R11_RH_M2p5_PEEK_sleeve_1,trunk_base,,PEEK machined spacer,False,按本件源CAD与材料/工艺合同评审,work/r11-integration/electrical/R11_electrical_layout_current.json,work/r11-integration/electrical/rh_shell_interface/STEP_毫米/R11_RH_M2p5_PEEK_sleeve_1.step,,work/r11-integration/electrical/rh_shell_interface/STL_装配坐标_毫米/R11_RH_M2p5_PEEK_sleeve_1.stl,32b69e77bc141dbb875db96efb5b7e83885017832d685b0dff12f558277097f0,,
REFERENCE_RH_DIN934_M2p5_nut_1,trunk_base,,Steel DIN934 purchased nut; external envelope,False,参考/器件外包络：按原器件BOM采购，不按外形体积制件或计重,work/r11-integration/electrical/R11_electrical_layout_current.json,work/r11-integration/electrical/rh_shell_interface/STEP_毫米/REFERENCE_RH_DIN934_M2p5_nut_1.step,,work/r11-integration/electrical/rh_shell_interface/STL_装配坐标_毫米/REFERENCE_RH_DIN934_M2p5_nut_1.stl,ac53c9684518b30cc9cd61e16b7b3df7a11562b153a88eedabe05f1cbcd087a4,,
REFERENCE_RH_M2p5x8_csk_MAX_1,trunk_base,,A2 purchased screw; maximum seating envelope,False,参考/器件外包络：按原器件BOM采购，不按外形体积制件或计重,work/r11-integration/electrical/R11_electrical_layout_current.json,work/r11-integration/electrical/rh_shell_interface/STEP_毫米/REFERENCE_RH_M2p5x8_csk_MAX_1.step,,work/r11-integration/electrical/rh_shell_interface/STL_装配坐标_毫米/REFERENCE_RH_M2p5x8_csk_MAX_1.stl,8697ec964cef9194a1fcdb997a739cb6576dac59c51799544bd5001b7283d95d,,
R11_RH_M2p5_PEEK_sleeve_2,trunk_base,,PEEK machined spacer,False,按本件源CAD与材料/工艺合同评审,work/r11-integration/electrical/R11_electrical_layout_current.json,work/r11-integration/electrical/rh_shell_interface/STEP_毫米/R11_RH_M2p5_PEEK_sleeve_2.step,,work/r11-integration/electrical/rh_shell_interface/STL_装配坐标_毫米/R11_RH_M2p5_PEEK_sleeve_2.stl,880498c76f3ab34285835a76c6efd6bf2d24e3bc9ddb69bee9d4cf99dd209f3f,,
REFERENCE_RH_DIN934_M2p5_nut_2,trunk_base,,Steel DIN934 purchased nut; external envelope,False,参考/器件外包络：按原器件BOM采购，不按外形体积制件或计重,work/r11-integration/electrical/R11_electrical_layout_current.json,work/r11-integration/electrical/rh_shell_interface/STEP_毫米/REFERENCE_RH_DIN934_M2p5_nut_2.step,,work/r11-integration/electrical/rh_shell_interface/STL_装配坐标_毫米/REFERENCE_RH_DIN934_M2p5_nut_2.stl,d135844db667c132f028d020e339d293bbb15ebfc432fa736a9c2eaa6ff9e7f4,,
REFERENCE_RH_M2p5x8_csk_MAX_2,trunk_base,,A2 purchased screw; maximum seating envelope,False,参考/器件外包络：按原器件BOM采购，不按外形体积制件或计重,work/r11-integration/electrical/R11_electrical_layout_current.json,work/r11-integration/electrical/rh_shell_interface/STEP_毫米/REFERENCE_RH_M2p5x8_csk_MAX_2.step,,work/r11-integration/electrical/rh_shell_interface/STL_装配坐标_毫米/REFERENCE_RH_M2p5x8_csk_MAX_2.stl,d637eb17179511545cf8ff2c47dd510553bb52b3e8e70ba9ece13e33773dfe0e,,
R11_RH_M2p5_PEEK_sleeve_3,trunk_base,,PEEK machined spacer,False,按本件源CAD与材料/工艺合同评审,work/r11-integration/electrical/R11_electrical_layout_current.json,work/r11-integration/electrical/rh_shell_interface/STEP_毫米/R11_RH_M2p5_PEEK_sleeve_3.step,,work/r11-integration/electrical/rh_shell_interface/STL_装配坐标_毫米/R11_RH_M2p5_PEEK_sleeve_3.stl,9b9440c5472f08e7c17a1bea271f1b954e5f9e2f4cef03d37c20794109780b95,,
REFERENCE_RH_DIN934_M2p5_nut_3,trunk_base,,Steel DIN934 purchased nut; external envelope,False,参考/器件外包络：按原器件BOM采购，不按外形体积制件或计重,work/r11-integration/electrical/R11_electrical_layout_current.json,work/r11-integration/electrical/rh_shell_interface/STEP_毫米/REFERENCE_RH_DIN934_M2p5_nut_3.step,,work/r11-integration/electrical/rh_shell_interface/STL_装配坐标_毫米/REFERENCE_RH_DIN934_M2p5_nut_3.stl,c8102ed8c94cefcbbe42555b054d0ef1affd0efc0fe4406ce7e96036326b78d4,,
REFERENCE_RH_M2p5x8_csk_MAX_3,trunk_base,,A2 purchased screw; maximum seating envelope,False,参考/器件外包络：按原器件BOM采购，不按外形体积制件或计重,work/r11-integration/electrical/R11_electrical_layout_current.json,work/r11-integration/electrical/rh_shell_interface/STEP_毫米/REFERENCE_RH_M2p5x8_csk_MAX_3.step,,work/r11-integration/electrical/rh_shell_interface/STL_装配坐标_毫米/REFERENCE_RH_M2p5x8_csk_MAX_3.stl,6a7ddae9274a57e11e9736ffa89854c030c4f3b34033232476fc12d90cadf868,,
R11_RH_M2p5_PEEK_sleeve_4,trunk_base,,PEEK machined spacer,False,按本件源CAD与材料/工艺合同评审,work/r11-integration/electrical/R11_electrical_layout_current.json,work/r11-integration/electrical/rh_shell_interface/STEP_毫米/R11_RH_M2p5_PEEK_sleeve_4.step,,work/r11-integration/electrical/rh_shell_interface/STL_装配坐标_毫米/R11_RH_M2p5_PEEK_sleeve_4.stl,9fc8436f308849594e91972c8ab9a05cb397345db5d6bf57a181010398c2ca6d,,
REFERENCE_RH_DIN934_M2p5_nut_4,trunk_base,,Steel DIN934 purchased nut; external envelope,False,参考/器件外包络：按原器件BOM采购，不按外形体积制件或计重,work/r11-integration/electrical/R11_electrical_layout_current.json,work/r11-integration/electrical/rh_shell_interface/STEP_毫米/REFERENCE_RH_DIN934_M2p5_nut_4.step,,work/r11-integration/electrical/rh_shell_interface/STL_装配坐标_毫米/REFERENCE_RH_DIN934_M2p5_nut_4.stl,f383e54aa739a9c1121567cf7058dd353c23f477376fc6bc5766e21d8ae96913,,
REFERENCE_RH_M2p5x8_csk_MAX_4,trunk_base,,A2 purchased screw; maximum seating envelope,False,参考/器件外包络：按原器件BOM采购，不按外形体积制件或计重,work/r11-integration/electrical/R11_electrical_layout_current.json,work/r11-integration/electrical/rh_shell_interface/STEP_毫米/REFERENCE_RH_M2p5x8_csk_MAX_4.step,,work/r11-integration/electrical/rh_shell_interface/STL_装配坐标_毫米/REFERENCE_RH_M2p5x8_csk_MAX_4.stl,6dfa0eb7997a55ccf9e70cc49ff3c77b5e83f6de79c306eb53a466ed4bfeb313,,
R11_W1_bare_D1p397,trunk_base,,TE AWG16 barestrand formed envelope,False,参考/器件外包络：按原器件BOM采购，不按外形体积制件或计重,work/r11-integration/electrical/R11_electrical_layout_current.json,work/r11-integration/electrical/source_wire/STEP_毫米/R11_W1_bare_D1p397.step,,work/r11-integration/electrical/source_wire/STL_装配坐标_毫米/R11_W1_bare_D1p397.stl,598ec0bca335c34e55c2fcea288beb7421095e2d305a642a9c46811d9b9eb431,,
R11_C4_FU1_insulated_D1p397,trunk_base,,TE55A0111-16-2 + separate protective sleeve envelope OD<=2.4,False,参考/器件外包络：按原器件BOM采购，不按外形体积制件或计重,work/r11-integration/electrical/R11_electrical_layout_current.json,work/r11-integration/electrical/source_wire/STEP_毫米/R11_C4_FU1_insulated_D1p397.step,,work/r11-integration/electrical/source_wire/STL_装配坐标_毫米/R11_C4_FU1_insulated_D1p397.stl,dbfa17b99533b8d2d6c7bded8c172c713328fe02b87abd7313244881000d4190,,
REFERENCE_R11_MainFuse_assembled_envelopes,trunk_base,assembled_electrical_reference,Existing routed PCB + labelled maximumcomponent envelopes,False,参考/器件外包络：按原器件BOM采购，不按外形体积制件或计重,work/r11-integration/electrical/R11_electrical_layout_current.json,work/r11-integration/electrical/selected_board_references/STEP_毫米/REFERENCE_R11_MainFuse_assembled_envelopes.step,,work/r11-integration/electrical/selected_board_references/STL_装配坐标_毫米/REFERENCE_R11_MainFuse_assembled_envelopes.stl,6874b0a694be765fd63eac116d2ce565df9c38c114c09e8ab1640533c0bf1394,,
REFERENCE_R11_BMS_60x60x5,trunk_base,vendor_maximum_envelope,PCM-L04S30-566 Li-ion manufacturer maximum body,False,参考/器件外包络：按原器件BOM采购，不按外形体积制件或计重,work/r11-integration/electrical/R11_electrical_layout_current.json,work/r11-integration/electrical/selected_board_references/STEP_毫米/REFERENCE_R11_BMS_60x60x5.step,,work/r11-integration/electrical/selected_board_references/STL_装配坐标_毫米/REFERENCE_R11_BMS_60x60x5.stl,2ac369e42a4c5db4459b34191a5e33712377fc5b841123a1a68c3428e8121037,,
R13p2_service_front_right_M3x14_screw,trunk_base,nominal_purchase_fastener,A2 stainless nominal purchase reference,False,参考/器件外包络：按原器件BOM采购，不按外形体积制件或计重,work/r15-clearance/candidate/manifest.json,work/r15-clearance/fasteners/STEP_毫米/R13p2_service_front_right_M3x14_screw.step,,work/r15-clearance/fasteners/STL_装配坐标_毫米/R13p2_service_front_right_M3x14_screw.stl,2889d3d5beccc78a69d4f4513bffb2a4ff454d150d8425931594265648dd2956,,
R13p2_service_front_right_M3_washer,trunk_base,nominal_purchase_fastener,A2 stainless nominal purchase reference,False,参考/器件外包络：按原器件BOM采购，不按外形体积制件或计重,work/r15-clearance/candidate/manifest.json,work/r15-clearance/fasteners/STEP_毫米/R13p2_service_front_right_M3_washer.step,,work/r15-clearance/fasteners/STL_装配坐标_毫米/R13p2_service_front_right_M3_washer.stl,99334e39d400352888a080c9414c55690c8a64750d6cffc954438620a9d48418,,
R13p2_service_front_right_M3_nut,trunk_base,nominal_purchase_fastener,A2 stainless nominal purchase reference,False,参考/器件外包络：按原器件BOM采购，不按外形体积制件或计重,work/r15-clearance/candidate/manifest.json,work/r15-clearance/fasteners/STEP_毫米/R13p2_service_front_right_M3_nut.step,,work/r15-clearance/fasteners/STL_装配坐标_毫米/R13p2_service_front_right_M3_nut.stl,e9a8289f764d892adc115ae50abf119b3e3939e041e37e36db54c9774ec46794,,
R13p2_service_front_right_compression_sleeve,trunk_base,CNC_compression_sleeve,304 stainless CNC sleeve,False,按本件源CAD与材料/工艺合同评审,work/r15-clearance/candidate/manifest.json,work/r15-clearance/fasteners/STEP_毫米/R13p2_service_front_right_compression_sleeve.step,,work/r15-clearance/fasteners/STL_装配坐标_毫米/R13p2_service_front_right_compression_sleeve.stl,55543f3b8dbb8d074803700902a5c4a5ebaca43b5cc111aadebbdcec5ce9fd5d,,
R13p2_service_front_left_M3x14_screw,trunk_base,nominal_purchase_fastener,A2 stainless nominal purchase reference,False,参考/器件外包络：按原器件BOM采购，不按外形体积制件或计重,work/r15-clearance/candidate/manifest.json,work/r15-clearance/fasteners/STEP_毫米/R13p2_service_front_left_M3x14_screw.step,,work/r15-clearance/fasteners/STL_装配坐标_毫米/R13p2_service_front_left_M3x14_screw.stl,662dba2fb2d0c479ab6e3e43dfb0b924f574055757e0c5e535d87b2defb08b25,,
R13p2_service_front_left_M3_washer,trunk_base,nominal_purchase_fastener,A2 stainless nominal purchase reference,False,参考/器件外包络：按原器件BOM采购，不按外形体积制件或计重,work/r15-clearance/candidate/manifest.json,work/r15-clearance/fasteners/STEP_毫米/R13p2_service_front_left_M3_washer.step,,work/r15-clearance/fasteners/STL_装配坐标_毫米/R13p2_service_front_left_M3_washer.stl,fb304ee46a53c8b786d4bae4e22bc85d4e8cda72cd2c79316579be77dd7446a3,,
R13p2_service_front_left_M3_nut,trunk_base,nominal_purchase_fastener,A2 stainless nominal purchase reference,False,参考/器件外包络：按原器件BOM采购，不按外形体积制件或计重,work/r15-clearance/candidate/manifest.json,work/r15-clearance/fasteners/STEP_毫米/R13p2_service_front_left_M3_nut.step,,work/r15-clearance/fasteners/STL_装配坐标_毫米/R13p2_service_front_left_M3_nut.stl,c25be534004691243edfe28fd6d3a2f8d9f5f8d9634582c815ec0bcb39ecba9c,,
R13p2_service_front_left_compression_sleeve,trunk_base,CNC_compression_sleeve,304 stainless CNC sleeve,False,按本件源CAD与材料/工艺合同评审,work/r15-clearance/candidate/manifest.json,work/r15-clearance/fasteners/STEP_毫米/R13p2_service_front_left_compression_sleeve.step,,work/r15-clearance/fasteners/STL_装配坐标_毫米/R13p2_service_front_left_compression_sleeve.stl,b148afc9de4807ef1e6c9dafa759db75e6de7c99e5a32ab9cdcd0d11a069210b,,
R13p3_motor_mount_left_hip_yaw_fixed_-1_hole0_screw,trunk_base,nominal_purchase_fastener,A2 stainless purchased screw dimension reference,False,参考/器件外包络：按原器件BOM采购，不按外形体积制件或计重,work/r16-motor-mount/candidate/manifest.json,work/r16-motor-mount/fastener_design/geometry/STEP_毫米/R13p3_motor_mount_left_hip_yaw_fixed_-1_hole0_screw.step,,work/r16-motor-mount/fastener_design/geometry/STL_装配坐标_毫米/R13p3_motor_mount_left_hip_yaw_fixed_-1_hole0_screw.stl,cddb11d41aea8691310d27cc01cf0571043d102b532ecde8d238e264ea9f787c,,
R13p3_motor_mount_left_hip_yaw_fixed_-1_hole1_screw,trunk_base,nominal_purchase_fastener,A2 stainless purchased screw dimension reference,False,参考/器件外包络：按原器件BOM采购，不按外形体积制件或计重,work/r16-motor-mount/candidate/manifest.json,work/r16-motor-mount/fastener_design/geometry/STEP_毫米/R13p3_motor_mount_left_hip_yaw_fixed_-1_hole1_screw.step,,work/r16-motor-mount/fastener_design/geometry/STL_装配坐标_毫米/R13p3_motor_mount_left_hip_yaw_fixed_-1_hole1_screw.stl,12cb3821ee371a3282689f0ff6a4f548ad45cece1e23191e9e4c1c709029790b,,
R13p3_motor_mount_left_hip_yaw_fixed_1_hole0_screw,trunk_base,nominal_purchase_fastener,A2 stainless purchased screw dimension reference,False,参考/器件外包络：按原器件BOM采购，不按外形体积制件或计重,work/r16-motor-mount/candidate/manifest.json,work/r16-motor-mount/fastener_design/geometry/STEP_毫米/R13p3_motor_mount_left_hip_yaw_fixed_1_hole0_screw.step,,work/r16-motor-mount/fastener_design/geometry/STL_装配坐标_毫米/R13p3_motor_mount_left_hip_yaw_fixed_1_hole0_screw.stl,b2fe589970db1396e1760164b40e59691895dd2c9d8ccd9f08c17e85ac23425e,,
R13p3_motor_mount_left_hip_yaw_fixed_1_hole1_screw,trunk_base,nominal_purchase_fastener,A2 stainless purchased screw dimension reference,False,参考/器件外包络：按原器件BOM采购，不按外形体积制件或计重,work/r16-motor-mount/candidate/manifest.json,work/r16-motor-mount/fastener_design/geometry/STEP_毫米/R13p3_motor_mount_left_hip_yaw_fixed_1_hole1_screw.step,,work/r16-motor-mount/fastener_design/geometry/STL_装配坐标_毫米/R13p3_motor_mount_left_hip_yaw_fixed_1_hole1_screw.stl,5bf36b032ec7cc4a7a25ccee377ab0e3eab847d39ce3fd0e7035ad0dcfd911e6,,
R13p3_motor_mount_right_hip_yaw_fixed_-1_hole0_screw,trunk_base,nominal_purchase_fastener,A2 stainless purchased screw dimension reference,False,参考/器件外包络：按原器件BOM采购，不按外形体积制件或计重,work/r16-motor-mount/candidate/manifest.json,work/r16-motor-mount/fastener_design/geometry/STEP_毫米/R13p3_motor_mount_right_hip_yaw_fixed_-1_hole0_screw.step,,work/r16-motor-mount/fastener_design/geometry/STL_装配坐标_毫米/R13p3_motor_mount_right_hip_yaw_fixed_-1_hole0_screw.stl,4b81b1ace0c28ba6bb8ff9244606e2e7ed0b4388c3e2c683db4cff947614876b,,
R13p3_motor_mount_right_hip_yaw_fixed_-1_hole1_screw,trunk_base,nominal_purchase_fastener,A2 stainless purchased screw dimension reference,False,参考/器件外包络：按原器件BOM采购，不按外形体积制件或计重,work/r16-motor-mount/candidate/manifest.json,work/r16-motor-mount/fastener_design/geometry/STEP_毫米/R13p3_motor_mount_right_hip_yaw_fixed_-1_hole1_screw.step,,work/r16-motor-mount/fastener_design/geometry/STL_装配坐标_毫米/R13p3_motor_mount_right_hip_yaw_fixed_-1_hole1_screw.stl,a78f63ffc000d5f06262d917d104643553d8a6ccb4eef625e41d0be04d372cbc,,
R13p3_motor_mount_right_hip_yaw_fixed_1_hole0_screw,trunk_base,nominal_purchase_fastener,A2 stainless purchased screw dimension reference,False,参考/器件外包络：按原器件BOM采购，不按外形体积制件或计重,work/r16-motor-mount/candidate/manifest.json,work/r16-motor-mount/fastener_design/geometry/STEP_毫米/R13p3_motor_mount_right_hip_yaw_fixed_1_hole0_screw.step,,work/r16-motor-mount/fastener_design/geometry/STL_装配坐标_毫米/R13p3_motor_mount_right_hip_yaw_fixed_1_hole0_screw.stl,f5c7389df8eb104499a4f3589de4f81d643b51f12880bb11ddf93aa808d4b1a2,,
R13p3_motor_mount_right_hip_yaw_fixed_1_hole1_screw,trunk_base,nominal_purchase_fastener,A2 stainless purchased screw dimension reference,False,参考/器件外包络：按原器件BOM采购，不按外形体积制件或计重,work/r16-motor-mount/candidate/manifest.json,work/r16-motor-mount/fastener_design/geometry/STEP_毫米/R13p3_motor_mount_right_hip_yaw_fixed_1_hole1_screw.step,,work/r16-motor-mount/fastener_design/geometry/STL_装配坐标_毫米/R13p3_motor_mount_right_hip_yaw_fixed_1_hole1_screw.stl,a43ccb62a1bed28ee12ef357ae8c940643d238cd90973e9529c33e16fc30595f,,
R13p3_motor_mount_neck_pitch_active_hole0_screw,trunk_base,nominal_purchase_fastener,A2 stainless purchased screw dimension reference,False,参考/器件外包络：按原器件BOM采购，不按外形体积制件或计重,work/r16-motor-mount/candidate/manifest.json,work/r16-motor-mount/fastener_design/geometry/STEP_毫米/R13p3_motor_mount_neck_pitch_active_hole0_screw.step,,work/r16-motor-mount/fastener_design/geometry/STL_装配坐标_毫米/R13p3_motor_mount_neck_pitch_active_hole0_screw.stl,4d53e318fd624f974755a2ab561dc2b256935f29b41938a8d10d05a74a39bf4a,,
R13p3_motor_mount_neck_pitch_active_hole1_screw,trunk_base,nominal_purchase_fastener,A2 stainless purchased screw dimension reference,False,参考/器件外包络：按原器件BOM采购，不按外形体积制件或计重,work/r16-motor-mount/candidate/manifest.json,work/r16-motor-mount/fastener_design/geometry/STEP_毫米/R13p3_motor_mount_neck_pitch_active_hole1_screw.step,,work/r16-motor-mount/fastener_design/geometry/STL_装配坐标_毫米/R13p3_motor_mount_neck_pitch_active_hole1_screw.stl,d7aa8145d07584a0dd33f7f2441da345a76a804dc4ab18bbfd943f3269d53751,,
R17_cradle_R_relieved_washer,trunk_base,actual_custom_metal_part,303 stainless precision machined; material certificate required,False,按本件源CAD与材料/工艺合同评审,work/r17-module-mount/candidate/manifest.json,work/r17-module-mount/cradle/candidate_v3/STEP_毫米/R17_cradle_R_relieved_washer.step,,work/r17-module-mount/cradle/candidate_v3/STL_装配坐标_毫米/R17_cradle_R_relieved_washer.stl,f10ef1e7947ddbd1fa8f4457696be91dae6306bdfa252d726a2c6d1f14f4f213,,
R17_cradle_R_compression_limiter,trunk_base,actual_custom_metal_part,303 stainless precision ground,False,按本件源CAD与材料/工艺合同评审,work/r17-module-mount/candidate/manifest.json,work/r17-module-mount/cradle/candidate_v3/STEP_毫米/R17_cradle_R_compression_limiter.step,,work/r17-module-mount/cradle/candidate_v3/STL_装配坐标_毫米/R17_cradle_R_compression_limiter.stl,a0adffb5aabff5790196cb1c1e083296385b7e40ba46151caae5dbe2934b1560,,
R17_cradle_R_M2p5_nut,trunk_base,actual_custom_fastener,303 stainless custom CNC AF5.5/H2 full-flat M2.5x.45-6H through-tapped nut,False,按本件源CAD与材料/工艺合同评审,work/r17-module-mount/candidate/manifest.json,work/r17-module-mount/cradle/candidate_v3/STEP_毫米/R17_cradle_R_M2p5_nut.step,,work/r17-module-mount/cradle/candidate_v3/STL_装配坐标_毫米/R17_cradle_R_M2p5_nut.stl,92d037ec9940e457af60050fa7c12acd2b33d7004a3e6aa0908c1cfd934c5316,,
R17_cradle_R_M2p5x8_cap_screw,trunk_base,nominal_fastener_reference,ISO4762 A2-70 required; Accu SSCF-M2.5-8-A2 lot certificate,False,参考/器件外包络：按原器件BOM采购，不按外形体积制件或计重,work/r17-module-mount/candidate/manifest.json,work/r17-module-mount/cradle/candidate_v3/STEP_毫米/R17_cradle_R_M2p5x8_cap_screw.step,,work/r17-module-mount/cradle/candidate_v3/STL_装配坐标_毫米/R17_cradle_R_M2p5x8_cap_screw.stl,cbbb6f3c4876c87777040c97b89a544f26665c43ddba89d3d3ce7b32c0e1b6b7,,
R17_cradle_L_relieved_washer,trunk_base,actual_custom_metal_part,303 stainless precision machined; material certificate required,False,按本件源CAD与材料/工艺合同评审,work/r17-module-mount/candidate/manifest.json,work/r17-module-mount/cradle/candidate_v3/STEP_毫米/R17_cradle_L_relieved_washer.step,,work/r17-module-mount/cradle/candidate_v3/STL_装配坐标_毫米/R17_cradle_L_relieved_washer.stl,976f74310981c3a4c53cd87f56dda31c92a3e33dee4ca122ff6273f814b3b7e1,,
R17_cradle_L_compression_limiter,trunk_base,actual_custom_metal_part,303 stainless precision ground,False,按本件源CAD与材料/工艺合同评审,work/r17-module-mount/candidate/manifest.json,work/r17-module-mount/cradle/candidate_v3/STEP_毫米/R17_cradle_L_compression_limiter.step,,work/r17-module-mount/cradle/candidate_v3/STL_装配坐标_毫米/R17_cradle_L_compression_limiter.stl,195f8617f237998afd2a681aecb4a23295c6ca66b03c6fabe9c497ddca423fc1,,
R17_cradle_L_M2p5_nut,trunk_base,actual_custom_fastener,303 stainless custom CNC AF5.5/H2 full-flat M2.5x.45-6H through-tapped nut,False,按本件源CAD与材料/工艺合同评审,work/r17-module-mount/candidate/manifest.json,work/r17-module-mount/cradle/candidate_v3/STEP_毫米/R17_cradle_L_M2p5_nut.step,,work/r17-module-mount/cradle/candidate_v3/STL_装配坐标_毫米/R17_cradle_L_M2p5_nut.stl,e1f5981654abdec0ad2ab4798171e5739796fc85fd3d6eaebd61cd2f26d98334,,
R17_cradle_L_M2p5x8_cap_screw,trunk_base,nominal_fastener_reference,ISO4762 A2-70 required; Accu SSCF-M2.5-8-A2 lot certificate,False,参考/器件外包络：按原器件BOM采购，不按外形体积制件或计重,work/r17-module-mount/candidate/manifest.json,work/r17-module-mount/cradle/candidate_v3/STEP_毫米/R17_cradle_L_M2p5x8_cap_screw.step,,work/r17-module-mount/cradle/candidate_v3/STL_装配坐标_毫米/R17_cradle_L_M2p5x8_cap_screw.stl,d46434ced7e47eb171e126ed5f18dcc12017bcc4bb8eff1c2fc9496a58beafb9,,
R18P_L_thigh_photo_triangle,upper_leg_left,photo_cover_fixing_candidate,EOS PA2200 / PA12 SLS,False,参考/器件外包络：按原器件BOM采购，不按外形体积制件或计重,,work/r18-leg-hip-covers/legs/reference_design/candidate_v8/STEP_毫米/R18P_L_thigh_photo_triangle.step,,work/r18-leg-hip-covers/legs/reference_design/candidate_v8/STL_装配坐标_毫米/R18P_L_thigh_photo_triangle.stl,97136bbd2c2d909bde140b43cb8cda261d9555fa360671e3afe25c48246526d7,,Concrete photo-cover fixing candidate; not installed or manufacturing/physical approved.
R18P_L_thigh_CNC_bridge_saddle,upper_leg_left,photo_cover_fixing_candidate,7075-T651 CNC nominal,False,参考/器件外包络：按原器件BOM采购，不按外形体积制件或计重,,work/r18-leg-hip-covers/legs/reference_design/candidate_v8/STEP_毫米/R18P_L_thigh_CNC_bridge_saddle.step,,work/r18-leg-hip-covers/legs/reference_design/candidate_v8/STL_装配坐标_毫米/R18P_L_thigh_CNC_bridge_saddle.stl,9b01d2e4e0fcf1c0ea1bf589909910dec674c54c788569a280426a7dd0d94f56,,Concrete photo-cover fixing candidate; not installed or manufacturing/physical approved.
R18P_L_thigh_CNC_preloaded_nut_cap,upper_leg_left,photo_cover_fixing_candidate,7075-T651 CNC nominal,False,参考/器件外包络：按原器件BOM采购，不按外形体积制件或计重,,work/r18-leg-hip-covers/legs/reference_design/candidate_v8/STEP_毫米/R18P_L_thigh_CNC_preloaded_nut_cap.step,,work/r18-leg-hip-covers/legs/reference_design/candidate_v8/STL_装配坐标_毫米/R18P_L_thigh_CNC_preloaded_nut_cap.stl,19413b201769c3762f1a6a57670755e2e3e767e30f0e0a62a9d5e7a411a017e6,,Concrete photo-cover fixing candidate; not installed or manufacturing/physical approved.
R18P_L_thigh_clamp_F1_nut_AF5p5,upper_leg_left,photo_cover_fixing_candidate,A2 / 303 stainless nominal,False,参考/器件外包络：按原器件BOM采购，不按外形体积制件或计重,,work/r18-leg-hip-covers/legs/reference_design/candidate_v8/STEP_毫米/R18P_L_thigh_clamp_F1_nut_AF5p5.step,,work/r18-leg-hip-covers/legs/reference_design/candidate_v8/STL_装配坐标_毫米/R18P_L_thigh_clamp_F1_nut_AF5p5.stl,77f8124636b66983fc30316aad52f1866bd3ff99d5af3dc0369686c133c2abc7,,Concrete photo-cover fixing candidate; not installed or manufacturing/physical approved.
R18P_L_thigh_clamp_F1_floating_bushing_L4p3,upper_leg_left,photo_cover_fixing_candidate,A2 / 303 stainless nominal,False,参考/器件外包络：按原器件BOM采购，不按外形体积制件或计重,,work/r18-leg-hip-covers/legs/reference_design/candidate_v8/STEP_毫米/R18P_L_thigh_clamp_F1_floating_bushing_L4p3.step,,work/r18-leg-hip-covers/legs/reference_design/candidate_v8/STL_装配坐标_毫米/R18P_L_thigh_clamp_F1_floating_bushing_L4p3.stl,c5060e76f227e3fceb61592b411630ac3ce518d7e8598e6b4b990e5de931ca83,,Concrete photo-cover fixing candidate; not installed or manufacturing/physical approved.
R18P_L_thigh_clamp_F1_washer_OD7,upper_leg_left,photo_cover_fixing_candidate,A2 / 303 stainless nominal,False,参考/器件外包络：按原器件BOM采购，不按外形体积制件或计重,,work/r18-leg-hip-covers/legs/reference_design/candidate_v8/STEP_毫米/R18P_L_thigh_clamp_F1_washer_OD7.step,,work/r18-leg-hip-covers/legs/reference_design/candidate_v8/STL_装配坐标_毫米/R18P_L_thigh_clamp_F1_washer_OD7.stl,16b37f6cc3b051c88e7d55b30219611ac35c85acdafab1cd616908152636575c,,Concrete photo-cover fixing candidate; not installed or manufacturing/physical approved.
R18P_L_thigh_clamp_F1_M2p5x8_screw,upper_leg_left,photo_cover_fixing_candidate,A2 / 303 stainless nominal,False,参考/器件外包络：按原器件BOM采购，不按外形体积制件或计重,,work/r18-leg-hip-covers/legs/reference_design/candidate_v8/STEP_毫米/R18P_L_thigh_clamp_F1_M2p5x8_screw.step,,work/r18-leg-hip-covers/legs/reference_design/candidate_v8/STL_装配坐标_毫米/R18P_L_thigh_clamp_F1_M2p5x8_screw.stl,aebe6b0b3d730a336166bc3594d2ab6d4d412617a957f22274ae07575fd2fa8d,,Concrete photo-cover fixing candidate; not installed or manufacturing/physical approved.
R18P_L_thigh_clamp_F2_nut_AF5p5,upper_leg_left,photo_cover_fixing_candidate,A2 / 303 stainless nominal,False,参考/器件外包络：按原器件BOM采购，不按外形体积制件或计重,,work/r18-leg-hip-covers/legs/reference_design/candidate_v8/STEP_毫米/R18P_L_thigh_clamp_F2_nut_AF5p5.step,,work/r18-leg-hip-covers/legs/reference_design/candidate_v8/STL_装配坐标_毫米/R18P_L_thigh_clamp_F2_nut_AF5p5.stl,35bd4c3afc7a779e705cf230ed64752d65ab3cb5d7b4d3ee1ce0d4988b15e8d3,,Concrete photo-cover fixing candidate; not installed or manufacturing/physical approved.
R18P_L_thigh_clamp_F2_floating_bushing_L4p3,upper_leg_left,photo_cover_fixing_candidate,A2 / 303 stainless nominal,False,参考/器件外包络：按原器件BOM采购，不按外形体积制件或计重,,work/r18-leg-hip-covers/legs/reference_design/candidate_v8/STEP_毫米/R18P_L_thigh_clamp_F2_floating_bushing_L4p3.step,,work/r18-leg-hip-covers/legs/reference_design/candidate_v8/STL_装配坐标_毫米/R18P_L_thigh_clamp_F2_floating_bushing_L4p3.stl,8487cd01218120a03c70d89fa53cc2a600ab2b929f08fc3e3fa68b643213083b,,Concrete photo-cover fixing candidate; not installed or manufacturing/physical approved.
R18P_L_thigh_clamp_F2_washer_OD7,upper_leg_left,photo_cover_fixing_candidate,A2 / 303 stainless nominal,False,参考/器件外包络：按原器件BOM采购，不按外形体积制件或计重,,work/r18-leg-hip-covers/legs/reference_design/candidate_v8/STEP_毫米/R18P_L_thigh_clamp_F2_washer_OD7.step,,work/r18-leg-hip-covers/legs/reference_design/candidate_v8/STL_装配坐标_毫米/R18P_L_thigh_clamp_F2_washer_OD7.stl,3136d35b46bf098b3708e2cc3a32f3d682b6e10fc34eadfc96ac5a3cd5ad021a,,Concrete photo-cover fixing candidate; not installed or manufacturing/physical approved.
R18P_L_thigh_clamp_F2_M2p5x8_screw,upper_leg_left,photo_cover_fixing_candidate,A2 / 303 stainless nominal,False,参考/器件外包络：按原器件BOM采购，不按外形体积制件或计重,,work/r18-leg-hip-covers/legs/reference_design/candidate_v8/STEP_毫米/R18P_L_thigh_clamp_F2_M2p5x8_screw.step,,work/r18-leg-hip-covers/legs/reference_design/candidate_v8/STL_装配坐标_毫米/R18P_L_thigh_clamp_F2_M2p5x8_screw.stl,8bd3d5232c111df0486f092cbfb98d406c4d517f4cb60950eb215d82a9b90b26,,Concrete photo-cover fixing candidate; not installed or manufacturing/physical approved.
R18P_L_thigh_skin_F1_washer_OD7,upper_leg_left,photo_cover_fixing_candidate,303 stainless nominal,False,参考/器件外包络：按原器件BOM采购，不按外形体积制件或计重,,work/r18-leg-hip-covers/legs/reference_design/candidate_v8/STEP_毫米/R18P_L_thigh_skin_F1_washer_OD7.step,,work/r18-leg-hip-covers/legs/reference_design/candidate_v8/STL_装配坐标_毫米/R18P_L_thigh_skin_F1_washer_OD7.stl,e5238c51ca18b14978d07b0376f12f80c4906f3a5101f5d787abf6ffbca09b9f,,Concrete photo-cover fixing candidate; not installed or manufacturing/physical approved.
R18P_L_thigh_skin_F1_M2p5x8_screw,upper_leg_left,photo_cover_fixing_candidate,Accu SSCF-M2.5-8-A2 nominal,False,参考/器件外包络：按原器件BOM采购，不按外形体积制件或计重,,work/r18-leg-hip-covers/legs/reference_design/candidate_v8/STEP_毫米/R18P_L_thigh_skin_F1_M2p5x8_screw.step,,work/r18-leg-hip-covers/legs/reference_design/candidate_v8/STL_装配坐标_毫米/R18P_L_thigh_skin_F1_M2p5x8_screw.stl,b0b132c38cec5b38582d72eb88ecc47946c91d5b40518e1b798e64157e3df9d0,,Concrete photo-cover fixing candidate; not installed or manufacturing/physical approved.
R18P_L_thigh_skin_F2_washer_OD7,upper_leg_left,photo_cover_fixing_candidate,303 stainless nominal,False,参考/器件外包络：按原器件BOM采购，不按外形体积制件或计重,,work/r18-leg-hip-covers/legs/reference_design/candidate_v8/STEP_毫米/R18P_L_thigh_skin_F2_washer_OD7.step,,work/r18-leg-hip-covers/legs/reference_design/candidate_v8/STL_装配坐标_毫米/R18P_L_thigh_skin_F2_washer_OD7.stl,5c359ad9db31d1599f965fb6c2dc3123e4ccf0472b1186c8cc7dfe156016db47,,Concrete photo-cover fixing candidate; not installed or manufacturing/physical approved.
R18P_L_thigh_skin_F2_M2p5x8_screw,upper_leg_left,photo_cover_fixing_candidate,Accu SSCF-M2.5-8-A2 nominal,False,参考/器件外包络：按原器件BOM采购，不按外形体积制件或计重,,work/r18-leg-hip-covers/legs/reference_design/candidate_v8/STEP_毫米/R18P_L_thigh_skin_F2_M2p5x8_screw.step,,work/r18-leg-hip-covers/legs/reference_design/candidate_v8/STL_装配坐标_毫米/R18P_L_thigh_skin_F2_M2p5x8_screw.stl,b904798df52b212b679190adb219c7fa3396e84bf208d4c2b4f90a3161887c0e,,Concrete photo-cover fixing candidate; not installed or manufacturing/physical approved.
R18P_R_thigh_photo_triangle,upper_leg_right,photo_cover_fixing_candidate,EOS PA2200 / PA12 SLS,False,参考/器件外包络：按原器件BOM采购，不按外形体积制件或计重,,work/r18-leg-hip-covers/legs/reference_design/candidate_v8/STEP_毫米/R18P_R_thigh_photo_triangle.step,,work/r18-leg-hip-covers/legs/reference_design/candidate_v8/STL_装配坐标_毫米/R18P_R_thigh_photo_triangle.stl,e803b6cf4eb6fa678e9972fcd832a0c163add292307db2e88428f60692650d7d,,Concrete photo-cover fixing candidate; not installed or manufacturing/physical approved.
R18P_R_thigh_CNC_bridge_saddle,upper_leg_right,photo_cover_fixing_candidate,7075-T651 CNC nominal,False,参考/器件外包络：按原器件BOM采购，不按外形体积制件或计重,,work/r18-leg-hip-covers/legs/reference_design/candidate_v8/STEP_毫米/R18P_R_thigh_CNC_bridge_saddle.step,,work/r18-leg-hip-covers/legs/reference_design/candidate_v8/STL_装配坐标_毫米/R18P_R_thigh_CNC_bridge_saddle.stl,6215ce3d525156f26544c86b14c01aca045d14032500c5b3b61c11fdd37bf77b,,Concrete photo-cover fixing candidate; not installed or manufacturing/physical approved.
R18P_R_thigh_CNC_preloaded_nut_cap,upper_leg_right,photo_cover_fixing_candidate,7075-T651 CNC nominal,False,参考/器件外包络：按原器件BOM采购，不按外形体积制件或计重,,work/r18-leg-hip-covers/legs/reference_design/candidate_v8/STEP_毫米/R18P_R_thigh_CNC_preloaded_nut_cap.step,,work/r18-leg-hip-covers/legs/reference_design/candidate_v8/STL_装配坐标_毫米/R18P_R_thigh_CNC_preloaded_nut_cap.stl,fbed867dfa9165c3934e4239f0db18f8c25241513666113d6c8c6f68e986fcd7,,Concrete photo-cover fixing candidate; not installed or manufacturing/physical approved.
R18P_R_thigh_clamp_F1_nut_AF5p5,upper_leg_right,photo_cover_fixing_candidate,A2 / 303 stainless nominal,False,参考/器件外包络：按原器件BOM采购，不按外形体积制件或计重,,work/r18-leg-hip-covers/legs/reference_design/candidate_v8/STEP_毫米/R18P_R_thigh_clamp_F1_nut_AF5p5.step,,work/r18-leg-hip-covers/legs/reference_design/candidate_v8/STL_装配坐标_毫米/R18P_R_thigh_clamp_F1_nut_AF5p5.stl,73ff09a94d385866beb43e6fc7156da2ad858b55c183b69120b4cde4974f50a7,,Concrete photo-cover fixing candidate; not installed or manufacturing/physical approved.
R18P_R_thigh_clamp_F1_floating_bushing_L4p3,upper_leg_right,photo_cover_fixing_candidate,A2 / 303 stainless nominal,False,参考/器件外包络：按原器件BOM采购，不按外形体积制件或计重,,work/r18-leg-hip-covers/legs/reference_design/candidate_v8/STEP_毫米/R18P_R_thigh_clamp_F1_floating_bushing_L4p3.step,,work/r18-leg-hip-covers/legs/reference_design/candidate_v8/STL_装配坐标_毫米/R18P_R_thigh_clamp_F1_floating_bushing_L4p3.stl,5b25e31062732df7826376b090155400d9ae3d299eeec94401ef6bc65161912a,,Concrete photo-cover fixing candidate; not installed or manufacturing/physical approved.
R18P_R_thigh_clamp_F1_washer_OD7,upper_leg_right,photo_cover_fixing_candidate,A2 / 303 stainless nominal,False,参考/器件外包络：按原器件BOM采购，不按外形体积制件或计重,,work/r18-leg-hip-covers/legs/reference_design/candidate_v8/STEP_毫米/R18P_R_thigh_clamp_F1_washer_OD7.step,,work/r18-leg-hip-covers/legs/reference_design/candidate_v8/STL_装配坐标_毫米/R18P_R_thigh_clamp_F1_washer_OD7.stl,0a906b5abbde9984f3a3199a8e48fff585f24072e33c1e3458f8c4170405956b,,Concrete photo-cover fixing candidate; not installed or manufacturing/physical approved.
R18P_R_thigh_clamp_F1_M2p5x8_screw,upper_leg_right,photo_cover_fixing_candidate,A2 / 303 stainless nominal,False,参考/器件外包络：按原器件BOM采购，不按外形体积制件或计重,,work/r18-leg-hip-covers/legs/reference_design/candidate_v8/STEP_毫米/R18P_R_thigh_clamp_F1_M2p5x8_screw.step,,work/r18-leg-hip-covers/legs/reference_design/candidate_v8/STL_装配坐标_毫米/R18P_R_thigh_clamp_F1_M2p5x8_screw.stl,64477fee3c129c6a62096b79b5a00da9423149bc5314ed27a25a55625b710e3e,,Concrete photo-cover fixing candidate; not installed or manufacturing/physical approved.
R18P_R_thigh_clamp_F2_nut_AF5p5,upper_leg_right,photo_cover_fixing_candidate,A2 / 303 stainless nominal,False,参考/器件外包络：按原器件BOM采购，不按外形体积制件或计重,,work/r18-leg-hip-covers/legs/reference_design/candidate_v8/STEP_毫米/R18P_R_thigh_clamp_F2_nut_AF5p5.step,,work/r18-leg-hip-covers/legs/reference_design/candidate_v8/STL_装配坐标_毫米/R18P_R_thigh_clamp_F2_nut_AF5p5.stl,4947a62b82aa2dc5832bd420a5d9def82e69a8cb7f4278921d73a42b9ea14ff6,,Concrete photo-cover fixing candidate; not installed or manufacturing/physical approved.
R18P_R_thigh_clamp_F2_floating_bushing_L4p3,upper_leg_right,photo_cover_fixing_candidate,A2 / 303 stainless nominal,False,参考/器件外包络：按原器件BOM采购，不按外形体积制件或计重,,work/r18-leg-hip-covers/legs/reference_design/candidate_v8/STEP_毫米/R18P_R_thigh_clamp_F2_floating_bushing_L4p3.step,,work/r18-leg-hip-covers/legs/reference_design/candidate_v8/STL_装配坐标_毫米/R18P_R_thigh_clamp_F2_floating_bushing_L4p3.stl,98226c29cff7ecacb59c15c71f84a77016ce1f50bc9098ff04cb5c7e8f77ad1d,,Concrete photo-cover fixing candidate; not installed or manufacturing/physical approved.
R18P_R_thigh_clamp_F2_washer_OD7,upper_leg_right,photo_cover_fixing_candidate,A2 / 303 stainless nominal,False,参考/器件外包络：按原器件BOM采购，不按外形体积制件或计重,,work/r18-leg-hip-covers/legs/reference_design/candidate_v8/STEP_毫米/R18P_R_thigh_clamp_F2_washer_OD7.step,,work/r18-leg-hip-covers/legs/reference_design/candidate_v8/STL_装配坐标_毫米/R18P_R_thigh_clamp_F2_washer_OD7.stl,1def2b26b82565d67c8f8f02ece8876ee3390134587d9a7146f183525be0ba83,,Concrete photo-cover fixing candidate; not installed or manufacturing/physical approved.
R18P_R_thigh_clamp_F2_M2p5x8_screw,upper_leg_right,photo_cover_fixing_candidate,A2 / 303 stainless nominal,False,参考/器件外包络：按原器件BOM采购，不按外形体积制件或计重,,work/r18-leg-hip-covers/legs/reference_design/candidate_v8/STEP_毫米/R18P_R_thigh_clamp_F2_M2p5x8_screw.step,,work/r18-leg-hip-covers/legs/reference_design/candidate_v8/STL_装配坐标_毫米/R18P_R_thigh_clamp_F2_M2p5x8_screw.stl,0538b46a7cfdf1a296ca85f7874154ea22b5f7891f7bb79614b7cdcc317dba46,,Concrete photo-cover fixing candidate; not installed or manufacturing/physical approved.
R18P_R_thigh_skin_F1_washer_OD7,upper_leg_right,photo_cover_fixing_candidate,303 stainless nominal,False,参考/器件外包络：按原器件BOM采购，不按外形体积制件或计重,,work/r18-leg-hip-covers/legs/reference_design/candidate_v8/STEP_毫米/R18P_R_thigh_skin_F1_washer_OD7.step,,work/r18-leg-hip-covers/legs/reference_design/candidate_v8/STL_装配坐标_毫米/R18P_R_thigh_skin_F1_washer_OD7.stl,33b106561009ea63e21ab50571ddcdba76719b7612c3afb4b1e91a6dcc2b1d01,,Concrete photo-cover fixing candidate; not installed or manufacturing/physical approved.
R18P_R_thigh_skin_F1_M2p5x8_screw,upper_leg_right,photo_cover_fixing_candidate,Accu SSCF-M2.5-8-A2 nominal,False,参考/器件外包络：按原器件BOM采购，不按外形体积制件或计重,,work/r18-leg-hip-covers/legs/reference_design/candidate_v8/STEP_毫米/R18P_R_thigh_skin_F1_M2p5x8_screw.step,,work/r18-leg-hip-covers/legs/reference_design/candidate_v8/STL_装配坐标_毫米/R18P_R_thigh_skin_F1_M2p5x8_screw.stl,0b98637df6b72562e6fedf4493b7ad63c680b11695b7da6227888e02541545c8,,Concrete photo-cover fixing candidate; not installed or manufacturing/physical approved.
R18P_R_thigh_skin_F2_washer_OD7,upper_leg_right,photo_cover_fixing_candidate,303 stainless nominal,False,参考/器件外包络：按原器件BOM采购，不按外形体积制件或计重,,work/r18-leg-hip-covers/legs/reference_design/candidate_v8/STEP_毫米/R18P_R_thigh_skin_F2_washer_OD7.step,,work/r18-leg-hip-covers/legs/reference_design/candidate_v8/STL_装配坐标_毫米/R18P_R_thigh_skin_F2_washer_OD7.stl,fcb31730f5e219485403a314a3502652e4f125211b1b0993d13b043cff0283fd,,Concrete photo-cover fixing candidate; not installed or manufacturing/physical approved.
R18P_R_thigh_skin_F2_M2p5x8_screw,upper_leg_right,photo_cover_fixing_candidate,Accu SSCF-M2.5-8-A2 nominal,False,参考/器件外包络：按原器件BOM采购，不按外形体积制件或计重,,work/r18-leg-hip-covers/legs/reference_design/candidate_v8/STEP_毫米/R18P_R_thigh_skin_F2_M2p5x8_screw.step,,work/r18-leg-hip-covers/legs/reference_design/candidate_v8/STL_装配坐标_毫米/R18P_R_thigh_skin_F2_M2p5x8_screw.stl,6f308a11dbcbfb5bb5a6da514c79bd7d17316527d267154a87da028d63d50d2f,,Concrete photo-cover fixing candidate; not installed or manufacturing/physical approved.
R18P_L_shoe_toe,ankle_left,photo_shape_candidate,EOS PA2200 / PA12 SLS shape candidate,False,参考/器件外包络：按原器件BOM采购，不按外形体积制件或计重,,work/r18-leg-hip-covers/legs/reference_design/candidate_v3/STEP_毫米/R18P_L_shoe_toe.step,,work/r18-leg-hip-covers/legs/reference_design/candidate_v3/STL_装配坐标_毫米/R18P_L_shoe_toe.stl,0c25e4969818cfab1041b403e4bd215f58eb0aaa9fd6ae4d21a7bf05faddd3d1,,"Photo-driven shape study; attachment pending linkage simplification, not manufacturing or physical acceptance."
R18P_L_shoe_heel,ankle_left,photo_shape_candidate,EOS PA2200 / PA12 SLS shape candidate,False,参考/器件外包络：按原器件BOM采购，不按外形体积制件或计重,,work/r18-leg-hip-covers/legs/reference_design/candidate_v3/STEP_毫米/R18P_L_shoe_heel.step,,work/r18-leg-hip-covers/legs/reference_design/candidate_v3/STL_装配坐标_毫米/R18P_L_shoe_heel.stl,c98d08d0c960f7399cc80221e0adb2110ec70e5035dd09f568fa142218fa3618,,"Photo-driven shape study; attachment pending linkage simplification, not manufacturing or physical acceptance."
R18P_R_shoe_toe,ankle_right,photo_shape_candidate,EOS PA2200 / PA12 SLS shape candidate,False,参考/器件外包络：按原器件BOM采购，不按外形体积制件或计重,,work/r18-leg-hip-covers/legs/reference_design/candidate_v3/STEP_毫米/R18P_R_shoe_toe.step,,work/r18-leg-hip-covers/legs/reference_design/candidate_v3/STL_装配坐标_毫米/R18P_R_shoe_toe.stl,47e1334fbb05aa8ae7820309f0c0a54a2a0c80c90331dd0f63d654e5cb4209a0,,"Photo-driven shape study; attachment pending linkage simplification, not manufacturing or physical acceptance."
R18P_R_shoe_heel,ankle_right,photo_shape_candidate,EOS PA2200 / PA12 SLS shape candidate,False,参考/器件外包络：按原器件BOM采购，不按外形体积制件或计重,,work/r18-leg-hip-covers/legs/reference_design/candidate_v3/STEP_毫米/R18P_R_shoe_heel.step,,work/r18-leg-hip-covers/legs/reference_design/candidate_v3/STL_装配坐标_毫米/R18P_R_shoe_heel.stl,d65bfd6def6f6deacb887a1eb0a88332e1186218818767c74efdeec8e19bc2e7,,"Photo-driven shape study; attachment pending linkage simplification, not manufacturing or physical acceptance."
R20_CM4_stack_1_M2_screw,jaw_soft,nominal_purchased_hardware,A2 stainless purchased nominal reference,False,参考/器件外包络：按原器件BOM采购，不按外形体积制件或计重,work/r20-walking-fix/head_mount/head_mount_delta.json,work/r20-walking-fix/head_mount/CAD/STEP_毫米/R20_CM4_stack_1_M2_screw.step,,work/r20-walking-fix/head_mount/CAD/STL_装配坐标_毫米/R20_CM4_stack_1_M2_screw.stl,2ff5bcc7806715fe64405226bec7283191ad0495a09ed738520f1dc2dfc6b0ef,,
R20_CM4_stack_1_M2_front_washer,jaw_soft,nominal_purchased_hardware,A2 stainless purchased nominal reference,False,参考/器件外包络：按原器件BOM采购，不按外形体积制件或计重,work/r20-walking-fix/head_mount/head_mount_delta.json,work/r20-walking-fix/head_mount/CAD/STEP_毫米/R20_CM4_stack_1_M2_front_washer.step,,work/r20-walking-fix/head_mount/CAD/STL_装配坐标_毫米/R20_CM4_stack_1_M2_front_washer.stl,0a083c86eac1d256393e3e029f2c9a408324fc4058f68ec31a940047d9d8fa54,,
R20_CM4_stack_1_M2_rear_washer,jaw_soft,nominal_purchased_hardware,A2 stainless purchased nominal reference,False,参考/器件外包络：按原器件BOM采购，不按外形体积制件或计重,work/r20-walking-fix/head_mount/head_mount_delta.json,work/r20-walking-fix/head_mount/CAD/STEP_毫米/R20_CM4_stack_1_M2_rear_washer.step,,work/r20-walking-fix/head_mount/CAD/STL_装配坐标_毫米/R20_CM4_stack_1_M2_rear_washer.stl,e59ab097c8ede0f2035c98076045ae489346e1c93e2903cdcb785722df4f1025,,
R20_CM4_stack_1_M2_nut,jaw_soft,nominal_purchased_hardware,A2 stainless purchased nominal reference,False,参考/器件外包络：按原器件BOM采购，不按外形体积制件或计重,work/r20-walking-fix/head_mount/head_mount_delta.json,work/r20-walking-fix/head_mount/CAD/STEP_毫米/R20_CM4_stack_1_M2_nut.step,,work/r20-walking-fix/head_mount/CAD/STL_装配坐标_毫米/R20_CM4_stack_1_M2_nut.stl,ca7df6417be52f136fe4575c84737598bc1ef339385408dbea95269b2f4735d7,,
R20_CM4_stack_2_M2_screw,jaw_soft,nominal_purchased_hardware,A2 stainless purchased nominal reference,False,参考/器件外包络：按原器件BOM采购，不按外形体积制件或计重,work/r20-walking-fix/head_mount/head_mount_delta.json,work/r20-walking-fix/head_mount/CAD/STEP_毫米/R20_CM4_stack_2_M2_screw.step,,work/r20-walking-fix/head_mount/CAD/STL_装配坐标_毫米/R20_CM4_stack_2_M2_screw.stl,76555814fadb22aa886d5ee5dd5ffa2236f326c74ca8f2856b41f95a841749f7,,
R20_CM4_stack_2_M2_front_washer,jaw_soft,nominal_purchased_hardware,A2 stainless purchased nominal reference,False,参考/器件外包络：按原器件BOM采购，不按外形体积制件或计重,work/r20-walking-fix/head_mount/head_mount_delta.json,work/r20-walking-fix/head_mount/CAD/STEP_毫米/R20_CM4_stack_2_M2_front_washer.step,,work/r20-walking-fix/head_mount/CAD/STL_装配坐标_毫米/R20_CM4_stack_2_M2_front_washer.stl,9ffd89723bb36da72c1a8406c3021279413ebffe5f97e68be0636ea5ded76107,,
R20_CM4_stack_2_M2_rear_washer,jaw_soft,nominal_purchased_hardware,A2 stainless purchased nominal reference,False,参考/器件外包络：按原器件BOM采购，不按外形体积制件或计重,work/r20-walking-fix/head_mount/head_mount_delta.json,work/r20-walking-fix/head_mount/CAD/STEP_毫米/R20_CM4_stack_2_M2_rear_washer.step,,work/r20-walking-fix/head_mount/CAD/STL_装配坐标_毫米/R20_CM4_stack_2_M2_rear_washer.stl,c473eaa50882cbd8cbf6262c299cf7ec7da17df4e37e2a7020dc6ca0ffbc901a,,
R20_CM4_stack_2_M2_nut,jaw_soft,nominal_purchased_hardware,A2 stainless purchased nominal reference,False,参考/器件外包络：按原器件BOM采购，不按外形体积制件或计重,work/r20-walking-fix/head_mount/head_mount_delta.json,work/r20-walking-fix/head_mount/CAD/STEP_毫米/R20_CM4_stack_2_M2_nut.step,,work/r20-walking-fix/head_mount/CAD/STL_装配坐标_毫米/R20_CM4_stack_2_M2_nut.stl,2982cd52b745ded4b8911d1a737b7a6c3893855f8648ac8a0beaac412551f839,,
R20_CM4_stack_3_M2_screw,jaw_soft,nominal_purchased_hardware,A2 stainless purchased nominal reference,False,参考/器件外包络：按原器件BOM采购，不按外形体积制件或计重,work/r20-walking-fix/head_mount/head_mount_delta.json,work/r20-walking-fix/head_mount/CAD/STEP_毫米/R20_CM4_stack_3_M2_screw.step,,work/r20-walking-fix/head_mount/CAD/STL_装配坐标_毫米/R20_CM4_stack_3_M2_screw.stl,1c1a53a5fd251efecae59ae4450f8c97ff0540f2b601160fc9f66879548f1c18,,
R20_CM4_stack_3_M2_front_washer,jaw_soft,nominal_purchased_hardware,A2 stainless purchased nominal reference,False,参考/器件外包络：按原器件BOM采购，不按外形体积制件或计重,work/r20-walking-fix/head_mount/head_mount_delta.json,work/r20-walking-fix/head_mount/CAD/STEP_毫米/R20_CM4_stack_3_M2_front_washer.step,,work/r20-walking-fix/head_mount/CAD/STL_装配坐标_毫米/R20_CM4_stack_3_M2_front_washer.stl,03f91e2ac93750cc78c127b10a39c5a2b93f1fe92e8b89a47e292da19adbfc21,,
R20_CM4_stack_3_M2_rear_washer,jaw_soft,nominal_purchased_hardware,A2 stainless purchased nominal reference,False,参考/器件外包络：按原器件BOM采购，不按外形体积制件或计重,work/r20-walking-fix/head_mount/head_mount_delta.json,work/r20-walking-fix/head_mount/CAD/STEP_毫米/R20_CM4_stack_3_M2_rear_washer.step,,work/r20-walking-fix/head_mount/CAD/STL_装配坐标_毫米/R20_CM4_stack_3_M2_rear_washer.stl,ccbdcee1951cf07c243632dbceafef8c3ee51da6d299110dc68ccd67630d27a4,,
R20_CM4_stack_3_M2_nut,jaw_soft,nominal_purchased_hardware,A2 stainless purchased nominal reference,False,参考/器件外包络：按原器件BOM采购，不按外形体积制件或计重,work/r20-walking-fix/head_mount/head_mount_delta.json,work/r20-walking-fix/head_mount/CAD/STEP_毫米/R20_CM4_stack_3_M2_nut.step,,work/r20-walking-fix/head_mount/CAD/STL_装配坐标_毫米/R20_CM4_stack_3_M2_nut.stl,7c19f8a971a27e7124327092e634c292a344bd171c1a281894eb82c5fdb27d24,,
R20_CM4_stack_4_M2_screw,jaw_soft,nominal_purchased_hardware,A2 stainless purchased nominal reference,False,参考/器件外包络：按原器件BOM采购，不按外形体积制件或计重,work/r20-walking-fix/head_mount/head_mount_delta.json,work/r20-walking-fix/head_mount/CAD/STEP_毫米/R20_CM4_stack_4_M2_screw.step,,work/r20-walking-fix/head_mount/CAD/STL_装配坐标_毫米/R20_CM4_stack_4_M2_screw.stl,dfd028b74bc9a25b40d3f1312056bd4543fc16336ca2337da62ac7573b08591e,,
R20_CM4_stack_4_M2_front_washer,jaw_soft,nominal_purchased_hardware,A2 stainless purchased nominal reference,False,参考/器件外包络：按原器件BOM采购，不按外形体积制件或计重,work/r20-walking-fix/head_mount/head_mount_delta.json,work/r20-walking-fix/head_mount/CAD/STEP_毫米/R20_CM4_stack_4_M2_front_washer.step,,work/r20-walking-fix/head_mount/CAD/STL_装配坐标_毫米/R20_CM4_stack_4_M2_front_washer.stl,81e6b5de11e36c7d77645c40b11f13596b50ce5f09339cd776102face428799e,,
R20_CM4_stack_4_M2_rear_washer,jaw_soft,nominal_purchased_hardware,A2 stainless purchased nominal reference,False,参考/器件外包络：按原器件BOM采购，不按外形体积制件或计重,work/r20-walking-fix/head_mount/head_mount_delta.json,work/r20-walking-fix/head_mount/CAD/STEP_毫米/R20_CM4_stack_4_M2_rear_washer.step,,work/r20-walking-fix/head_mount/CAD/STL_装配坐标_毫米/R20_CM4_stack_4_M2_rear_washer.stl,c422af54a9b2d575af122957049ea8e356ac402900f0ffa4a42a7fa78adfbb32,,
R20_CM4_stack_4_M2_nut,jaw_soft,nominal_purchased_hardware,A2 stainless purchased nominal reference,False,参考/器件外包络：按原器件BOM采购，不按外形体积制件或计重,work/r20-walking-fix/head_mount/head_mount_delta.json,work/r20-walking-fix/head_mount/CAD/STEP_毫米/R20_CM4_stack_4_M2_nut.step,,work/r20-walking-fix/head_mount/CAD/STL_装配坐标_毫米/R20_CM4_stack_4_M2_nut.stl,b7f89b5cf1cc0b2711f364a68a3a75b219003911487e8486746b01dd4e693d4e,,
R20_CM4_foot_1_M2p5_screw,jaw_soft,nominal_purchased_hardware,A2 stainless purchased nominal reference,False,参考/器件外包络：按原器件BOM采购，不按外形体积制件或计重,work/r20-walking-fix/head_mount/head_mount_delta.json,work/r20-walking-fix/head_mount/CAD/STEP_毫米/R20_CM4_foot_1_M2p5_screw.step,,work/r20-walking-fix/head_mount/CAD/STL_装配坐标_毫米/R20_CM4_foot_1_M2p5_screw.stl,e615bca77038fdf68b0075d69df61d10472859e442c32ceddf43abb5d37d1720,,
R20_CM4_foot_1_M2p5_top_washer,jaw_soft,nominal_purchased_hardware,A2 stainless purchased nominal reference,False,参考/器件外包络：按原器件BOM采购，不按外形体积制件或计重,work/r20-walking-fix/head_mount/head_mount_delta.json,work/r20-walking-fix/head_mount/CAD/STEP_毫米/R20_CM4_foot_1_M2p5_top_washer.step,,work/r20-walking-fix/head_mount/CAD/STL_装配坐标_毫米/R20_CM4_foot_1_M2p5_top_washer.stl,e9d9f9bb490c0a0d5402df9e7705847c1cdcc8e5e5c372f63ed7fd17f2e3ea7c,,
R20_CM4_foot_1_M2p5_nut,jaw_soft,nominal_purchased_hardware,A2 stainless purchased nominal reference,False,参考/器件外包络：按原器件BOM采购，不按外形体积制件或计重,work/r20-walking-fix/head_mount/head_mount_delta.json,work/r20-walking-fix/head_mount/CAD/STEP_毫米/R20_CM4_foot_1_M2p5_nut.step,,work/r20-walking-fix/head_mount/CAD/STL_装配坐标_毫米/R20_CM4_foot_1_M2p5_nut.stl,73f9ddb612d718eceb5b8c2a81a1cd76352c71e26baf60708f8118c65a9bcfe6,,
R20_CM4_foot_2_M2p5_screw,jaw_soft,nominal_purchased_hardware,A2 stainless purchased nominal reference,False,参考/器件外包络：按原器件BOM采购，不按外形体积制件或计重,work/r20-walking-fix/head_mount/head_mount_delta.json,work/r20-walking-fix/head_mount/CAD/STEP_毫米/R20_CM4_foot_2_M2p5_screw.step,,work/r20-walking-fix/head_mount/CAD/STL_装配坐标_毫米/R20_CM4_foot_2_M2p5_screw.stl,b488e2417726cd5c61cb57bae1784f3b084dff96c9df7d8de64ae71d6503149f,,
R20_CM4_foot_2_M2p5_top_washer,jaw_soft,nominal_purchased_hardware,A2 stainless purchased nominal reference,False,参考/器件外包络：按原器件BOM采购，不按外形体积制件或计重,work/r20-walking-fix/head_mount/head_mount_delta.json,work/r20-walking-fix/head_mount/CAD/STEP_毫米/R20_CM4_foot_2_M2p5_top_washer.step,,work/r20-walking-fix/head_mount/CAD/STL_装配坐标_毫米/R20_CM4_foot_2_M2p5_top_washer.stl,a46ffb97914ead5906101aa7c95eb3dcbb2345897ec6ec5e72647d8d3dbbe4c6,,
R20_CM4_foot_2_M2p5_nut,jaw_soft,nominal_purchased_hardware,A2 stainless purchased nominal reference,False,参考/器件外包络：按原器件BOM采购，不按外形体积制件或计重,work/r20-walking-fix/head_mount/head_mount_delta.json,work/r20-walking-fix/head_mount/CAD/STEP_毫米/R20_CM4_foot_2_M2p5_nut.step,,work/r20-walking-fix/head_mount/CAD/STL_装配坐标_毫米/R20_CM4_foot_2_M2p5_nut.stl,b16f3f7dc9dd2d8407d826c55d80b5a134cec495b796679e39ec3b80f6ccc167,,
R20_CM4_foot_3_M2p5_nut,jaw_soft,nominal_purchased_hardware,A2 stainless purchased nominal reference,False,参考/器件外包络：按原器件BOM采购，不按外形体积制件或计重,work/r20-walking-fix/head_mount/head_mount_delta.json,work/r20-walking-fix/head_mount/CAD/STEP_毫米/R20_CM4_foot_3_M2p5_nut.step,,work/r20-walking-fix/head_mount/CAD/STL_装配坐标_毫米/R20_CM4_foot_3_M2p5_nut.stl,f2c058a48fd4a0f68739f682941989cd8e65800f77651a417e53b3a292659963,,
R20_CM4_foot_4_M2p5_nut,jaw_soft,nominal_purchased_hardware,A2 stainless purchased nominal reference,False,参考/器件外包络：按原器件BOM采购，不按外形体积制件或计重,work/r20-walking-fix/head_mount/head_mount_delta.json,work/r20-walking-fix/head_mount/CAD/STEP_毫米/R20_CM4_foot_4_M2p5_nut.step,,work/r20-walking-fix/head_mount/CAD/STL_装配坐标_毫米/R20_CM4_foot_4_M2p5_nut.stl,ea6c2f88526a7548ab0e2ebf6070617f7ffc3d43b6071acb64e68cae21b80223,,
R20_CM4carrier_PCB_existing_NPTH_geometry,jaw_soft,source_derived_existing_PCB_NPTH_material,Existing 1.6mm PCB; source-derived representation only,False,按本件源CAD与材料/工艺合同评审,work/r20-walking-fix/head_mount/head_mount_delta.json,work/r20-walking-fix/head_mount/board_representation/STEP_毫米/R20_CM4carrier_PCB_existing_NPTH_geometry.step,,work/r20-walking-fix/head_mount/board_representation/STL_装配坐标_毫米/R20_CM4carrier_PCB_existing_NPTH_geometry.stl,6c2e8abd17a88257f163a1e686c070809fc6e974ab2a8f898ff44b4ca3d60ab6,,
R22_Entry_H1_PEEK_5mm,jaw_soft,沿用部件,unfilled PEEK,False,按本件源CAD与材料/工艺合同评审,,work/r22-compact-power/mechanics/entry_mount/STEP_毫米/R22_Entry_H1_PEEK_5mm.step,,work/r22-compact-power/mechanics/entry_mount/STL_装配坐标_毫米/R22_Entry_H1_PEEK_5mm.stl,1fbb511b2ec6d72d247b846236a9debcce6e5299cc6c863ddf80d2000953ea07,,5mm spacer between PCB rear and metal frame; max2.7mm rear components leave nominal2.3mm gap where frame overlaps.
R22_Entry_H1_M2x10,jaw_soft,沿用部件,A2 steel nominal purchase geometry,False,参考/器件外包络：按原器件BOM采购，不按外形体积制件或计重,,work/r22-compact-power/mechanics/entry_mount/STEP_毫米/R22_Entry_H1_M2x10.step,,work/r22-compact-power/mechanics/entry_mount/STL_装配坐标_毫米/R22_Entry_H1_M2x10.stl,2d8b1ae40389dbced7a32db35cc8556319cafa4d93a4e3e89335de6e842b08c8,,"Nominal shank/head only, socket cavity and thread helix omitted; 3.1mm insertion into 3mm frame yields0.1mm nominal tip. Head underside at-9.9, washer0.3, PCB1.6, PEEK5."
R22_Entry_H1_washer,jaw_soft,沿用部件,A2 steel nominal purchase geometry,False,参考/器件外包络：按原器件BOM采购，不按外形体积制件或计重,,work/r22-compact-power/mechanics/entry_mount/STEP_毫米/R22_Entry_H1_washer.step,,work/r22-compact-power/mechanics/entry_mount/STL_装配坐标_毫米/R22_Entry_H1_washer.stl,972caa70b927976f1b33d728a56e03ac7d55378e4398d2e95c9febbfa3032ba1,,M2 washer OD4.3 ID2.2 t0.3 nominal
R22_Entry_H2_PEEK_5mm,jaw_soft,沿用部件,unfilled PEEK,False,按本件源CAD与材料/工艺合同评审,,work/r22-compact-power/mechanics/entry_mount/STEP_毫米/R22_Entry_H2_PEEK_5mm.step,,work/r22-compact-power/mechanics/entry_mount/STL_装配坐标_毫米/R22_Entry_H2_PEEK_5mm.stl,c0589cf0c5b5530ddb674befd139327dece8da1ff6a0aa06165f6bc76ccd7992,,5mm spacer between PCB rear and metal frame; max2.7mm rear components leave nominal2.3mm gap where frame overlaps.
R22_Entry_H2_M2x10,jaw_soft,沿用部件,A2 steel nominal purchase geometry,False,参考/器件外包络：按原器件BOM采购，不按外形体积制件或计重,,work/r22-compact-power/mechanics/entry_mount/STEP_毫米/R22_Entry_H2_M2x10.step,,work/r22-compact-power/mechanics/entry_mount/STL_装配坐标_毫米/R22_Entry_H2_M2x10.stl,99e633cc9cdc57ab1d79982c2c53c2746f267c29b4ce72e5a512d07b7ccd21c5,,"Nominal shank/head only, socket cavity and thread helix omitted; 3.1mm insertion into 3mm frame yields0.1mm nominal tip. Head underside at-9.9, washer0.3, PCB1.6, PEEK5."
R22_Entry_H2_washer,jaw_soft,沿用部件,A2 steel nominal purchase geometry,False,参考/器件外包络：按原器件BOM采购，不按外形体积制件或计重,,work/r22-compact-power/mechanics/entry_mount/STEP_毫米/R22_Entry_H2_washer.step,,work/r22-compact-power/mechanics/entry_mount/STL_装配坐标_毫米/R22_Entry_H2_washer.stl,e0c6762fbe6f55a02c8d3f7cd8000e7863fb37da76071a5f949004fa5126db7c,,M2 washer OD4.3 ID2.2 t0.3 nominal
R22_Entry_H3_PEEK_5mm,jaw_soft,沿用部件,unfilled PEEK,False,按本件源CAD与材料/工艺合同评审,,work/r22-compact-power/mechanics/entry_mount/STEP_毫米/R22_Entry_H3_PEEK_5mm.step,,work/r22-compact-power/mechanics/entry_mount/STL_装配坐标_毫米/R22_Entry_H3_PEEK_5mm.stl,6c864dce0a4639b25686f03aa527c793f31343e4723059ddd61c23d9cd00ea07,,5mm spacer between PCB rear and metal frame; max2.7mm rear components leave nominal2.3mm gap where frame overlaps.
R22_Entry_H3_M2x10,jaw_soft,沿用部件,A2 steel nominal purchase geometry,False,参考/器件外包络：按原器件BOM采购，不按外形体积制件或计重,,work/r22-compact-power/mechanics/entry_mount/STEP_毫米/R22_Entry_H3_M2x10.step,,work/r22-compact-power/mechanics/entry_mount/STL_装配坐标_毫米/R22_Entry_H3_M2x10.stl,736894d19ec0f2b9a280a08c344ed1f3145bb698c2ac0a408eab26bb91da95af,,"Nominal shank/head only, socket cavity and thread helix omitted; 3.1mm insertion into 3mm frame yields0.1mm nominal tip. Head underside at-9.9, washer0.3, PCB1.6, PEEK5."
R22_Entry_H3_washer,jaw_soft,沿用部件,A2 steel nominal purchase geometry,False,参考/器件外包络：按原器件BOM采购，不按外形体积制件或计重,,work/r22-compact-power/mechanics/entry_mount/STEP_毫米/R22_Entry_H3_washer.step,,work/r22-compact-power/mechanics/entry_mount/STL_装配坐标_毫米/R22_Entry_H3_washer.stl,9f6f69a37f5dff3399e6fa203583071817dcd581b9403d99bbcb4ab55ce7f3d3,,M2 washer OD4.3 ID2.2 t0.3 nominal
R22_Entry_H4_PEEK_5mm,jaw_soft,沿用部件,unfilled PEEK,False,按本件源CAD与材料/工艺合同评审,,work/r22-compact-power/mechanics/entry_mount/STEP_毫米/R22_Entry_H4_PEEK_5mm.step,,work/r22-compact-power/mechanics/entry_mount/STL_装配坐标_毫米/R22_Entry_H4_PEEK_5mm.stl,f9244e079e51f0cb91fb1263b0f6bba85453caea3c06f49c9d6906070b5f02c7,,5mm spacer between PCB rear and metal frame; max2.7mm rear components leave nominal2.3mm gap where frame overlaps.
R22_Entry_H4_M2x10,jaw_soft,沿用部件,A2 steel nominal purchase geometry,False,参考/器件外包络：按原器件BOM采购，不按外形体积制件或计重,,work/r22-compact-power/mechanics/entry_mount/STEP_毫米/R22_Entry_H4_M2x10.step,,work/r22-compact-power/mechanics/entry_mount/STL_装配坐标_毫米/R22_Entry_H4_M2x10.stl,5fa7b0f23e622272f93f8162c83ae166dbab8c027edc015b1452d5a4d23827eb,,"Nominal shank/head only, socket cavity and thread helix omitted; 3.1mm insertion into 3mm frame yields0.1mm nominal tip. Head underside at-9.9, washer0.3, PCB1.6, PEEK5."
R22_Entry_H4_washer,jaw_soft,沿用部件,A2 steel nominal purchase geometry,False,参考/器件外包络：按原器件BOM采购，不按外形体积制件或计重,,work/r22-compact-power/mechanics/entry_mount/STEP_毫米/R22_Entry_H4_washer.step,,work/r22-compact-power/mechanics/entry_mount/STL_装配坐标_毫米/R22_Entry_H4_washer.stl,c25c54a777f1e58ad291b76339804151ba065ee907ada987ca4499e62d281b7a,,M2 washer OD4.3 ID2.2 t0.3 nominal
R22_Entry_PCB_FINISHED,jaw_soft,pcb_substrate_reference,REFERENCE_ONLY_NO_CAD_MASS,False,参考/器件外包络：按原器件BOM采购，不按外形体积制件或计重,,work/r22-compact-power/mechanics/entry_reference/STEP_毫米/R22_Entry_PCB_FINISHED.step,,work/r22-compact-power/mechanics/entry_reference/STL_装配坐标_毫米/R22_Entry_PCB_FINISHED.stl,71ae04b6f18c5bab57855f17e49da8b8a520cc9fa2a8d58ba2956ad248dcb0c7,,Actual52x42 Edge.Cuts/1.6mm and footprint drilled holes. Via/copper/mask materials not modeled.
R22_Entry_C1_BODY,jaw_soft,component_reference,REFERENCE_ONLY_NO_CAD_MASS,False,参考/器件外包络：按原器件BOM采购，不按外形体积制件或计重,,work/r22-compact-power/mechanics/entry_reference/STEP_毫米/R22_Entry_C1_BODY.step,,work/r22-compact-power/mechanics/entry_reference/STL_装配坐标_毫米/R22_Entry_C1_BODY.stl,92c2a589b7bafdca1515237659c2eb15f43c53cab233d7909df56acf3a471ec1,,"Native Fab body plus each actual pad and terminal bridge XY extruded to declared full package height; conservative terminals, no empty courtyard corners counted as material."
R22_Entry_C10_BODY,jaw_soft,component_reference,REFERENCE_ONLY_NO_CAD_MASS,False,参考/器件外包络：按原器件BOM采购，不按外形体积制件或计重,,work/r22-compact-power/mechanics/entry_reference/STEP_毫米/R22_Entry_C10_BODY.step,,work/r22-compact-power/mechanics/entry_reference/STL_装配坐标_毫米/R22_Entry_C10_BODY.stl,c179343dde0b2f8af6aa27e0ba4965d0568590f4e33a0707175cd53b83b0980e,,"Native Fab body plus each actual pad and terminal bridge XY extruded to declared full package height; conservative terminals, no empty courtyard corners counted as material."
R22_Entry_C11_BODY,jaw_soft,component_reference,REFERENCE_ONLY_NO_CAD_MASS,False,参考/器件外包络：按原器件BOM采购，不按外形体积制件或计重,,work/r22-compact-power/mechanics/entry_reference/STEP_毫米/R22_Entry_C11_BODY.step,,work/r22-compact-power/mechanics/entry_reference/STL_装配坐标_毫米/R22_Entry_C11_BODY.stl,bb98baf6671e951cbb26c2512d96fd02740185151869ff9d37e379ce01d636fe,,"Manufacturer maximum cylinder transformed from source coordinates; height uses length_max_mm, not shorter historical generic height."
R22_Entry_C12_BODY,jaw_soft,component_reference,REFERENCE_ONLY_NO_CAD_MASS,False,参考/器件外包络：按原器件BOM采购，不按外形体积制件或计重,,work/r22-compact-power/mechanics/entry_reference/STEP_毫米/R22_Entry_C12_BODY.step,,work/r22-compact-power/mechanics/entry_reference/STL_装配坐标_毫米/R22_Entry_C12_BODY.stl,fe4d716f02476342600bf2d545a8e84d6adb302c94b3a01e9acedf12ae11866f,,"Native Fab body plus each actual pad and terminal bridge XY extruded to declared full package height; conservative terminals, no empty courtyard corners counted as material."
R22_Entry_C13_BODY,jaw_soft,component_reference,REFERENCE_ONLY_NO_CAD_MASS,False,参考/器件外包络：按原器件BOM采购，不按外形体积制件或计重,,work/r22-compact-power/mechanics/entry_reference/STEP_毫米/R22_Entry_C13_BODY.step,,work/r22-compact-power/mechanics/entry_reference/STL_装配坐标_毫米/R22_Entry_C13_BODY.stl,ae65274fd7eafa3ae0387898930ba517cdfc7d7f77f38e79b2e7735213456321,,"Native Fab body plus each actual pad and terminal bridge XY extruded to declared full package height; conservative terminals, no empty courtyard corners counted as material."
R22_Entry_C14_BODY,jaw_soft,component_reference,REFERENCE_ONLY_NO_CAD_MASS,False,参考/器件外包络：按原器件BOM采购，不按外形体积制件或计重,,work/r22-compact-power/mechanics/entry_reference/STEP_毫米/R22_Entry_C14_BODY.step,,work/r22-compact-power/mechanics/entry_reference/STL_装配坐标_毫米/R22_Entry_C14_BODY.stl,4e818a21527a1b341f34e1da1516939537fef4e8ec4dc586dbbbd2bcb342ed83,,"Native Fab body plus each actual pad and terminal bridge XY extruded to declared full package height; conservative terminals, no empty courtyard corners counted as material."
R22_Entry_C15_BODY,jaw_soft,component_reference,REFERENCE_ONLY_NO_CAD_MASS,False,参考/器件外包络：按原器件BOM采购，不按外形体积制件或计重,,work/r22-compact-power/mechanics/entry_reference/STEP_毫米/R22_Entry_C15_BODY.step,,work/r22-compact-power/mechanics/entry_reference/STL_装配坐标_毫米/R22_Entry_C15_BODY.stl,a7ec2b631e0a3f2daf4237491171ffafebf8e2983ad4df3d6ac4c51a135e1c6f,,"Native Fab body plus each actual pad and terminal bridge XY extruded to declared full package height; conservative terminals, no empty courtyard corners counted as material."
R22_Entry_C16_BODY,jaw_soft,component_reference,REFERENCE_ONLY_NO_CAD_MASS,False,参考/器件外包络：按原器件BOM采购，不按外形体积制件或计重,,work/r22-compact-power/mechanics/entry_reference/STEP_毫米/R22_Entry_C16_BODY.step,,work/r22-compact-power/mechanics/entry_reference/STL_装配坐标_毫米/R22_Entry_C16_BODY.stl,16b388333c26c9eb04e2e96536243dccf06ce67eb0400a3353dddebf868083db,,"Native Fab body plus each actual pad and terminal bridge XY extruded to declared full package height; conservative terminals, no empty courtyard corners counted as material."
R22_Entry_C17_BODY,jaw_soft,component_reference,REFERENCE_ONLY_NO_CAD_MASS,False,参考/器件外包络：按原器件BOM采购，不按外形体积制件或计重,,work/r22-compact-power/mechanics/entry_reference/STEP_毫米/R22_Entry_C17_BODY.step,,work/r22-compact-power/mechanics/entry_reference/STL_装配坐标_毫米/R22_Entry_C17_BODY.stl,71dba302ed61a0eb8d2a40f9029a1122cc2aa4c1c50f3dac6163e3bb28e70af1,,"Native Fab body plus each actual pad and terminal bridge XY extruded to declared full package height; conservative terminals, no empty courtyard corners counted as material."
R22_Entry_C18_BODY,jaw_soft,component_reference,REFERENCE_ONLY_NO_CAD_MASS,False,参考/器件外包络：按原器件BOM采购，不按外形体积制件或计重,,work/r22-compact-power/mechanics/entry_reference/STEP_毫米/R22_Entry_C18_BODY.step,,work/r22-compact-power/mechanics/entry_reference/STL_装配坐标_毫米/R22_Entry_C18_BODY.stl,de3d53f21fc7e33a76d79dbee7dec19918436ddedb8d117a71849317b1c09e54,,"Manufacturer maximum cylinder transformed from source coordinates; height uses length_max_mm, not shorter historical generic height."
R22_Entry_C2_BODY,jaw_soft,component_reference,REFERENCE_ONLY_NO_CAD_MASS,False,参考/器件外包络：按原器件BOM采购，不按外形体积制件或计重,,work/r22-compact-power/mechanics/entry_reference/STEP_毫米/R22_Entry_C2_BODY.step,,work/r22-compact-power/mechanics/entry_reference/STL_装配坐标_毫米/R22_Entry_C2_BODY.stl,374714b66eb238f643a0c20e30810873e55cf043bdde50c5100dda987e3aa95c,,"Native Fab body plus each actual pad and terminal bridge XY extruded to declared full package height; conservative terminals, no empty courtyard corners counted as material."
R22_Entry_C3_BODY,jaw_soft,component_reference,REFERENCE_ONLY_NO_CAD_MASS,False,参考/器件外包络：按原器件BOM采购，不按外形体积制件或计重,,work/r22-compact-power/mechanics/entry_reference/STEP_毫米/R22_Entry_C3_BODY.step,,work/r22-compact-power/mechanics/entry_reference/STL_装配坐标_毫米/R22_Entry_C3_BODY.stl,9900527904e2c469fa0bf4d09fffba2998b3e04226fd981e4fd88286a7a0ae95,,"Native Fab body plus each actual pad and terminal bridge XY extruded to declared full package height; conservative terminals, no empty courtyard corners counted as material."
R22_Entry_C4_BODY,jaw_soft,component_reference,REFERENCE_ONLY_NO_CAD_MASS,False,参考/器件外包络：按原器件BOM采购，不按外形体积制件或计重,,work/r22-compact-power/mechanics/entry_reference/STEP_毫米/R22_Entry_C4_BODY.step,,work/r22-compact-power/mechanics/entry_reference/STL_装配坐标_毫米/R22_Entry_C4_BODY.stl,23182560a38760cec437cd18fde0598c33b8afce42a3a4558e05d8e286d9473e,,"Native Fab body plus each actual pad and terminal bridge XY extruded to declared full package height; conservative terminals, no empty courtyard corners counted as material."
R22_Entry_C5_BODY,jaw_soft,component_reference,REFERENCE_ONLY_NO_CAD_MASS,False,参考/器件外包络：按原器件BOM采购，不按外形体积制件或计重,,work/r22-compact-power/mechanics/entry_reference/STEP_毫米/R22_Entry_C5_BODY.step,,work/r22-compact-power/mechanics/entry_reference/STL_装配坐标_毫米/R22_Entry_C5_BODY.stl,00d6f40d294644b3d545432de6a413f102e68b121e720ceadf3b96467a35804a,,"Native Fab body plus each actual pad and terminal bridge XY extruded to declared full package height; conservative terminals, no empty courtyard corners counted as material."
R22_Entry_C6_BODY,jaw_soft,component_reference,REFERENCE_ONLY_NO_CAD_MASS,False,参考/器件外包络：按原器件BOM采购，不按外形体积制件或计重,,work/r22-compact-power/mechanics/entry_reference/STEP_毫米/R22_Entry_C6_BODY.step,,work/r22-compact-power/mechanics/entry_reference/STL_装配坐标_毫米/R22_Entry_C6_BODY.stl,77540541dd0bd11598113850d5847c7ec94a3c79807a8e1862365557a0b28490,,"Native Fab body plus each actual pad and terminal bridge XY extruded to declared full package height; conservative terminals, no empty courtyard corners counted as material."
R22_Entry_C7_BODY,jaw_soft,component_reference,REFERENCE_ONLY_NO_CAD_MASS,False,参考/器件外包络：按原器件BOM采购，不按外形体积制件或计重,,work/r22-compact-power/mechanics/entry_reference/STEP_毫米/R22_Entry_C7_BODY.step,,work/r22-compact-power/mechanics/entry_reference/STL_装配坐标_毫米/R22_Entry_C7_BODY.stl,0dea99e6b60448850a5528b4cde2ad71e4b80cd1b0ffb75d9f6559cfce6d8c70,,"Native Fab body plus each actual pad and terminal bridge XY extruded to declared full package height; conservative terminals, no empty courtyard corners counted as material."
R22_Entry_C8_BODY,jaw_soft,component_reference,REFERENCE_ONLY_NO_CAD_MASS,False,参考/器件外包络：按原器件BOM采购，不按外形体积制件或计重,,work/r22-compact-power/mechanics/entry_reference/STEP_毫米/R22_Entry_C8_BODY.step,,work/r22-compact-power/mechanics/entry_reference/STL_装配坐标_毫米/R22_Entry_C8_BODY.stl,25a01320709073580b3d85e9b02d6b6ad58cf19509883aa8c3f0bf53124fb512,,"Native Fab body plus each actual pad and terminal bridge XY extruded to declared full package height; conservative terminals, no empty courtyard corners counted as material."
R22_Entry_C9_BODY,jaw_soft,component_reference,REFERENCE_ONLY_NO_CAD_MASS,False,参考/器件外包络：按原器件BOM采购，不按外形体积制件或计重,,work/r22-compact-power/mechanics/entry_reference/STEP_毫米/R22_Entry_C9_BODY.step,,work/r22-compact-power/mechanics/entry_reference/STL_装配坐标_毫米/R22_Entry_C9_BODY.stl,38bb2887540b62a614419f76fc44a5797e58f82ec0b09fd4b73575fd4e307522,,"Native Fab body plus each actual pad and terminal bridge XY extruded to declared full package height; conservative terminals, no empty courtyard corners counted as material."
R22_Entry_F1_BODY,jaw_soft,component_reference,REFERENCE_ONLY_NO_CAD_MASS,False,参考/器件外包络：按原器件BOM采购，不按外形体积制件或计重,,work/r22-compact-power/mechanics/entry_reference/STEP_毫米/R22_Entry_F1_BODY.step,,work/r22-compact-power/mechanics/entry_reference/STL_装配坐标_毫米/R22_Entry_F1_BODY.stl,909882f434753506ca95d192a1ffa0553ad1815b69d909347679567e66d2774e,,"Native Fab body plus each actual pad and terminal bridge XY extruded to declared full package height; conservative terminals, no empty courtyard corners counted as material."
R22_Entry_J1_BODY,jaw_soft,component_reference,REFERENCE_ONLY_NO_CAD_MASS,False,参考/器件外包络：按原器件BOM采购，不按外形体积制件或计重,,work/r22-compact-power/mechanics/entry_reference/STEP_毫米/R22_Entry_J1_BODY.step,,work/r22-compact-power/mechanics/entry_reference/STL_装配坐标_毫米/R22_Entry_J1_BODY.stl,f0ebdcda1bb4724b4b88a4408d829a985291efe3d9f905c6da68cd7f2f08a0e4,,"Native Fab body plus each actual pad and terminal bridge XY extruded to declared full package height; conservative terminals, no empty courtyard corners counted as material."
R22_Entry_J2_BODY,jaw_soft,component_reference,REFERENCE_ONLY_NO_CAD_MASS,False,参考/器件外包络：按原器件BOM采购，不按外形体积制件或计重,,work/r22-compact-power/mechanics/entry_reference/STEP_毫米/R22_Entry_J2_BODY.step,,work/r22-compact-power/mechanics/entry_reference/STL_装配坐标_毫米/R22_Entry_J2_BODY.stl,4f4ceb40bd8508b9d94b650971dce66da5a33e185d522f430ddc49d5d7b5d54b,,"Native Fab body plus each actual pad and terminal bridge XY extruded to declared full package height; conservative terminals, no empty courtyard corners counted as material."
R22_Entry_J3_BODY,jaw_soft,component_reference,REFERENCE_ONLY_NO_CAD_MASS,False,参考/器件外包络：按原器件BOM采购，不按外形体积制件或计重,,work/r22-compact-power/mechanics/entry_reference/STEP_毫米/R22_Entry_J3_BODY.step,,work/r22-compact-power/mechanics/entry_reference/STL_装配坐标_毫米/R22_Entry_J3_BODY.stl,5d2e8cde84e1f357d1914543894650a0ea48f743b3f4561863a4bdf734065a54,,"Replacement BM header: manufacturer4.25mm body, actual native pad/hold-down XY extruded conservatively. Old SM body/transform never reused."
R22_Entry_J4_BODY,jaw_soft,component_reference,REFERENCE_ONLY_NO_CAD_MASS,False,参考/器件外包络：按原器件BOM采购，不按外形体积制件或计重,,work/r22-compact-power/mechanics/entry_reference/STEP_毫米/R22_Entry_J4_BODY.step,,work/r22-compact-power/mechanics/entry_reference/STL_装配坐标_毫米/R22_Entry_J4_BODY.stl,48f90d65ffed69a25bf2e5a11b1052a88f780515463a8ef3205e7223e6b5dd20,,"Native Fab body plus each actual pad and terminal bridge XY extruded to declared full package height; conservative terminals, no empty courtyard corners counted as material."
R22_Entry_J5_BODY,jaw_soft,component_reference,REFERENCE_ONLY_NO_CAD_MASS,False,参考/器件外包络：按原器件BOM采购，不按外形体积制件或计重,,work/r22-compact-power/mechanics/entry_reference/STEP_毫米/R22_Entry_J5_BODY.step,,work/r22-compact-power/mechanics/entry_reference/STL_装配坐标_毫米/R22_Entry_J5_BODY.stl,168b307301d7eeb4b366d90c1f82f2824f3aa2e75378d71f8998576818af5a5d,,"Replacement BM header: manufacturer4.25mm body, actual native pad/hold-down XY extruded conservatively. Old SM body/transform never reused."
R22_Entry_J6_BODY,jaw_soft,component_reference,REFERENCE_ONLY_NO_CAD_MASS,False,参考/器件外包络：按原器件BOM采购，不按外形体积制件或计重,,work/r22-compact-power/mechanics/entry_reference/STEP_毫米/R22_Entry_J6_BODY.step,,work/r22-compact-power/mechanics/entry_reference/STL_装配坐标_毫米/R22_Entry_J6_BODY.stl,ecef961c4fe9183a07075b545563110b281702820d282538359d2b0ccfa2e6cc,,"Replacement BM header: manufacturer4.25mm body, actual native pad/hold-down XY extruded conservatively. Old SM body/transform never reused."
R22_Entry_J7_BODY,jaw_soft,component_reference,REFERENCE_ONLY_NO_CAD_MASS,False,参考/器件外包络：按原器件BOM采购，不按外形体积制件或计重,,work/r22-compact-power/mechanics/entry_reference/STEP_毫米/R22_Entry_J7_BODY.step,,work/r22-compact-power/mechanics/entry_reference/STL_装配坐标_毫米/R22_Entry_J7_BODY.stl,1bb40d42ed9279c94a31ccd58f49cb6d7aae21320dc66e83a93a02dffb9567ee,,"Replacement BM header: manufacturer4.25mm body, actual native pad/hold-down XY extruded conservatively. Old SM body/transform never reused."
R22_Entry_J8_BODY,jaw_soft,component_reference,REFERENCE_ONLY_NO_CAD_MASS,False,参考/器件外包络：按原器件BOM采购，不按外形体积制件或计重,,work/r22-compact-power/mechanics/entry_reference/STEP_毫米/R22_Entry_J8_BODY.step,,work/r22-compact-power/mechanics/entry_reference/STL_装配坐标_毫米/R22_Entry_J8_BODY.stl,a33acde5f7afb2bb3871542b423c121a15dc7b5b57030e4bb00f159c6fae50ca,,"Replacement BM header: manufacturer4.25mm body, actual native pad/hold-down XY extruded conservatively. Old SM body/transform never reused."
R22_Entry_R1_BODY,jaw_soft,component_reference,REFERENCE_ONLY_NO_CAD_MASS,False,参考/器件外包络：按原器件BOM采购，不按外形体积制件或计重,,work/r22-compact-power/mechanics/entry_reference/STEP_毫米/R22_Entry_R1_BODY.step,,work/r22-compact-power/mechanics/entry_reference/STL_装配坐标_毫米/R22_Entry_R1_BODY.stl,f79daabf2c66829958cd5d62d9ffea41609994afce042d4deaf667309819254c,,"Native Fab body plus each actual pad and terminal bridge XY extruded to declared full package height; conservative terminals, no empty courtyard corners counted as material."
R22_Entry_R10_BODY,jaw_soft,component_reference,REFERENCE_ONLY_NO_CAD_MASS,False,参考/器件外包络：按原器件BOM采购，不按外形体积制件或计重,,work/r22-compact-power/mechanics/entry_reference/STEP_毫米/R22_Entry_R10_BODY.step,,work/r22-compact-power/mechanics/entry_reference/STL_装配坐标_毫米/R22_Entry_R10_BODY.stl,213e4f095befcc68d9746817336dfecbb71e0e1390d1635568985d15b42aa3f6,,"Native Fab body plus each actual pad and terminal bridge XY extruded to declared full package height; conservative terminals, no empty courtyard corners counted as material."
R22_Entry_R11_BODY,jaw_soft,component_reference,REFERENCE_ONLY_NO_CAD_MASS,False,参考/器件外包络：按原器件BOM采购，不按外形体积制件或计重,,work/r22-compact-power/mechanics/entry_reference/STEP_毫米/R22_Entry_R11_BODY.step,,work/r22-compact-power/mechanics/entry_reference/STL_装配坐标_毫米/R22_Entry_R11_BODY.stl,b1f7d80d3694c045fb45e8455054e557f7d33132a0af03e7663b81eeb77234bc,,"Native Fab body plus each actual pad and terminal bridge XY extruded to declared full package height; conservative terminals, no empty courtyard corners counted as material."
R22_Entry_R12_BODY,jaw_soft,component_reference,REFERENCE_ONLY_NO_CAD_MASS,False,参考/器件外包络：按原器件BOM采购，不按外形体积制件或计重,,work/r22-compact-power/mechanics/entry_reference/STEP_毫米/R22_Entry_R12_BODY.step,,work/r22-compact-power/mechanics/entry_reference/STL_装配坐标_毫米/R22_Entry_R12_BODY.stl,cf5629222260e7b8e8c5327d3025015bee641060992781087b57e8e1b3ee4d8c,,"Native Fab body plus each actual pad and terminal bridge XY extruded to declared full package height; conservative terminals, no empty courtyard corners counted as material."
R22_Entry_R13_BODY,jaw_soft,component_reference,REFERENCE_ONLY_NO_CAD_MASS,False,参考/器件外包络：按原器件BOM采购，不按外形体积制件或计重,,work/r22-compact-power/mechanics/entry_reference/STEP_毫米/R22_Entry_R13_BODY.step,,work/r22-compact-power/mechanics/entry_reference/STL_装配坐标_毫米/R22_Entry_R13_BODY.stl,7e9acc3af9feb5add93b3091c12f57c9edf05dd509fbf5a8c76d3fbe3c480e85,,"Native Fab body plus each actual pad and terminal bridge XY extruded to declared full package height; conservative terminals, no empty courtyard corners counted as material."
R22_Entry_R14_BODY,jaw_soft,component_reference,REFERENCE_ONLY_NO_CAD_MASS,False,参考/器件外包络：按原器件BOM采购，不按外形体积制件或计重,,work/r22-compact-power/mechanics/entry_reference/STEP_毫米/R22_Entry_R14_BODY.step,,work/r22-compact-power/mechanics/entry_reference/STL_装配坐标_毫米/R22_Entry_R14_BODY.stl,d81a5c9abd06fb8db22e265c973da7a317234ebed42028d9d1a6c56030d381b6,,"Native Fab body plus each actual pad and terminal bridge XY extruded to declared full package height; conservative terminals, no empty courtyard corners counted as material."
R22_Entry_R2_BODY,jaw_soft,component_reference,REFERENCE_ONLY_NO_CAD_MASS,False,参考/器件外包络：按原器件BOM采购，不按外形体积制件或计重,,work/r22-compact-power/mechanics/entry_reference/STEP_毫米/R22_Entry_R2_BODY.step,,work/r22-compact-power/mechanics/entry_reference/STL_装配坐标_毫米/R22_Entry_R2_BODY.stl,d8d3c591af74c4cc11b91b99f3eaeca0b668a133b66b327d994ffa39e2e7fe1a,,"Native Fab body plus each actual pad and terminal bridge XY extruded to declared full package height; conservative terminals, no empty courtyard corners counted as material."
R22_Entry_R3_BODY,jaw_soft,component_reference,REFERENCE_ONLY_NO_CAD_MASS,False,参考/器件外包络：按原器件BOM采购，不按外形体积制件或计重,,work/r22-compact-power/mechanics/entry_reference/STEP_毫米/R22_Entry_R3_BODY.step,,work/r22-compact-power/mechanics/entry_reference/STL_装配坐标_毫米/R22_Entry_R3_BODY.stl,e58b1d8e5dca05ddcbfa7c679aad33bf07f84d695e679e5eb14485c6d4d70d47,,"Native Fab body plus each actual pad and terminal bridge XY extruded to declared full package height; conservative terminals, no empty courtyard corners counted as material."
R22_Entry_R4_BODY,jaw_soft,component_reference,REFERENCE_ONLY_NO_CAD_MASS,False,参考/器件外包络：按原器件BOM采购，不按外形体积制件或计重,,work/r22-compact-power/mechanics/entry_reference/STEP_毫米/R22_Entry_R4_BODY.step,,work/r22-compact-power/mechanics/entry_reference/STL_装配坐标_毫米/R22_Entry_R4_BODY.stl,a01f9eea94250bef1a39e0d1741eb1875a768288784ebe0cfa0928370d08c162,,"Native Fab body plus each actual pad and terminal bridge XY extruded to declared full package height; conservative terminals, no empty courtyard corners counted as material."
R22_Entry_R5_BODY,jaw_soft,component_reference,REFERENCE_ONLY_NO_CAD_MASS,False,参考/器件外包络：按原器件BOM采购，不按外形体积制件或计重,,work/r22-compact-power/mechanics/entry_reference/STEP_毫米/R22_Entry_R5_BODY.step,,work/r22-compact-power/mechanics/entry_reference/STL_装配坐标_毫米/R22_Entry_R5_BODY.stl,44c53bd815a07f7f06c367f51cebcd13131a757c791fcb267bd7dda63701cf97,,"Native Fab body plus each actual pad and terminal bridge XY extruded to declared full package height; conservative terminals, no empty courtyard corners counted as material."
R22_Entry_R6_BODY,jaw_soft,component_reference,REFERENCE_ONLY_NO_CAD_MASS,False,参考/器件外包络：按原器件BOM采购，不按外形体积制件或计重,,work/r22-compact-power/mechanics/entry_reference/STEP_毫米/R22_Entry_R6_BODY.step,,work/r22-compact-power/mechanics/entry_reference/STL_装配坐标_毫米/R22_Entry_R6_BODY.stl,35153cf61f84529d8c53b698778b8eafdf31fcd5ca36168a6e6a31afb3a0eb66,,"Native Fab body plus each actual pad and terminal bridge XY extruded to declared full package height; conservative terminals, no empty courtyard corners counted as material."
R22_Entry_R7_BODY,jaw_soft,component_reference,REFERENCE_ONLY_NO_CAD_MASS,False,参考/器件外包络：按原器件BOM采购，不按外形体积制件或计重,,work/r22-compact-power/mechanics/entry_reference/STEP_毫米/R22_Entry_R7_BODY.step,,work/r22-compact-power/mechanics/entry_reference/STL_装配坐标_毫米/R22_Entry_R7_BODY.stl,2ebcbbc9aa7e0c21d85c4529196abc5f49de903b4bb62760dc14349a8e59b0de,,"Native Fab body plus each actual pad and terminal bridge XY extruded to declared full package height; conservative terminals, no empty courtyard corners counted as material."
R22_Entry_R8_BODY,jaw_soft,component_reference,REFERENCE_ONLY_NO_CAD_MASS,False,参考/器件外包络：按原器件BOM采购，不按外形体积制件或计重,,work/r22-compact-power/mechanics/entry_reference/STEP_毫米/R22_Entry_R8_BODY.step,,work/r22-compact-power/mechanics/entry_reference/STL_装配坐标_毫米/R22_Entry_R8_BODY.stl,18d5f3c72337c7e4472064915fc0e9ffa8a2f687d5db618136deb96fe20c84c5,,"Native Fab body plus each actual pad and terminal bridge XY extruded to declared full package height; conservative terminals, no empty courtyard corners counted as material."
R22_Entry_R9_BODY,jaw_soft,component_reference,REFERENCE_ONLY_NO_CAD_MASS,False,参考/器件外包络：按原器件BOM采购，不按外形体积制件或计重,,work/r22-compact-power/mechanics/entry_reference/STEP_毫米/R22_Entry_R9_BODY.step,,work/r22-compact-power/mechanics/entry_reference/STL_装配坐标_毫米/R22_Entry_R9_BODY.stl,bd230fd5c894af7d0a64ae66dea03c73080339e01e3df28d31bb6840778dd4c4,,"Native Fab body plus each actual pad and terminal bridge XY extruded to declared full package height; conservative terminals, no empty courtyard corners counted as material."
R22_Entry_RS1_BODY,jaw_soft,component_reference,REFERENCE_ONLY_NO_CAD_MASS,False,参考/器件外包络：按原器件BOM采购，不按外形体积制件或计重,,work/r22-compact-power/mechanics/entry_reference/STEP_毫米/R22_Entry_RS1_BODY.step,,work/r22-compact-power/mechanics/entry_reference/STL_装配坐标_毫米/R22_Entry_RS1_BODY.stl,700d26a1822bde5bdaa63e5280c357a9e2289b46bcbd8c542f210b8c87eaf0c3,,"Native Fab body plus each actual pad and terminal bridge XY extruded to declared full package height; conservative terminals, no empty courtyard corners counted as material."
R22_Entry_U1_BODY,jaw_soft,component_reference,REFERENCE_ONLY_NO_CAD_MASS,False,参考/器件外包络：按原器件BOM采购，不按外形体积制件或计重,,work/r22-compact-power/mechanics/entry_reference/STEP_毫米/R22_Entry_U1_BODY.step,,work/r22-compact-power/mechanics/entry_reference/STL_装配坐标_毫米/R22_Entry_U1_BODY.stl,213f2c88dfe422f51bdd2cfee1ce6bbbb08b0fffd9608de7044c8355dc6e6202,,"Native Fab body plus each actual pad and terminal bridge XY extruded to declared full package height; conservative terminals, no empty courtyard corners counted as material."
R22_Entry_U2_BODY,jaw_soft,component_reference,REFERENCE_ONLY_NO_CAD_MASS,False,参考/器件外包络：按原器件BOM采购，不按外形体积制件或计重,,work/r22-compact-power/mechanics/entry_reference/STEP_毫米/R22_Entry_U2_BODY.step,,work/r22-compact-power/mechanics/entry_reference/STL_装配坐标_毫米/R22_Entry_U2_BODY.stl,4f20810d06a45ebb5f74391195f954a5be3e5c8f96516c83062ce364af131a7e,,"Native Fab body plus each actual pad and terminal bridge XY extruded to declared full package height; conservative terminals, no empty courtyard corners counted as material."
R22_Entry_U3_BODY,jaw_soft,component_reference,REFERENCE_ONLY_NO_CAD_MASS,False,参考/器件外包络：按原器件BOM采购，不按外形体积制件或计重,,work/r22-compact-power/mechanics/entry_reference/STEP_毫米/R22_Entry_U3_BODY.step,,work/r22-compact-power/mechanics/entry_reference/STL_装配坐标_毫米/R22_Entry_U3_BODY.stl,6d4fd585684a2ed7accb65654bb33a1c3233b795dd6481139ee98c8d74f8f2e9,,"Native Fab body plus each actual pad and terminal bridge XY extruded to declared full package height; conservative terminals, no empty courtyard corners counted as material."
R22_Entry_U4_BODY,jaw_soft,component_reference,REFERENCE_ONLY_NO_CAD_MASS,False,参考/器件外包络：按原器件BOM采购，不按外形体积制件或计重,,work/r22-compact-power/mechanics/entry_reference/STEP_毫米/R22_Entry_U4_BODY.step,,work/r22-compact-power/mechanics/entry_reference/STL_装配坐标_毫米/R22_Entry_U4_BODY.stl,0fa551cf004fb8d778e93062277611cdebd395b2366f03c2ca4f3c2691ee5e5b,,"Native Fab body plus each actual pad and terminal bridge XY extruded to declared full package height; conservative terminals, no empty courtyard corners counted as material."
R22_Entry_J5_MATED,jaw_soft,mating_union_budget,REFERENCE_ONLY_NO_CAD_MASS,False,参考/器件外包络：按原器件BOM采购，不按外形体积制件或计重,,work/r22-compact-power/mechanics/entry_reference/STEP_毫米/R22_Entry_J5_MATED.step,,work/r22-compact-power/mechanics/entry_reference/STL_装配坐标_毫米/R22_Entry_J5_MATED.stl,0d1efd552806d550ff6a5d0e58dd60149e4c7ddc944dc8dfda2c765cf7bb3b96,,"Header plus engaged mating plug conservative union; same physical connector as BODY, not extra mass."
R22_Entry_J7_MATED,jaw_soft,mating_union_budget,REFERENCE_ONLY_NO_CAD_MASS,False,参考/器件外包络：按原器件BOM采购，不按外形体积制件或计重,,work/r22-compact-power/mechanics/entry_reference/STEP_毫米/R22_Entry_J7_MATED.step,,work/r22-compact-power/mechanics/entry_reference/STL_装配坐标_毫米/R22_Entry_J7_MATED.stl,17c9c88f4699178cb469727d7702d5395037fa835c057b484b5cc4b003df23b9,,"Header plus engaged mating plug conservative union; same physical connector as BODY, not extra mass."
R22_Entry_J8_MATED,jaw_soft,mating_union_budget,REFERENCE_ONLY_NO_CAD_MASS,False,参考/器件外包络：按原器件BOM采购，不按外形体积制件或计重,,work/r22-compact-power/mechanics/entry_reference/STEP_毫米/R22_Entry_J8_MATED.step,,work/r22-compact-power/mechanics/entry_reference/STL_装配坐标_毫米/R22_Entry_J8_MATED.stl,7bc7fc1e0dadeec5d1f72177c2c38a56814db4cb3e5a2bbd0deca01ee5b79889,,"Header plus engaged mating plug conservative union; same physical connector as BODY, not extra mass."
R22_Entry_J3_MATED,jaw_soft,mating_union_budget,REFERENCE_ONLY_NO_CAD_MASS,False,参考/器件外包络：按原器件BOM采购，不按外形体积制件或计重,,work/r22-compact-power/mechanics/entry_reference/STEP_毫米/R22_Entry_J3_MATED.step,,work/r22-compact-power/mechanics/entry_reference/STL_装配坐标_毫米/R22_Entry_J3_MATED.stl,5194656b2b1aca335234bc3c82d62fc7a4eb4c5ecdfca5e543ff6b5460e284d9,,"Header plus engaged mating plug conservative union; same physical connector as BODY, not extra mass."
R22_Entry_J1_MATED,jaw_soft,mating_union_budget,REFERENCE_ONLY_NO_CAD_MASS,False,参考/器件外包络：按原器件BOM采购，不按外形体积制件或计重,,work/r22-compact-power/mechanics/entry_reference/STEP_毫米/R22_Entry_J1_MATED.step,,work/r22-compact-power/mechanics/entry_reference/STL_装配坐标_毫米/R22_Entry_J1_MATED.stl,987b05b6842ab22689525d1857691904dc9835ba6fdfe4fbe923f2fddf79ea55,,"Header plus engaged mating plug conservative union; same physical connector as BODY, not extra mass."
R22_Entry_J2_MATED,jaw_soft,mating_union_budget,REFERENCE_ONLY_NO_CAD_MASS,False,参考/器件外包络：按原器件BOM采购，不按外形体积制件或计重,,work/r22-compact-power/mechanics/entry_reference/STEP_毫米/R22_Entry_J2_MATED.step,,work/r22-compact-power/mechanics/entry_reference/STL_装配坐标_毫米/R22_Entry_J2_MATED.stl,603d9f3771166150da9f70c28f491209bb4ffdd28dc358caea315f78a1c22c4a,,"Header plus engaged mating plug conservative union; same physical connector as BODY, not extra mass."
R22_Entry_J4_MATED,jaw_soft,mating_union_budget,REFERENCE_ONLY_NO_CAD_MASS,False,参考/器件外包络：按原器件BOM采购，不按外形体积制件或计重,,work/r22-compact-power/mechanics/entry_reference/STEP_毫米/R22_Entry_J4_MATED.step,,work/r22-compact-power/mechanics/entry_reference/STL_装配坐标_毫米/R22_Entry_J4_MATED.stl,11e2b5083a828218f1010cce017b2ec69bda48ca8a9e4eb9a84e7e5210b46bf7,,"Header plus engaged mating plug conservative union; same physical connector as BODY, not extra mass."
R22_Entry_J6_MATED,jaw_soft,mating_union_budget,REFERENCE_ONLY_NO_CAD_MASS,False,参考/器件外包络：按原器件BOM采购，不按外形体积制件或计重,,work/r22-compact-power/mechanics/entry_reference/STEP_毫米/R22_Entry_J6_MATED.step,,work/r22-compact-power/mechanics/entry_reference/STL_装配坐标_毫米/R22_Entry_J6_MATED.stl,0cc42600df534d81f5d060a8da64b23c38e9012745e0f41c39738a59ad09a3e7,,"Header plus engaged mating plug conservative union; same physical connector as BODY, not extra mass."
R22_Entry_C18_1_BACK_LEAD,jaw_soft,trimmed_lead_budget,REFERENCE_ONLY_NO_CAD_MASS,False,参考/器件外包络：按原器件BOM采购，不按外形体积制件或计重,,work/r22-compact-power/mechanics/entry_reference/STEP_毫米/R22_Entry_C18_1_BACK_LEAD.step,,work/r22-compact-power/mechanics/entry_reference/STL_装配坐标_毫米/R22_Entry_C18_1_BACK_LEAD.stl,0dc7138421b00bbac942c772ac66dc43202c35bb66c027d83077dbd7af74edf1,,Actual new drill position and original supplier/process lead protrusion bound.
R22_Entry_C18_2_BACK_LEAD,jaw_soft,trimmed_lead_budget,REFERENCE_ONLY_NO_CAD_MASS,False,参考/器件外包络：按原器件BOM采购，不按外形体积制件或计重,,work/r22-compact-power/mechanics/entry_reference/STEP_毫米/R22_Entry_C18_2_BACK_LEAD.step,,work/r22-compact-power/mechanics/entry_reference/STL_装配坐标_毫米/R22_Entry_C18_2_BACK_LEAD.stl,82fa50a9aa6f33554c00fa24360317dac5c86fff4c747eb21b0d552d4b045227,,Actual new drill position and original supplier/process lead protrusion bound.
R22_Entry_C11_1_BACK_LEAD,jaw_soft,trimmed_lead_budget,REFERENCE_ONLY_NO_CAD_MASS,False,参考/器件外包络：按原器件BOM采购，不按外形体积制件或计重,,work/r22-compact-power/mechanics/entry_reference/STEP_毫米/R22_Entry_C11_1_BACK_LEAD.step,,work/r22-compact-power/mechanics/entry_reference/STL_装配坐标_毫米/R22_Entry_C11_1_BACK_LEAD.stl,cbd2026ad496b62b7cd1ecdc1046f1de0ad5caacc18534ff12ecc26663159d3e,,Actual new drill position and original supplier/process lead protrusion bound.
R22_Entry_C11_2_BACK_LEAD,jaw_soft,trimmed_lead_budget,REFERENCE_ONLY_NO_CAD_MASS,False,参考/器件外包络：按原器件BOM采购，不按外形体积制件或计重,,work/r22-compact-power/mechanics/entry_reference/STEP_毫米/R22_Entry_C11_2_BACK_LEAD.step,,work/r22-compact-power/mechanics/entry_reference/STL_装配坐标_毫米/R22_Entry_C11_2_BACK_LEAD.stl,4d94eadf256673b3490f973c23168ac285024e77f3d466b2cf0356ff6304d126,,Actual new drill position and original supplier/process lead protrusion bound.
R22_Power_PCB_FINISHED,trunk_base,pcb_substrate_reference,REFERENCE_ONLY_NO_CAD_MASS,False,参考/器件外包络：按原器件BOM采购，不按外形体积制件或计重,,work/r22-compact-power/mechanics/power_reference/STEP_毫米/R22_Power_PCB_FINISHED.step,,work/r22-compact-power/mechanics/power_reference/STL_装配坐标_毫米/R22_Power_PCB_FINISHED.stl,6b3c47fe5cc1b228cd4a785614c569a801f5e7328fbcba2ad8342a44ea8edf5f,,Actual4510mm² stepped Edge.Cuts and native drilled holes. No vias/copper/mask mass inferred from this solid.
R22_Power_C1_BODY,trunk_base,component_reference,REFERENCE_ONLY_NO_CAD_MASS,False,参考/器件外包络：按原器件BOM采购，不按外形体积制件或计重,,work/r22-compact-power/mechanics/power_reference/STEP_毫米/R22_Power_C1_BODY.step,,work/r22-compact-power/mechanics/power_reference/STL_装配坐标_毫米/R22_Power_C1_BODY.stl,cf53dc4e3989f1063e16a9398bdf24f30a66dea92cececb7b679845d482ea2ad,,Manufacturer maximum cylinder; C101 horizontal source MPN EEUFR1C222/16V unchanged.
R22_Power_C10_BODY,trunk_base,component_reference,REFERENCE_ONLY_NO_CAD_MASS,False,参考/器件外包络：按原器件BOM采购，不按外形体积制件或计重,,work/r22-compact-power/mechanics/power_reference/STEP_毫米/R22_Power_C10_BODY.step,,work/r22-compact-power/mechanics/power_reference/STL_装配坐标_毫米/R22_Power_C10_BODY.stl,cf315552cdcbd6d11820bda5c1395abd4a2b51b83f0fbde0b69c3d76ad15ac90,,Native Fab body plus individual pads and terminal bridges extruded to full package height; conservative terminal height without empty courtyard corners.
R22_Power_C101_BODY,trunk_base,component_reference,REFERENCE_ONLY_NO_CAD_MASS,False,参考/器件外包络：按原器件BOM采购，不按外形体积制件或计重,,work/r22-compact-power/mechanics/power_reference/STEP_毫米/R22_Power_C101_BODY.step,,work/r22-compact-power/mechanics/power_reference/STL_装配坐标_毫米/R22_Power_C101_BODY.stl,97b5b3a7d2cd15574ee0a11e5b40e268ef8ace33df0c1eb8264e6bb48b83fa1e,,Manufacturer maximum cylinder; C101 horizontal source MPN EEUFR1C222/16V unchanged.
R22_Power_C102_BODY,trunk_base,component_reference,REFERENCE_ONLY_NO_CAD_MASS,False,参考/器件外包络：按原器件BOM采购，不按外形体积制件或计重,,work/r22-compact-power/mechanics/power_reference/STEP_毫米/R22_Power_C102_BODY.step,,work/r22-compact-power/mechanics/power_reference/STL_装配坐标_毫米/R22_Power_C102_BODY.stl,84bb95fcbc9c11f19f0107052d0e9cd09823854a19da7dc00c344b1fc149150b,,Native Fab body plus individual pads and terminal bridges extruded to full package height; conservative terminal height without empty courtyard corners.
R22_Power_C103_BODY,trunk_base,component_reference,REFERENCE_ONLY_NO_CAD_MASS,False,参考/器件外包络：按原器件BOM采购，不按外形体积制件或计重,,work/r22-compact-power/mechanics/power_reference/STEP_毫米/R22_Power_C103_BODY.step,,work/r22-compact-power/mechanics/power_reference/STL_装配坐标_毫米/R22_Power_C103_BODY.stl,5e04eb2400c2f2efce30f4626881a3311d50a4465455eba361ffe205f8d0c857,,Native Fab body plus individual pads and terminal bridges extruded to full package height; conservative terminal height without empty courtyard corners.
R22_Power_C104_BODY,trunk_base,component_reference,REFERENCE_ONLY_NO_CAD_MASS,False,参考/器件外包络：按原器件BOM采购，不按外形体积制件或计重,,work/r22-compact-power/mechanics/power_reference/STEP_毫米/R22_Power_C104_BODY.step,,work/r22-compact-power/mechanics/power_reference/STL_装配坐标_毫米/R22_Power_C104_BODY.stl,a77a418e7c2b5fe1f2bed4ddb10218147dcbcc6c7ec25dbf8a5e2caf42638f5f,,Native Fab body plus individual pads and terminal bridges extruded to full package height; conservative terminal height without empty courtyard corners.
R22_Power_C105_BODY,trunk_base,component_reference,REFERENCE_ONLY_NO_CAD_MASS,False,参考/器件外包络：按原器件BOM采购，不按外形体积制件或计重,,work/r22-compact-power/mechanics/power_reference/STEP_毫米/R22_Power_C105_BODY.step,,work/r22-compact-power/mechanics/power_reference/STL_装配坐标_毫米/R22_Power_C105_BODY.stl,c0da7f0ca6d9bef2f6ead263b10d38aa3902776a93cb85848f3bbe3ce5cdc533,,Native Fab body plus individual pads and terminal bridges extruded to full package height; conservative terminal height without empty courtyard corners.
R22_Power_C106_BODY,trunk_base,component_reference,REFERENCE_ONLY_NO_CAD_MASS,False,参考/器件外包络：按原器件BOM采购，不按外形体积制件或计重,,work/r22-compact-power/mechanics/power_reference/STEP_毫米/R22_Power_C106_BODY.step,,work/r22-compact-power/mechanics/power_reference/STL_装配坐标_毫米/R22_Power_C106_BODY.stl,caa2ca81f0bcd8282cf67ef66806e4a89dfd7776342d708b2b0d45910ee8a90f,,Native Fab body plus individual pads and terminal bridges extruded to full package height; conservative terminal height without empty courtyard corners.
R22_Power_C107_BODY,trunk_base,component_reference,REFERENCE_ONLY_NO_CAD_MASS,False,参考/器件外包络：按原器件BOM采购，不按外形体积制件或计重,,work/r22-compact-power/mechanics/power_reference/STEP_毫米/R22_Power_C107_BODY.step,,work/r22-compact-power/mechanics/power_reference/STL_装配坐标_毫米/R22_Power_C107_BODY.stl,20a7c4789786a22bd676662c4bd4e8ef8b3ebea33f00063737ec3d6eaa8f276a,,Native Fab body plus individual pads and terminal bridges extruded to full package height; conservative terminal height without empty courtyard corners.
R22_Power_C108_BODY,trunk_base,component_reference,REFERENCE_ONLY_NO_CAD_MASS,False,参考/器件外包络：按原器件BOM采购，不按外形体积制件或计重,,work/r22-compact-power/mechanics/power_reference/STEP_毫米/R22_Power_C108_BODY.step,,work/r22-compact-power/mechanics/power_reference/STL_装配坐标_毫米/R22_Power_C108_BODY.stl,4043c1a1aac9eda87f5ce545471c9a3b09aab1f726b53ad1b59f1c0a257340f9,,Native Fab body plus individual pads and terminal bridges extruded to full package height; conservative terminal height without empty courtyard corners.
R22_Power_C109_BODY,trunk_base,component_reference,REFERENCE_ONLY_NO_CAD_MASS,False,参考/器件外包络：按原器件BOM采购，不按外形体积制件或计重,,work/r22-compact-power/mechanics/power_reference/STEP_毫米/R22_Power_C109_BODY.step,,work/r22-compact-power/mechanics/power_reference/STL_装配坐标_毫米/R22_Power_C109_BODY.stl,b4c19dbb29c535c0b6b92efd81a903da5b788801b82d8bf4c65847d3b1e95610,,Native Fab body plus individual pads and terminal bridges extruded to full package height; conservative terminal height without empty courtyard corners.
R22_Power_C11_BODY,trunk_base,component_reference,REFERENCE_ONLY_NO_CAD_MASS,False,参考/器件外包络：按原器件BOM采购，不按外形体积制件或计重,,work/r22-compact-power/mechanics/power_reference/STEP_毫米/R22_Power_C11_BODY.step,,work/r22-compact-power/mechanics/power_reference/STL_装配坐标_毫米/R22_Power_C11_BODY.stl,fd9003fcf65c6e02b3c99980804dc16b38f61673331b5485ee59a3c4a274df2f,,Native Fab body plus individual pads and terminal bridges extruded to full package height; conservative terminal height without empty courtyard corners.
R22_Power_C110_BODY,trunk_base,component_reference,REFERENCE_ONLY_NO_CAD_MASS,False,参考/器件外包络：按原器件BOM采购，不按外形体积制件或计重,,work/r22-compact-power/mechanics/power_reference/STEP_毫米/R22_Power_C110_BODY.step,,work/r22-compact-power/mechanics/power_reference/STL_装配坐标_毫米/R22_Power_C110_BODY.stl,08ea1dd5d052caaacd6175609187e68b03fd69d65f2a0e3b351691bb29feb216,,Native Fab body plus individual pads and terminal bridges extruded to full package height; conservative terminal height without empty courtyard corners.
R22_Power_C111_BODY,trunk_base,component_reference,REFERENCE_ONLY_NO_CAD_MASS,False,参考/器件外包络：按原器件BOM采购，不按外形体积制件或计重,,work/r22-compact-power/mechanics/power_reference/STEP_毫米/R22_Power_C111_BODY.step,,work/r22-compact-power/mechanics/power_reference/STL_装配坐标_毫米/R22_Power_C111_BODY.stl,5a624a0a910aadd5d421dc2dc1a554c620a24f4b08f49d62332f41a215b54b31,,Native Fab body plus individual pads and terminal bridges extruded to full package height; conservative terminal height without empty courtyard corners.
R22_Power_C112_BODY,trunk_base,component_reference,REFERENCE_ONLY_NO_CAD_MASS,False,参考/器件外包络：按原器件BOM采购，不按外形体积制件或计重,,work/r22-compact-power/mechanics/power_reference/STEP_毫米/R22_Power_C112_BODY.step,,work/r22-compact-power/mechanics/power_reference/STL_装配坐标_毫米/R22_Power_C112_BODY.stl,6cb109d0d83faaa406cf89f8d7a1228fa227ea4a80228fafed95cffd2690ed6b,,Native Fab body plus individual pads and terminal bridges extruded to full package height; conservative terminal height without empty courtyard corners.
R22_Power_C12_BODY,trunk_base,component_reference,REFERENCE_ONLY_NO_CAD_MASS,False,参考/器件外包络：按原器件BOM采购，不按外形体积制件或计重,,work/r22-compact-power/mechanics/power_reference/STEP_毫米/R22_Power_C12_BODY.step,,work/r22-compact-power/mechanics/power_reference/STL_装配坐标_毫米/R22_Power_C12_BODY.stl,79c6a900819ae5a3fe6718493faf897490c822f8af9f9b287efbfc586fe844e2,,Native Fab body plus individual pads and terminal bridges extruded to full package height; conservative terminal height without empty courtyard corners.
R22_Power_C13_BODY,trunk_base,component_reference,REFERENCE_ONLY_NO_CAD_MASS,False,参考/器件外包络：按原器件BOM采购，不按外形体积制件或计重,,work/r22-compact-power/mechanics/power_reference/STEP_毫米/R22_Power_C13_BODY.step,,work/r22-compact-power/mechanics/power_reference/STL_装配坐标_毫米/R22_Power_C13_BODY.stl,95e9c07b2a68fd61a51d70e96dc4d348e35b4e9571841584b58a36ed84d3264b,,Native Fab body plus individual pads and terminal bridges extruded to full package height; conservative terminal height without empty courtyard corners.
R22_Power_C14_BODY,trunk_base,component_reference,REFERENCE_ONLY_NO_CAD_MASS,False,参考/器件外包络：按原器件BOM采购，不按外形体积制件或计重,,work/r22-compact-power/mechanics/power_reference/STEP_毫米/R22_Power_C14_BODY.step,,work/r22-compact-power/mechanics/power_reference/STL_装配坐标_毫米/R22_Power_C14_BODY.stl,02831892ade276c5d1db764ba411bda4eb5d3f62f49ecfd99dbf6987b4a960e8,,Native Fab body plus individual pads and terminal bridges extruded to full package height; conservative terminal height without empty courtyard corners.
R22_Power_C15_BODY,trunk_base,component_reference,REFERENCE_ONLY_NO_CAD_MASS,False,参考/器件外包络：按原器件BOM采购，不按外形体积制件或计重,,work/r22-compact-power/mechanics/power_reference/STEP_毫米/R22_Power_C15_BODY.step,,work/r22-compact-power/mechanics/power_reference/STL_装配坐标_毫米/R22_Power_C15_BODY.stl,89d5cabc404596e1f0d64d431216cc7689f50ef886269061d3ab50dc928398b4,,Native Fab body plus individual pads and terminal bridges extruded to full package height; conservative terminal height without empty courtyard corners.
R22_Power_C16_BODY,trunk_base,component_reference,REFERENCE_ONLY_NO_CAD_MASS,False,参考/器件外包络：按原器件BOM采购，不按外形体积制件或计重,,work/r22-compact-power/mechanics/power_reference/STEP_毫米/R22_Power_C16_BODY.step,,work/r22-compact-power/mechanics/power_reference/STL_装配坐标_毫米/R22_Power_C16_BODY.stl,acf923e843784caf13f6a26248a2a0a1da3303efbb039f0a80a97d5a52e92c61,,Native Fab body plus individual pads and terminal bridges extruded to full package height; conservative terminal height without empty courtyard corners.
R22_Power_C17_BODY,trunk_base,component_reference,REFERENCE_ONLY_NO_CAD_MASS,False,参考/器件外包络：按原器件BOM采购，不按外形体积制件或计重,,work/r22-compact-power/mechanics/power_reference/STEP_毫米/R22_Power_C17_BODY.step,,work/r22-compact-power/mechanics/power_reference/STL_装配坐标_毫米/R22_Power_C17_BODY.stl,3e8cf9dc7e7786a83f9f26928e7975146b968676eb9bf75f1eb4e11f6599c139,,Native Fab body plus individual pads and terminal bridges extruded to full package height; conservative terminal height without empty courtyard corners.
R22_Power_C18_BODY,trunk_base,component_reference,REFERENCE_ONLY_NO_CAD_MASS,False,参考/器件外包络：按原器件BOM采购，不按外形体积制件或计重,,work/r22-compact-power/mechanics/power_reference/STEP_毫米/R22_Power_C18_BODY.step,,work/r22-compact-power/mechanics/power_reference/STL_装配坐标_毫米/R22_Power_C18_BODY.stl,ccba732e2b9e233c62d0760455038120602f4bc906bd59629815f5cba27bd7f1,,Native Fab body plus individual pads and terminal bridges extruded to full package height; conservative terminal height without empty courtyard corners.
R22_Power_C19_BODY,trunk_base,component_reference,REFERENCE_ONLY_NO_CAD_MASS,False,参考/器件外包络：按原器件BOM采购，不按外形体积制件或计重,,work/r22-compact-power/mechanics/power_reference/STEP_毫米/R22_Power_C19_BODY.step,,work/r22-compact-power/mechanics/power_reference/STL_装配坐标_毫米/R22_Power_C19_BODY.stl,be53f919db7bd018c90a33f6d36e056d786a38b7f92ad5803a411b45c1057329,,Native Fab body plus individual pads and terminal bridges extruded to full package height; conservative terminal height without empty courtyard corners.
R22_Power_C2_BODY,trunk_base,component_reference,REFERENCE_ONLY_NO_CAD_MASS,False,参考/器件外包络：按原器件BOM采购，不按外形体积制件或计重,,work/r22-compact-power/mechanics/power_reference/STEP_毫米/R22_Power_C2_BODY.step,,work/r22-compact-power/mechanics/power_reference/STL_装配坐标_毫米/R22_Power_C2_BODY.stl,e2ed3ec30d6190113a0a5ded37c6ee11633bfceeb8a9dffbd81f3345d85f74c3,,Manufacturer maximum cylinder; C101 horizontal source MPN EEUFR1C222/16V unchanged.
R22_Power_C3_BODY,trunk_base,component_reference,REFERENCE_ONLY_NO_CAD_MASS,False,参考/器件外包络：按原器件BOM采购，不按外形体积制件或计重,,work/r22-compact-power/mechanics/power_reference/STEP_毫米/R22_Power_C3_BODY.step,,work/r22-compact-power/mechanics/power_reference/STL_装配坐标_毫米/R22_Power_C3_BODY.stl,af935a516b64c9b3e35a7a6249ee97689d305437cd3aeafe5fcdc345f292c440,,Manufacturer maximum cylinder; C101 horizontal source MPN EEUFR1C222/16V unchanged.
R22_Power_C4_BODY,trunk_base,component_reference,REFERENCE_ONLY_NO_CAD_MASS,False,参考/器件外包络：按原器件BOM采购，不按外形体积制件或计重,,work/r22-compact-power/mechanics/power_reference/STEP_毫米/R22_Power_C4_BODY.step,,work/r22-compact-power/mechanics/power_reference/STL_装配坐标_毫米/R22_Power_C4_BODY.stl,3228a367ea07c7617e0c8a0d028ecc205784b03cca5395e1b208057509ac71d2,,Native Fab body plus individual pads and terminal bridges extruded to full package height; conservative terminal height without empty courtyard corners.
R22_Power_C5_BODY,trunk_base,component_reference,REFERENCE_ONLY_NO_CAD_MASS,False,参考/器件外包络：按原器件BOM采购，不按外形体积制件或计重,,work/r22-compact-power/mechanics/power_reference/STEP_毫米/R22_Power_C5_BODY.step,,work/r22-compact-power/mechanics/power_reference/STL_装配坐标_毫米/R22_Power_C5_BODY.stl,011392be37753d5013545d44503cd51d36211adc0c867e4df2f924f390b5e166,,Native Fab body plus individual pads and terminal bridges extruded to full package height; conservative terminal height without empty courtyard corners.
R22_Power_C6_BODY,trunk_base,component_reference,REFERENCE_ONLY_NO_CAD_MASS,False,参考/器件外包络：按原器件BOM采购，不按外形体积制件或计重,,work/r22-compact-power/mechanics/power_reference/STEP_毫米/R22_Power_C6_BODY.step,,work/r22-compact-power/mechanics/power_reference/STL_装配坐标_毫米/R22_Power_C6_BODY.stl,a89340260a862d93a99f0074e00cbed3070686456c9853eb84d3dc06e0f63067,,Native Fab body plus individual pads and terminal bridges extruded to full package height; conservative terminal height without empty courtyard corners.
R22_Power_C7_BODY,trunk_base,component_reference,REFERENCE_ONLY_NO_CAD_MASS,False,参考/器件外包络：按原器件BOM采购，不按外形体积制件或计重,,work/r22-compact-power/mechanics/power_reference/STEP_毫米/R22_Power_C7_BODY.step,,work/r22-compact-power/mechanics/power_reference/STL_装配坐标_毫米/R22_Power_C7_BODY.stl,cc02f9b3d676e3699e8a68cd8e156196fd7be900a0df897c0e0ff66dd74687ee,,Native Fab body plus individual pads and terminal bridges extruded to full package height; conservative terminal height without empty courtyard corners.
R22_Power_C8_BODY,trunk_base,component_reference,REFERENCE_ONLY_NO_CAD_MASS,False,参考/器件外包络：按原器件BOM采购，不按外形体积制件或计重,,work/r22-compact-power/mechanics/power_reference/STEP_毫米/R22_Power_C8_BODY.step,,work/r22-compact-power/mechanics/power_reference/STL_装配坐标_毫米/R22_Power_C8_BODY.stl,f9b04026aaaf82e8aaaebd870f599ab002ab93067de8d1000688ee486d2c81ac,,Native Fab body plus individual pads and terminal bridges extruded to full package height; conservative terminal height without empty courtyard corners.
R22_Power_C9_BODY,trunk_base,component_reference,REFERENCE_ONLY_NO_CAD_MASS,False,参考/器件外包络：按原器件BOM采购，不按外形体积制件或计重,,work/r22-compact-power/mechanics/power_reference/STEP_毫米/R22_Power_C9_BODY.step,,work/r22-compact-power/mechanics/power_reference/STL_装配坐标_毫米/R22_Power_C9_BODY.stl,369ac6d693bf05efaf6a0398424b272f7c70d9e89c5f2c48d72aefe41587662d,,Native Fab body plus individual pads and terminal bridges extruded to full package height; conservative terminal height without empty courtyard corners.
R22_Power_J1_BODY,trunk_base,component_reference,REFERENCE_ONLY_NO_CAD_MASS,False,参考/器件外包络：按原器件BOM采购，不按外形体积制件或计重,,work/r22-compact-power/mechanics/power_reference/STEP_毫米/R22_Power_J1_BODY.step,,work/r22-compact-power/mechanics/power_reference/STL_装配坐标_毫米/R22_Power_J1_BODY.stl,5e00e61a113200a60a1e0ed96fe13f783ea171e979ef099006cf93e126107df1,,Native Fab body plus individual pads and terminal bridges extruded to full package height; conservative terminal height without empty courtyard corners.
R22_Power_Q1_BODY,trunk_base,component_reference,REFERENCE_ONLY_NO_CAD_MASS,False,参考/器件外包络：按原器件BOM采购，不按外形体积制件或计重,,work/r22-compact-power/mechanics/power_reference/STEP_毫米/R22_Power_Q1_BODY.step,,work/r22-compact-power/mechanics/power_reference/STL_装配坐标_毫米/R22_Power_Q1_BODY.stl,83dd3fda16483ec320ec79f4a17e909d73f7c12bb83929842e1718e1eec6acec,,Native Fab body plus individual pads and terminal bridges extruded to full package height; conservative terminal height without empty courtyard corners.
R22_Power_Q101_BODY,trunk_base,component_reference,REFERENCE_ONLY_NO_CAD_MASS,False,参考/器件外包络：按原器件BOM采购，不按外形体积制件或计重,,work/r22-compact-power/mechanics/power_reference/STEP_毫米/R22_Power_Q101_BODY.step,,work/r22-compact-power/mechanics/power_reference/STL_装配坐标_毫米/R22_Power_Q101_BODY.stl,522bf797c013bc6c027b618892808c95b4de27568989877b42cc9aa4bedbd73e,,Native Fab body plus individual pads and terminal bridges extruded to full package height; conservative terminal height without empty courtyard corners.
R22_Power_Q102_BODY,trunk_base,component_reference,REFERENCE_ONLY_NO_CAD_MASS,False,参考/器件外包络：按原器件BOM采购，不按外形体积制件或计重,,work/r22-compact-power/mechanics/power_reference/STEP_毫米/R22_Power_Q102_BODY.step,,work/r22-compact-power/mechanics/power_reference/STL_装配坐标_毫米/R22_Power_Q102_BODY.stl,470610adf4cad5c40803492d2b5dfcb29c0b8a256b8b442ebdec9edc78de43b4,,Native Fab body plus individual pads and terminal bridges extruded to full package height; conservative terminal height without empty courtyard corners.
R22_Power_Q2_BODY,trunk_base,component_reference,REFERENCE_ONLY_NO_CAD_MASS,False,参考/器件外包络：按原器件BOM采购，不按外形体积制件或计重,,work/r22-compact-power/mechanics/power_reference/STEP_毫米/R22_Power_Q2_BODY.step,,work/r22-compact-power/mechanics/power_reference/STL_装配坐标_毫米/R22_Power_Q2_BODY.stl,6e740690684530ea5cd9290739b9cd9f9fc668ad3069306e4db6221ac04a1a99,,Native Fab body plus individual pads and terminal bridges extruded to full package height; conservative terminal height without empty courtyard corners.
R22_Power_Q3_BODY,trunk_base,component_reference,REFERENCE_ONLY_NO_CAD_MASS,False,参考/器件外包络：按原器件BOM采购，不按外形体积制件或计重,,work/r22-compact-power/mechanics/power_reference/STEP_毫米/R22_Power_Q3_BODY.step,,work/r22-compact-power/mechanics/power_reference/STL_装配坐标_毫米/R22_Power_Q3_BODY.stl,022ff7f45ff3b5ddfbb4e0c278bcce1e264cbf762cc646451cb2e848756a2773,,Native Fab body plus individual pads and terminal bridges extruded to full package height; conservative terminal height without empty courtyard corners.
R22_Power_R1_BODY,trunk_base,component_reference,REFERENCE_ONLY_NO_CAD_MASS,False,参考/器件外包络：按原器件BOM采购，不按外形体积制件或计重,,work/r22-compact-power/mechanics/power_reference/STEP_毫米/R22_Power_R1_BODY.step,,work/r22-compact-power/mechanics/power_reference/STL_装配坐标_毫米/R22_Power_R1_BODY.stl,f6e03e886f3c172440388f51e04c9ab1321fb192036fb366672d107c061bd8f6,,Native Fab body plus individual pads and terminal bridges extruded to full package height; conservative terminal height without empty courtyard corners.
R22_Power_R10_BODY,trunk_base,component_reference,REFERENCE_ONLY_NO_CAD_MASS,False,参考/器件外包络：按原器件BOM采购，不按外形体积制件或计重,,work/r22-compact-power/mechanics/power_reference/STEP_毫米/R22_Power_R10_BODY.step,,work/r22-compact-power/mechanics/power_reference/STL_装配坐标_毫米/R22_Power_R10_BODY.stl,0e9e5015464fd4a5af154fe5a4b618fa6c0ecf4cff866efaafdfb42337410146,,Native Fab body plus individual pads and terminal bridges extruded to full package height; conservative terminal height without empty courtyard corners.
R22_Power_R101_BODY,trunk_base,component_reference,REFERENCE_ONLY_NO_CAD_MASS,False,参考/器件外包络：按原器件BOM采购，不按外形体积制件或计重,,work/r22-compact-power/mechanics/power_reference/STEP_毫米/R22_Power_R101_BODY.step,,work/r22-compact-power/mechanics/power_reference/STL_装配坐标_毫米/R22_Power_R101_BODY.stl,9098c63a45c00168a7cb22752fc905098030336785e0cf687ebb28fb7070f344,,Native Fab body plus individual pads and terminal bridges extruded to full package height; conservative terminal height without empty courtyard corners.
R22_Power_R102_BODY,trunk_base,component_reference,REFERENCE_ONLY_NO_CAD_MASS,False,参考/器件外包络：按原器件BOM采购，不按外形体积制件或计重,,work/r22-compact-power/mechanics/power_reference/STEP_毫米/R22_Power_R102_BODY.step,,work/r22-compact-power/mechanics/power_reference/STL_装配坐标_毫米/R22_Power_R102_BODY.stl,4e6fd6598a8dfd5ba4d7b761fb4cbc9d22f3cc401e1f80f86af8b37c706af238,,Native Fab body plus individual pads and terminal bridges extruded to full package height; conservative terminal height without empty courtyard corners.
R22_Power_R103_BODY,trunk_base,component_reference,REFERENCE_ONLY_NO_CAD_MASS,False,参考/器件外包络：按原器件BOM采购，不按外形体积制件或计重,,work/r22-compact-power/mechanics/power_reference/STEP_毫米/R22_Power_R103_BODY.step,,work/r22-compact-power/mechanics/power_reference/STL_装配坐标_毫米/R22_Power_R103_BODY.stl,7658afc05322a68e08c3d928c1809be2b1a26ae09f7b025ba63f71744e345405,,Native Fab body plus individual pads and terminal bridges extruded to full package height; conservative terminal height without empty courtyard corners.
R22_Power_R104_BODY,trunk_base,component_reference,REFERENCE_ONLY_NO_CAD_MASS,False,参考/器件外包络：按原器件BOM采购，不按外形体积制件或计重,,work/r22-compact-power/mechanics/power_reference/STEP_毫米/R22_Power_R104_BODY.step,,work/r22-compact-power/mechanics/power_reference/STL_装配坐标_毫米/R22_Power_R104_BODY.stl,cdff77251b53cc6fa7d35e8d0b49671e142b0394d9b74c565320608398cac1f3,,Native Fab body plus individual pads and terminal bridges extruded to full package height; conservative terminal height without empty courtyard corners.
R22_Power_R105_BODY,trunk_base,component_reference,REFERENCE_ONLY_NO_CAD_MASS,False,参考/器件外包络：按原器件BOM采购，不按外形体积制件或计重,,work/r22-compact-power/mechanics/power_reference/STEP_毫米/R22_Power_R105_BODY.step,,work/r22-compact-power/mechanics/power_reference/STL_装配坐标_毫米/R22_Power_R105_BODY.stl,b8b0b2b3a042f211195dc6cdb10b025701cf93492457f0c01c004e1603d17ca1,,Native Fab body plus individual pads and terminal bridges extruded to full package height; conservative terminal height without empty courtyard corners.
R22_Power_R106_BODY,trunk_base,component_reference,REFERENCE_ONLY_NO_CAD_MASS,False,参考/器件外包络：按原器件BOM采购，不按外形体积制件或计重,,work/r22-compact-power/mechanics/power_reference/STEP_毫米/R22_Power_R106_BODY.step,,work/r22-compact-power/mechanics/power_reference/STL_装配坐标_毫米/R22_Power_R106_BODY.stl,2b407e7253facf2c850a1c0b4c9347d9733a1f401b92ff883cfbf40300eba060,,Native Fab body plus individual pads and terminal bridges extruded to full package height; conservative terminal height without empty courtyard corners.
R22_Power_R107_BODY,trunk_base,component_reference,REFERENCE_ONLY_NO_CAD_MASS,False,参考/器件外包络：按原器件BOM采购，不按外形体积制件或计重,,work/r22-compact-power/mechanics/power_reference/STEP_毫米/R22_Power_R107_BODY.step,,work/r22-compact-power/mechanics/power_reference/STL_装配坐标_毫米/R22_Power_R107_BODY.stl,e40b5a826656c858fe3bb191ad757f2ef22941a1f0c25a6b979694e80fada382,,Native Fab body plus individual pads and terminal bridges extruded to full package height; conservative terminal height without empty courtyard corners.
R22_Power_R108_BODY,trunk_base,component_reference,REFERENCE_ONLY_NO_CAD_MASS,False,参考/器件外包络：按原器件BOM采购，不按外形体积制件或计重,,work/r22-compact-power/mechanics/power_reference/STEP_毫米/R22_Power_R108_BODY.step,,work/r22-compact-power/mechanics/power_reference/STL_装配坐标_毫米/R22_Power_R108_BODY.stl,38e54e44562f5ea8aec5c96bce585ed4e9d9129ab7ea78727b2174a7824e69ac,,Native Fab body plus individual pads and terminal bridges extruded to full package height; conservative terminal height without empty courtyard corners.
R22_Power_R109_BODY,trunk_base,component_reference,REFERENCE_ONLY_NO_CAD_MASS,False,参考/器件外包络：按原器件BOM采购，不按外形体积制件或计重,,work/r22-compact-power/mechanics/power_reference/STEP_毫米/R22_Power_R109_BODY.step,,work/r22-compact-power/mechanics/power_reference/STL_装配坐标_毫米/R22_Power_R109_BODY.stl,08f9f1da49a30f8e45abfdc9628ba875669aa198a4d60330fc11106a6aafce42,,Native Fab body plus individual pads and terminal bridges extruded to full package height; conservative terminal height without empty courtyard corners.
R22_Power_R11_BODY,trunk_base,component_reference,REFERENCE_ONLY_NO_CAD_MASS,False,参考/器件外包络：按原器件BOM采购，不按外形体积制件或计重,,work/r22-compact-power/mechanics/power_reference/STEP_毫米/R22_Power_R11_BODY.step,,work/r22-compact-power/mechanics/power_reference/STL_装配坐标_毫米/R22_Power_R11_BODY.stl,5dfc89277af38559e5f23bc2396e08856228a36d7559f326ad096d65f9e33467,,Native Fab body plus individual pads and terminal bridges extruded to full package height; conservative terminal height without empty courtyard corners.
R22_Power_R110_BODY,trunk_base,component_reference,REFERENCE_ONLY_NO_CAD_MASS,False,参考/器件外包络：按原器件BOM采购，不按外形体积制件或计重,,work/r22-compact-power/mechanics/power_reference/STEP_毫米/R22_Power_R110_BODY.step,,work/r22-compact-power/mechanics/power_reference/STL_装配坐标_毫米/R22_Power_R110_BODY.stl,54524adf5dbef3020eb66b17c35cda5b16323110131dc4b01f606c82ccd87914,,Native Fab body plus individual pads and terminal bridges extruded to full package height; conservative terminal height without empty courtyard corners.
R22_Power_R2_BODY,trunk_base,component_reference,REFERENCE_ONLY_NO_CAD_MASS,False,参考/器件外包络：按原器件BOM采购，不按外形体积制件或计重,,work/r22-compact-power/mechanics/power_reference/STEP_毫米/R22_Power_R2_BODY.step,,work/r22-compact-power/mechanics/power_reference/STL_装配坐标_毫米/R22_Power_R2_BODY.stl,d2674c1e9b106b7dc95cf80ba4de706cb7ad215032ff666be14360cf80e0639e,,Native Fab body plus individual pads and terminal bridges extruded to full package height; conservative terminal height without empty courtyard corners.
R22_Power_R3_BODY,trunk_base,component_reference,REFERENCE_ONLY_NO_CAD_MASS,False,参考/器件外包络：按原器件BOM采购，不按外形体积制件或计重,,work/r22-compact-power/mechanics/power_reference/STEP_毫米/R22_Power_R3_BODY.step,,work/r22-compact-power/mechanics/power_reference/STL_装配坐标_毫米/R22_Power_R3_BODY.stl,3443d15fa969442ee38ee0d845e026fe33cfa45007ec9c0801c4f3dcc3f29ce9,,Native Fab body plus individual pads and terminal bridges extruded to full package height; conservative terminal height without empty courtyard corners.
R22_Power_R4_BODY,trunk_base,component_reference,REFERENCE_ONLY_NO_CAD_MASS,False,参考/器件外包络：按原器件BOM采购，不按外形体积制件或计重,,work/r22-compact-power/mechanics/power_reference/STEP_毫米/R22_Power_R4_BODY.step,,work/r22-compact-power/mechanics/power_reference/STL_装配坐标_毫米/R22_Power_R4_BODY.stl,7719d4116af34b73e203433e7c8882d68f914edfd0c17c367590c59efa4fdfc6,,Native Fab body plus individual pads and terminal bridges extruded to full package height; conservative terminal height without empty courtyard corners.
R22_Power_R5_BODY,trunk_base,component_reference,REFERENCE_ONLY_NO_CAD_MASS,False,参考/器件外包络：按原器件BOM采购，不按外形体积制件或计重,,work/r22-compact-power/mechanics/power_reference/STEP_毫米/R22_Power_R5_BODY.step,,work/r22-compact-power/mechanics/power_reference/STL_装配坐标_毫米/R22_Power_R5_BODY.stl,96e5c0721bb007c41ed7e8fc55107559c3de757662cc671335bb06b0b2597bbb,,Native Fab body plus individual pads and terminal bridges extruded to full package height; conservative terminal height without empty courtyard corners.
R22_Power_R6_BODY,trunk_base,component_reference,REFERENCE_ONLY_NO_CAD_MASS,False,参考/器件外包络：按原器件BOM采购，不按外形体积制件或计重,,work/r22-compact-power/mechanics/power_reference/STEP_毫米/R22_Power_R6_BODY.step,,work/r22-compact-power/mechanics/power_reference/STL_装配坐标_毫米/R22_Power_R6_BODY.stl,98f11f078760e66efa24b87cfdf0cc77b4dd72f9dca3b9e23a1e9acc3f4670f0,,Native Fab body plus individual pads and terminal bridges extruded to full package height; conservative terminal height without empty courtyard corners.
R22_Power_R7_BODY,trunk_base,component_reference,REFERENCE_ONLY_NO_CAD_MASS,False,参考/器件外包络：按原器件BOM采购，不按外形体积制件或计重,,work/r22-compact-power/mechanics/power_reference/STEP_毫米/R22_Power_R7_BODY.step,,work/r22-compact-power/mechanics/power_reference/STL_装配坐标_毫米/R22_Power_R7_BODY.stl,2dd9a0e1b296af20741169a6c5a5109095cf69dd37ed51f52ed3ca7463e5a488,,Native Fab body plus individual pads and terminal bridges extruded to full package height; conservative terminal height without empty courtyard corners.
R22_Power_R8_BODY,trunk_base,component_reference,REFERENCE_ONLY_NO_CAD_MASS,False,参考/器件外包络：按原器件BOM采购，不按外形体积制件或计重,,work/r22-compact-power/mechanics/power_reference/STEP_毫米/R22_Power_R8_BODY.step,,work/r22-compact-power/mechanics/power_reference/STL_装配坐标_毫米/R22_Power_R8_BODY.stl,da6fb3dfe5d20d10e65ade9beeda305e394ab0a812590cd9f0b228991f9575e2,,Native Fab body plus individual pads and terminal bridges extruded to full package height; conservative terminal height without empty courtyard corners.
R22_Power_R9_BODY,trunk_base,component_reference,REFERENCE_ONLY_NO_CAD_MASS,False,参考/器件外包络：按原器件BOM采购，不按外形体积制件或计重,,work/r22-compact-power/mechanics/power_reference/STEP_毫米/R22_Power_R9_BODY.step,,work/r22-compact-power/mechanics/power_reference/STL_装配坐标_毫米/R22_Power_R9_BODY.stl,a558c0a1862c3b56af5d6f974d2af26e6b807631d750472ff5f116f71e93ebb0,,Native Fab body plus individual pads and terminal bridges extruded to full package height; conservative terminal height without empty courtyard corners.
R22_Power_RS1_BODY,trunk_base,component_reference,REFERENCE_ONLY_NO_CAD_MASS,False,参考/器件外包络：按原器件BOM采购，不按外形体积制件或计重,,work/r22-compact-power/mechanics/power_reference/STEP_毫米/R22_Power_RS1_BODY.step,,work/r22-compact-power/mechanics/power_reference/STL_装配坐标_毫米/R22_Power_RS1_BODY.stl,d4eee34378f42d29d5aab7dfe3c5043e3356c47a7cad69bed765f1a874f3c360,,Native Fab body plus individual pads and terminal bridges extruded to full package height; conservative terminal height without empty courtyard corners.
R22_Power_RS101_BODY,trunk_base,component_reference,REFERENCE_ONLY_NO_CAD_MASS,False,参考/器件外包络：按原器件BOM采购，不按外形体积制件或计重,,work/r22-compact-power/mechanics/power_reference/STEP_毫米/R22_Power_RS101_BODY.step,,work/r22-compact-power/mechanics/power_reference/STL_装配坐标_毫米/R22_Power_RS101_BODY.stl,a0566bdf911d04439d3144e08d35f6b2e2dd5a83d18d146458e89c88dd3ad7ef,,Native Fab body plus individual pads and terminal bridges extruded to full package height; conservative terminal height without empty courtyard corners.
R22_Power_U1_BODY,trunk_base,component_reference,REFERENCE_ONLY_NO_CAD_MASS,False,参考/器件外包络：按原器件BOM采购，不按外形体积制件或计重,,work/r22-compact-power/mechanics/power_reference/STEP_毫米/R22_Power_U1_BODY.step,,work/r22-compact-power/mechanics/power_reference/STL_装配坐标_毫米/R22_Power_U1_BODY.stl,b6b6c3549df7d4bb4536f55dd20dc391e06e83f8074d2d5c47cb4dbb3931b876,,"Retained manufacturer maximum module body budget, not precise internal material."
R22_Power_U101_BODY,trunk_base,component_reference,REFERENCE_ONLY_NO_CAD_MASS,False,参考/器件外包络：按原器件BOM采购，不按外形体积制件或计重,,work/r22-compact-power/mechanics/power_reference/STEP_毫米/R22_Power_U101_BODY.step,,work/r22-compact-power/mechanics/power_reference/STL_装配坐标_毫米/R22_Power_U101_BODY.stl,cc445c559566b6412b9859b8c5f9c9e6eaf7fb3d30fe402dc3e3aea2b67d8e5a,,Native Fab body plus individual pads and terminal bridges extruded to full package height; conservative terminal height without empty courtyard corners.
R22_Power_U102_BODY,trunk_base,component_reference,REFERENCE_ONLY_NO_CAD_MASS,False,参考/器件外包络：按原器件BOM采购，不按外形体积制件或计重,,work/r22-compact-power/mechanics/power_reference/STEP_毫米/R22_Power_U102_BODY.step,,work/r22-compact-power/mechanics/power_reference/STL_装配坐标_毫米/R22_Power_U102_BODY.stl,bc5d83e4e1dd22ba7c73e7ee0486e9459db66379ef934dc7f5261569429777ee,,Native Fab body plus individual pads and terminal bridges extruded to full package height; conservative terminal height without empty courtyard corners.
R22_Power_U103_BODY,trunk_base,component_reference,REFERENCE_ONLY_NO_CAD_MASS,False,参考/器件外包络：按原器件BOM采购，不按外形体积制件或计重,,work/r22-compact-power/mechanics/power_reference/STEP_毫米/R22_Power_U103_BODY.step,,work/r22-compact-power/mechanics/power_reference/STL_装配坐标_毫米/R22_Power_U103_BODY.stl,abe706b41287fb3bf22f9cdf897d3a7c5175f29280f9d9fe17db9fd3dec37b32,,Native Fab body plus individual pads and terminal bridges extruded to full package height; conservative terminal height without empty courtyard corners.
R22_Power_U104_BODY,trunk_base,component_reference,REFERENCE_ONLY_NO_CAD_MASS,False,参考/器件外包络：按原器件BOM采购，不按外形体积制件或计重,,work/r22-compact-power/mechanics/power_reference/STEP_毫米/R22_Power_U104_BODY.step,,work/r22-compact-power/mechanics/power_reference/STL_装配坐标_毫米/R22_Power_U104_BODY.stl,7a0a9b275637a3350981150dad3655c06fd72e0a37efc7c0e7cc7f3679d8e037,,Native Fab body plus individual pads and terminal bridges extruded to full package height; conservative terminal height without empty courtyard corners.
R22_Power_U105_BODY,trunk_base,component_reference,REFERENCE_ONLY_NO_CAD_MASS,False,参考/器件外包络：按原器件BOM采购，不按外形体积制件或计重,,work/r22-compact-power/mechanics/power_reference/STEP_毫米/R22_Power_U105_BODY.step,,work/r22-compact-power/mechanics/power_reference/STL_装配坐标_毫米/R22_Power_U105_BODY.stl,6285100fdaaaad98775e93590c240088ffa044e0ea1f30a260962bf24d730267,,Native Fab body plus individual pads and terminal bridges extruded to full package height; conservative terminal height without empty courtyard corners.
R22_Power_U2_BODY,trunk_base,component_reference,REFERENCE_ONLY_NO_CAD_MASS,False,参考/器件外包络：按原器件BOM采购，不按外形体积制件或计重,,work/r22-compact-power/mechanics/power_reference/STEP_毫米/R22_Power_U2_BODY.step,,work/r22-compact-power/mechanics/power_reference/STL_装配坐标_毫米/R22_Power_U2_BODY.stl,0a2ef248aa3c04fbf2bd8586dd7a665e0762654df1c1acc8b50654aa5c084c1c,,Native Fab body plus individual pads and terminal bridges extruded to full package height; conservative terminal height without empty courtyard corners.
R22_Power_U3_BODY,trunk_base,component_reference,REFERENCE_ONLY_NO_CAD_MASS,False,参考/器件外包络：按原器件BOM采购，不按外形体积制件或计重,,work/r22-compact-power/mechanics/power_reference/STEP_毫米/R22_Power_U3_BODY.step,,work/r22-compact-power/mechanics/power_reference/STL_装配坐标_毫米/R22_Power_U3_BODY.stl,3bd62dad379d16cb371b14f4ad8870f3c4cd7f7db7a45620ff46900f38370949,,Native Fab body plus individual pads and terminal bridges extruded to full package height; conservative terminal height without empty courtyard corners.
R22_Power_U4_BODY,trunk_base,component_reference,REFERENCE_ONLY_NO_CAD_MASS,False,参考/器件外包络：按原器件BOM采购，不按外形体积制件或计重,,work/r22-compact-power/mechanics/power_reference/STEP_毫米/R22_Power_U4_BODY.step,,work/r22-compact-power/mechanics/power_reference/STL_装配坐标_毫米/R22_Power_U4_BODY.stl,9320498b974b49f605ffd5def09513d9f923631c53296c72222f08a3b532a826,,Native Fab body plus individual pads and terminal bridges extruded to full package height; conservative terminal height without empty courtyard corners.
R22_Power_J1_MATED,trunk_base,mating_union_budget,REFERENCE_ONLY_NO_CAD_MASS,False,参考/器件外包络：按原器件BOM采购，不按外形体积制件或计重,,work/r22-compact-power/mechanics/power_reference/STEP_毫米/R22_Power_J1_MATED.step,,work/r22-compact-power/mechanics/power_reference/STL_装配坐标_毫米/R22_Power_J1_MATED.stl,45c3ab56e9832a4ab1ba59bce75d18ace3130caa768a1b4422fabc3d63be0020,,Retained header plus engaged housing budget; same physical connector as BODY.
R22_Power_C3_1_BACK_LEAD,trunk_base,trimmed_lead_budget,REFERENCE_ONLY_NO_CAD_MASS,False,参考/器件外包络：按原器件BOM采购，不按外形体积制件或计重,,work/r22-compact-power/mechanics/power_reference/STEP_毫米/R22_Power_C3_1_BACK_LEAD.step,,work/r22-compact-power/mechanics/power_reference/STL_装配坐标_毫米/R22_Power_C3_1_BACK_LEAD.stl,510fe515e90be7d8926e43cc6d61bd8fd78783aa78f4e4d7a5cc728d066bcc02,,Native pad extent bound and max1.1mm complete rear solder protrusion; process acceptance required.
R22_Power_C3_2_BACK_LEAD,trunk_base,trimmed_lead_budget,REFERENCE_ONLY_NO_CAD_MASS,False,参考/器件外包络：按原器件BOM采购，不按外形体积制件或计重,,work/r22-compact-power/mechanics/power_reference/STEP_毫米/R22_Power_C3_2_BACK_LEAD.step,,work/r22-compact-power/mechanics/power_reference/STL_装配坐标_毫米/R22_Power_C3_2_BACK_LEAD.stl,8358655cbf8deb2a5728af3e8b08d960df90bc884385d986b4027189e63937d8,,Native pad extent bound and max1.1mm complete rear solder protrusion; process acceptance required.
R22_Power_C2_1_BACK_LEAD,trunk_base,trimmed_lead_budget,REFERENCE_ONLY_NO_CAD_MASS,False,参考/器件外包络：按原器件BOM采购，不按外形体积制件或计重,,work/r22-compact-power/mechanics/power_reference/STEP_毫米/R22_Power_C2_1_BACK_LEAD.step,,work/r22-compact-power/mechanics/power_reference/STL_装配坐标_毫米/R22_Power_C2_1_BACK_LEAD.stl,f9bf0b66256250d6a357bbc92be601d94be08273f2eacefb580cd34b4dda0642,,Native pad extent bound and max1.1mm complete rear solder protrusion; process acceptance required.
R22_Power_C2_2_BACK_LEAD,trunk_base,trimmed_lead_budget,REFERENCE_ONLY_NO_CAD_MASS,False,参考/器件外包络：按原器件BOM采购，不按外形体积制件或计重,,work/r22-compact-power/mechanics/power_reference/STEP_毫米/R22_Power_C2_2_BACK_LEAD.step,,work/r22-compact-power/mechanics/power_reference/STL_装配坐标_毫米/R22_Power_C2_2_BACK_LEAD.stl,c96937f285d371fbffc9c33b829e3d0a83ea95bc9554a4536f8b4e6ad2c8503d,,Native pad extent bound and max1.1mm complete rear solder protrusion; process acceptance required.
R22_Power_U1_1_BACK_LEAD,trunk_base,trimmed_lead_budget,REFERENCE_ONLY_NO_CAD_MASS,False,参考/器件外包络：按原器件BOM采购，不按外形体积制件或计重,,work/r22-compact-power/mechanics/power_reference/STEP_毫米/R22_Power_U1_1_BACK_LEAD.step,,work/r22-compact-power/mechanics/power_reference/STL_装配坐标_毫米/R22_Power_U1_1_BACK_LEAD.stl,a57db1458434702e854eb639b60ae839831a3698684a89945e3584abaaa21ec9,,Native pad extent bound and max1.1mm complete rear solder protrusion; process acceptance required.
R22_Power_U1_2_BACK_LEAD,trunk_base,trimmed_lead_budget,REFERENCE_ONLY_NO_CAD_MASS,False,参考/器件外包络：按原器件BOM采购，不按外形体积制件或计重,,work/r22-compact-power/mechanics/power_reference/STEP_毫米/R22_Power_U1_2_BACK_LEAD.step,,work/r22-compact-power/mechanics/power_reference/STL_装配坐标_毫米/R22_Power_U1_2_BACK_LEAD.stl,9adb84e6f1d95ee4448012c3baba2cac08638d9a938bda389765aa9d2e45c594,,Native pad extent bound and max1.1mm complete rear solder protrusion; process acceptance required.
R22_Power_U1_3_BACK_LEAD,trunk_base,trimmed_lead_budget,REFERENCE_ONLY_NO_CAD_MASS,False,参考/器件外包络：按原器件BOM采购，不按外形体积制件或计重,,work/r22-compact-power/mechanics/power_reference/STEP_毫米/R22_Power_U1_3_BACK_LEAD.step,,work/r22-compact-power/mechanics/power_reference/STL_装配坐标_毫米/R22_Power_U1_3_BACK_LEAD.stl,1072801d3caaf727f82b76c273b3438f3b6608a18370eea7f3606dae95b6477b,,Native pad extent bound and max1.1mm complete rear solder protrusion; process acceptance required.
R22_Power_U1_4_BACK_LEAD,trunk_base,trimmed_lead_budget,REFERENCE_ONLY_NO_CAD_MASS,False,参考/器件外包络：按原器件BOM采购，不按外形体积制件或计重,,work/r22-compact-power/mechanics/power_reference/STEP_毫米/R22_Power_U1_4_BACK_LEAD.step,,work/r22-compact-power/mechanics/power_reference/STL_装配坐标_毫米/R22_Power_U1_4_BACK_LEAD.stl,660c5f59923f8335e2d9c928d4bf1031514a178084d8d9158bae0c0ce047eb7f,,Native pad extent bound and max1.1mm complete rear solder protrusion; process acceptance required.
R22_Power_U1_5_BACK_LEAD,trunk_base,trimmed_lead_budget,REFERENCE_ONLY_NO_CAD_MASS,False,参考/器件外包络：按原器件BOM采购，不按外形体积制件或计重,,work/r22-compact-power/mechanics/power_reference/STEP_毫米/R22_Power_U1_5_BACK_LEAD.step,,work/r22-compact-power/mechanics/power_reference/STL_装配坐标_毫米/R22_Power_U1_5_BACK_LEAD.stl,c010caa28420e92ed9a7269737eb8621b173a5ab89cabb8adebffc16b43cbd3d,,Native pad extent bound and max1.1mm complete rear solder protrusion; process acceptance required.
R22_Power_U1_6_BACK_LEAD,trunk_base,trimmed_lead_budget,REFERENCE_ONLY_NO_CAD_MASS,False,参考/器件外包络：按原器件BOM采购，不按外形体积制件或计重,,work/r22-compact-power/mechanics/power_reference/STEP_毫米/R22_Power_U1_6_BACK_LEAD.step,,work/r22-compact-power/mechanics/power_reference/STL_装配坐标_毫米/R22_Power_U1_6_BACK_LEAD.stl,42a0b039401842652c08cb8f0d659bf850c1cd01311729328ed77ead387d6bc0,,Native pad extent bound and max1.1mm complete rear solder protrusion; process acceptance required.
R22_Power_U1_7_BACK_LEAD,trunk_base,trimmed_lead_budget,REFERENCE_ONLY_NO_CAD_MASS,False,参考/器件外包络：按原器件BOM采购，不按外形体积制件或计重,,work/r22-compact-power/mechanics/power_reference/STEP_毫米/R22_Power_U1_7_BACK_LEAD.step,,work/r22-compact-power/mechanics/power_reference/STL_装配坐标_毫米/R22_Power_U1_7_BACK_LEAD.stl,6e3c9c008d76dcb80bf4b2a5b7cdffb76a94ca59aae9e3696950f51cb8ca2373,,Native pad extent bound and max1.1mm complete rear solder protrusion; process acceptance required.
R22_Power_U1_8_BACK_LEAD,trunk_base,trimmed_lead_budget,REFERENCE_ONLY_NO_CAD_MASS,False,参考/器件外包络：按原器件BOM采购，不按外形体积制件或计重,,work/r22-compact-power/mechanics/power_reference/STEP_毫米/R22_Power_U1_8_BACK_LEAD.step,,work/r22-compact-power/mechanics/power_reference/STL_装配坐标_毫米/R22_Power_U1_8_BACK_LEAD.stl,423781f71bdd1806649a9734e7fc41bc9f482d4ecde6498ef10632b004b26dac,,Native pad extent bound and max1.1mm complete rear solder protrusion; process acceptance required.
R22_Power_U1_32_BACK_LEAD,trunk_base,trimmed_lead_budget,REFERENCE_ONLY_NO_CAD_MASS,False,参考/器件外包络：按原器件BOM采购，不按外形体积制件或计重,,work/r22-compact-power/mechanics/power_reference/STEP_毫米/R22_Power_U1_32_BACK_LEAD.step,,work/r22-compact-power/mechanics/power_reference/STL_装配坐标_毫米/R22_Power_U1_32_BACK_LEAD.stl,5da7ae5a985a754697742fd252639ad255ba094a542ef0faa3847fbfd79846ef,,Native pad extent bound and max1.1mm complete rear solder protrusion; process acceptance required.
R22_Power_U1_34_BACK_LEAD,trunk_base,trimmed_lead_budget,REFERENCE_ONLY_NO_CAD_MASS,False,参考/器件外包络：按原器件BOM采购，不按外形体积制件或计重,,work/r22-compact-power/mechanics/power_reference/STEP_毫米/R22_Power_U1_34_BACK_LEAD.step,,work/r22-compact-power/mechanics/power_reference/STL_装配坐标_毫米/R22_Power_U1_34_BACK_LEAD.stl,3609d092ee2b9dd32c5c8bdb65c44e7b6c975fc354a05909a74ef444f66e27ea,,Native pad extent bound and max1.1mm complete rear solder protrusion; process acceptance required.
R22_Power_C1_1_BACK_LEAD,trunk_base,trimmed_lead_budget,REFERENCE_ONLY_NO_CAD_MASS,False,参考/器件外包络：按原器件BOM采购，不按外形体积制件或计重,,work/r22-compact-power/mechanics/power_reference/STEP_毫米/R22_Power_C1_1_BACK_LEAD.step,,work/r22-compact-power/mechanics/power_reference/STL_装配坐标_毫米/R22_Power_C1_1_BACK_LEAD.stl,d345a55c3bbff65939e2dce5179aad73d5cdddd8e6d9ba59da12d09672cf22c1,,Native pad extent bound and max1.1mm complete rear solder protrusion; process acceptance required.
R22_Power_C1_2_BACK_LEAD,trunk_base,trimmed_lead_budget,REFERENCE_ONLY_NO_CAD_MASS,False,参考/器件外包络：按原器件BOM采购，不按外形体积制件或计重,,work/r22-compact-power/mechanics/power_reference/STEP_毫米/R22_Power_C1_2_BACK_LEAD.step,,work/r22-compact-power/mechanics/power_reference/STL_装配坐标_毫米/R22_Power_C1_2_BACK_LEAD.stl,d60e44904a13886eb2b1e1d9ac1dbcbac131905ef2261be3364ba7bb8b318c6e,,Native pad extent bound and max1.1mm complete rear solder protrusion; process acceptance required.
R22_Power_C101_1_FORMED_LEAD,trunk_base,formed_lead_reference,REFERENCE_ONLY_NO_CAD_MASS,False,参考/器件外包络：按原器件BOM采购，不按外形体积制件或计重,,work/r22-compact-power/mechanics/power_reference/STEP_毫米/R22_Power_C101_1_FORMED_LEAD.step,,work/r22-compact-power/mechanics/power_reference/STL_装配坐标_毫米/R22_Power_C101_1_FORMED_LEAD.stl,90b8e62dec034abb5895ca73bc02808bab3ef7d800599a7df7fa36fb0be15992,,"Diameter0.65 engineering lead envelope, minimum3.2mm straight from seal thenR1. Actual lead forming/strain relief supplier acceptance pending."
R22_Power_C101_1_INSULATION,trunk_base,lead_insulation_reference,REFERENCE_ONLY_NO_CAD_MASS,False,参考/器件外包络：按原器件BOM采购，不按外形体积制件或计重,,work/r22-compact-power/mechanics/insulation_v2/STEP_毫米/R22_Power_C101_1_INSULATION.step,,work/r22-compact-power/mechanics/insulation_v2/STL_装配坐标_毫米/R22_Power_C101_1_INSULATION.stl,aad018b5ce03a47acfa0f0e542382896f9abe66ec4d56cc0850f7e465ac04180,,Sleeve ID0.70/OD1.30; z2.1..7.9. Trimmed0.2mm from upper end to clear conservative formed-lead joint sphere. Not material mass.
R22_Power_C101_2_FORMED_LEAD,trunk_base,formed_lead_reference,REFERENCE_ONLY_NO_CAD_MASS,False,参考/器件外包络：按原器件BOM采购，不按外形体积制件或计重,,work/r22-compact-power/mechanics/power_reference/STEP_毫米/R22_Power_C101_2_FORMED_LEAD.step,,work/r22-compact-power/mechanics/power_reference/STL_装配坐标_毫米/R22_Power_C101_2_FORMED_LEAD.stl,99707131d6122d760822313abfcd271b4bc6f9b3adfd81809adf53320f21c5b4,,"Diameter0.65 engineering lead envelope, minimum3.2mm straight from seal thenR1. Actual lead forming/strain relief supplier acceptance pending."
R22_Power_C101_2_INSULATION,trunk_base,lead_insulation_reference,REFERENCE_ONLY_NO_CAD_MASS,False,参考/器件外包络：按原器件BOM采购，不按外形体积制件或计重,,work/r22-compact-power/mechanics/insulation_v2/STEP_毫米/R22_Power_C101_2_INSULATION.step,,work/r22-compact-power/mechanics/insulation_v2/STL_装配坐标_毫米/R22_Power_C101_2_INSULATION.stl,9ffffe2e1a923622537fe30298c224dcc61c71bc5fe4e4e71d8947cb40cb44a7,,Sleeve ID0.70/OD1.30; z2.1..7.9. Trimmed0.2mm from upper end to clear conservative formed-lead joint sphere. Not material mass.
R22_Power_W103_FRONT_JOINT,trunk_base,solder_process_budget,REFERENCE_ONLY_NO_CAD_MASS,False,参考/器件外包络：按原器件BOM采购，不按外形体积制件或计重,,work/r22-compact-power/mechanics/power_reference/STEP_毫米/R22_Power_W103_FRONT_JOINT.step,,work/r22-compact-power/mechanics/power_reference/STL_装配坐标_毫米/R22_Power_W103_FRONT_JOINT.stl,040421c4773d7c375f656b84ca99cc8ae5d175adff41aa4e3e58f79e92ac0208,,MaxØ3.5x2mm formed solder mound; requires sample acceptance.
R22_Power_W104_FRONT_JOINT,trunk_base,solder_process_budget,REFERENCE_ONLY_NO_CAD_MASS,False,参考/器件外包络：按原器件BOM采购，不按外形体积制件或计重,,work/r22-compact-power/mechanics/power_reference/STEP_毫米/R22_Power_W104_FRONT_JOINT.step,,work/r22-compact-power/mechanics/power_reference/STL_装配坐标_毫米/R22_Power_W104_FRONT_JOINT.stl,a7c91b9b2f060491480534847574884212b44615269ec0e8ace0bf2fa7c9342f,,MaxØ3.5x2mm formed solder mound; requires sample acceptance.
R22_C101_saddle_liner_1_MAX_D13,trunk_base,compliant_part_design,"die-cut insulating VMQ50A silicone, density assumption",False,按本件源CAD与材料/工艺合同评审,,work/r22-compact-power/mechanics/power_cap_mount/STEP_毫米/R22_C101_saddle_liner_1_MAX_D13.step,,work/r22-compact-power/mechanics/power_cap_mount/STL_装配坐标_毫米/R22_C101_saddle_liner_1_MAX_D13.stl,e8be1169691c12fe0d0faf0fea59e12f83edff6a17bfa4ec79ead015812cbf32,,MAXØ13 seated case:0.10mm radial liner. Select actual thickness0.10..0.60mm from measured canØ12..13; supplier and compression qualification pending. No adhesive at vent.
R22_C101_saddle_liner_2_MAX_D13,trunk_base,compliant_part_design,"die-cut insulating VMQ50A silicone, density assumption",False,按本件源CAD与材料/工艺合同评审,,work/r22-compact-power/mechanics/power_cap_mount/STEP_毫米/R22_C101_saddle_liner_2_MAX_D13.step,,work/r22-compact-power/mechanics/power_cap_mount/STL_装配坐标_毫米/R22_C101_saddle_liner_2_MAX_D13.stl,9a64de9800083128d3dd515594a278f8142affd828dcd3d3bbe658145fe37448,,MAXØ13 seated case:0.10mm radial liner. Select actual thickness0.10..0.60mm from measured canØ12..13; supplier and compression qualification pending. No adhesive at vent.
R22_C101_lacing_1_installed_envelope,trunk_base,lacing_reference,Daburn2049-A PTFE flat braid purchase envelope,False,参考/器件外包络：按原器件BOM采购，不按外形体积制件或计重,,work/r22-compact-power/mechanics/power_cap_mount/STEP_毫米/R22_C101_lacing_1_installed_envelope.step,,work/r22-compact-power/mechanics/power_cap_mount/STL_装配坐标_毫米/R22_C101_lacing_1_installed_envelope.stl,b262154ab07b53688feed634101bbaa14fa44dbf61e4e7b3442dbcfda4a191c7,,"Nominal installed braid width1.8288max, thickness0.3556max. Closed smooth envelope is not the braided/knot material topology or rated restraint. Seat through independent slot and tie surgeon knot plus locking half hitches; procedure must pass pull/creep test."
R22_C101_lacing_1_knot_budget,trunk_base,knot_budget,"knot clearance budget, no material mass",False,参考/器件外包络：按原器件BOM采购，不按外形体积制件或计重,,work/r22-compact-power/mechanics/power_cap_mount/STEP_毫米/R22_C101_lacing_1_knot_budget.step,,work/r22-compact-power/mechanics/power_cap_mount/STL_装配坐标_毫米/R22_C101_lacing_1_knot_budget.stl,91c06df9b4b1ad41f8d4b415b0efcab76cff8c529f9913e675b538a25f1e940f,,"2.6x2.6x2.08mm maximum tied-knot clearance budget. Actual knot must fit; trim tails only after pull test. This is a service/material allowance, not a fabricated block."
R22_C101_lacing_2_installed_envelope,trunk_base,lacing_reference,Daburn2049-A PTFE flat braid purchase envelope,False,参考/器件外包络：按原器件BOM采购，不按外形体积制件或计重,,work/r22-compact-power/mechanics/power_cap_mount/STEP_毫米/R22_C101_lacing_2_installed_envelope.step,,work/r22-compact-power/mechanics/power_cap_mount/STL_装配坐标_毫米/R22_C101_lacing_2_installed_envelope.stl,5940df3bd56306e18f4371e89c21a347f34fa311e75bb9d5ab82e970f4a9bbe2,,"Nominal installed braid width1.8288max, thickness0.3556max. Closed smooth envelope is not the braided/knot material topology or rated restraint. Seat through independent slot and tie surgeon knot plus locking half hitches; procedure must pass pull/creep test."
R22_C101_lacing_2_knot_budget,trunk_base,knot_budget,"knot clearance budget, no material mass",False,参考/器件外包络：按原器件BOM采购，不按外形体积制件或计重,,work/r22-compact-power/mechanics/power_cap_mount/STEP_毫米/R22_C101_lacing_2_knot_budget.step,,work/r22-compact-power/mechanics/power_cap_mount/STL_装配坐标_毫米/R22_C101_lacing_2_knot_budget.stl,d54ac2c91fdd50248afe878dad426d02c27792e24fbabab13223abd8f2bfea1f,,"2.6x2.6x2.08mm maximum tied-knot clearance budget. Actual knot must fit; trim tails only after pull test. This is a service/material allowance, not a fabricated block."
R22_C101_H1_rear_washer,trunk_base,fastener_reference,A2 stainless nominal purchase geometry,False,参考/器件外包络：按原器件BOM采购，不按外形体积制件或计重,,work/r22-compact-power/mechanics/power_cap_mount/STEP_毫米/R22_C101_H1_rear_washer.step,,work/r22-compact-power/mechanics/power_cap_mount/STL_装配坐标_毫米/R22_C101_H1_rear_washer.stl,eebf11311b4791f99311f3d0f7241f2084621f7110755261c46f160b41697c3e,,M2 washer OD4.3 ID2.2 t0.3. Dimension acceptance and burr removal required.
R22_C101_H1_SHNS_M2_LP,trunk_base,fastener_reference,A2 stainless nominal purchase geometry,False,参考/器件外包络：按原器件BOM采购，不按外形体积制件或计重,,work/r22-compact-power/mechanics/power_cap_mount/STEP_毫米/R22_C101_H1_SHNS_M2_LP.step,,work/r22-compact-power/mechanics/power_cap_mount/STL_装配坐标_毫米/R22_C101_H1_SHNS_M2_LP.stl,51279f00b4020e152d91d4014f65f5589315ef86e46db4d7ec61df170e8daca6,,"NBK SHNS-M2-LP, AF4, height1.2. Thread3pitches nominal; true end chamfer and engagement must be measured. Standard tallM2 nut is not interchangeable in this stack."
R22_C101_H2_rear_washer,trunk_base,fastener_reference,A2 stainless nominal purchase geometry,False,参考/器件外包络：按原器件BOM采购，不按外形体积制件或计重,,work/r22-compact-power/mechanics/power_cap_mount/STEP_毫米/R22_C101_H2_rear_washer.step,,work/r22-compact-power/mechanics/power_cap_mount/STL_装配坐标_毫米/R22_C101_H2_rear_washer.stl,b92fe9c06ab4183d4c7f4fed5053e53579a2d7c15a96a0cc4b9544593b417635,,M2 washer OD4.3 ID2.2 t0.3. Dimension acceptance and burr removal required.
R22_C101_H2_SHNS_M2_LP,trunk_base,fastener_reference,A2 stainless nominal purchase geometry,False,参考/器件外包络：按原器件BOM采购，不按外形体积制件或计重,,work/r22-compact-power/mechanics/power_cap_mount/STEP_毫米/R22_C101_H2_SHNS_M2_LP.step,,work/r22-compact-power/mechanics/power_cap_mount/STL_装配坐标_毫米/R22_C101_H2_SHNS_M2_LP.stl,efea74d9f58aa01f9a4a7900c3d4b5832456f486d643989c5c94cd829bc1a678,,"NBK SHNS-M2-LP, AF4, height1.2. Thread3pitches nominal; true end chamfer and engagement must be measured. Standard tallM2 nut is not interchangeable in this stack."
