ISO-10303-21;
HEADER;
FILE_DESCRIPTION(('Open CASCADE Model'),'2;1');
FILE_NAME('Open CASCADE Shape Model','2026-09-24T23:30:42',('Author'),(
    'Open CASCADE'),'Open CASCADE STEP processor 7.9','Open CASCADE 7.9'
  ,'Unknown');
FILE_SCHEMA(('AUTOMOTIVE_DESIGN { 1 0 10303 214 1 1 1 1 }'));
ENDSEC;
DATA;
#1 = APPLICATION_PROTOCOL_DEFINITION('international standard',
  'automotive_design',2000,#2);
#2 = APPLICATION_CONTEXT(
  'core data for automotive mechanical design processes');
#3 = SHAPE_DEFINITION_REPRESENTATION(#4,#10);
#4 = PRODUCT_DEFINITION_SHAPE('','',#5);
#5 = PRODUCT_DEFINITION('design','',#6,#9);
#6 = PRODUCT_DEFINITION_FORMATION('','',#7);
#7 = PRODUCT('Open CASCADE STEP translator 7.9 2',
  'Open CASCADE STEP translator 7.9 2','',(#8));
#8 = PRODUCT_CONTEXT('',#2,'mechanical');
#9 = PRODUCT_DEFINITION_CONTEXT('part definition',#2,'design');
#10 = ADVANCED_BREP_SHAPE_REPRESENTATION('',(#11,#15),#8215);
#11 = AXIS2_PLACEMENT_3D('',#12,#13,#14);
#12 = CARTESIAN_POINT('',(0.,0.,0.));
#13 = DIRECTION('',(0.,0.,1.));
#14 = DIRECTION('',(1.,0.,-0.));
#15 = MANIFOLD_SOLID_BREP('',#16);
#16 = CLOSED_SHELL('',(#17,#278,#364,#486,#540,#622,#704,#773,#808,#856,
    #1001,#1214,#1395,#1479,#1569,#1595,#1635,#1684,#1739,#1829,#1896,
    #1949,#1975,#2082,#2136,#2162,#2222,#2347,#2429,#2521,#2574,#2625,
    #2651,#2657,#2725,#2760,#2808,#2891,#2930,#2988,#3036,#3104,#3130,
    #3157,#3215,#3274,#3385,#3438,#3520,#3610,#3656,#3687,#3763,#3826,
    #3880,#3906,#3988,#4052,#4163,#4231,#4376,#4457,#4511,#4569,#4694,
    #4721,#4808,#4919,#4949,#4975,#5001,#5032,#5088,#5192,#5253,#5279,
    #5337,#5368,#5394,#5475,#5663,#5712,#5744,#5779,#5833,#5890,#5973,
    #6035,#6098,#6104,#6135,#6183,#6243,#6269,#6350,#6554,#6603,#6634,
    #6717,#6798,#6879,#6915,#6941,#6994,#7045,#7129,#7198,#7205,#7240,
    #7247,#7253,#7288,#7385,#7392,#7399,#7431,#7463,#7517,#7595,#7623,
    #7653,#7659,#7743,#7791,#7850,#7897,#7945,#7978,#8029,#8037,#8042,
    #8069,#8095,#8122,#8169,#8175,#8183,#8209));
#17 = ADVANCED_FACE('',(#18),#33,.T.);
#18 = FACE_BOUND('',#19,.T.);
#19 = EDGE_LOOP('',(#20,#56,#85,#114,#143,#172,#201,#223,#246,#277));
#20 = ORIENTED_EDGE('',*,*,#21,.T.);
#21 = EDGE_CURVE('',#22,#24,#26,.T.);
#22 = VERTEX_POINT('',#23);
#23 = CARTESIAN_POINT('',(-34.5,143.21442219677,-116.9320740639));
#24 = VERTEX_POINT('',#25);
#25 = CARTESIAN_POINT('',(-35.31726410922,142.98895387402,-119.508237955
    ));
#26 = SURFACE_CURVE('',#27,(#32,#44),.PCURVE_S1.);
#27 = CIRCLE('',#28,4.5);
#28 = AXIS2_PLACEMENT_3D('',#29,#30,#31);
#29 = CARTESIAN_POINT('',(-39.,143.21442219677,-116.9320740639));
#30 = DIRECTION('',(0.,0.996191759571,-8.718932367606E-02));
#31 = DIRECTION('',(1.,0.,0.));
#32 = PCURVE('',#33,#38);
#33 = CYLINDRICAL_SURFACE('',#34,4.5);
#34 = AXIS2_PLACEMENT_3D('',#35,#36,#37);
#35 = CARTESIAN_POINT('',(-39.,143.01518384486,-116.9146361991));
#36 = DIRECTION('',(0.,0.996191759571,-8.718932367606E-02));
#37 = DIRECTION('',(1.,0.,0.));
#38 = DEFINITIONAL_REPRESENTATION('',(#39),#43);
#39 = LINE('',#40,#41);
#40 = CARTESIAN_POINT('',(-4.138911435803E-13,0.199999999992));
#41 = VECTOR('',#42,1.);
#42 = DIRECTION('',(1.,-0.));
#43 = ( GEOMETRIC_REPRESENTATION_CONTEXT(2) 
PARAMETRIC_REPRESENTATION_CONTEXT() REPRESENTATION_CONTEXT('2D SPACE',''
  ) );
#44 = PCURVE('',#45,#50);
#45 = PLANE('',#46);
#46 = AXIS2_PLACEMENT_3D('',#47,#48,#49);
#47 = CARTESIAN_POINT('',(-38.56860247428,142.86046522362,
    -120.9762506331));
#48 = DIRECTION('',(0.,0.996191759571,-8.718932367605E-02));
#49 = DIRECTION('',(-1.,0.,0.));
#50 = DEFINITIONAL_REPRESENTATION('',(#51),#55);
#51 = CIRCLE('',#52,4.5);
#52 = AXIS2_PLACEMENT_2D('',#53,#54);
#53 = CARTESIAN_POINT('',(0.43139752572,4.059636641586));
#54 = DIRECTION('',(-1.,0.));
#55 = ( GEOMETRIC_REPRESENTATION_CONTEXT(2) 
PARAMETRIC_REPRESENTATION_CONTEXT() REPRESENTATION_CONTEXT('2D SPACE',''
  ) );
#56 = ORIENTED_EDGE('',*,*,#57,.T.);
#57 = EDGE_CURVE('',#24,#58,#60,.T.);
#58 = VERTEX_POINT('',#59);
#59 = CARTESIAN_POINT('',(-38.03504804142,142.83120120872,
    -121.3106593824));
#60 = SURFACE_CURVE('',#61,(#66,#73),.PCURVE_S1.);
#61 = CIRCLE('',#62,4.5);
#62 = AXIS2_PLACEMENT_3D('',#63,#64,#65);
#63 = CARTESIAN_POINT('',(-39.,143.21442219677,-116.9320740639));
#64 = DIRECTION('',(0.,0.996191759571,-8.718932367606E-02));
#65 = DIRECTION('',(1.,0.,0.));
#66 = PCURVE('',#33,#67);
#67 = DEFINITIONAL_REPRESENTATION('',(#68),#72);
#68 = LINE('',#69,#70);
#69 = CARTESIAN_POINT('',(-4.138911435803E-13,0.199999999992));
#70 = VECTOR('',#71,1.);
#71 = DIRECTION('',(1.,-0.));
#72 = ( GEOMETRIC_REPRESENTATION_CONTEXT(2) 
PARAMETRIC_REPRESENTATION_CONTEXT() REPRESENTATION_CONTEXT('2D SPACE',''
  ) );
#73 = PCURVE('',#74,#79);
#74 = PLANE('',#75);
#75 = AXIS2_PLACEMENT_3D('',#76,#77,#78);
#76 = CARTESIAN_POINT('',(-38.56860247428,142.86046522362,
    -120.9762506331));
#77 = DIRECTION('',(0.,0.996191759571,-8.718932367605E-02));
#78 = DIRECTION('',(-1.,0.,0.));
#79 = DEFINITIONAL_REPRESENTATION('',(#80),#84);
#80 = CIRCLE('',#81,4.5);
#81 = AXIS2_PLACEMENT_2D('',#82,#83);
#82 = CARTESIAN_POINT('',(0.43139752572,4.059636641586));
#83 = DIRECTION('',(-1.,0.));
#84 = ( GEOMETRIC_REPRESENTATION_CONTEXT(2) 
PARAMETRIC_REPRESENTATION_CONTEXT() REPRESENTATION_CONTEXT('2D SPACE',''
  ) );
#85 = ORIENTED_EDGE('',*,*,#86,.T.);
#86 = EDGE_CURVE('',#58,#87,#89,.T.);
#87 = VERTEX_POINT('',#88);
#88 = CARTESIAN_POINT('',(-39.4828684374,142.82433986922,-121.3890544149
    ));
#89 = SURFACE_CURVE('',#90,(#95,#102),.PCURVE_S1.);
#90 = CIRCLE('',#91,4.5);
#91 = AXIS2_PLACEMENT_3D('',#92,#93,#94);
#92 = CARTESIAN_POINT('',(-39.,143.21442219677,-116.9320740639));
#93 = DIRECTION('',(0.,0.996191759571,-8.718932367606E-02));
#94 = DIRECTION('',(1.,0.,0.));
#95 = PCURVE('',#33,#96);
#96 = DEFINITIONAL_REPRESENTATION('',(#97),#101);
#97 = LINE('',#98,#99);
#98 = CARTESIAN_POINT('',(-4.138911435803E-13,0.199999999992));
#99 = VECTOR('',#100,1.);
#100 = DIRECTION('',(1.,-0.));
#101 = ( GEOMETRIC_REPRESENTATION_CONTEXT(2) 
PARAMETRIC_REPRESENTATION_CONTEXT() REPRESENTATION_CONTEXT('2D SPACE',''
  ) );
#102 = PCURVE('',#103,#108);
#103 = PLANE('',#104);
#104 = AXIS2_PLACEMENT_3D('',#105,#106,#107);
#105 = CARTESIAN_POINT('',(-38.56860247428,142.86046522362,
    -120.9762506331));
#106 = DIRECTION('',(0.,0.996191759571,-8.718932367605E-02));
#107 = DIRECTION('',(-1.,0.,0.));
#108 = DEFINITIONAL_REPRESENTATION('',(#109),#113);
#109 = CIRCLE('',#110,4.5);
#110 = AXIS2_PLACEMENT_2D('',#111,#112);
#111 = CARTESIAN_POINT('',(0.43139752572,4.059636641586));
#112 = DIRECTION('',(-1.,0.));
#113 = ( GEOMETRIC_REPRESENTATION_CONTEXT(2) 
PARAMETRIC_REPRESENTATION_CONTEXT() REPRESENTATION_CONTEXT('2D SPACE',''
  ) );
#114 = ORIENTED_EDGE('',*,*,#115,.T.);
#115 = EDGE_CURVE('',#87,#116,#118,.T.);
#116 = VERTEX_POINT('',#117);
#117 = CARTESIAN_POINT('',(-43.37992873302,143.12439641095,
    -117.9607234947));
#118 = SURFACE_CURVE('',#119,(#124,#131),.PCURVE_S1.);
#119 = CIRCLE('',#120,4.5);
#120 = AXIS2_PLACEMENT_3D('',#121,#122,#123);
#121 = CARTESIAN_POINT('',(-39.,143.21442219677,-116.9320740639));
#122 = DIRECTION('',(0.,0.996191759571,-8.718932367606E-02));
#123 = DIRECTION('',(1.,0.,0.));
#124 = PCURVE('',#33,#125);
#125 = DEFINITIONAL_REPRESENTATION('',(#126),#130);
#126 = LINE('',#127,#128);
#127 = CARTESIAN_POINT('',(-4.138911435803E-13,0.199999999992));
#128 = VECTOR('',#129,1.);
#129 = DIRECTION('',(1.,-0.));
#130 = ( GEOMETRIC_REPRESENTATION_CONTEXT(2) 
PARAMETRIC_REPRESENTATION_CONTEXT() REPRESENTATION_CONTEXT('2D SPACE',''
  ) );
#131 = PCURVE('',#132,#137);
#132 = PLANE('',#133);
#133 = AXIS2_PLACEMENT_3D('',#134,#135,#136);
#134 = CARTESIAN_POINT('',(-38.56860247428,142.86046522362,
    -120.9762506331));
#135 = DIRECTION('',(0.,0.996191759571,-8.718932367605E-02));
#136 = DIRECTION('',(-1.,0.,0.));
#137 = DEFINITIONAL_REPRESENTATION('',(#138),#142);
#138 = CIRCLE('',#139,4.5);
#139 = AXIS2_PLACEMENT_2D('',#140,#141);
#140 = CARTESIAN_POINT('',(0.43139752572,4.059636641586));
#141 = DIRECTION('',(-1.,0.));
#142 = ( GEOMETRIC_REPRESENTATION_CONTEXT(2) 
PARAMETRIC_REPRESENTATION_CONTEXT() REPRESENTATION_CONTEXT('2D SPACE',''
  ) );
#143 = ORIENTED_EDGE('',*,*,#144,.T.);
#144 = EDGE_CURVE('',#116,#145,#147,.T.);
#145 = VERTEX_POINT('',#146);
#146 = CARTESIAN_POINT('',(-41.94910419057,143.51077765144,
    -113.5460796874));
#147 = SURFACE_CURVE('',#148,(#153,#160),.PCURVE_S1.);
#148 = CIRCLE('',#149,4.5);
#149 = AXIS2_PLACEMENT_3D('',#150,#151,#152);
#150 = CARTESIAN_POINT('',(-39.,143.21442219677,-116.9320740639));
#151 = DIRECTION('',(0.,0.996191759571,-8.718932367606E-02));
#152 = DIRECTION('',(1.,0.,0.));
#153 = PCURVE('',#33,#154);
#154 = DEFINITIONAL_REPRESENTATION('',(#155),#159);
#155 = LINE('',#156,#157);
#156 = CARTESIAN_POINT('',(-4.138911435803E-13,0.199999999992));
#157 = VECTOR('',#158,1.);
#158 = DIRECTION('',(1.,-0.));
#159 = ( GEOMETRIC_REPRESENTATION_CONTEXT(2) 
PARAMETRIC_REPRESENTATION_CONTEXT() REPRESENTATION_CONTEXT('2D SPACE',''
  ) );
#160 = PCURVE('',#161,#166);
#161 = PLANE('',#162);
#162 = AXIS2_PLACEMENT_3D('',#163,#164,#165);
#163 = CARTESIAN_POINT('',(-38.56860247428,142.86046522362,
    -120.9762506331));
#164 = DIRECTION('',(0.,0.996191759571,-8.718932367605E-02));
#165 = DIRECTION('',(-1.,0.,0.));
#166 = DEFINITIONAL_REPRESENTATION('',(#167),#171);
#167 = CIRCLE('',#168,4.5);
#168 = AXIS2_PLACEMENT_2D('',#169,#170);
#169 = CARTESIAN_POINT('',(0.43139752572,4.059636641586));
#170 = DIRECTION('',(-1.,0.));
#171 = ( GEOMETRIC_REPRESENTATION_CONTEXT(2) 
PARAMETRIC_REPRESENTATION_CONTEXT() REPRESENTATION_CONTEXT('2D SPACE',''
  ) );
#172 = ORIENTED_EDGE('',*,*,#173,.T.);
#173 = EDGE_CURVE('',#145,#174,#176,.T.);
#174 = VERTEX_POINT('',#175);
#175 = CARTESIAN_POINT('',(-34.87827070374,143.37188343955,
    -115.1330316615));
#176 = SURFACE_CURVE('',#177,(#182,#189),.PCURVE_S1.);
#177 = CIRCLE('',#178,4.5);
#178 = AXIS2_PLACEMENT_3D('',#179,#180,#181);
#179 = CARTESIAN_POINT('',(-39.,143.21442648258,-116.932074439));
#180 = DIRECTION('',(0.,0.996191759571,-8.718932367606E-02));
#181 = DIRECTION('',(1.,0.,0.));
#182 = PCURVE('',#33,#183);
#183 = DEFINITIONAL_REPRESENTATION('',(#184),#188);
#184 = LINE('',#185,#186);
#185 = CARTESIAN_POINT('',(-4.138911435803E-13,0.20000430219));
#186 = VECTOR('',#187,1.);
#187 = DIRECTION('',(1.,-0.));
#188 = ( GEOMETRIC_REPRESENTATION_CONTEXT(2) 
PARAMETRIC_REPRESENTATION_CONTEXT() REPRESENTATION_CONTEXT('2D SPACE',''
  ) );
#189 = PCURVE('',#190,#195);
#190 = PLANE('',#191);
#191 = AXIS2_PLACEMENT_3D('',#192,#193,#194);
#192 = CARTESIAN_POINT('',(-25.79821629197,146.44928536556,-79.971817991
    ));
#193 = DIRECTION('',(0.,0.996191759571,-8.718932367605E-02));
#194 = DIRECTION('',(-1.,0.,0.));
#195 = DEFINITIONAL_REPRESENTATION('',(#196),#200);
#196 = CIRCLE('',#197,4.5);
#197 = AXIS2_PLACEMENT_2D('',#198,#199);
#198 = CARTESIAN_POINT('',(13.20178370803,-37.10154806331));
#199 = DIRECTION('',(-1.,0.));
#200 = ( GEOMETRIC_REPRESENTATION_CONTEXT(2) 
PARAMETRIC_REPRESENTATION_CONTEXT() REPRESENTATION_CONTEXT('2D SPACE',''
  ) );
#201 = ORIENTED_EDGE('',*,*,#202,.T.);
#202 = EDGE_CURVE('',#174,#22,#203,.T.);
#203 = SURFACE_CURVE('',#204,(#209,#216),.PCURVE_S1.);
#204 = CIRCLE('',#205,4.5);
#205 = AXIS2_PLACEMENT_3D('',#206,#207,#208);
#206 = CARTESIAN_POINT('',(-39.,143.21442219677,-116.9320740639));
#207 = DIRECTION('',(0.,0.996191759571,-8.718932367606E-02));
#208 = DIRECTION('',(1.,0.,0.));
#209 = PCURVE('',#33,#210);
#210 = DEFINITIONAL_REPRESENTATION('',(#211),#215);
#211 = LINE('',#212,#213);
#212 = CARTESIAN_POINT('',(-4.138911435803E-13,0.199999999992));
#213 = VECTOR('',#214,1.);
#214 = DIRECTION('',(1.,-0.));
#215 = ( GEOMETRIC_REPRESENTATION_CONTEXT(2) 
PARAMETRIC_REPRESENTATION_CONTEXT() REPRESENTATION_CONTEXT('2D SPACE',''
  ) );
#216 = PCURVE('',#45,#217);
#217 = DEFINITIONAL_REPRESENTATION('',(#218),#222);
#218 = CIRCLE('',#219,4.5);
#219 = AXIS2_PLACEMENT_2D('',#220,#221);
#220 = CARTESIAN_POINT('',(0.43139752572,4.059636641586));
#221 = DIRECTION('',(-1.,0.));
#222 = ( GEOMETRIC_REPRESENTATION_CONTEXT(2) 
PARAMETRIC_REPRESENTATION_CONTEXT() REPRESENTATION_CONTEXT('2D SPACE',''
  ) );
#223 = ORIENTED_EDGE('',*,*,#224,.T.);
#224 = EDGE_CURVE('',#22,#225,#227,.T.);
#225 = VERTEX_POINT('',#226);
#226 = CARTESIAN_POINT('',(-34.5,143.33396520792,-116.9425367827));
#227 = SEAM_CURVE('',#228,(#232,#239),.PCURVE_S1.);
#228 = LINE('',#229,#230);
#229 = CARTESIAN_POINT('',(-34.5,143.01518384486,-116.9146361991));
#230 = VECTOR('',#231,1.);
#231 = DIRECTION('',(0.,0.996191759571,-8.718932367606E-02));
#232 = PCURVE('',#33,#233);
#233 = DEFINITIONAL_REPRESENTATION('',(#234),#238);
#234 = LINE('',#235,#236);
#235 = CARTESIAN_POINT('',(6.28318530718,0.));
#236 = VECTOR('',#237,1.);
#237 = DIRECTION('',(-0.,1.));
#238 = ( GEOMETRIC_REPRESENTATION_CONTEXT(2) 
PARAMETRIC_REPRESENTATION_CONTEXT() REPRESENTATION_CONTEXT('2D SPACE',''
  ) );
#239 = PCURVE('',#33,#240);
#240 = DEFINITIONAL_REPRESENTATION('',(#241),#245);
#241 = LINE('',#242,#243);
#242 = CARTESIAN_POINT('',(-4.138911435803E-13,0.));
#243 = VECTOR('',#244,1.);
#244 = DIRECTION('',(-0.,1.));
#245 = ( GEOMETRIC_REPRESENTATION_CONTEXT(2) 
PARAMETRIC_REPRESENTATION_CONTEXT() REPRESENTATION_CONTEXT('2D SPACE',''
  ) );
#246 = ORIENTED_EDGE('',*,*,#247,.T.);
#247 = EDGE_CURVE('',#225,#225,#248,.T.);
#248 = SURFACE_CURVE('',#249,(#254,#261),.PCURVE_S1.);
#249 = CIRCLE('',#250,4.5);
#250 = AXIS2_PLACEMENT_3D('',#251,#252,#253);
#251 = CARTESIAN_POINT('',(-39.,143.33396520792,-116.9425367827));
#252 = DIRECTION('',(0.,-0.996191759571,8.718932367606E-02));
#253 = DIRECTION('',(1.,0.,0.));
#254 = PCURVE('',#33,#255);
#255 = DEFINITIONAL_REPRESENTATION('',(#256),#260);
#256 = LINE('',#257,#258);
#257 = CARTESIAN_POINT('',(6.28318530718,0.319999999999));
#258 = VECTOR('',#259,1.);
#259 = DIRECTION('',(-1.,0.));
#260 = ( GEOMETRIC_REPRESENTATION_CONTEXT(2) 
PARAMETRIC_REPRESENTATION_CONTEXT() REPRESENTATION_CONTEXT('2D SPACE',''
  ) );
#261 = PCURVE('',#262,#267);
#262 = PLANE('',#263);
#263 = AXIS2_PLACEMENT_3D('',#264,#265,#266);
#264 = CARTESIAN_POINT('',(-39.,143.33396520792,-116.9425367827));
#265 = DIRECTION('',(0.,0.996191759571,-8.718932367606E-02));
#266 = DIRECTION('',(-1.,0.,-0.));
#267 = DEFINITIONAL_REPRESENTATION('',(#268),#276);
#268 = ( BOUNDED_CURVE() B_SPLINE_CURVE(2,(#269,#270,#271,#272,#273,#274
,#275),.UNSPECIFIED.,.T.,.F.) B_SPLINE_CURVE_WITH_KNOTS((1,2,2,2,2,1),(
    -2.094395102393,0.,2.094395102393,4.188790204786,6.28318530718,
8.377580409573),.UNSPECIFIED.) CURVE() GEOMETRIC_REPRESENTATION_ITEM() 
RATIONAL_B_SPLINE_CURVE((1.,0.5,1.,0.5,1.,0.5,1.)) REPRESENTATION_ITEM(
  '') );
#269 = CARTESIAN_POINT('',(-4.5,0.));
#270 = CARTESIAN_POINT('',(-4.5,7.79422863406));
#271 = CARTESIAN_POINT('',(2.25,3.89711431703));
#272 = CARTESIAN_POINT('',(9.,1.102182119233E-15));
#273 = CARTESIAN_POINT('',(2.25,-3.89711431703));
#274 = CARTESIAN_POINT('',(-4.5,-7.79422863406));
#275 = CARTESIAN_POINT('',(-4.5,0.));
#276 = ( GEOMETRIC_REPRESENTATION_CONTEXT(2) 
PARAMETRIC_REPRESENTATION_CONTEXT() REPRESENTATION_CONTEXT('2D SPACE',''
  ) );
#277 = ORIENTED_EDGE('',*,*,#224,.F.);
#278 = ADVANCED_FACE('',(#279),#45,.T.);
#279 = FACE_BOUND('',#280,.T.);
#280 = EDGE_LOOP('',(#281,#282,#305,#342,#363));
#281 = ORIENTED_EDGE('',*,*,#202,.F.);
#282 = ORIENTED_EDGE('',*,*,#283,.T.);
#283 = EDGE_CURVE('',#174,#284,#286,.T.);
#284 = VERTEX_POINT('',#285);
#285 = CARTESIAN_POINT('',(-27.22877207737,144.43196620557,
    -103.0209080375));
#286 = SURFACE_CURVE('',#287,(#291,#298),.PCURVE_S1.);
#287 = LINE('',#288,#289);
#288 = CARTESIAN_POINT('',(-38.5686,142.86046921661,-120.9762543538));
#289 = VECTOR('',#290,1.);
#290 = DIRECTION('',(0.532523775277,7.379835534144E-02,0.843191693219));
#291 = PCURVE('',#45,#292);
#292 = DEFINITIONAL_REPRESENTATION('',(#293),#297);
#293 = LINE('',#294,#295);
#294 = CARTESIAN_POINT('',(-2.474279995113E-06,-3.358384583711E-06));
#295 = VECTOR('',#296,1.);
#296 = DIRECTION('',(-0.532523775277,0.846415045214));
#297 = ( GEOMETRIC_REPRESENTATION_CONTEXT(2) 
PARAMETRIC_REPRESENTATION_CONTEXT() REPRESENTATION_CONTEXT('2D SPACE',''
  ) );
#298 = PCURVE('',#190,#299);
#299 = DEFINITIONAL_REPRESENTATION('',(#300),#304);
#300 = LINE('',#301,#302);
#301 = CARTESIAN_POINT('',(12.77038370803,-41.16118806329));
#302 = VECTOR('',#303,1.);
#303 = DIRECTION('',(-0.532523775277,0.846415045214));
#304 = ( GEOMETRIC_REPRESENTATION_CONTEXT(2) 
PARAMETRIC_REPRESENTATION_CONTEXT() REPRESENTATION_CONTEXT('2D SPACE',''
  ) );
#305 = ORIENTED_EDGE('',*,*,#306,.F.);
#306 = EDGE_CURVE('',#307,#284,#309,.T.);
#307 = VERTEX_POINT('',#308);
#308 = CARTESIAN_POINT('',(-19.17326,143.62692353236,-112.2190414148));
#309 = SURFACE_CURVE('',#310,(#315,#326),.PCURVE_S1.);
#310 = CIRCLE('',#311,21.294499207368);
#311 = AXIS2_PLACEMENT_3D('',#312,#313,#314);
#312 = CARTESIAN_POINT('',(-38.56860247428,142.86046522362,
    -120.9762506331));
#313 = DIRECTION('',(0.,-0.996191759571,8.718932367605E-02));
#314 = DIRECTION('',(1.,0.,0.));
#315 = PCURVE('',#45,#316);
#316 = DEFINITIONAL_REPRESENTATION('',(#317),#325);
#317 = ( BOUNDED_CURVE() B_SPLINE_CURVE(2,(#318,#319,#320,#321,#322,#323
,#324),.UNSPECIFIED.,.T.,.F.) B_SPLINE_CURVE_WITH_KNOTS((1,2,2,2,2,1),(
    -2.094395102393,0.,2.094395102393,4.188790204786,6.28318530718,
8.377580409573),.UNSPECIFIED.) CURVE() GEOMETRIC_REPRESENTATION_ITEM() 
RATIONAL_B_SPLINE_CURVE((1.,0.5,1.,0.5,1.,0.5,1.)) REPRESENTATION_ITEM(
  '') );
#318 = CARTESIAN_POINT('',(-21.29449920736,0.));
#319 = CARTESIAN_POINT('',(-21.29449920736,36.883154548897));
#320 = CARTESIAN_POINT('',(10.647249603684,18.441577274448));
#321 = CARTESIAN_POINT('',(42.588998414736,5.21564805875E-15));
#322 = CARTESIAN_POINT('',(10.647249603684,-18.44157727444));
#323 = CARTESIAN_POINT('',(-21.29449920736,-36.88315454889));
#324 = CARTESIAN_POINT('',(-21.29449920736,0.));
#325 = ( GEOMETRIC_REPRESENTATION_CONTEXT(2) 
PARAMETRIC_REPRESENTATION_CONTEXT() REPRESENTATION_CONTEXT('2D SPACE',''
  ) );
#326 = PCURVE('',#327,#332);
#327 = PLANE('',#328);
#328 = AXIS2_PLACEMENT_3D('',#329,#330,#331);
#329 = CARTESIAN_POINT('',(-39.51921649559,144.41408330885,
    -103.2252558257));
#330 = DIRECTION('',(0.,0.996191759571,-8.718932367605E-02));
#331 = DIRECTION('',(-1.,0.,0.));
#332 = DEFINITIONAL_REPRESENTATION('',(#333),#341);
#333 = ( BOUNDED_CURVE() B_SPLINE_CURVE(2,(#334,#335,#336,#337,#338,#339
,#340),.UNSPECIFIED.,.T.,.F.) B_SPLINE_CURVE_WITH_KNOTS((1,2,2,2,2,1),(
    -2.094395102393,0.,2.094395102393,4.188790204786,6.28318530718,
8.377580409573),.UNSPECIFIED.) CURVE() GEOMETRIC_REPRESENTATION_ITEM() 
RATIONAL_B_SPLINE_CURVE((1.,0.5,1.,0.5,1.,0.5,1.)) REPRESENTATION_ITEM(
  '') );
#334 = CARTESIAN_POINT('',(-22.24511322867,-17.81885366141));
#335 = CARTESIAN_POINT('',(-22.24511322867,19.064300887477));
#336 = CARTESIAN_POINT('',(9.696635582374,0.622723613029));
#337 = CARTESIAN_POINT('',(41.638384393426,-17.81885366141));
#338 = CARTESIAN_POINT('',(9.696635582374,-36.26043093586));
#339 = CARTESIAN_POINT('',(-22.24511322867,-54.70200821031));
#340 = CARTESIAN_POINT('',(-22.24511322867,-17.81885366141));
#341 = ( GEOMETRIC_REPRESENTATION_CONTEXT(2) 
PARAMETRIC_REPRESENTATION_CONTEXT() REPRESENTATION_CONTEXT('2D SPACE',''
  ) );
#342 = ORIENTED_EDGE('',*,*,#343,.F.);
#343 = EDGE_CURVE('',#24,#307,#344,.T.);
#344 = SURFACE_CURVE('',#345,(#349,#356),.PCURVE_S1.);
#345 = LINE('',#346,#347);
#346 = CARTESIAN_POINT('',(-57.96395,142.09401490087,-129.7334672927));
#347 = VECTOR('',#348,1.);
#348 = DIRECTION('',(0.910814856676,3.599306832363E-02,0.411242988865));
#349 = PCURVE('',#45,#350);
#350 = DEFINITIONAL_REPRESENTATION('',(#351),#355);
#351 = LINE('',#352,#353);
#352 = CARTESIAN_POINT('',(19.39534752572,-8.790693358342));
#353 = VECTOR('',#354,1.);
#354 = DIRECTION('',(-0.910814856676,0.412815087973));
#355 = ( GEOMETRIC_REPRESENTATION_CONTEXT(2) 
PARAMETRIC_REPRESENTATION_CONTEXT() REPRESENTATION_CONTEXT('2D SPACE',''
  ) );
#356 = PCURVE('',#74,#357);
#357 = DEFINITIONAL_REPRESENTATION('',(#358),#362);
#358 = LINE('',#359,#360);
#359 = CARTESIAN_POINT('',(19.39534752572,-8.790693358342));
#360 = VECTOR('',#361,1.);
#361 = DIRECTION('',(-0.910814856676,0.412815087973));
#362 = ( GEOMETRIC_REPRESENTATION_CONTEXT(2) 
PARAMETRIC_REPRESENTATION_CONTEXT() REPRESENTATION_CONTEXT('2D SPACE',''
  ) );
#363 = ORIENTED_EDGE('',*,*,#21,.F.);
#364 = ADVANCED_FACE('',(#365),#74,.T.);
#365 = FACE_BOUND('',#366,.T.);
#366 = EDGE_LOOP('',(#367,#404,#430,#463,#484,#485));
#367 = ORIENTED_EDGE('',*,*,#368,.F.);
#368 = EDGE_CURVE('',#369,#307,#371,.T.);
#369 = VERTEX_POINT('',#370);
#370 = CARTESIAN_POINT('',(-18.77477150616,143.54510937161,
    -113.1537692819));
#371 = SURFACE_CURVE('',#372,(#377,#388),.PCURVE_S1.);
#372 = CIRCLE('',#373,21.294499207368);
#373 = AXIS2_PLACEMENT_3D('',#374,#375,#376);
#374 = CARTESIAN_POINT('',(-38.56860247428,142.86046522362,
    -120.9762506331));
#375 = DIRECTION('',(0.,-0.996191759571,8.718932367605E-02));
#376 = DIRECTION('',(1.,0.,0.));
#377 = PCURVE('',#74,#378);
#378 = DEFINITIONAL_REPRESENTATION('',(#379),#387);
#379 = ( BOUNDED_CURVE() B_SPLINE_CURVE(2,(#380,#381,#382,#383,#384,#385
,#386),.UNSPECIFIED.,.T.,.F.) B_SPLINE_CURVE_WITH_KNOTS((1,2,2,2,2,1),(
    -2.094395102393,0.,2.094395102393,4.188790204786,6.28318530718,
8.377580409573),.UNSPECIFIED.) CURVE() GEOMETRIC_REPRESENTATION_ITEM() 
RATIONAL_B_SPLINE_CURVE((1.,0.5,1.,0.5,1.,0.5,1.)) REPRESENTATION_ITEM(
  '') );
#380 = CARTESIAN_POINT('',(-21.29449920736,0.));
#381 = CARTESIAN_POINT('',(-21.29449920736,36.883154548897));
#382 = CARTESIAN_POINT('',(10.647249603684,18.441577274448));
#383 = CARTESIAN_POINT('',(42.588998414736,5.21564805875E-15));
#384 = CARTESIAN_POINT('',(10.647249603684,-18.44157727444));
#385 = CARTESIAN_POINT('',(-21.29449920736,-36.88315454889));
#386 = CARTESIAN_POINT('',(-21.29449920736,0.));
#387 = ( GEOMETRIC_REPRESENTATION_CONTEXT(2) 
PARAMETRIC_REPRESENTATION_CONTEXT() REPRESENTATION_CONTEXT('2D SPACE',''
  ) );
#388 = PCURVE('',#389,#394);
#389 = PLANE('',#390);
#390 = AXIS2_PLACEMENT_3D('',#391,#392,#393);
#391 = CARTESIAN_POINT('',(-12.50688964838,145.12775339082,
    -95.07113528976));
#392 = DIRECTION('',(0.,0.996191759571,-8.718932367605E-02));
#393 = DIRECTION('',(-1.,0.,0.));
#394 = DEFINITIONAL_REPRESENTATION('',(#395),#403);
#395 = ( BOUNDED_CURVE() B_SPLINE_CURVE(2,(#396,#397,#398,#399,#400,#401
,#402),.UNSPECIFIED.,.T.,.F.) B_SPLINE_CURVE_WITH_KNOTS((1,2,2,2,2,1),(
    -2.094395102393,0.,2.094395102393,4.188790204786,6.28318530718,
8.377580409573),.UNSPECIFIED.) CURVE() GEOMETRIC_REPRESENTATION_ITEM() 
RATIONAL_B_SPLINE_CURVE((1.,0.5,1.,0.5,1.,0.5,1.)) REPRESENTATION_ITEM(
  '') );
#396 = CARTESIAN_POINT('',(4.767213618532,-26.00414575764));
#397 = CARTESIAN_POINT('',(4.767213618532,10.879008791251));
#398 = CARTESIAN_POINT('',(36.708962429584,-7.562568483197));
#399 = CARTESIAN_POINT('',(68.650711240636,-26.00414575764));
#400 = CARTESIAN_POINT('',(36.708962429584,-44.44572303209));
#401 = CARTESIAN_POINT('',(4.767213618532,-62.88730030654));
#402 = CARTESIAN_POINT('',(4.767213618532,-26.00414575764));
#403 = ( GEOMETRIC_REPRESENTATION_CONTEXT(2) 
PARAMETRIC_REPRESENTATION_CONTEXT() REPRESENTATION_CONTEXT('2D SPACE',''
  ) );
#404 = ORIENTED_EDGE('',*,*,#405,.T.);
#405 = EDGE_CURVE('',#369,#406,#408,.T.);
#406 = VERTEX_POINT('',#407);
#407 = CARTESIAN_POINT('',(-22.09254636782,143.19181767462,
    -117.1903446611));
#408 = SURFACE_CURVE('',#409,(#413,#419),.PCURVE_S1.);
#409 = LINE('',#410,#411);
#410 = CARTESIAN_POINT('',(-26.33031348766,142.74056103434,
    -122.3462298949));
#411 = VECTOR('',#412,1.);
#412 = DIRECTION('',(-0.633523342678,-6.746043542896E-02,-0.770777052029
    ));
#413 = PCURVE('',#74,#414);
#414 = DEFINITIONAL_REPRESENTATION('',(#415),#418);
#415 = B_SPLINE_CURVE_WITH_KNOTS('',1,(#416,#417),.UNSPECIFIED.,.F.,.F.,
  (2,2),(-13.13893674736,-6.689204381844),.PIECEWISE_BEZIER_KNOTS.);
#416 = CARTESIAN_POINT('',(-20.56211211403,8.790688727276));
#417 = CARTESIAN_POINT('',(-16.47605610645,3.800378727916));
#418 = ( GEOMETRIC_REPRESENTATION_CONTEXT(2) 
PARAMETRIC_REPRESENTATION_CONTEXT() REPRESENTATION_CONTEXT('2D SPACE',''
  ) );
#419 = PCURVE('',#420,#425);
#420 = PLANE('',#421);
#421 = AXIS2_PLACEMENT_3D('',#422,#423,#424);
#422 = CARTESIAN_POINT('',(-22.09254636782,139.20705063634,
    -116.8415873663));
#423 = DIRECTION('',(-0.773723577437,5.523647178109E-02,0.631110733472)
  );
#424 = DIRECTION('',(-0.633523342678,-6.746043542898E-02,-0.770777052029
    ));
#425 = DEFINITIONAL_REPRESENTATION('',(#426),#429);
#426 = B_SPLINE_CURVE_WITH_KNOTS('',1,(#427,#428),.UNSPECIFIED.,.F.,.F.,
  (2,2),(-13.13893674736,-6.689204381844),.PIECEWISE_BEZIER_KNOTS.);
#427 = CARTESIAN_POINT('',(-6.449732365517,-3.999999999992));
#428 = CARTESIAN_POINT('',(7.105427357601E-15,-3.999999999992));
#429 = ( GEOMETRIC_REPRESENTATION_CONTEXT(2) 
PARAMETRIC_REPRESENTATION_CONTEXT() REPRESENTATION_CONTEXT('2D SPACE',''
  ) );
#430 = ORIENTED_EDGE('',*,*,#431,.F.);
#431 = EDGE_CURVE('',#432,#406,#434,.T.);
#432 = VERTEX_POINT('',#433);
#433 = CARTESIAN_POINT('',(-33.26978809203,142.56980129445,
    -124.2973145091));
#434 = SURFACE_CURVE('',#435,(#440,#451),.PCURVE_S1.);
#435 = CIRCLE('',#436,21.294499207368);
#436 = AXIS2_PLACEMENT_3D('',#437,#438,#439);
#437 = CARTESIAN_POINT('',(-38.56860247428,144.36805067918,
    -103.7511576474));
#438 = DIRECTION('',(0.,-0.996191759571,8.718932367607E-02));
#439 = DIRECTION('',(-0.79267314586,-5.315469668418E-02,-0.607325169949)
  );
#440 = PCURVE('',#74,#441);
#441 = DEFINITIONAL_REPRESENTATION('',(#442),#450);
#442 = ( BOUNDED_CURVE() B_SPLINE_CURVE(2,(#443,#444,#445,#446,#447,#448
,#449),.UNSPECIFIED.,.T.,.F.) B_SPLINE_CURVE_WITH_KNOTS((1,2,2,2,2,1),(
    -2.094395102393,0.,2.094395102393,4.188790204786,6.28318530718,
8.377580409573),.UNSPECIFIED.) CURVE() GEOMETRIC_REPRESENTATION_ITEM() 
RATIONAL_B_SPLINE_CURVE((1.,0.5,1.,0.5,1.,0.5,1.)) REPRESENTATION_ITEM(
  '') );
#443 = CARTESIAN_POINT('',(16.879577676219,4.308816645335));
#444 = CARTESIAN_POINT('',(-5.60612137664,-24.92746950017));
#445 = CARTESIAN_POINT('',(-19.68263836453,9.163860174208));
#446 = CARTESIAN_POINT('',(-33.75915535242,43.255189848591));
#447 = CARTESIAN_POINT('',(2.803060688327,38.400146319717));
#448 = CARTESIAN_POINT('',(39.365276729079,33.545102790844));
#449 = CARTESIAN_POINT('',(16.879577676219,4.308816645335));
#450 = ( GEOMETRIC_REPRESENTATION_CONTEXT(2) 
PARAMETRIC_REPRESENTATION_CONTEXT() REPRESENTATION_CONTEXT('2D SPACE',''
  ) );
#451 = PCURVE('',#452,#457);
#452 = CYLINDRICAL_SURFACE('',#453,21.294499207368);
#453 = AXIS2_PLACEMENT_3D('',#454,#455,#456);
#454 = CARTESIAN_POINT('',(-38.56860247428,140.3832836409,
    -103.4024003527));
#455 = DIRECTION('',(-0.,-0.996191759571,8.718932367607E-02));
#456 = DIRECTION('',(-0.79267314586,-5.315469668418E-02,-0.607325169949)
  );
#457 = DEFINITIONAL_REPRESENTATION('',(#458),#462);
#458 = LINE('',#459,#460);
#459 = CARTESIAN_POINT('',(0.,-3.999999999992));
#460 = VECTOR('',#461,1.);
#461 = DIRECTION('',(1.,0.));
#462 = ( GEOMETRIC_REPRESENTATION_CONTEXT(2) 
PARAMETRIC_REPRESENTATION_CONTEXT() REPRESENTATION_CONTEXT('2D SPACE',''
  ) );
#463 = ORIENTED_EDGE('',*,*,#464,.T.);
#464 = EDGE_CURVE('',#432,#58,#465,.T.);
#465 = SURFACE_CURVE('',#466,(#470,#477),.PCURVE_S1.);
#466 = LINE('',#467,#468);
#467 = CARTESIAN_POINT('',(-20.54462,141.87175798021,-132.2728895928));
#468 = VECTOR('',#469,1.);
#469 = DIRECTION('',(-0.846415096421,4.643038071147E-02,0.530495715627)
  );
#470 = PCURVE('',#74,#471);
#471 = DEFINITIONAL_REPRESENTATION('',(#472),#476);
#472 = LINE('',#473,#474);
#473 = CARTESIAN_POINT('',(-18.02398247428,-11.33982335836));
#474 = VECTOR('',#475,1.);
#475 = DIRECTION('',(0.846415096421,0.532523693887));
#476 = ( GEOMETRIC_REPRESENTATION_CONTEXT(2) 
PARAMETRIC_REPRESENTATION_CONTEXT() REPRESENTATION_CONTEXT('2D SPACE',''
  ) );
#477 = PCURVE('',#103,#478);
#478 = DEFINITIONAL_REPRESENTATION('',(#479),#483);
#479 = LINE('',#480,#481);
#480 = CARTESIAN_POINT('',(-18.02398247428,-11.33982335836));
#481 = VECTOR('',#482,1.);
#482 = DIRECTION('',(0.846415096421,0.532523693887));
#483 = ( GEOMETRIC_REPRESENTATION_CONTEXT(2) 
PARAMETRIC_REPRESENTATION_CONTEXT() REPRESENTATION_CONTEXT('2D SPACE',''
  ) );
#484 = ORIENTED_EDGE('',*,*,#57,.F.);
#485 = ORIENTED_EDGE('',*,*,#343,.T.);
#486 = ADVANCED_FACE('',(#487),#103,.T.);
#487 = FACE_BOUND('',#488,.T.);
#488 = EDGE_LOOP('',(#489,#517,#538,#539));
#489 = ORIENTED_EDGE('',*,*,#490,.F.);
#490 = EDGE_CURVE('',#491,#432,#493,.T.);
#491 = VERTEX_POINT('',#492);
#492 = CARTESIAN_POINT('',(-45.1217779697,142.60150461946,
    -123.9350844813));
#493 = SURFACE_CURVE('',#494,(#499,#510),.PCURVE_S1.);
#494 = CIRCLE('',#495,21.294499207368);
#495 = AXIS2_PLACEMENT_3D('',#496,#497,#498);
#496 = CARTESIAN_POINT('',(-38.56860247428,144.36805067918,
    -103.7511576474));
#497 = DIRECTION('',(0.,-0.996191759571,8.718932367607E-02));
#498 = DIRECTION('',(-0.79267314586,-5.315469668418E-02,-0.607325169949)
  );
#499 = PCURVE('',#103,#500);
#500 = DEFINITIONAL_REPRESENTATION('',(#501),#509);
#501 = ( BOUNDED_CURVE() B_SPLINE_CURVE(2,(#502,#503,#504,#505,#506,#507
,#508),.UNSPECIFIED.,.T.,.F.) B_SPLINE_CURVE_WITH_KNOTS((1,2,2,2,2,1),(
    -2.094395102393,0.,2.094395102393,4.188790204786,6.28318530718,
8.377580409573),.UNSPECIFIED.) CURVE() GEOMETRIC_REPRESENTATION_ITEM() 
RATIONAL_B_SPLINE_CURVE((1.,0.5,1.,0.5,1.,0.5,1.)) REPRESENTATION_ITEM(
  '') );
#502 = CARTESIAN_POINT('',(16.879577676219,4.308816645335));
#503 = CARTESIAN_POINT('',(-5.60612137664,-24.92746950017));
#504 = CARTESIAN_POINT('',(-19.68263836453,9.163860174208));
#505 = CARTESIAN_POINT('',(-33.75915535242,43.255189848591));
#506 = CARTESIAN_POINT('',(2.803060688327,38.400146319717));
#507 = CARTESIAN_POINT('',(39.365276729079,33.545102790844));
#508 = CARTESIAN_POINT('',(16.879577676219,4.308816645335));
#509 = ( GEOMETRIC_REPRESENTATION_CONTEXT(2) 
PARAMETRIC_REPRESENTATION_CONTEXT() REPRESENTATION_CONTEXT('2D SPACE',''
  ) );
#510 = PCURVE('',#452,#511);
#511 = DEFINITIONAL_REPRESENTATION('',(#512),#516);
#512 = LINE('',#513,#514);
#513 = CARTESIAN_POINT('',(0.,-3.999999999992));
#514 = VECTOR('',#515,1.);
#515 = DIRECTION('',(1.,0.));
#516 = ( GEOMETRIC_REPRESENTATION_CONTEXT(2) 
PARAMETRIC_REPRESENTATION_CONTEXT() REPRESENTATION_CONTEXT('2D SPACE',''
  ) );
#517 = ORIENTED_EDGE('',*,*,#518,.T.);
#518 = EDGE_CURVE('',#491,#87,#519,.T.);
#519 = SURFACE_CURVE('',#520,(#524,#531),.PCURVE_S1.);
#520 = LINE('',#521,#522);
#521 = CARTESIAN_POINT('',(-57.96395,142.09401490087,-129.7334672927));
#522 = VECTOR('',#523,1.);
#523 = DIRECTION('',(0.910814856676,3.599306832363E-02,0.411242988865));
#524 = PCURVE('',#103,#525);
#525 = DEFINITIONAL_REPRESENTATION('',(#526),#530);
#526 = LINE('',#527,#528);
#527 = CARTESIAN_POINT('',(19.39534752572,-8.790693358342));
#528 = VECTOR('',#529,1.);
#529 = DIRECTION('',(-0.910814856676,0.412815087973));
#530 = ( GEOMETRIC_REPRESENTATION_CONTEXT(2) 
PARAMETRIC_REPRESENTATION_CONTEXT() REPRESENTATION_CONTEXT('2D SPACE',''
  ) );
#531 = PCURVE('',#132,#532);
#532 = DEFINITIONAL_REPRESENTATION('',(#533),#537);
#533 = LINE('',#534,#535);
#534 = CARTESIAN_POINT('',(19.39534752572,-8.790693358342));
#535 = VECTOR('',#536,1.);
#536 = DIRECTION('',(-0.910814856676,0.412815087973));
#537 = ( GEOMETRIC_REPRESENTATION_CONTEXT(2) 
PARAMETRIC_REPRESENTATION_CONTEXT() REPRESENTATION_CONTEXT('2D SPACE',''
  ) );
#538 = ORIENTED_EDGE('',*,*,#86,.F.);
#539 = ORIENTED_EDGE('',*,*,#464,.F.);
#540 = ADVANCED_FACE('',(#541),#132,.T.);
#541 = FACE_BOUND('',#542,.T.);
#542 = EDGE_LOOP('',(#543,#566,#567,#568,#596));
#543 = ORIENTED_EDGE('',*,*,#544,.F.);
#544 = EDGE_CURVE('',#116,#545,#547,.T.);
#545 = VERTEX_POINT('',#546);
#546 = CARTESIAN_POINT('',(-52.22404691708,143.60954344588,
    -112.4176196146));
#547 = SURFACE_CURVE('',#548,(#552,#559),.PCURVE_S1.);
#548 = LINE('',#549,#550);
#549 = CARTESIAN_POINT('',(-20.54462,141.87175798021,-132.2728895928));
#550 = VECTOR('',#551,1.);
#551 = DIRECTION('',(-0.846415096421,4.643038071147E-02,0.530495715627)
  );
#552 = PCURVE('',#132,#553);
#553 = DEFINITIONAL_REPRESENTATION('',(#554),#558);
#554 = LINE('',#555,#556);
#555 = CARTESIAN_POINT('',(-18.02398247428,-11.33982335836));
#556 = VECTOR('',#557,1.);
#557 = DIRECTION('',(0.846415096421,0.532523693887));
#558 = ( GEOMETRIC_REPRESENTATION_CONTEXT(2) 
PARAMETRIC_REPRESENTATION_CONTEXT() REPRESENTATION_CONTEXT('2D SPACE',''
  ) );
#559 = PCURVE('',#161,#560);
#560 = DEFINITIONAL_REPRESENTATION('',(#561),#565);
#561 = LINE('',#562,#563);
#562 = CARTESIAN_POINT('',(-18.02398247428,-11.33982335836));
#563 = VECTOR('',#564,1.);
#564 = DIRECTION('',(0.846415096421,0.532523693887));
#565 = ( GEOMETRIC_REPRESENTATION_CONTEXT(2) 
PARAMETRIC_REPRESENTATION_CONTEXT() REPRESENTATION_CONTEXT('2D SPACE',''
  ) );
#566 = ORIENTED_EDGE('',*,*,#115,.F.);
#567 = ORIENTED_EDGE('',*,*,#518,.F.);
#568 = ORIENTED_EDGE('',*,*,#569,.F.);
#569 = EDGE_CURVE('',#570,#491,#572,.T.);
#570 = VERTEX_POINT('',#571);
#571 = CARTESIAN_POINT('',(-54.14579505829,143.10213694053,
    -118.2150516632));
#572 = SURFACE_CURVE('',#573,(#578,#589),.PCURVE_S1.);
#573 = CIRCLE('',#574,21.294499207368);
#574 = AXIS2_PLACEMENT_3D('',#575,#576,#577);
#575 = CARTESIAN_POINT('',(-38.56860247428,144.36805067918,
    -103.7511576474));
#576 = DIRECTION('',(0.,-0.996191759571,8.718932367607E-02));
#577 = DIRECTION('',(-0.79267314586,-5.315469668418E-02,-0.607325169949)
  );
#578 = PCURVE('',#132,#579);
#579 = DEFINITIONAL_REPRESENTATION('',(#580),#588);
#580 = ( BOUNDED_CURVE() B_SPLINE_CURVE(2,(#581,#582,#583,#584,#585,#586
,#587),.UNSPECIFIED.,.T.,.F.) B_SPLINE_CURVE_WITH_KNOTS((1,2,2,2,2,1),(
    -2.094395102393,0.,2.094395102393,4.188790204786,6.28318530718,
8.377580409573),.UNSPECIFIED.) CURVE() GEOMETRIC_REPRESENTATION_ITEM() 
RATIONAL_B_SPLINE_CURVE((1.,0.5,1.,0.5,1.,0.5,1.)) REPRESENTATION_ITEM(
  '') );
#581 = CARTESIAN_POINT('',(16.879577676219,4.308816645335));
#582 = CARTESIAN_POINT('',(-5.60612137664,-24.92746950017));
#583 = CARTESIAN_POINT('',(-19.68263836453,9.163860174208));
#584 = CARTESIAN_POINT('',(-33.75915535242,43.255189848591));
#585 = CARTESIAN_POINT('',(2.803060688327,38.400146319717));
#586 = CARTESIAN_POINT('',(39.365276729079,33.545102790844));
#587 = CARTESIAN_POINT('',(16.879577676219,4.308816645335));
#588 = ( GEOMETRIC_REPRESENTATION_CONTEXT(2) 
PARAMETRIC_REPRESENTATION_CONTEXT() REPRESENTATION_CONTEXT('2D SPACE',''
  ) );
#589 = PCURVE('',#452,#590);
#590 = DEFINITIONAL_REPRESENTATION('',(#591),#595);
#591 = LINE('',#592,#593);
#592 = CARTESIAN_POINT('',(0.,-3.999999999992));
#593 = VECTOR('',#594,1.);
#594 = DIRECTION('',(1.,0.));
#595 = ( GEOMETRIC_REPRESENTATION_CONTEXT(2) 
PARAMETRIC_REPRESENTATION_CONTEXT() REPRESENTATION_CONTEXT('2D SPACE',''
  ) );
#596 = ORIENTED_EDGE('',*,*,#597,.T.);
#597 = EDGE_CURVE('',#570,#545,#598,.T.);
#598 = SURFACE_CURVE('',#599,(#603,#610),.PCURVE_S1.);
#599 = LINE('',#600,#601);
#600 = CARTESIAN_POINT('',(-57.96395,142.09401490087,-129.7334672927));
#601 = VECTOR('',#602,1.);
#602 = DIRECTION('',(0.313566080943,8.279205058891E-02,0.945950204419));
#603 = PCURVE('',#132,#604);
#604 = DEFINITIONAL_REPRESENTATION('',(#605),#609);
#605 = LINE('',#606,#607);
#606 = CARTESIAN_POINT('',(19.39534752572,-8.790693358342));
#607 = VECTOR('',#608,1.);
#608 = DIRECTION('',(-0.313566080943,0.949566381504));
#609 = ( GEOMETRIC_REPRESENTATION_CONTEXT(2) 
PARAMETRIC_REPRESENTATION_CONTEXT() REPRESENTATION_CONTEXT('2D SPACE',''
  ) );
#610 = PCURVE('',#611,#616);
#611 = PLANE('',#612);
#612 = AXIS2_PLACEMENT_3D('',#613,#614,#615);
#613 = CARTESIAN_POINT('',(-38.56860247428,142.86046522362,
    -120.9762506331));
#614 = DIRECTION('',(0.,0.996191759571,-8.718932367605E-02));
#615 = DIRECTION('',(-1.,0.,0.));
#616 = DEFINITIONAL_REPRESENTATION('',(#617),#621);
#617 = LINE('',#618,#619);
#618 = CARTESIAN_POINT('',(19.39534752572,-8.790693358342));
#619 = VECTOR('',#620,1.);
#620 = DIRECTION('',(-0.313566080943,0.949566381504));
#621 = ( GEOMETRIC_REPRESENTATION_CONTEXT(2) 
PARAMETRIC_REPRESENTATION_CONTEXT() REPRESENTATION_CONTEXT('2D SPACE',''
  ) );
#622 = ADVANCED_FACE('',(#623),#161,.T.);
#623 = FACE_BOUND('',#624,.T.);
#624 = EDGE_LOOP('',(#625,#655,#676,#677,#678));
#625 = ORIENTED_EDGE('',*,*,#626,.F.);
#626 = EDGE_CURVE('',#627,#629,#631,.T.);
#627 = VERTEX_POINT('',#628);
#628 = CARTESIAN_POINT('',(-46.55615007878,144.39703621877,
    -103.4200293363));
#629 = VERTEX_POINT('',#630);
#630 = CARTESIAN_POINT('',(-49.94136380271,144.21224899143,
    -105.5313372968));
#631 = SURFACE_CURVE('',#632,(#636,#643),.PCURVE_S1.);
#632 = LINE('',#633,#634);
#633 = CARTESIAN_POINT('',(26.42396,148.38077056827,-57.90340913603));
#634 = VECTOR('',#635,1.);
#635 = DIRECTION('',(-0.847590638314,-4.626707107615E-02,-0.528629802392
    ));
#636 = PCURVE('',#161,#637);
#637 = DEFINITIONAL_REPRESENTATION('',(#638),#642);
#638 = LINE('',#639,#640);
#639 = CARTESIAN_POINT('',(-64.99256247428,63.313956641586));
#640 = VECTOR('',#641,1.);
#641 = DIRECTION('',(0.847590638314,-0.530650647642));
#642 = ( GEOMETRIC_REPRESENTATION_CONTEXT(2) 
PARAMETRIC_REPRESENTATION_CONTEXT() REPRESENTATION_CONTEXT('2D SPACE',''
  ) );
#643 = PCURVE('',#644,#649);
#644 = PLANE('',#645);
#645 = AXIS2_PLACEMENT_3D('',#646,#647,#648);
#646 = CARTESIAN_POINT('',(-38.56860247428,142.86046522362,
    -120.9762506331));
#647 = DIRECTION('',(0.,0.996191759571,-8.718932367605E-02));
#648 = DIRECTION('',(-1.,0.,0.));
#649 = DEFINITIONAL_REPRESENTATION('',(#650),#654);
#650 = LINE('',#651,#652);
#651 = CARTESIAN_POINT('',(-64.99256247428,63.313956641586));
#652 = VECTOR('',#653,1.);
#653 = DIRECTION('',(0.847590638314,-0.530650647642));
#654 = ( GEOMETRIC_REPRESENTATION_CONTEXT(2) 
PARAMETRIC_REPRESENTATION_CONTEXT() REPRESENTATION_CONTEXT('2D SPACE',''
  ) );
#655 = ORIENTED_EDGE('',*,*,#656,.T.);
#656 = EDGE_CURVE('',#627,#145,#657,.T.);
#657 = SURFACE_CURVE('',#658,(#662,#669),.PCURVE_S1.);
#658 = LINE('',#659,#660);
#659 = CARTESIAN_POINT('',(-57.6507,146.53129755605,-79.03477816881));
#660 = VECTOR('',#661,1.);
#661 = DIRECTION('',(0.412815044182,-7.941333307827E-02,-0.907346274487)
  );
#662 = PCURVE('',#161,#663);
#663 = DEFINITIONAL_REPRESENTATION('',(#664),#668);
#664 = LINE('',#665,#666);
#665 = CARTESIAN_POINT('',(19.08209752572,42.101806641587));
#666 = VECTOR('',#667,1.);
#667 = DIRECTION('',(-0.412815044182,-0.910814876524));
#668 = ( GEOMETRIC_REPRESENTATION_CONTEXT(2) 
PARAMETRIC_REPRESENTATION_CONTEXT() REPRESENTATION_CONTEXT('2D SPACE',''
  ) );
#669 = PCURVE('',#190,#670);
#670 = DEFINITIONAL_REPRESENTATION('',(#671),#675);
#671 = LINE('',#672,#673);
#672 = CARTESIAN_POINT('',(31.85248370803,0.940621936677));
#673 = VECTOR('',#674,1.);
#674 = DIRECTION('',(-0.412815044182,-0.910814876524));
#675 = ( GEOMETRIC_REPRESENTATION_CONTEXT(2) 
PARAMETRIC_REPRESENTATION_CONTEXT() REPRESENTATION_CONTEXT('2D SPACE',''
  ) );
#676 = ORIENTED_EDGE('',*,*,#144,.F.);
#677 = ORIENTED_EDGE('',*,*,#544,.T.);
#678 = ORIENTED_EDGE('',*,*,#679,.T.);
#679 = EDGE_CURVE('',#545,#629,#680,.T.);
#680 = SURFACE_CURVE('',#681,(#685,#692),.PCURVE_S1.);
#681 = LINE('',#682,#683);
#682 = CARTESIAN_POINT('',(-57.96395,142.09401490087,-129.7334672927));
#683 = VECTOR('',#684,1.);
#684 = DIRECTION('',(0.313566080943,8.279205058891E-02,0.945950204419));
#685 = PCURVE('',#161,#686);
#686 = DEFINITIONAL_REPRESENTATION('',(#687),#691);
#687 = LINE('',#688,#689);
#688 = CARTESIAN_POINT('',(19.39534752572,-8.790693358342));
#689 = VECTOR('',#690,1.);
#690 = DIRECTION('',(-0.313566080943,0.949566381504));
#691 = ( GEOMETRIC_REPRESENTATION_CONTEXT(2) 
PARAMETRIC_REPRESENTATION_CONTEXT() REPRESENTATION_CONTEXT('2D SPACE',''
  ) );
#692 = PCURVE('',#693,#698);
#693 = PLANE('',#694);
#694 = AXIS2_PLACEMENT_3D('',#695,#696,#697);
#695 = CARTESIAN_POINT('',(-38.56860247428,142.86046522362,
    -120.9762506331));
#696 = DIRECTION('',(0.,0.996191759571,-8.718932367605E-02));
#697 = DIRECTION('',(-1.,0.,0.));
#698 = DEFINITIONAL_REPRESENTATION('',(#699),#703);
#699 = LINE('',#700,#701);
#700 = CARTESIAN_POINT('',(19.39534752572,-8.790693358342));
#701 = VECTOR('',#702,1.);
#702 = DIRECTION('',(-0.313566080943,0.949566381504));
#703 = ( GEOMETRIC_REPRESENTATION_CONTEXT(2) 
PARAMETRIC_REPRESENTATION_CONTEXT() REPRESENTATION_CONTEXT('2D SPACE',''
  ) );
#704 = ADVANCED_FACE('',(#705),#190,.T.);
#705 = FACE_BOUND('',#706,.T.);
#706 = EDGE_LOOP('',(#707,#708,#709,#710,#738));
#707 = ORIENTED_EDGE('',*,*,#283,.F.);
#708 = ORIENTED_EDGE('',*,*,#173,.F.);
#709 = ORIENTED_EDGE('',*,*,#656,.F.);
#710 = ORIENTED_EDGE('',*,*,#711,.F.);
#711 = EDGE_CURVE('',#712,#627,#714,.T.);
#712 = VERTEX_POINT('',#713);
#713 = CARTESIAN_POINT('',(-40.89610288817,144.70599667388,
    -99.88994104655));
#714 = SURFACE_CURVE('',#715,(#719,#726),.PCURVE_S1.);
#715 = LINE('',#716,#717);
#716 = CARTESIAN_POINT('',(26.42396,148.38077056827,-57.90340913603));
#717 = VECTOR('',#718,1.);
#718 = DIRECTION('',(-0.847590638314,-4.626707107615E-02,-0.528629802392
    ));
#719 = PCURVE('',#190,#720);
#720 = DEFINITIONAL_REPRESENTATION('',(#721),#725);
#721 = LINE('',#722,#723);
#722 = CARTESIAN_POINT('',(-52.22217629197,22.152771936677));
#723 = VECTOR('',#724,1.);
#724 = DIRECTION('',(0.847590638314,-0.530650647642));
#725 = ( GEOMETRIC_REPRESENTATION_CONTEXT(2) 
PARAMETRIC_REPRESENTATION_CONTEXT() REPRESENTATION_CONTEXT('2D SPACE',''
  ) );
#726 = PCURVE('',#727,#732);
#727 = PLANE('',#728);
#728 = AXIS2_PLACEMENT_3D('',#729,#730,#731);
#729 = CARTESIAN_POINT('',(-25.79821629197,146.44928536556,-79.971817991
    ));
#730 = DIRECTION('',(0.,0.996191759571,-8.718932367605E-02));
#731 = DIRECTION('',(-1.,0.,0.));
#732 = DEFINITIONAL_REPRESENTATION('',(#733),#737);
#733 = LINE('',#734,#735);
#734 = CARTESIAN_POINT('',(-52.22217629197,22.152771936677));
#735 = VECTOR('',#736,1.);
#736 = DIRECTION('',(0.847590638314,-0.530650647642));
#737 = ( GEOMETRIC_REPRESENTATION_CONTEXT(2) 
PARAMETRIC_REPRESENTATION_CONTEXT() REPRESENTATION_CONTEXT('2D SPACE',''
  ) );
#738 = ORIENTED_EDGE('',*,*,#739,.F.);
#739 = EDGE_CURVE('',#284,#712,#740,.T.);
#740 = SURFACE_CURVE('',#741,(#746,#757),.PCURVE_S1.);
#741 = CIRCLE('',#742,21.294499207368);
#742 = AXIS2_PLACEMENT_3D('',#743,#744,#745);
#743 = CARTESIAN_POINT('',(-38.56860247428,142.86046522362,
    -120.9762506331));
#744 = DIRECTION('',(0.,-0.996191759571,8.718932367605E-02));
#745 = DIRECTION('',(1.,0.,0.));
#746 = PCURVE('',#190,#747);
#747 = DEFINITIONAL_REPRESENTATION('',(#748),#756);
#748 = ( BOUNDED_CURVE() B_SPLINE_CURVE(2,(#749,#750,#751,#752,#753,#754
,#755),.UNSPECIFIED.,.T.,.F.) B_SPLINE_CURVE_WITH_KNOTS((1,2,2,2,2,1),(
    -2.094395102393,0.,2.094395102393,4.188790204786,6.28318530718,
8.377580409573),.UNSPECIFIED.) CURVE() GEOMETRIC_REPRESENTATION_ITEM() 
RATIONAL_B_SPLINE_CURVE((1.,0.5,1.,0.5,1.,0.5,1.)) REPRESENTATION_ITEM(
  '') );
#749 = CARTESIAN_POINT('',(-8.524113025058,-41.16118470491));
#750 = CARTESIAN_POINT('',(-8.524113025058,-4.278030156013));
#751 = CARTESIAN_POINT('',(23.417635785994,-22.71960743046));
#752 = CARTESIAN_POINT('',(55.359384597046,-41.16118470491));
#753 = CARTESIAN_POINT('',(23.417635785994,-59.60276197935));
#754 = CARTESIAN_POINT('',(-8.524113025058,-78.0443392538));
#755 = CARTESIAN_POINT('',(-8.524113025058,-41.16118470491));
#756 = ( GEOMETRIC_REPRESENTATION_CONTEXT(2) 
PARAMETRIC_REPRESENTATION_CONTEXT() REPRESENTATION_CONTEXT('2D SPACE',''
  ) );
#757 = PCURVE('',#758,#763);
#758 = PLANE('',#759);
#759 = AXIS2_PLACEMENT_3D('',#760,#761,#762);
#760 = CARTESIAN_POINT('',(-25.79821629197,146.44928536556,-79.971817991
    ));
#761 = DIRECTION('',(0.,0.996191759571,-8.718932367605E-02));
#762 = DIRECTION('',(-1.,0.,0.));
#763 = DEFINITIONAL_REPRESENTATION('',(#764),#772);
#764 = ( BOUNDED_CURVE() B_SPLINE_CURVE(2,(#765,#766,#767,#768,#769,#770
,#771),.UNSPECIFIED.,.T.,.F.) B_SPLINE_CURVE_WITH_KNOTS((1,2,2,2,2,1),(
    -2.094395102393,0.,2.094395102393,4.188790204786,6.28318530718,
8.377580409573),.UNSPECIFIED.) CURVE() GEOMETRIC_REPRESENTATION_ITEM() 
RATIONAL_B_SPLINE_CURVE((1.,0.5,1.,0.5,1.,0.5,1.)) REPRESENTATION_ITEM(
  '') );
#765 = CARTESIAN_POINT('',(-8.524113025058,-41.16118470491));
#766 = CARTESIAN_POINT('',(-8.524113025058,-4.278030156013));
#767 = CARTESIAN_POINT('',(23.417635785994,-22.71960743046));
#768 = CARTESIAN_POINT('',(55.359384597046,-41.16118470491));
#769 = CARTESIAN_POINT('',(23.417635785994,-59.60276197935));
#770 = CARTESIAN_POINT('',(-8.524113025058,-78.0443392538));
#771 = CARTESIAN_POINT('',(-8.524113025058,-41.16118470491));
#772 = ( GEOMETRIC_REPRESENTATION_CONTEXT(2) 
PARAMETRIC_REPRESENTATION_CONTEXT() REPRESENTATION_CONTEXT('2D SPACE',''
  ) );
#773 = ADVANCED_FACE('',(#774,#777),#262,.T.);
#774 = FACE_BOUND('',#775,.F.);
#775 = EDGE_LOOP('',(#776));
#776 = ORIENTED_EDGE('',*,*,#247,.T.);
#777 = FACE_BOUND('',#778,.F.);
#778 = EDGE_LOOP('',(#779));
#779 = ORIENTED_EDGE('',*,*,#780,.T.);
#780 = EDGE_CURVE('',#781,#781,#783,.T.);
#781 = VERTEX_POINT('',#782);
#782 = CARTESIAN_POINT('',(-37.65,143.33396520792,-116.9425367827));
#783 = SURFACE_CURVE('',#784,(#789,#796),.PCURVE_S1.);
#784 = CIRCLE('',#785,1.35);
#785 = AXIS2_PLACEMENT_3D('',#786,#787,#788);
#786 = CARTESIAN_POINT('',(-39.,143.33396520792,-116.9425367827));
#787 = DIRECTION('',(0.,0.996191759571,-8.718932367606E-02));
#788 = DIRECTION('',(1.,0.,0.));
#789 = PCURVE('',#262,#790);
#790 = DEFINITIONAL_REPRESENTATION('',(#791),#795);
#791 = CIRCLE('',#792,1.35);
#792 = AXIS2_PLACEMENT_2D('',#793,#794);
#793 = CARTESIAN_POINT('',(0.,0.));
#794 = DIRECTION('',(-1.,0.));
#795 = ( GEOMETRIC_REPRESENTATION_CONTEXT(2) 
PARAMETRIC_REPRESENTATION_CONTEXT() REPRESENTATION_CONTEXT('2D SPACE',''
  ) );
#796 = PCURVE('',#797,#802);
#797 = CYLINDRICAL_SURFACE('',#798,1.35);
#798 = AXIS2_PLACEMENT_3D('',#799,#800,#801);
#799 = CARTESIAN_POINT('',(-39.,140.22584691806,-116.6705060928));
#800 = DIRECTION('',(0.,0.996191759571,-8.718932367606E-02));
#801 = DIRECTION('',(1.,0.,0.));
#802 = DEFINITIONAL_REPRESENTATION('',(#803),#807);
#803 = LINE('',#804,#805);
#804 = CARTESIAN_POINT('',(-4.138911435803E-13,3.12));
#805 = VECTOR('',#806,1.);
#806 = DIRECTION('',(1.,-0.));
#807 = ( GEOMETRIC_REPRESENTATION_CONTEXT(2) 
PARAMETRIC_REPRESENTATION_CONTEXT() REPRESENTATION_CONTEXT('2D SPACE',''
  ) );
#808 = ADVANCED_FACE('',(#809),#327,.T.);
#809 = FACE_BOUND('',#810,.T.);
#810 = EDGE_LOOP('',(#811,#812,#835));
#811 = ORIENTED_EDGE('',*,*,#306,.T.);
#812 = ORIENTED_EDGE('',*,*,#813,.T.);
#813 = EDGE_CURVE('',#284,#814,#816,.T.);
#814 = VERTEX_POINT('',#815);
#815 = CARTESIAN_POINT('',(-24.97891269701,144.74375897592,
    -99.45850814363));
#816 = SURFACE_CURVE('',#817,(#821,#828),.PCURVE_S1.);
#817 = LINE('',#818,#819);
#818 = CARTESIAN_POINT('',(-38.5686,142.86046921661,-120.9762543538));
#819 = VECTOR('',#820,1.);
#820 = DIRECTION('',(0.532523775277,7.379835534144E-02,0.843191693219));
#821 = PCURVE('',#327,#822);
#822 = DEFINITIONAL_REPRESENTATION('',(#823),#827);
#823 = LINE('',#824,#825);
#824 = CARTESIAN_POINT('',(-0.95061649559,-17.8188570198));
#825 = VECTOR('',#826,1.);
#826 = DIRECTION('',(-0.532523775277,0.846415045214));
#827 = ( GEOMETRIC_REPRESENTATION_CONTEXT(2) 
PARAMETRIC_REPRESENTATION_CONTEXT() REPRESENTATION_CONTEXT('2D SPACE',''
  ) );
#828 = PCURVE('',#758,#829);
#829 = DEFINITIONAL_REPRESENTATION('',(#830),#834);
#830 = LINE('',#831,#832);
#831 = CARTESIAN_POINT('',(12.77038370803,-41.16118806329));
#832 = VECTOR('',#833,1.);
#833 = DIRECTION('',(-0.532523775277,0.846415045214));
#834 = ( GEOMETRIC_REPRESENTATION_CONTEXT(2) 
PARAMETRIC_REPRESENTATION_CONTEXT() REPRESENTATION_CONTEXT('2D SPACE',''
  ) );
#835 = ORIENTED_EDGE('',*,*,#836,.T.);
#836 = EDGE_CURVE('',#814,#307,#837,.T.);
#837 = SURFACE_CURVE('',#838,(#842,#849),.PCURVE_S1.);
#838 = LINE('',#839,#840);
#839 = CARTESIAN_POINT('',(-38.25535,147.2977518718,-70.27756522987));
#840 = VECTOR('',#841,1.);
#841 = DIRECTION('',(0.412814864713,-7.941334017031E-02,-0.90734635552)
  );
#842 = PCURVE('',#327,#843);
#843 = DEFINITIONAL_REPRESENTATION('',(#844),#848);
#844 = LINE('',#845,#846);
#845 = CARTESIAN_POINT('',(-1.26386649559,33.073642980166));
#846 = VECTOR('',#847,1.);
#847 = DIRECTION('',(-0.412814864713,-0.910814957866));
#848 = ( GEOMETRIC_REPRESENTATION_CONTEXT(2) 
PARAMETRIC_REPRESENTATION_CONTEXT() REPRESENTATION_CONTEXT('2D SPACE',''
  ) );
#849 = PCURVE('',#389,#850);
#850 = DEFINITIONAL_REPRESENTATION('',(#851),#855);
#851 = LINE('',#852,#853);
#852 = CARTESIAN_POINT('',(25.74846035162,24.88835088394));
#853 = VECTOR('',#854,1.);
#854 = DIRECTION('',(-0.412814864713,-0.910814957866));
#855 = ( GEOMETRIC_REPRESENTATION_CONTEXT(2) 
PARAMETRIC_REPRESENTATION_CONTEXT() REPRESENTATION_CONTEXT('2D SPACE',''
  ) );
#856 = ADVANCED_FACE('',(#857),#389,.T.);
#857 = FACE_BOUND('',#858,.T.);
#858 = EDGE_LOOP('',(#859,#880,#881,#882,#910,#938,#966));
#859 = ORIENTED_EDGE('',*,*,#860,.T.);
#860 = EDGE_CURVE('',#861,#369,#863,.T.);
#861 = VERTEX_POINT('',#862);
#862 = CARTESIAN_POINT('',(24.876033310489,148.19324480939,
    -60.04595716403));
#863 = SURFACE_CURVE('',#864,(#868,#874),.PCURVE_S1.);
#864 = LINE('',#865,#866);
#865 = CARTESIAN_POINT('',(-14.72710409648,143.9761276194,
    -108.2291694987));
#866 = VECTOR('',#867,1.);
#867 = DIRECTION('',(-0.633523342678,-6.746043542896E-02,-0.770777052029
    ));
#868 = PCURVE('',#389,#869);
#869 = DEFINITIONAL_REPRESENTATION('',(#870),#873);
#870 = B_SPLINE_CURVE_WITH_KNOTS('',1,(#871,#872),.UNSPECIFIED.,.F.,.F.,
  (2,2),(-63.99528836486,11.626157672745),.PIECEWISE_BEZIER_KNOTS.);
#871 = CARTESIAN_POINT('',(-38.32229455243,36.306328729461));
#872 = CARTESIAN_POINT('',(9.585656719446,-22.20376702972));
#873 = ( GEOMETRIC_REPRESENTATION_CONTEXT(2) 
PARAMETRIC_REPRESENTATION_CONTEXT() REPRESENTATION_CONTEXT('2D SPACE',''
  ) );
#874 = PCURVE('',#420,#875);
#875 = DEFINITIONAL_REPRESENTATION('',(#876),#879);
#876 = B_SPLINE_CURVE_WITH_KNOTS('',1,(#877,#878),.UNSPECIFIED.,.F.,.F.,
  (2,2),(-63.99528836486,11.626157672745),.PIECEWISE_BEZIER_KNOTS.);
#877 = CARTESIAN_POINT('',(-75.6214460376,-4.000004302192));
#878 = CARTESIAN_POINT('',(7.105427357601E-15,-4.000004302194));
#879 = ( GEOMETRIC_REPRESENTATION_CONTEXT(2) 
PARAMETRIC_REPRESENTATION_CONTEXT() REPRESENTATION_CONTEXT('2D SPACE',''
  ) );
#880 = ORIENTED_EDGE('',*,*,#368,.T.);
#881 = ORIENTED_EDGE('',*,*,#836,.F.);
#882 = ORIENTED_EDGE('',*,*,#883,.T.);
#883 = EDGE_CURVE('',#814,#884,#886,.T.);
#884 = VERTEX_POINT('',#885);
#885 = CARTESIAN_POINT('',(-15.08430156052,146.11497668021,
    -83.79150076246));
#886 = SURFACE_CURVE('',#887,(#891,#898),.PCURVE_S1.);
#887 = LINE('',#888,#889);
#888 = CARTESIAN_POINT('',(-38.5686,142.86046921661,-120.9762543538));
#889 = VECTOR('',#890,1.);
#890 = DIRECTION('',(0.532523775277,7.379835534144E-02,0.843191693219));
#891 = PCURVE('',#389,#892);
#892 = DEFINITIONAL_REPRESENTATION('',(#893),#897);
#893 = LINE('',#894,#895);
#894 = CARTESIAN_POINT('',(26.06171035162,-26.00414911603));
#895 = VECTOR('',#896,1.);
#896 = DIRECTION('',(-0.532523775277,0.846415045214));
#897 = ( GEOMETRIC_REPRESENTATION_CONTEXT(2) 
PARAMETRIC_REPRESENTATION_CONTEXT() REPRESENTATION_CONTEXT('2D SPACE',''
  ) );
#898 = PCURVE('',#899,#904);
#899 = PLANE('',#900);
#900 = AXIS2_PLACEMENT_3D('',#901,#902,#903);
#901 = CARTESIAN_POINT('',(-25.79821629197,146.44928536556,-79.971817991
    ));
#902 = DIRECTION('',(0.,0.996191759571,-8.718932367605E-02));
#903 = DIRECTION('',(-1.,0.,0.));
#904 = DEFINITIONAL_REPRESENTATION('',(#905),#909);
#905 = LINE('',#906,#907);
#906 = CARTESIAN_POINT('',(12.77038370803,-41.16118806329));
#907 = VECTOR('',#908,1.);
#908 = DIRECTION('',(-0.532523775277,0.846415045214));
#909 = ( GEOMETRIC_REPRESENTATION_CONTEXT(2) 
PARAMETRIC_REPRESENTATION_CONTEXT() REPRESENTATION_CONTEXT('2D SPACE',''
  ) );
#910 = ORIENTED_EDGE('',*,*,#911,.F.);
#911 = EDGE_CURVE('',#912,#884,#914,.T.);
#912 = VERTEX_POINT('',#913);
#913 = CARTESIAN_POINT('',(2.36473885924E-02,146.93966788873,
    -74.36889543095));
#914 = SURFACE_CURVE('',#915,(#919,#926),.PCURVE_S1.);
#915 = LINE('',#916,#917);
#916 = CARTESIAN_POINT('',(26.42396,148.38077056827,-57.90340913603));
#917 = VECTOR('',#918,1.);
#918 = DIRECTION('',(-0.847590638314,-4.626707107615E-02,-0.528629802392
    ));
#919 = PCURVE('',#389,#920);
#920 = DEFINITIONAL_REPRESENTATION('',(#921),#925);
#921 = LINE('',#922,#923);
#922 = CARTESIAN_POINT('',(-38.93084964838,37.309810883941));
#923 = VECTOR('',#924,1.);
#924 = DIRECTION('',(0.847590638314,-0.530650647642));
#925 = ( GEOMETRIC_REPRESENTATION_CONTEXT(2) 
PARAMETRIC_REPRESENTATION_CONTEXT() REPRESENTATION_CONTEXT('2D SPACE',''
  ) );
#926 = PCURVE('',#927,#932);
#927 = PLANE('',#928);
#928 = AXIS2_PLACEMENT_3D('',#929,#930,#931);
#929 = CARTESIAN_POINT('',(-17.66174035161,147.10219850237,
    -72.51188299917));
#930 = DIRECTION('',(0.,0.996191759571,-8.718932367605E-02));
#931 = DIRECTION('',(-1.,0.,0.));
#932 = DEFINITIONAL_REPRESENTATION('',(#933),#937);
#933 = LINE('',#934,#935);
#934 = CARTESIAN_POINT('',(-44.08570035161,14.664319116063));
#935 = VECTOR('',#936,1.);
#936 = DIRECTION('',(0.847590638314,-0.530650647642));
#937 = ( GEOMETRIC_REPRESENTATION_CONTEXT(2) 
PARAMETRIC_REPRESENTATION_CONTEXT() REPRESENTATION_CONTEXT('2D SPACE',''
  ) );
#938 = ORIENTED_EDGE('',*,*,#939,.F.);
#939 = EDGE_CURVE('',#940,#912,#942,.T.);
#940 = VERTEX_POINT('',#941);
#941 = CARTESIAN_POINT('',(17.8135,147.70409422722,-65.63485338206));
#942 = SURFACE_CURVE('',#943,(#947,#954),.PCURVE_S1.);
#943 = LINE('',#944,#945);
#944 = CARTESIAN_POINT('',(17.8135,147.70409422722,-65.63485338206));
#945 = VECTOR('',#946,1.);
#946 = DIRECTION('',(-0.896983796339,-3.854321078962E-02,-0.440379938244
    ));
#947 = PCURVE('',#389,#948);
#948 = DEFINITIONAL_REPRESENTATION('',(#949),#953);
#949 = LINE('',#950,#951);
#950 = CARTESIAN_POINT('',(-30.32038964838,29.548810883941));
#951 = VECTOR('',#952,1.);
#952 = DIRECTION('',(0.896983796339,-0.44206342204));
#953 = ( GEOMETRIC_REPRESENTATION_CONTEXT(2) 
PARAMETRIC_REPRESENTATION_CONTEXT() REPRESENTATION_CONTEXT('2D SPACE',''
  ) );
#954 = PCURVE('',#955,#960);
#955 = PLANE('',#956);
#956 = AXIS2_PLACEMENT_3D('',#957,#958,#959);
#957 = CARTESIAN_POINT('',(-12.50688964838,145.12775339082,
    -95.07113528976));
#958 = DIRECTION('',(0.,0.996191759571,-8.718932367605E-02));
#959 = DIRECTION('',(-1.,0.,0.));
#960 = DEFINITIONAL_REPRESENTATION('',(#961),#965);
#961 = LINE('',#962,#963);
#962 = CARTESIAN_POINT('',(-30.32038964838,29.548810883941));
#963 = VECTOR('',#964,1.);
#964 = DIRECTION('',(0.896983796339,-0.44206342204));
#965 = ( GEOMETRIC_REPRESENTATION_CONTEXT(2) 
PARAMETRIC_REPRESENTATION_CONTEXT() REPRESENTATION_CONTEXT('2D SPACE',''
  ) );
#966 = ORIENTED_EDGE('',*,*,#967,.T.);
#967 = EDGE_CURVE('',#940,#861,#968,.T.);
#968 = SURFACE_CURVE('',#969,(#974,#985),.PCURVE_S1.);
#969 = CIRCLE('',#970,21.294499207368);
#970 = AXIS2_PLACEMENT_3D('',#971,#972,#973);
#971 = CARTESIAN_POINT('',(8.399977204031,149.36947781395,
    -46.60677015036));
#972 = DIRECTION('',(0.,-0.996191759571,8.718932367605E-02));
#973 = DIRECTION('',(1.,0.,0.));
#974 = PCURVE('',#389,#975);
#975 = DEFINITIONAL_REPRESENTATION('',(#976),#984);
#976 = ( BOUNDED_CURVE() B_SPLINE_CURVE(2,(#977,#978,#979,#980,#981,#982
,#983),.UNSPECIFIED.,.T.,.F.) B_SPLINE_CURVE_WITH_KNOTS((1,2,2,2,2,1),(
    -2.094395102393,0.,2.094395102393,4.188790204786,6.28318530718,
8.377580409573),.UNSPECIFIED.) CURVE() GEOMETRIC_REPRESENTATION_ITEM() 
RATIONAL_B_SPLINE_CURVE((1.,0.5,1.,0.5,1.,0.5,1.)) REPRESENTATION_ITEM(
  '') );
#977 = CARTESIAN_POINT('',(-42.20136605977,48.649634268377));
#978 = CARTESIAN_POINT('',(-42.20136605977,85.532788817274));
#979 = CARTESIAN_POINT('',(-10.25961724872,67.091211542825));
#980 = CARTESIAN_POINT('',(21.682131562325,48.649634268377));
#981 = CARTESIAN_POINT('',(-10.25961724872,30.208056993929));
#982 = CARTESIAN_POINT('',(-42.20136605977,11.766479719481));
#983 = CARTESIAN_POINT('',(-42.20136605977,48.649634268377));
#984 = ( GEOMETRIC_REPRESENTATION_CONTEXT(2) 
PARAMETRIC_REPRESENTATION_CONTEXT() REPRESENTATION_CONTEXT('2D SPACE',''
  ) );
#985 = PCURVE('',#986,#991);
#986 = PLANE('',#987);
#987 = AXIS2_PLACEMENT_3D('',#988,#989,#990);
#988 = CARTESIAN_POINT('',(8.399977204031,149.36947781395,
    -46.60677015036));
#989 = DIRECTION('',(0.,0.996191759571,-8.718932367605E-02));
#990 = DIRECTION('',(-1.,0.,0.));
#991 = DEFINITIONAL_REPRESENTATION('',(#992),#1000);
#992 = ( BOUNDED_CURVE() B_SPLINE_CURVE(2,(#993,#994,#995,#996,#997,#998
,#999),.UNSPECIFIED.,.T.,.F.) B_SPLINE_CURVE_WITH_KNOTS((1,2,2,2,2,1),(
    -2.094395102393,0.,2.094395102393,4.188790204786,6.28318530718,
8.377580409573),.UNSPECIFIED.) CURVE() GEOMETRIC_REPRESENTATION_ITEM() 
RATIONAL_B_SPLINE_CURVE((1.,0.5,1.,0.5,1.,0.5,1.)) REPRESENTATION_ITEM(
  '') );
#993 = CARTESIAN_POINT('',(-21.29449920736,0.));
#994 = CARTESIAN_POINT('',(-21.29449920736,36.883154548897));
#995 = CARTESIAN_POINT('',(10.647249603684,18.441577274448));
#996 = CARTESIAN_POINT('',(42.588998414736,5.21564805875E-15));
#997 = CARTESIAN_POINT('',(10.647249603684,-18.44157727444));
#998 = CARTESIAN_POINT('',(-21.29449920736,-36.88315454889));
#999 = CARTESIAN_POINT('',(-21.29449920736,0.));
#1000 = ( GEOMETRIC_REPRESENTATION_CONTEXT(2) 
PARAMETRIC_REPRESENTATION_CONTEXT() REPRESENTATION_CONTEXT('2D SPACE',''
  ) );
#1001 = ADVANCED_FACE('',(#1002),#452,.T.);
#1002 = FACE_BOUND('',#1003,.T.);
#1003 = EDGE_LOOP('',(#1004,#1039,#1066,#1092,#1093,#1094,#1095,#1117,
    #1150,#1183));
#1004 = ORIENTED_EDGE('',*,*,#1005,.F.);
#1005 = EDGE_CURVE('',#1006,#1008,#1010,.T.);
#1006 = VERTEX_POINT('',#1007);
#1007 = CARTESIAN_POINT('',(-55.44818015049,141.24376451363,
    -116.5094643501));
#1008 = VERTEX_POINT('',#1009);
#1009 = CARTESIAN_POINT('',(-54.14579505828,141.10975342139,
    -118.0406730158));
#1010 = SURFACE_CURVE('',#1011,(#1016,#1023),.PCURVE_S1.);
#1011 = CIRCLE('',#1012,21.294499207368);
#1012 = AXIS2_PLACEMENT_3D('',#1013,#1014,#1015);
#1013 = CARTESIAN_POINT('',(-38.56860247428,142.37566716004,-103.576779)
  );
#1014 = DIRECTION('',(0.,-0.996191759571,8.718932367607E-02));
#1015 = DIRECTION('',(-0.79267314586,-5.315469668418E-02,-0.607325169949
    ));
#1016 = PCURVE('',#452,#1017);
#1017 = DEFINITIONAL_REPRESENTATION('',(#1018),#1022);
#1018 = LINE('',#1019,#1020);
#1019 = CARTESIAN_POINT('',(0.,-1.999999999998));
#1020 = VECTOR('',#1021,1.);
#1021 = DIRECTION('',(1.,0.));
#1022 = ( GEOMETRIC_REPRESENTATION_CONTEXT(2) 
PARAMETRIC_REPRESENTATION_CONTEXT() REPRESENTATION_CONTEXT('2D SPACE',''
  ) );
#1023 = PCURVE('',#1024,#1029);
#1024 = PLANE('',#1025);
#1025 = AXIS2_PLACEMENT_3D('',#1026,#1027,#1028);
#1026 = CARTESIAN_POINT('',(-38.56860247428,140.86808170448,
    -120.8018719858));
#1027 = DIRECTION('',(0.,0.996191759571,-8.718932367605E-02));
#1028 = DIRECTION('',(-1.,0.,0.));
#1029 = DEFINITIONAL_REPRESENTATION('',(#1030),#1038);
#1030 = ( BOUNDED_CURVE() B_SPLINE_CURVE(2,(#1031,#1032,#1033,#1034,
#1035,#1036,#1037),.UNSPECIFIED.,.T.,.F.) B_SPLINE_CURVE_WITH_KNOTS((1,2
    ,2,2,2,1),(-2.094395102393,0.,2.094395102393,4.188790204786,
6.28318530718,8.377580409573),.UNSPECIFIED.) CURVE() 
GEOMETRIC_REPRESENTATION_ITEM() RATIONAL_B_SPLINE_CURVE((1.,0.5,1.,0.5,
1.,0.5,1.)) REPRESENTATION_ITEM('') );
#1031 = CARTESIAN_POINT('',(16.879577676219,4.308816645387));
#1032 = CARTESIAN_POINT('',(-5.60612137664,-24.92746950012));
#1033 = CARTESIAN_POINT('',(-19.68263836453,9.16386017426));
#1034 = CARTESIAN_POINT('',(-33.75915535242,43.255189848643));
#1035 = CARTESIAN_POINT('',(2.803060688327,38.400146319769));
#1036 = CARTESIAN_POINT('',(39.365276729079,33.545102790896));
#1037 = CARTESIAN_POINT('',(16.879577676219,4.308816645387));
#1038 = ( GEOMETRIC_REPRESENTATION_CONTEXT(2) 
PARAMETRIC_REPRESENTATION_CONTEXT() REPRESENTATION_CONTEXT('2D SPACE',''
  ) );
#1039 = ORIENTED_EDGE('',*,*,#1040,.T.);
#1040 = EDGE_CURVE('',#1006,#1041,#1043,.T.);
#1041 = VERTEX_POINT('',#1042);
#1042 = CARTESIAN_POINT('',(-55.44818015049,143.23614803277,
    -116.6838429975));
#1043 = SURFACE_CURVE('',#1044,(#1048,#1054),.PCURVE_S1.);
#1044 = LINE('',#1045,#1046);
#1045 = CARTESIAN_POINT('',(-55.44818015049,139.25138099449,
    -116.3350857028));
#1046 = VECTOR('',#1047,1.);
#1047 = DIRECTION('',(-0.,0.996191759571,-8.718932367607E-02));
#1048 = PCURVE('',#452,#1049);
#1049 = DEFINITIONAL_REPRESENTATION('',(#1050),#1053);
#1050 = B_SPLINE_CURVE_WITH_KNOTS('',1,(#1051,#1052),.UNSPECIFIED.,.F.,
  .F.,(2,2),(0.,6.),.PIECEWISE_BEZIER_KNOTS.);
#1051 = CARTESIAN_POINT('',(0.,0.));
#1052 = CARTESIAN_POINT('',(0.,-6.));
#1053 = ( GEOMETRIC_REPRESENTATION_CONTEXT(2) 
PARAMETRIC_REPRESENTATION_CONTEXT() REPRESENTATION_CONTEXT('2D SPACE',''
  ) );
#1054 = PCURVE('',#1055,#1060);
#1055 = PLANE('',#1056);
#1056 = AXIS2_PLACEMENT_3D('',#1057,#1058,#1059);
#1057 = CARTESIAN_POINT('',(-74.91191801208,141.45788828005,
    -91.12438004947));
#1058 = DIRECTION('',(0.79267314586,5.315469668418E-02,0.607325169949));
#1059 = DIRECTION('',(-0.609646851737,6.91126354837E-02,0.789654455939)
  );
#1060 = DEFINITIONAL_REPRESENTATION('',(#1061),#1065);
#1061 = LINE('',#1062,#1063);
#1062 = CARTESIAN_POINT('',(-31.92625010058,-4.440892098501E-15));
#1063 = VECTOR('',#1064,1.);
#1064 = DIRECTION('',(-0.,-1.));
#1065 = ( GEOMETRIC_REPRESENTATION_CONTEXT(2) 
PARAMETRIC_REPRESENTATION_CONTEXT() REPRESENTATION_CONTEXT('2D SPACE',''
  ) );
#1066 = ORIENTED_EDGE('',*,*,#1067,.T.);
#1067 = EDGE_CURVE('',#1041,#570,#1068,.T.);
#1068 = SURFACE_CURVE('',#1069,(#1074,#1081),.PCURVE_S1.);
#1069 = CIRCLE('',#1070,21.294499207368);
#1070 = AXIS2_PLACEMENT_3D('',#1071,#1072,#1073);
#1071 = CARTESIAN_POINT('',(-38.56860247428,144.36805067918,
    -103.7511576474));
#1072 = DIRECTION('',(0.,-0.996191759571,8.718932367607E-02));
#1073 = DIRECTION('',(-0.79267314586,-5.315469668418E-02,-0.607325169949
    ));
#1074 = PCURVE('',#452,#1075);
#1075 = DEFINITIONAL_REPRESENTATION('',(#1076),#1080);
#1076 = LINE('',#1077,#1078);
#1077 = CARTESIAN_POINT('',(0.,-3.999999999992));
#1078 = VECTOR('',#1079,1.);
#1079 = DIRECTION('',(1.,0.));
#1080 = ( GEOMETRIC_REPRESENTATION_CONTEXT(2) 
PARAMETRIC_REPRESENTATION_CONTEXT() REPRESENTATION_CONTEXT('2D SPACE',''
  ) );
#1081 = PCURVE('',#611,#1082);
#1082 = DEFINITIONAL_REPRESENTATION('',(#1083),#1091);
#1083 = ( BOUNDED_CURVE() B_SPLINE_CURVE(2,(#1084,#1085,#1086,#1087,
#1088,#1089,#1090),.UNSPECIFIED.,.T.,.F.) B_SPLINE_CURVE_WITH_KNOTS((1,2
    ,2,2,2,1),(-2.094395102393,0.,2.094395102393,4.188790204786,
6.28318530718,8.377580409573),.UNSPECIFIED.) CURVE() 
GEOMETRIC_REPRESENTATION_ITEM() RATIONAL_B_SPLINE_CURVE((1.,0.5,1.,0.5,
1.,0.5,1.)) REPRESENTATION_ITEM('') );
#1084 = CARTESIAN_POINT('',(16.879577676219,4.308816645335));
#1085 = CARTESIAN_POINT('',(-5.60612137664,-24.92746950017));
#1086 = CARTESIAN_POINT('',(-19.68263836453,9.163860174208));
#1087 = CARTESIAN_POINT('',(-33.75915535242,43.255189848591));
#1088 = CARTESIAN_POINT('',(2.803060688327,38.400146319717));
#1089 = CARTESIAN_POINT('',(39.365276729079,33.545102790844));
#1090 = CARTESIAN_POINT('',(16.879577676219,4.308816645335));
#1091 = ( GEOMETRIC_REPRESENTATION_CONTEXT(2) 
PARAMETRIC_REPRESENTATION_CONTEXT() REPRESENTATION_CONTEXT('2D SPACE',''
  ) );
#1092 = ORIENTED_EDGE('',*,*,#569,.T.);
#1093 = ORIENTED_EDGE('',*,*,#490,.T.);
#1094 = ORIENTED_EDGE('',*,*,#431,.T.);
#1095 = ORIENTED_EDGE('',*,*,#1096,.F.);
#1096 = EDGE_CURVE('',#1097,#406,#1099,.T.);
#1097 = VERTEX_POINT('',#1098);
#1098 = CARTESIAN_POINT('',(-22.09254636782,141.19943415548,
    -117.0159660137));
#1099 = SURFACE_CURVE('',#1100,(#1104,#1110),.PCURVE_S1.);
#1100 = LINE('',#1101,#1102);
#1101 = CARTESIAN_POINT('',(-22.09254636782,139.20705063634,
    -116.8415873663));
#1102 = VECTOR('',#1103,1.);
#1103 = DIRECTION('',(-0.,0.996191759571,-8.718932367607E-02));
#1104 = PCURVE('',#452,#1105);
#1105 = DEFINITIONAL_REPRESENTATION('',(#1106),#1109);
#1106 = B_SPLINE_CURVE_WITH_KNOTS('',1,(#1107,#1108),.UNSPECIFIED.,.F.,
  .F.,(2,2),(0.,6.),.PIECEWISE_BEZIER_KNOTS.);
#1107 = CARTESIAN_POINT('',(1.799879136897,0.));
#1108 = CARTESIAN_POINT('',(1.799879136897,-6.));
#1109 = ( GEOMETRIC_REPRESENTATION_CONTEXT(2) 
PARAMETRIC_REPRESENTATION_CONTEXT() REPRESENTATION_CONTEXT('2D SPACE',''
  ) );
#1110 = PCURVE('',#420,#1111);
#1111 = DEFINITIONAL_REPRESENTATION('',(#1112),#1116);
#1112 = LINE('',#1113,#1114);
#1113 = CARTESIAN_POINT('',(-0.,0.));
#1114 = VECTOR('',#1115,1.);
#1115 = DIRECTION('',(-0.,-1.));
#1116 = ( GEOMETRIC_REPRESENTATION_CONTEXT(2) 
PARAMETRIC_REPRESENTATION_CONTEXT() REPRESENTATION_CONTEXT('2D SPACE',''
  ) );
#1117 = ORIENTED_EDGE('',*,*,#1118,.F.);
#1118 = EDGE_CURVE('',#1119,#1097,#1121,.T.);
#1119 = VERTEX_POINT('',#1120);
#1120 = CARTESIAN_POINT('',(-33.26978809209,140.5774177753,
    -124.1229358617));
#1121 = SURFACE_CURVE('',#1122,(#1127,#1134),.PCURVE_S1.);
#1122 = CIRCLE('',#1123,21.294499207368);
#1123 = AXIS2_PLACEMENT_3D('',#1124,#1125,#1126);
#1124 = CARTESIAN_POINT('',(-38.56860247428,142.37566716004,-103.576779)
  );
#1125 = DIRECTION('',(0.,-0.996191759571,8.718932367607E-02));
#1126 = DIRECTION('',(-0.79267314586,-5.315469668418E-02,-0.607325169949
    ));
#1127 = PCURVE('',#452,#1128);
#1128 = DEFINITIONAL_REPRESENTATION('',(#1129),#1133);
#1129 = LINE('',#1130,#1131);
#1130 = CARTESIAN_POINT('',(0.,-1.999999999998));
#1131 = VECTOR('',#1132,1.);
#1132 = DIRECTION('',(1.,0.));
#1133 = ( GEOMETRIC_REPRESENTATION_CONTEXT(2) 
PARAMETRIC_REPRESENTATION_CONTEXT() REPRESENTATION_CONTEXT('2D SPACE',''
  ) );
#1134 = PCURVE('',#1135,#1140);
#1135 = PLANE('',#1136);
#1136 = AXIS2_PLACEMENT_3D('',#1137,#1138,#1139);
#1137 = CARTESIAN_POINT('',(-38.56860247428,140.86808170448,
    -120.8018719858));
#1138 = DIRECTION('',(0.,0.996191759571,-8.718932367605E-02));
#1139 = DIRECTION('',(-1.,0.,0.));
#1140 = DEFINITIONAL_REPRESENTATION('',(#1141),#1149);
#1141 = ( BOUNDED_CURVE() B_SPLINE_CURVE(2,(#1142,#1143,#1144,#1145,
#1146,#1147,#1148),.UNSPECIFIED.,.T.,.F.) B_SPLINE_CURVE_WITH_KNOTS((1,2
    ,2,2,2,1),(-2.094395102393,0.,2.094395102393,4.188790204786,
6.28318530718,8.377580409573),.UNSPECIFIED.) CURVE() 
GEOMETRIC_REPRESENTATION_ITEM() RATIONAL_B_SPLINE_CURVE((1.,0.5,1.,0.5,
1.,0.5,1.)) REPRESENTATION_ITEM('') );
#1142 = CARTESIAN_POINT('',(16.879577676219,4.308816645387));
#1143 = CARTESIAN_POINT('',(-5.60612137664,-24.92746950012));
#1144 = CARTESIAN_POINT('',(-19.68263836453,9.16386017426));
#1145 = CARTESIAN_POINT('',(-33.75915535242,43.255189848643));
#1146 = CARTESIAN_POINT('',(2.803060688327,38.400146319769));
#1147 = CARTESIAN_POINT('',(39.365276729079,33.545102790896));
#1148 = CARTESIAN_POINT('',(16.879577676219,4.308816645387));
#1149 = ( GEOMETRIC_REPRESENTATION_CONTEXT(2) 
PARAMETRIC_REPRESENTATION_CONTEXT() REPRESENTATION_CONTEXT('2D SPACE',''
  ) );
#1150 = ORIENTED_EDGE('',*,*,#1151,.F.);
#1151 = EDGE_CURVE('',#1152,#1119,#1154,.T.);
#1152 = VERTEX_POINT('',#1153);
#1153 = CARTESIAN_POINT('',(-45.12177796965,140.60912110032,
    -123.760705834));
#1154 = SURFACE_CURVE('',#1155,(#1160,#1167),.PCURVE_S1.);
#1155 = CIRCLE('',#1156,21.294499207368);
#1156 = AXIS2_PLACEMENT_3D('',#1157,#1158,#1159);
#1157 = CARTESIAN_POINT('',(-38.56860247428,142.37566716004,-103.576779)
  );
#1158 = DIRECTION('',(0.,-0.996191759571,8.718932367607E-02));
#1159 = DIRECTION('',(-0.79267314586,-5.315469668418E-02,-0.607325169949
    ));
#1160 = PCURVE('',#452,#1161);
#1161 = DEFINITIONAL_REPRESENTATION('',(#1162),#1166);
#1162 = LINE('',#1163,#1164);
#1163 = CARTESIAN_POINT('',(0.,-1.999999999998));
#1164 = VECTOR('',#1165,1.);
#1165 = DIRECTION('',(1.,0.));
#1166 = ( GEOMETRIC_REPRESENTATION_CONTEXT(2) 
PARAMETRIC_REPRESENTATION_CONTEXT() REPRESENTATION_CONTEXT('2D SPACE',''
  ) );
#1167 = PCURVE('',#1168,#1173);
#1168 = PLANE('',#1169);
#1169 = AXIS2_PLACEMENT_3D('',#1170,#1171,#1172);
#1170 = CARTESIAN_POINT('',(-38.56860247428,140.86808170448,
    -120.8018719858));
#1171 = DIRECTION('',(0.,0.996191759571,-8.718932367605E-02));
#1172 = DIRECTION('',(-1.,0.,0.));
#1173 = DEFINITIONAL_REPRESENTATION('',(#1174),#1182);
#1174 = ( BOUNDED_CURVE() B_SPLINE_CURVE(2,(#1175,#1176,#1177,#1178,
#1179,#1180,#1181),.UNSPECIFIED.,.T.,.F.) B_SPLINE_CURVE_WITH_KNOTS((1,2
    ,2,2,2,1),(-2.094395102393,0.,2.094395102393,4.188790204786,
6.28318530718,8.377580409573),.UNSPECIFIED.) CURVE() 
GEOMETRIC_REPRESENTATION_ITEM() RATIONAL_B_SPLINE_CURVE((1.,0.5,1.,0.5,
1.,0.5,1.)) REPRESENTATION_ITEM('') );
#1175 = CARTESIAN_POINT('',(16.879577676219,4.308816645387));
#1176 = CARTESIAN_POINT('',(-5.60612137664,-24.92746950012));
#1177 = CARTESIAN_POINT('',(-19.68263836453,9.16386017426));
#1178 = CARTESIAN_POINT('',(-33.75915535242,43.255189848643));
#1179 = CARTESIAN_POINT('',(2.803060688327,38.400146319769));
#1180 = CARTESIAN_POINT('',(39.365276729079,33.545102790896));
#1181 = CARTESIAN_POINT('',(16.879577676219,4.308816645387));
#1182 = ( GEOMETRIC_REPRESENTATION_CONTEXT(2) 
PARAMETRIC_REPRESENTATION_CONTEXT() REPRESENTATION_CONTEXT('2D SPACE',''
  ) );
#1183 = ORIENTED_EDGE('',*,*,#1184,.F.);
#1184 = EDGE_CURVE('',#1008,#1152,#1185,.T.);
#1185 = SURFACE_CURVE('',#1186,(#1191,#1198),.PCURVE_S1.);
#1186 = CIRCLE('',#1187,21.294499207368);
#1187 = AXIS2_PLACEMENT_3D('',#1188,#1189,#1190);
#1188 = CARTESIAN_POINT('',(-38.56860247428,142.37566716004,-103.576779)
  );
#1189 = DIRECTION('',(0.,-0.996191759571,8.718932367607E-02));
#1190 = DIRECTION('',(-0.79267314586,-5.315469668418E-02,-0.607325169949
    ));
#1191 = PCURVE('',#452,#1192);
#1192 = DEFINITIONAL_REPRESENTATION('',(#1193),#1197);
#1193 = LINE('',#1194,#1195);
#1194 = CARTESIAN_POINT('',(0.,-1.999999999998));
#1195 = VECTOR('',#1196,1.);
#1196 = DIRECTION('',(1.,0.));
#1197 = ( GEOMETRIC_REPRESENTATION_CONTEXT(2) 
PARAMETRIC_REPRESENTATION_CONTEXT() REPRESENTATION_CONTEXT('2D SPACE',''
  ) );
#1198 = PCURVE('',#1199,#1204);
#1199 = PLANE('',#1200);
#1200 = AXIS2_PLACEMENT_3D('',#1201,#1202,#1203);
#1201 = CARTESIAN_POINT('',(-38.56860247428,140.86808170448,
    -120.8018719858));
#1202 = DIRECTION('',(0.,0.996191759571,-8.718932367605E-02));
#1203 = DIRECTION('',(-1.,0.,0.));
#1204 = DEFINITIONAL_REPRESENTATION('',(#1205),#1213);
#1205 = ( BOUNDED_CURVE() B_SPLINE_CURVE(2,(#1206,#1207,#1208,#1209,
#1210,#1211,#1212),.UNSPECIFIED.,.T.,.F.) B_SPLINE_CURVE_WITH_KNOTS((1,2
    ,2,2,2,1),(-2.094395102393,0.,2.094395102393,4.188790204786,
6.28318530718,8.377580409573),.UNSPECIFIED.) CURVE() 
GEOMETRIC_REPRESENTATION_ITEM() RATIONAL_B_SPLINE_CURVE((1.,0.5,1.,0.5,
1.,0.5,1.)) REPRESENTATION_ITEM('') );
#1206 = CARTESIAN_POINT('',(16.879577676219,4.308816645387));
#1207 = CARTESIAN_POINT('',(-5.60612137664,-24.92746950012));
#1208 = CARTESIAN_POINT('',(-19.68263836453,9.16386017426));
#1209 = CARTESIAN_POINT('',(-33.75915535242,43.255189848643));
#1210 = CARTESIAN_POINT('',(2.803060688327,38.400146319769));
#1211 = CARTESIAN_POINT('',(39.365276729079,33.545102790896));
#1212 = CARTESIAN_POINT('',(16.879577676219,4.308816645387));
#1213 = ( GEOMETRIC_REPRESENTATION_CONTEXT(2) 
PARAMETRIC_REPRESENTATION_CONTEXT() REPRESENTATION_CONTEXT('2D SPACE',''
  ) );
#1214 = ADVANCED_FACE('',(#1215),#420,.F.);
#1215 = FACE_BOUND('',#1216,.T.);
#1216 = EDGE_LOOP('',(#1217,#1238,#1239,#1240,#1241,#1267,#1293,#1319,
    #1345,#1371));
#1217 = ORIENTED_EDGE('',*,*,#1218,.T.);
#1218 = EDGE_CURVE('',#1219,#1097,#1221,.T.);
#1219 = VERTEX_POINT('',#1220);
#1220 = CARTESIAN_POINT('',(-18.77477150618,141.55272585248,
    -112.9793906346));
#1221 = SURFACE_CURVE('',#1222,(#1226,#1232),.PCURVE_S1.);
#1222 = LINE('',#1223,#1224);
#1223 = CARTESIAN_POINT('',(-26.33031348768,140.74817751521,
    -122.1718512476));
#1224 = VECTOR('',#1225,1.);
#1225 = DIRECTION('',(-0.633523342678,-6.746043542896E-02,
    -0.770777052029));
#1226 = PCURVE('',#420,#1227);
#1227 = DEFINITIONAL_REPRESENTATION('',(#1228),#1231);
#1228 = B_SPLINE_CURVE_WITH_KNOTS('',1,(#1229,#1230),.UNSPECIFIED.,.F.,
  .F.,(2,2),(-12.39184924861,-6.689204381864),.PIECEWISE_BEZIER_KNOTS.);
#1229 = CARTESIAN_POINT('',(-5.702644866746,-1.999999999999));
#1230 = CARTESIAN_POINT('',(7.105427357601E-15,-1.999999999999));
#1231 = ( GEOMETRIC_REPRESENTATION_CONTEXT(2) 
PARAMETRIC_REPRESENTATION_CONTEXT() REPRESENTATION_CONTEXT('2D SPACE',''
  ) );
#1232 = PCURVE('',#1135,#1233);
#1233 = DEFINITIONAL_REPRESENTATION('',(#1234),#1237);
#1234 = B_SPLINE_CURVE_WITH_KNOTS('',1,(#1235,#1236),.UNSPECIFIED.,.F.,
  .F.,(2,2),(-12.39184924861,-6.689204381864),.PIECEWISE_BEZIER_KNOTS.);
#1235 = CARTESIAN_POINT('',(-20.08881474454,8.21264951512));
#1236 = CARTESIAN_POINT('',(-16.47605610645,3.800378727968));
#1237 = ( GEOMETRIC_REPRESENTATION_CONTEXT(2) 
PARAMETRIC_REPRESENTATION_CONTEXT() REPRESENTATION_CONTEXT('2D SPACE',''
  ) );
#1238 = ORIENTED_EDGE('',*,*,#1096,.T.);
#1239 = ORIENTED_EDGE('',*,*,#405,.F.);
#1240 = ORIENTED_EDGE('',*,*,#860,.F.);
#1241 = ORIENTED_EDGE('',*,*,#1242,.F.);
#1242 = EDGE_CURVE('',#1243,#861,#1245,.T.);
#1243 = VERTEX_POINT('',#1244);
#1244 = CARTESIAN_POINT('',(25.717018492502,148.2828010071,
    -59.02277175303));
#1245 = SURFACE_CURVE('',#1246,(#1250,#1256),.PCURVE_S1.);
#1246 = LINE('',#1247,#1248);
#1247 = CARTESIAN_POINT('',(-14.72710409648,143.9761276194,
    -108.2291694987));
#1248 = VECTOR('',#1249,1.);
#1249 = DIRECTION('',(-0.633523342678,-6.746043542896E-02,
    -0.770777052029));
#1250 = PCURVE('',#420,#1251);
#1251 = DEFINITIONAL_REPRESENTATION('',(#1252),#1255);
#1252 = B_SPLINE_CURVE_WITH_KNOTS('',1,(#1253,#1254),.UNSPECIFIED.,.F.,
  .F.,(2,2),(-63.99528836486,11.626157672745),.PIECEWISE_BEZIER_KNOTS.);
#1253 = CARTESIAN_POINT('',(-75.6214460376,-4.000004302192));
#1254 = CARTESIAN_POINT('',(7.105427357601E-15,-4.000004302194));
#1255 = ( GEOMETRIC_REPRESENTATION_CONTEXT(2) 
PARAMETRIC_REPRESENTATION_CONTEXT() REPRESENTATION_CONTEXT('2D SPACE',''
  ) );
#1256 = PCURVE('',#1257,#1262);
#1257 = PLANE('',#1258);
#1258 = AXIS2_PLACEMENT_3D('',#1259,#1260,#1261);
#1259 = CARTESIAN_POINT('',(-12.50688964838,145.12775339082,
    -95.07113528976));
#1260 = DIRECTION('',(0.,0.996191759571,-8.718932367605E-02));
#1261 = DIRECTION('',(-1.,0.,0.));
#1262 = DEFINITIONAL_REPRESENTATION('',(#1263),#1266);
#1263 = B_SPLINE_CURVE_WITH_KNOTS('',1,(#1264,#1265),.UNSPECIFIED.,.F.,
  .F.,(2,2),(-63.99528836486,11.626157672745),.PIECEWISE_BEZIER_KNOTS.);
#1264 = CARTESIAN_POINT('',(-38.32229455243,36.306328729461));
#1265 = CARTESIAN_POINT('',(9.585656719446,-22.20376702972));
#1266 = ( GEOMETRIC_REPRESENTATION_CONTEXT(2) 
PARAMETRIC_REPRESENTATION_CONTEXT() REPRESENTATION_CONTEXT('2D SPACE',''
  ) );
#1267 = ORIENTED_EDGE('',*,*,#1268,.F.);
#1268 = EDGE_CURVE('',#1269,#1243,#1271,.T.);
#1269 = VERTEX_POINT('',#1270);
#1270 = CARTESIAN_POINT('',(25.717018492504,148.25281290423,
    -59.02014711537));
#1271 = SURFACE_CURVE('',#1272,(#1276,#1282),.PCURVE_S1.);
#1272 = LINE('',#1273,#1274);
#1273 = CARTESIAN_POINT('',(25.717018492498,146.03854409424,
    -58.82634848362));
#1274 = VECTOR('',#1275,1.);
#1275 = DIRECTION('',(-1.095328230009E-13,0.996191759571,
    -8.71893236762E-02));
#1276 = PCURVE('',#420,#1277);
#1277 = DEFINITIONAL_REPRESENTATION('',(#1278),#1281);
#1278 = B_SPLINE_CURVE_WITH_KNOTS('',1,(#1279,#1280),.UNSPECIFIED.,.F.,
  .F.,(2,2),(0.252836254951,2.25283625496),.PIECEWISE_BEZIER_KNOTS.);
#1279 = CARTESIAN_POINT('',(-75.46614566439,-2.000004302181));
#1280 = CARTESIAN_POINT('',(-75.46614566439,-4.00000430219));
#1281 = ( GEOMETRIC_REPRESENTATION_CONTEXT(2) 
PARAMETRIC_REPRESENTATION_CONTEXT() REPRESENTATION_CONTEXT('2D SPACE',''
  ) );
#1282 = PCURVE('',#1283,#1288);
#1283 = PLANE('',#1284);
#1284 = AXIS2_PLACEMENT_3D('',#1285,#1286,#1287);
#1285 = CARTESIAN_POINT('',(2.676426567752,144.58604089934,
    -95.46087695632));
#1286 = DIRECTION('',(0.846415045214,-4.643038780784E-02,-0.530495796707
    ));
#1287 = DIRECTION('',(-0.532523775277,-7.37983553414E-02,-0.843191693219
    ));
#1288 = DEFINITIONAL_REPRESENTATION('',(#1289),#1292);
#1289 = B_SPLINE_CURVE_WITH_KNOTS('',1,(#1290,#1291),.UNSPECIFIED.,.F.,
  .F.,(2,2),(0.252836254951,2.25283625496),.PIECEWISE_BEZIER_KNOTS.);
#1290 = CARTESIAN_POINT('',(-43.26678543647,-1.494331792257));
#1291 = CARTESIAN_POINT('',(-43.26678543647,0.505668207752));
#1292 = ( GEOMETRIC_REPRESENTATION_CONTEXT(2) 
PARAMETRIC_REPRESENTATION_CONTEXT() REPRESENTATION_CONTEXT('2D SPACE',''
  ) );
#1293 = ORIENTED_EDGE('',*,*,#1294,.F.);
#1294 = EDGE_CURVE('',#1295,#1269,#1297,.T.);
#1295 = VERTEX_POINT('',#1296);
#1296 = CARTESIAN_POINT('',(25.717018492508,146.29041748796,
    -58.84839310568));
#1297 = SURFACE_CURVE('',#1298,(#1302,#1308),.PCURVE_S1.);
#1298 = LINE('',#1299,#1300);
#1299 = CARTESIAN_POINT('',(25.717018492505,145.54609483631,
    -58.78324802897));
#1300 = VECTOR('',#1301,1.);
#1301 = DIRECTION('',(-1.095328230009E-13,0.996191759571,
    -8.71893236762E-02));
#1302 = PCURVE('',#420,#1303);
#1303 = DEFINITIONAL_REPRESENTATION('',(#1304),#1307);
#1304 = B_SPLINE_CURVE_WITH_KNOTS('',1,(#1305,#1306),.UNSPECIFIED.,.F.,
  .F.,(2,2),(0.747168047211,2.747168047213),.PIECEWISE_BEZIER_KNOTS.);
#1305 = CARTESIAN_POINT('',(-75.4661456644,-2.000004302189));
#1306 = CARTESIAN_POINT('',(-75.4661456644,-4.00000430219));
#1307 = ( GEOMETRIC_REPRESENTATION_CONTEXT(2) 
PARAMETRIC_REPRESENTATION_CONTEXT() REPRESENTATION_CONTEXT('2D SPACE',''
  ) );
#1308 = PCURVE('',#1309,#1314);
#1309 = PLANE('',#1310);
#1310 = AXIS2_PLACEMENT_3D('',#1311,#1312,#1313);
#1311 = CARTESIAN_POINT('',(3.202913432248,143.67410412999,
    -94.54104312521));
#1312 = DIRECTION('',(0.846415045214,-4.643038780784E-02,-0.530495796707
    ));
#1313 = DIRECTION('',(-0.532523775277,-7.37983553414E-02,-0.843191693219
    ));
#1314 = DEFINITIONAL_REPRESENTATION('',(#1315),#1318);
#1315 = B_SPLINE_CURVE_WITH_KNOTS('',1,(#1316,#1317),.UNSPECIFIED.,.F.,
  .F.,(2,2),(0.747168047211,2.747168047213),.PIECEWISE_BEZIER_KNOTS.);
#1316 = CARTESIAN_POINT('',(-42.27812185198,-0.505668207744));
#1317 = CARTESIAN_POINT('',(-42.27812185198,1.494331792257));
#1318 = ( GEOMETRIC_REPRESENTATION_CONTEXT(2) 
PARAMETRIC_REPRESENTATION_CONTEXT() REPRESENTATION_CONTEXT('2D SPACE',''
  ) );
#1319 = ORIENTED_EDGE('',*,*,#1320,.F.);
#1320 = EDGE_CURVE('',#1321,#1295,#1323,.T.);
#1321 = VERTEX_POINT('',#1322);
#1322 = CARTESIAN_POINT('',(24.876033310489,146.20086129025,
    -59.87157851668));
#1323 = SURFACE_CURVE('',#1324,(#1328,#1334),.PCURVE_S1.);
#1324 = LINE('',#1325,#1326);
#1325 = CARTESIAN_POINT('',(-9.565391542865,142.53338663585,
    -101.7747861263));
#1326 = VECTOR('',#1327,1.);
#1327 = DIRECTION('',(0.633523342678,6.746043542896E-02,0.770777052029)
  );
#1328 = PCURVE('',#420,#1329);
#1329 = DEFINITIONAL_REPRESENTATION('',(#1330),#1333);
#1330 = B_SPLINE_CURVE_WITH_KNOTS('',1,(#1331,#1332),.UNSPECIFIED.,.F.,
  .F.,(2,2),(-17.33042449658,55.847660320399),.PIECEWISE_BEZIER_KNOTS.);
#1331 = CARTESIAN_POINT('',(-2.443361220621,-2.000004302191));
#1332 = CARTESIAN_POINT('',(-75.6214460376,-2.00000430219));
#1333 = ( GEOMETRIC_REPRESENTATION_CONTEXT(2) 
PARAMETRIC_REPRESENTATION_CONTEXT() REPRESENTATION_CONTEXT('2D SPACE',''
  ) );
#1334 = PCURVE('',#1335,#1340);
#1335 = PLANE('',#1336);
#1336 = AXIS2_PLACEMENT_3D('',#1337,#1338,#1339);
#1337 = CARTESIAN_POINT('',(-3.761567662166,144.34731642954,
    -81.04952027124));
#1338 = DIRECTION('',(0.,-0.996191759571,8.718932367605E-02));
#1339 = DIRECTION('',(1.,0.,0.));
#1340 = DEFINITIONAL_REPRESENTATION('',(#1341),#1344);
#1341 = B_SPLINE_CURVE_WITH_KNOTS('',1,(#1342,#1343),.UNSPECIFIED.,.F.,
  .F.,(2,2),(-17.33042449658,55.847660320399),.PIECEWISE_BEZIER_KNOTS.);
#1342 = CARTESIAN_POINT('',(-16.7830523378,-34.21345241163));
#1343 = CARTESIAN_POINT('',(29.576972566221,22.406157162962));
#1344 = ( GEOMETRIC_REPRESENTATION_CONTEXT(2) 
PARAMETRIC_REPRESENTATION_CONTEXT() REPRESENTATION_CONTEXT('2D SPACE',''
  ) );
#1345 = ORIENTED_EDGE('',*,*,#1346,.F.);
#1346 = EDGE_CURVE('',#1347,#1321,#1349,.T.);
#1347 = VERTEX_POINT('',#1348);
#1348 = CARTESIAN_POINT('',(-18.33040306663,141.60004850274,
    -112.4387495324));
#1349 = SURFACE_CURVE('',#1350,(#1354,#1360),.PCURVE_S1.);
#1350 = LINE('',#1351,#1352);
#1351 = CARTESIAN_POINT('',(-9.565391542865,142.53338663585,
    -101.7747861263));
#1352 = VECTOR('',#1353,1.);
#1353 = DIRECTION('',(0.633523342678,6.746043542896E-02,0.770777052029)
  );
#1354 = PCURVE('',#420,#1355);
#1355 = DEFINITIONAL_REPRESENTATION('',(#1356),#1359);
#1356 = B_SPLINE_CURVE_WITH_KNOTS('',1,(#1357,#1358),.UNSPECIFIED.,.F.,
  .F.,(2,2),(-17.33042449658,55.847660320399),.PIECEWISE_BEZIER_KNOTS.);
#1357 = CARTESIAN_POINT('',(-2.443361220621,-2.000004302191));
#1358 = CARTESIAN_POINT('',(-75.6214460376,-2.00000430219));
#1359 = ( GEOMETRIC_REPRESENTATION_CONTEXT(2) 
PARAMETRIC_REPRESENTATION_CONTEXT() REPRESENTATION_CONTEXT('2D SPACE',''
  ) );
#1360 = PCURVE('',#1361,#1366);
#1361 = PLANE('',#1362);
#1362 = AXIS2_PLACEMENT_3D('',#1363,#1364,#1365);
#1363 = CARTESIAN_POINT('',(-3.761567662166,144.34731642954,
    -81.04952027124));
#1364 = DIRECTION('',(0.,-0.996191759571,8.718932367605E-02));
#1365 = DIRECTION('',(1.,0.,0.));
#1366 = DEFINITIONAL_REPRESENTATION('',(#1367),#1370);
#1367 = B_SPLINE_CURVE_WITH_KNOTS('',1,(#1368,#1369),.UNSPECIFIED.,.F.,
  .F.,(2,2),(-17.33042449658,55.847660320399),.PIECEWISE_BEZIER_KNOTS.);
#1368 = CARTESIAN_POINT('',(-16.7830523378,-34.21345241163));
#1369 = CARTESIAN_POINT('',(29.576972566221,22.406157162962));
#1370 = ( GEOMETRIC_REPRESENTATION_CONTEXT(2) 
PARAMETRIC_REPRESENTATION_CONTEXT() REPRESENTATION_CONTEXT('2D SPACE',''
  ) );
#1371 = ORIENTED_EDGE('',*,*,#1372,.F.);
#1372 = EDGE_CURVE('',#1219,#1347,#1373,.T.);
#1373 = SURFACE_CURVE('',#1374,(#1378,#1384),.PCURVE_S1.);
#1374 = LINE('',#1375,#1376);
#1375 = CARTESIAN_POINT('',(-15.37317862433,141.91494715777,
    -108.8408383202));
#1376 = VECTOR('',#1377,1.);
#1377 = DIRECTION('',(0.633523342678,6.746043542896E-02,0.770777052029)
  );
#1378 = PCURVE('',#420,#1379);
#1379 = DEFINITIONAL_REPRESENTATION('',(#1380),#1383);
#1380 = B_SPLINE_CURVE_WITH_KNOTS('',1,(#1381,#1382),.UNSPECIFIED.,.F.,
  .F.,(2,2),(-6.388720781606,0.455960873051),.PIECEWISE_BEZIER_KNOTS.);
#1381 = CARTESIAN_POINT('',(-4.217625174149,-2.000004302187));
#1382 = CARTESIAN_POINT('',(-11.0623068288,-2.000004302187));
#1383 = ( GEOMETRIC_REPRESENTATION_CONTEXT(2) 
PARAMETRIC_REPRESENTATION_CONTEXT() REPRESENTATION_CONTEXT('2D SPACE',''
  ) );
#1384 = PCURVE('',#1385,#1390);
#1385 = PLANE('',#1386);
#1386 = AXIS2_PLACEMENT_3D('',#1387,#1388,#1389);
#1387 = CARTESIAN_POINT('',(-26.40706233783,143.89786842536,
    -86.18474072299));
#1388 = DIRECTION('',(0.,-0.996191759571,8.718932367605E-02));
#1389 = DIRECTION('',(1.,0.,0.));
#1390 = DEFINITIONAL_REPRESENTATION('',(#1391),#1394);
#1391 = B_SPLINE_CURVE_WITH_KNOTS('',1,(#1392,#1393),.UNSPECIFIED.,.F.,
  .F.,(2,2),(-6.388720781606,0.455960873051),.PIECEWISE_BEZIER_KNOTS.);
#1392 = CARTESIAN_POINT('',(6.986479968493,-27.68581119307));
#1393 = CARTESIAN_POINT('',(11.322745569918,-22.38991961681));
#1394 = ( GEOMETRIC_REPRESENTATION_CONTEXT(2) 
PARAMETRIC_REPRESENTATION_CONTEXT() REPRESENTATION_CONTEXT('2D SPACE',''
  ) );
#1395 = ADVANCED_FACE('',(#1396),#611,.T.);
#1396 = FACE_BOUND('',#1397,.T.);
#1397 = EDGE_LOOP('',(#1398,#1399,#1400,#1421,#1458));
#1398 = ORIENTED_EDGE('',*,*,#597,.F.);
#1399 = ORIENTED_EDGE('',*,*,#1067,.F.);
#1400 = ORIENTED_EDGE('',*,*,#1401,.T.);
#1401 = EDGE_CURVE('',#1041,#1402,#1404,.T.);
#1402 = VERTEX_POINT('',#1403);
#1403 = CARTESIAN_POINT('',(-58.29765435877,143.5591787705,
    -112.9930177283));
#1404 = SURFACE_CURVE('',#1405,(#1409,#1415),.PCURVE_S1.);
#1405 = LINE('',#1406,#1407);
#1406 = CARTESIAN_POINT('',(-61.00211950433,143.86577055106,
    -109.4900176767));
#1407 = VECTOR('',#1408,1.);
#1408 = DIRECTION('',(-0.609646851737,6.911263548369E-02,0.789654455939)
  );
#1409 = PCURVE('',#611,#1410);
#1410 = DEFINITIONAL_REPRESENTATION('',(#1411),#1414);
#1411 = B_SPLINE_CURVE_WITH_KNOTS('',1,(#1412,#1413),.UNSPECIFIED.,.F.,
  .F.,(2,2),(-9.11009273322,-1.868323964021),.PIECEWISE_BEZIER_KNOTS.);
#1412 = CARTESIAN_POINT('',(16.879577676219,4.308816645335));
#1413 = CARTESIAN_POINT('',(21.294499207368,10.049172277205));
#1414 = ( GEOMETRIC_REPRESENTATION_CONTEXT(2) 
PARAMETRIC_REPRESENTATION_CONTEXT() REPRESENTATION_CONTEXT('2D SPACE',''
  ) );
#1415 = PCURVE('',#1055,#1416);
#1416 = DEFINITIONAL_REPRESENTATION('',(#1417),#1420);
#1417 = B_SPLINE_CURVE_WITH_KNOTS('',1,(#1418,#1419),.UNSPECIFIED.,.F.,
  .F.,(2,2),(-9.11009273322,-1.868323964021),.PIECEWISE_BEZIER_KNOTS.);
#1418 = CARTESIAN_POINT('',(-31.92625010058,-3.999999999992));
#1419 = CARTESIAN_POINT('',(-24.68448133138,-3.999999999992));
#1420 = ( GEOMETRIC_REPRESENTATION_CONTEXT(2) 
PARAMETRIC_REPRESENTATION_CONTEXT() REPRESENTATION_CONTEXT('2D SPACE',''
  ) );
#1421 = ORIENTED_EDGE('',*,*,#1422,.F.);
#1422 = EDGE_CURVE('',#1423,#1402,#1425,.T.);
#1423 = VERTEX_POINT('',#1424);
#1424 = CARTESIAN_POINT('',(-56.59259,143.84918132492,-109.6796091529));
#1425 = SURFACE_CURVE('',#1426,(#1431,#1442),.PCURVE_S1.);
#1426 = CIRCLE('',#1427,21.294499207368);
#1427 = AXIS2_PLACEMENT_3D('',#1428,#1429,#1430);
#1428 = CARTESIAN_POINT('',(-38.56860247428,142.86046522362,
    -120.9762506331));
#1429 = DIRECTION('',(0.,-0.996191759571,8.718932367605E-02));
#1430 = DIRECTION('',(1.,0.,0.));
#1431 = PCURVE('',#611,#1432);
#1432 = DEFINITIONAL_REPRESENTATION('',(#1433),#1441);
#1433 = ( BOUNDED_CURVE() B_SPLINE_CURVE(2,(#1434,#1435,#1436,#1437,
#1438,#1439,#1440),.UNSPECIFIED.,.T.,.F.) B_SPLINE_CURVE_WITH_KNOTS((1,2
    ,2,2,2,1),(-2.094395102393,0.,2.094395102393,4.188790204786,
6.28318530718,8.377580409573),.UNSPECIFIED.) CURVE() 
GEOMETRIC_REPRESENTATION_ITEM() RATIONAL_B_SPLINE_CURVE((1.,0.5,1.,0.5,
1.,0.5,1.)) REPRESENTATION_ITEM('') );
#1434 = CARTESIAN_POINT('',(-21.29449920736,0.));
#1435 = CARTESIAN_POINT('',(-21.29449920736,36.883154548897));
#1436 = CARTESIAN_POINT('',(10.647249603684,18.441577274448));
#1437 = CARTESIAN_POINT('',(42.588998414736,5.21564805875E-15));
#1438 = CARTESIAN_POINT('',(10.647249603684,-18.44157727444));
#1439 = CARTESIAN_POINT('',(-21.29449920736,-36.88315454889));
#1440 = CARTESIAN_POINT('',(-21.29449920736,0.));
#1441 = ( GEOMETRIC_REPRESENTATION_CONTEXT(2) 
PARAMETRIC_REPRESENTATION_CONTEXT() REPRESENTATION_CONTEXT('2D SPACE',''
  ) );
#1442 = PCURVE('',#1443,#1448);
#1443 = PLANE('',#1444);
#1444 = AXIS2_PLACEMENT_3D('',#1445,#1446,#1447);
#1445 = CARTESIAN_POINT('',(-56.7000867835,144.97768352858,
    -96.78577595691));
#1446 = DIRECTION('',(0.,0.996191759571,-8.718932367605E-02));
#1447 = DIRECTION('',(-1.,0.,0.));
#1448 = DEFINITIONAL_REPRESENTATION('',(#1449),#1457);
#1449 = ( BOUNDED_CURVE() B_SPLINE_CURVE(2,(#1450,#1451,#1452,#1453,
#1454,#1455,#1456),.UNSPECIFIED.,.T.,.F.) B_SPLINE_CURVE_WITH_KNOTS((1,2
    ,2,2,2,1),(-2.094395102393,0.,2.094395102393,4.188790204786,
6.28318530718,8.377580409573),.UNSPECIFIED.) CURVE() 
GEOMETRIC_REPRESENTATION_ITEM() RATIONAL_B_SPLINE_CURVE((1.,0.5,1.,0.5,
1.,0.5,1.)) REPRESENTATION_ITEM('') );
#1450 = CARTESIAN_POINT('',(-39.42598351658,-24.28295036461));
#1451 = CARTESIAN_POINT('',(-39.42598351658,12.600204184284));
#1452 = CARTESIAN_POINT('',(-7.484234705536,-5.841373090164));
#1453 = CARTESIAN_POINT('',(24.457514105516,-24.28295036461));
#1454 = CARTESIAN_POINT('',(-7.484234705536,-42.72452763906));
#1455 = CARTESIAN_POINT('',(-39.42598351658,-61.1661049135));
#1456 = CARTESIAN_POINT('',(-39.42598351658,-24.28295036461));
#1457 = ( GEOMETRIC_REPRESENTATION_CONTEXT(2) 
PARAMETRIC_REPRESENTATION_CONTEXT() REPRESENTATION_CONTEXT('2D SPACE',''
  ) );
#1458 = ORIENTED_EDGE('',*,*,#1459,.F.);
#1459 = EDGE_CURVE('',#545,#1423,#1460,.T.);
#1460 = SURFACE_CURVE('',#1461,(#1465,#1472),.PCURVE_S1.);
#1461 = LINE('',#1462,#1463);
#1462 = CARTESIAN_POINT('',(-20.54462,141.87175798021,-132.2728895928));
#1463 = VECTOR('',#1464,1.);
#1464 = DIRECTION('',(-0.846415096421,4.643038071147E-02,0.530495715627)
  );
#1465 = PCURVE('',#611,#1466);
#1466 = DEFINITIONAL_REPRESENTATION('',(#1467),#1471);
#1467 = LINE('',#1468,#1469);
#1468 = CARTESIAN_POINT('',(-18.02398247428,-11.33982335836));
#1469 = VECTOR('',#1470,1.);
#1470 = DIRECTION('',(0.846415096421,0.532523693887));
#1471 = ( GEOMETRIC_REPRESENTATION_CONTEXT(2) 
PARAMETRIC_REPRESENTATION_CONTEXT() REPRESENTATION_CONTEXT('2D SPACE',''
  ) );
#1472 = PCURVE('',#693,#1473);
#1473 = DEFINITIONAL_REPRESENTATION('',(#1474),#1478);
#1474 = LINE('',#1475,#1476);
#1475 = CARTESIAN_POINT('',(-18.02398247428,-11.33982335836));
#1476 = VECTOR('',#1477,1.);
#1477 = DIRECTION('',(0.846415096421,0.532523693887));
#1478 = ( GEOMETRIC_REPRESENTATION_CONTEXT(2) 
PARAMETRIC_REPRESENTATION_CONTEXT() REPRESENTATION_CONTEXT('2D SPACE',''
  ) );
#1479 = ADVANCED_FACE('',(#1480),#644,.T.);
#1480 = FACE_BOUND('',#1481,.F.);
#1481 = EDGE_LOOP('',(#1482,#1510,#1511,#1534));
#1482 = ORIENTED_EDGE('',*,*,#1483,.F.);
#1483 = EDGE_CURVE('',#629,#1484,#1486,.T.);
#1484 = VERTEX_POINT('',#1485);
#1485 = CARTESIAN_POINT('',(-48.91501721409,144.48323706032,
    -102.4351069227));
#1486 = SURFACE_CURVE('',#1487,(#1491,#1498),.PCURVE_S1.);
#1487 = LINE('',#1488,#1489);
#1488 = CARTESIAN_POINT('',(-57.96395,142.09401490087,-129.7334672927));
#1489 = VECTOR('',#1490,1.);
#1490 = DIRECTION('',(0.313566080943,8.279205058891E-02,0.945950204419)
  );
#1491 = PCURVE('',#644,#1492);
#1492 = DEFINITIONAL_REPRESENTATION('',(#1493),#1497);
#1493 = LINE('',#1494,#1495);
#1494 = CARTESIAN_POINT('',(19.39534752572,-8.790693358342));
#1495 = VECTOR('',#1496,1.);
#1496 = DIRECTION('',(-0.313566080943,0.949566381504));
#1497 = ( GEOMETRIC_REPRESENTATION_CONTEXT(2) 
PARAMETRIC_REPRESENTATION_CONTEXT() REPRESENTATION_CONTEXT('2D SPACE',''
  ) );
#1498 = PCURVE('',#1499,#1504);
#1499 = PLANE('',#1500);
#1500 = AXIS2_PLACEMENT_3D('',#1501,#1502,#1503);
#1501 = CARTESIAN_POINT('',(-38.56860247428,142.86046522362,
    -120.9762506331));
#1502 = DIRECTION('',(0.,0.996191759571,-8.718932367605E-02));
#1503 = DIRECTION('',(-1.,0.,0.));
#1504 = DEFINITIONAL_REPRESENTATION('',(#1505),#1509);
#1505 = LINE('',#1506,#1507);
#1506 = CARTESIAN_POINT('',(19.39534752572,-8.790693358342));
#1507 = VECTOR('',#1508,1.);
#1508 = DIRECTION('',(-0.313566080943,0.949566381504));
#1509 = ( GEOMETRIC_REPRESENTATION_CONTEXT(2) 
PARAMETRIC_REPRESENTATION_CONTEXT() REPRESENTATION_CONTEXT('2D SPACE',''
  ) );
#1510 = ORIENTED_EDGE('',*,*,#626,.F.);
#1511 = ORIENTED_EDGE('',*,*,#1512,.F.);
#1512 = EDGE_CURVE('',#1513,#627,#1515,.T.);
#1513 = VERTEX_POINT('',#1514);
#1514 = CARTESIAN_POINT('',(-47.35929131552,144.55153455603,
    -101.6547659411));
#1515 = SURFACE_CURVE('',#1516,(#1520,#1527),.PCURVE_S1.);
#1516 = LINE('',#1517,#1518);
#1517 = CARTESIAN_POINT('',(-57.6507,146.53129755605,-79.03477816881));
#1518 = VECTOR('',#1519,1.);
#1519 = DIRECTION('',(0.412815044182,-7.941333307827E-02,-0.907346274487
    ));
#1520 = PCURVE('',#644,#1521);
#1521 = DEFINITIONAL_REPRESENTATION('',(#1522),#1526);
#1522 = LINE('',#1523,#1524);
#1523 = CARTESIAN_POINT('',(19.08209752572,42.101806641587));
#1524 = VECTOR('',#1525,1.);
#1525 = DIRECTION('',(-0.412815044182,-0.910814876524));
#1526 = ( GEOMETRIC_REPRESENTATION_CONTEXT(2) 
PARAMETRIC_REPRESENTATION_CONTEXT() REPRESENTATION_CONTEXT('2D SPACE',''
  ) );
#1527 = PCURVE('',#727,#1528);
#1528 = DEFINITIONAL_REPRESENTATION('',(#1529),#1533);
#1529 = LINE('',#1530,#1531);
#1530 = CARTESIAN_POINT('',(31.85248370803,0.940621936677));
#1531 = VECTOR('',#1532,1.);
#1532 = DIRECTION('',(-0.412815044182,-0.910814876524));
#1533 = ( GEOMETRIC_REPRESENTATION_CONTEXT(2) 
PARAMETRIC_REPRESENTATION_CONTEXT() REPRESENTATION_CONTEXT('2D SPACE',''
  ) );
#1534 = ORIENTED_EDGE('',*,*,#1535,.T.);
#1535 = EDGE_CURVE('',#1513,#1484,#1536,.T.);
#1536 = SURFACE_CURVE('',#1537,(#1542,#1553),.PCURVE_S1.);
#1537 = CIRCLE('',#1538,21.294499207368);
#1538 = AXIS2_PLACEMENT_3D('',#1539,#1540,#1541);
#1539 = CARTESIAN_POINT('',(-38.56860247428,142.86046522362,
    -120.9762506331));
#1540 = DIRECTION('',(0.,-0.996191759571,8.718932367605E-02));
#1541 = DIRECTION('',(1.,0.,0.));
#1542 = PCURVE('',#644,#1543);
#1543 = DEFINITIONAL_REPRESENTATION('',(#1544),#1552);
#1544 = ( BOUNDED_CURVE() B_SPLINE_CURVE(2,(#1545,#1546,#1547,#1548,
#1549,#1550,#1551),.UNSPECIFIED.,.T.,.F.) B_SPLINE_CURVE_WITH_KNOTS((1,2
    ,2,2,2,1),(-2.094395102393,0.,2.094395102393,4.188790204786,
6.28318530718,8.377580409573),.UNSPECIFIED.) CURVE() 
GEOMETRIC_REPRESENTATION_ITEM() RATIONAL_B_SPLINE_CURVE((1.,0.5,1.,0.5,
1.,0.5,1.)) REPRESENTATION_ITEM('') );
#1545 = CARTESIAN_POINT('',(-21.29449920736,0.));
#1546 = CARTESIAN_POINT('',(-21.29449920736,36.883154548897));
#1547 = CARTESIAN_POINT('',(10.647249603684,18.441577274448));
#1548 = CARTESIAN_POINT('',(42.588998414736,5.21564805875E-15));
#1549 = CARTESIAN_POINT('',(10.647249603684,-18.44157727444));
#1550 = CARTESIAN_POINT('',(-21.29449920736,-36.88315454889));
#1551 = CARTESIAN_POINT('',(-21.29449920736,0.));
#1552 = ( GEOMETRIC_REPRESENTATION_CONTEXT(2) 
PARAMETRIC_REPRESENTATION_CONTEXT() REPRESENTATION_CONTEXT('2D SPACE',''
  ) );
#1553 = PCURVE('',#1554,#1559);
#1554 = PLANE('',#1555);
#1555 = AXIS2_PLACEMENT_3D('',#1556,#1557,#1558);
#1556 = CARTESIAN_POINT('',(-39.51921649559,144.41408330885,
    -103.2252558257));
#1557 = DIRECTION('',(0.,0.996191759571,-8.718932367605E-02));
#1558 = DIRECTION('',(-1.,0.,0.));
#1559 = DEFINITIONAL_REPRESENTATION('',(#1560),#1568);
#1560 = ( BOUNDED_CURVE() B_SPLINE_CURVE(2,(#1561,#1562,#1563,#1564,
#1565,#1566,#1567),.UNSPECIFIED.,.T.,.F.) B_SPLINE_CURVE_WITH_KNOTS((1,2
    ,2,2,2,1),(-2.094395102393,0.,2.094395102393,4.188790204786,
6.28318530718,8.377580409573),.UNSPECIFIED.) CURVE() 
GEOMETRIC_REPRESENTATION_ITEM() RATIONAL_B_SPLINE_CURVE((1.,0.5,1.,0.5,
1.,0.5,1.)) REPRESENTATION_ITEM('') );
#1561 = CARTESIAN_POINT('',(-22.24511322867,-17.81885366141));
#1562 = CARTESIAN_POINT('',(-22.24511322867,19.064300887477));
#1563 = CARTESIAN_POINT('',(9.696635582374,0.622723613029));
#1564 = CARTESIAN_POINT('',(41.638384393426,-17.81885366141));
#1565 = CARTESIAN_POINT('',(9.696635582374,-36.26043093586));
#1566 = CARTESIAN_POINT('',(-22.24511322867,-54.70200821031));
#1567 = CARTESIAN_POINT('',(-22.24511322867,-17.81885366141));
#1568 = ( GEOMETRIC_REPRESENTATION_CONTEXT(2) 
PARAMETRIC_REPRESENTATION_CONTEXT() REPRESENTATION_CONTEXT('2D SPACE',''
  ) );
#1569 = ADVANCED_FACE('',(#1570),#693,.T.);
#1570 = FACE_BOUND('',#1571,.F.);
#1571 = EDGE_LOOP('',(#1572,#1593,#1594));
#1572 = ORIENTED_EDGE('',*,*,#1573,.T.);
#1573 = EDGE_CURVE('',#629,#1423,#1574,.T.);
#1574 = SURFACE_CURVE('',#1575,(#1579,#1586),.PCURVE_S1.);
#1575 = LINE('',#1576,#1577);
#1576 = CARTESIAN_POINT('',(26.42396,148.38077056827,-57.90340913603));
#1577 = VECTOR('',#1578,1.);
#1578 = DIRECTION('',(-0.847590638314,-4.626707107615E-02,
    -0.528629802392));
#1579 = PCURVE('',#693,#1580);
#1580 = DEFINITIONAL_REPRESENTATION('',(#1581),#1585);
#1581 = LINE('',#1582,#1583);
#1582 = CARTESIAN_POINT('',(-64.99256247428,63.313956641586));
#1583 = VECTOR('',#1584,1.);
#1584 = DIRECTION('',(0.847590638314,-0.530650647642));
#1585 = ( GEOMETRIC_REPRESENTATION_CONTEXT(2) 
PARAMETRIC_REPRESENTATION_CONTEXT() REPRESENTATION_CONTEXT('2D SPACE',''
  ) );
#1586 = PCURVE('',#1499,#1587);
#1587 = DEFINITIONAL_REPRESENTATION('',(#1588),#1592);
#1588 = LINE('',#1589,#1590);
#1589 = CARTESIAN_POINT('',(-64.99256247428,63.313956641586));
#1590 = VECTOR('',#1591,1.);
#1591 = DIRECTION('',(0.847590638314,-0.530650647642));
#1592 = ( GEOMETRIC_REPRESENTATION_CONTEXT(2) 
PARAMETRIC_REPRESENTATION_CONTEXT() REPRESENTATION_CONTEXT('2D SPACE',''
  ) );
#1593 = ORIENTED_EDGE('',*,*,#1459,.F.);
#1594 = ORIENTED_EDGE('',*,*,#679,.T.);
#1595 = ADVANCED_FACE('',(#1596),#727,.T.);
#1596 = FACE_BOUND('',#1597,.T.);
#1597 = EDGE_LOOP('',(#1598,#1599,#1634));
#1598 = ORIENTED_EDGE('',*,*,#1512,.F.);
#1599 = ORIENTED_EDGE('',*,*,#1600,.F.);
#1600 = EDGE_CURVE('',#712,#1513,#1601,.T.);
#1601 = SURFACE_CURVE('',#1602,(#1607,#1618),.PCURVE_S1.);
#1602 = CIRCLE('',#1603,21.294499207368);
#1603 = AXIS2_PLACEMENT_3D('',#1604,#1605,#1606);
#1604 = CARTESIAN_POINT('',(-38.56860247428,142.86046522362,
    -120.9762506331));
#1605 = DIRECTION('',(0.,-0.996191759571,8.718932367605E-02));
#1606 = DIRECTION('',(1.,0.,0.));
#1607 = PCURVE('',#727,#1608);
#1608 = DEFINITIONAL_REPRESENTATION('',(#1609),#1617);
#1609 = ( BOUNDED_CURVE() B_SPLINE_CURVE(2,(#1610,#1611,#1612,#1613,
#1614,#1615,#1616),.UNSPECIFIED.,.T.,.F.) B_SPLINE_CURVE_WITH_KNOTS((1,2
    ,2,2,2,1),(-2.094395102393,0.,2.094395102393,4.188790204786,
6.28318530718,8.377580409573),.UNSPECIFIED.) CURVE() 
GEOMETRIC_REPRESENTATION_ITEM() RATIONAL_B_SPLINE_CURVE((1.,0.5,1.,0.5,
1.,0.5,1.)) REPRESENTATION_ITEM('') );
#1610 = CARTESIAN_POINT('',(-8.524113025058,-41.16118470491));
#1611 = CARTESIAN_POINT('',(-8.524113025058,-4.278030156013));
#1612 = CARTESIAN_POINT('',(23.417635785994,-22.71960743046));
#1613 = CARTESIAN_POINT('',(55.359384597046,-41.16118470491));
#1614 = CARTESIAN_POINT('',(23.417635785994,-59.60276197935));
#1615 = CARTESIAN_POINT('',(-8.524113025058,-78.0443392538));
#1616 = CARTESIAN_POINT('',(-8.524113025058,-41.16118470491));
#1617 = ( GEOMETRIC_REPRESENTATION_CONTEXT(2) 
PARAMETRIC_REPRESENTATION_CONTEXT() REPRESENTATION_CONTEXT('2D SPACE',''
  ) );
#1618 = PCURVE('',#1619,#1624);
#1619 = PLANE('',#1620);
#1620 = AXIS2_PLACEMENT_3D('',#1621,#1622,#1623);
#1621 = CARTESIAN_POINT('',(-25.79821629197,146.44928536556,
    -79.971817991));
#1622 = DIRECTION('',(0.,0.996191759571,-8.718932367605E-02));
#1623 = DIRECTION('',(-1.,0.,0.));
#1624 = DEFINITIONAL_REPRESENTATION('',(#1625),#1633);
#1625 = ( BOUNDED_CURVE() B_SPLINE_CURVE(2,(#1626,#1627,#1628,#1629,
#1630,#1631,#1632),.UNSPECIFIED.,.T.,.F.) B_SPLINE_CURVE_WITH_KNOTS((1,2
    ,2,2,2,1),(-2.094395102393,0.,2.094395102393,4.188790204786,
6.28318530718,8.377580409573),.UNSPECIFIED.) CURVE() 
GEOMETRIC_REPRESENTATION_ITEM() RATIONAL_B_SPLINE_CURVE((1.,0.5,1.,0.5,
1.,0.5,1.)) REPRESENTATION_ITEM('') );
#1626 = CARTESIAN_POINT('',(-8.524113025058,-41.16118470491));
#1627 = CARTESIAN_POINT('',(-8.524113025058,-4.278030156013));
#1628 = CARTESIAN_POINT('',(23.417635785994,-22.71960743046));
#1629 = CARTESIAN_POINT('',(55.359384597046,-41.16118470491));
#1630 = CARTESIAN_POINT('',(23.417635785994,-59.60276197935));
#1631 = CARTESIAN_POINT('',(-8.524113025058,-78.0443392538));
#1632 = CARTESIAN_POINT('',(-8.524113025058,-41.16118470491));
#1633 = ( GEOMETRIC_REPRESENTATION_CONTEXT(2) 
PARAMETRIC_REPRESENTATION_CONTEXT() REPRESENTATION_CONTEXT('2D SPACE',''
  ) );
#1634 = ORIENTED_EDGE('',*,*,#711,.T.);
#1635 = ADVANCED_FACE('',(#1636),#758,.T.);
#1636 = FACE_BOUND('',#1637,.F.);
#1637 = EDGE_LOOP('',(#1638,#1661,#1662,#1663));
#1638 = ORIENTED_EDGE('',*,*,#1639,.T.);
#1639 = EDGE_CURVE('',#1640,#712,#1642,.T.);
#1640 = VERTEX_POINT('',#1641);
#1641 = CARTESIAN_POINT('',(-28.34429616391,145.39115897263,
    -92.06156417521));
#1642 = SURFACE_CURVE('',#1643,(#1647,#1654),.PCURVE_S1.);
#1643 = LINE('',#1644,#1645);
#1644 = CARTESIAN_POINT('',(26.42396,148.38077056827,-57.90340913603));
#1645 = VECTOR('',#1646,1.);
#1646 = DIRECTION('',(-0.847590638314,-4.626707107615E-02,
    -0.528629802392));
#1647 = PCURVE('',#758,#1648);
#1648 = DEFINITIONAL_REPRESENTATION('',(#1649),#1653);
#1649 = LINE('',#1650,#1651);
#1650 = CARTESIAN_POINT('',(-52.22217629197,22.152771936677));
#1651 = VECTOR('',#1652,1.);
#1652 = DIRECTION('',(0.847590638314,-0.530650647642));
#1653 = ( GEOMETRIC_REPRESENTATION_CONTEXT(2) 
PARAMETRIC_REPRESENTATION_CONTEXT() REPRESENTATION_CONTEXT('2D SPACE',''
  ) );
#1654 = PCURVE('',#1619,#1655);
#1655 = DEFINITIONAL_REPRESENTATION('',(#1656),#1660);
#1656 = LINE('',#1657,#1658);
#1657 = CARTESIAN_POINT('',(-52.22217629197,22.152771936677));
#1658 = VECTOR('',#1659,1.);
#1659 = DIRECTION('',(0.847590638314,-0.530650647642));
#1660 = ( GEOMETRIC_REPRESENTATION_CONTEXT(2) 
PARAMETRIC_REPRESENTATION_CONTEXT() REPRESENTATION_CONTEXT('2D SPACE',''
  ) );
#1661 = ORIENTED_EDGE('',*,*,#739,.F.);
#1662 = ORIENTED_EDGE('',*,*,#813,.T.);
#1663 = ORIENTED_EDGE('',*,*,#1664,.F.);
#1664 = EDGE_CURVE('',#1640,#814,#1665,.T.);
#1665 = SURFACE_CURVE('',#1666,(#1670,#1677),.PCURVE_S1.);
#1666 = LINE('',#1667,#1668);
#1667 = CARTESIAN_POINT('',(-38.25535,147.2977518718,-70.27756522987));
#1668 = VECTOR('',#1669,1.);
#1669 = DIRECTION('',(0.412814864713,-7.941334017031E-02,-0.90734635552)
  );
#1670 = PCURVE('',#758,#1671);
#1671 = DEFINITIONAL_REPRESENTATION('',(#1672),#1676);
#1672 = LINE('',#1673,#1674);
#1673 = CARTESIAN_POINT('',(12.45713370803,9.731311936676));
#1674 = VECTOR('',#1675,1.);
#1675 = DIRECTION('',(-0.412814864713,-0.910814957866));
#1676 = ( GEOMETRIC_REPRESENTATION_CONTEXT(2) 
PARAMETRIC_REPRESENTATION_CONTEXT() REPRESENTATION_CONTEXT('2D SPACE',''
  ) );
#1677 = PCURVE('',#899,#1678);
#1678 = DEFINITIONAL_REPRESENTATION('',(#1679),#1683);
#1679 = LINE('',#1680,#1681);
#1680 = CARTESIAN_POINT('',(12.45713370803,9.731311936676));
#1681 = VECTOR('',#1682,1.);
#1682 = DIRECTION('',(-0.412814864713,-0.910814957866));
#1683 = ( GEOMETRIC_REPRESENTATION_CONTEXT(2) 
PARAMETRIC_REPRESENTATION_CONTEXT() REPRESENTATION_CONTEXT('2D SPACE',''
  ) );
#1684 = ADVANCED_FACE('',(#1685),#797,.F.);
#1685 = FACE_BOUND('',#1686,.F.);
#1686 = EDGE_LOOP('',(#1687,#1716,#1737,#1738));
#1687 = ORIENTED_EDGE('',*,*,#1688,.T.);
#1688 = EDGE_CURVE('',#1689,#1689,#1691,.T.);
#1689 = VERTEX_POINT('',#1690);
#1690 = CARTESIAN_POINT('',(-37.65,142.06880167327,-116.8318063416));
#1691 = SURFACE_CURVE('',#1692,(#1697,#1704),.PCURVE_S1.);
#1692 = CIRCLE('',#1693,1.35);
#1693 = AXIS2_PLACEMENT_3D('',#1694,#1695,#1696);
#1694 = CARTESIAN_POINT('',(-39.,142.06880167327,-116.8318063416));
#1695 = DIRECTION('',(0.,0.996191759571,-8.718932367606E-02));
#1696 = DIRECTION('',(1.,0.,0.));
#1697 = PCURVE('',#797,#1698);
#1698 = DEFINITIONAL_REPRESENTATION('',(#1699),#1703);
#1699 = LINE('',#1700,#1701);
#1700 = CARTESIAN_POINT('',(-4.138911435803E-13,1.85));
#1701 = VECTOR('',#1702,1.);
#1702 = DIRECTION('',(1.,-0.));
#1703 = ( GEOMETRIC_REPRESENTATION_CONTEXT(2) 
PARAMETRIC_REPRESENTATION_CONTEXT() REPRESENTATION_CONTEXT('2D SPACE',''
  ) );
#1704 = PCURVE('',#1705,#1710);
#1705 = PLANE('',#1706);
#1706 = AXIS2_PLACEMENT_3D('',#1707,#1708,#1709);
#1707 = CARTESIAN_POINT('',(-39.,142.06880167327,-116.8318063416));
#1708 = DIRECTION('',(0.,0.996191759571,-8.718932367606E-02));
#1709 = DIRECTION('',(-1.,0.,-0.));
#1710 = DEFINITIONAL_REPRESENTATION('',(#1711),#1715);
#1711 = CIRCLE('',#1712,1.35);
#1712 = AXIS2_PLACEMENT_2D('',#1713,#1714);
#1713 = CARTESIAN_POINT('',(0.,0.));
#1714 = DIRECTION('',(-1.,0.));
#1715 = ( GEOMETRIC_REPRESENTATION_CONTEXT(2) 
PARAMETRIC_REPRESENTATION_CONTEXT() REPRESENTATION_CONTEXT('2D SPACE',''
  ) );
#1716 = ORIENTED_EDGE('',*,*,#1717,.T.);
#1717 = EDGE_CURVE('',#1689,#781,#1718,.T.);
#1718 = SEAM_CURVE('',#1719,(#1723,#1730),.PCURVE_S1.);
#1719 = LINE('',#1720,#1721);
#1720 = CARTESIAN_POINT('',(-37.65,140.22584691806,-116.6705060928));
#1721 = VECTOR('',#1722,1.);
#1722 = DIRECTION('',(0.,0.996191759571,-8.718932367606E-02));
#1723 = PCURVE('',#797,#1724);
#1724 = DEFINITIONAL_REPRESENTATION('',(#1725),#1729);
#1725 = LINE('',#1726,#1727);
#1726 = CARTESIAN_POINT('',(6.28318530718,0.));
#1727 = VECTOR('',#1728,1.);
#1728 = DIRECTION('',(-0.,1.));
#1729 = ( GEOMETRIC_REPRESENTATION_CONTEXT(2) 
PARAMETRIC_REPRESENTATION_CONTEXT() REPRESENTATION_CONTEXT('2D SPACE',''
  ) );
#1730 = PCURVE('',#797,#1731);
#1731 = DEFINITIONAL_REPRESENTATION('',(#1732),#1736);
#1732 = LINE('',#1733,#1734);
#1733 = CARTESIAN_POINT('',(-4.138911435803E-13,0.));
#1734 = VECTOR('',#1735,1.);
#1735 = DIRECTION('',(-0.,1.));
#1736 = ( GEOMETRIC_REPRESENTATION_CONTEXT(2) 
PARAMETRIC_REPRESENTATION_CONTEXT() REPRESENTATION_CONTEXT('2D SPACE',''
  ) );
#1737 = ORIENTED_EDGE('',*,*,#780,.F.);
#1738 = ORIENTED_EDGE('',*,*,#1717,.F.);
#1739 = ADVANCED_FACE('',(#1740),#986,.T.);
#1740 = FACE_BOUND('',#1741,.T.);
#1741 = EDGE_LOOP('',(#1742,#1772,#1802,#1803));
#1742 = ORIENTED_EDGE('',*,*,#1743,.F.);
#1743 = EDGE_CURVE('',#1744,#1746,#1748,.T.);
#1744 = VERTEX_POINT('',#1745);
#1745 = CARTESIAN_POINT('',(26.42396,148.38077056827,-57.90340913603));
#1746 = VERTEX_POINT('',#1747);
#1747 = CARTESIAN_POINT('',(16.920800623355,147.86202563356,
    -63.83038972818));
#1748 = SURFACE_CURVE('',#1749,(#1753,#1760),.PCURVE_S1.);
#1749 = LINE('',#1750,#1751);
#1750 = CARTESIAN_POINT('',(26.42396,148.38077056827,-57.90340913603));
#1751 = VECTOR('',#1752,1.);
#1752 = DIRECTION('',(-0.847590638314,-4.626707107615E-02,
    -0.528629802392));
#1753 = PCURVE('',#986,#1754);
#1754 = DEFINITIONAL_REPRESENTATION('',(#1755),#1759);
#1755 = LINE('',#1756,#1757);
#1756 = CARTESIAN_POINT('',(-18.02398279596,-11.33982338443));
#1757 = VECTOR('',#1758,1.);
#1758 = DIRECTION('',(0.847590638314,-0.530650647642));
#1759 = ( GEOMETRIC_REPRESENTATION_CONTEXT(2) 
PARAMETRIC_REPRESENTATION_CONTEXT() REPRESENTATION_CONTEXT('2D SPACE',''
  ) );
#1760 = PCURVE('',#1761,#1766);
#1761 = PLANE('',#1762);
#1762 = AXIS2_PLACEMENT_3D('',#1763,#1764,#1765);
#1763 = CARTESIAN_POINT('',(8.399977204031,149.36947781395,
    -46.60677015036));
#1764 = DIRECTION('',(0.,0.996191759571,-8.718932367605E-02));
#1765 = DIRECTION('',(-1.,0.,0.));
#1766 = DEFINITIONAL_REPRESENTATION('',(#1767),#1771);
#1767 = LINE('',#1768,#1769);
#1768 = CARTESIAN_POINT('',(-18.02398279596,-11.33982338443));
#1769 = VECTOR('',#1770,1.);
#1770 = DIRECTION('',(0.847590638314,-0.530650647642));
#1771 = ( GEOMETRIC_REPRESENTATION_CONTEXT(2) 
PARAMETRIC_REPRESENTATION_CONTEXT() REPRESENTATION_CONTEXT('2D SPACE',''
  ) );
#1772 = ORIENTED_EDGE('',*,*,#1773,.F.);
#1773 = EDGE_CURVE('',#861,#1744,#1774,.T.);
#1774 = SURFACE_CURVE('',#1775,(#1780,#1791),.PCURVE_S1.);
#1775 = CIRCLE('',#1776,21.294499207368);
#1776 = AXIS2_PLACEMENT_3D('',#1777,#1778,#1779);
#1777 = CARTESIAN_POINT('',(8.399977204031,149.36947781395,
    -46.60677015036));
#1778 = DIRECTION('',(0.,-0.996191759571,8.718932367605E-02));
#1779 = DIRECTION('',(1.,0.,0.));
#1780 = PCURVE('',#986,#1781);
#1781 = DEFINITIONAL_REPRESENTATION('',(#1782),#1790);
#1782 = ( BOUNDED_CURVE() B_SPLINE_CURVE(2,(#1783,#1784,#1785,#1786,
#1787,#1788,#1789),.UNSPECIFIED.,.T.,.F.) B_SPLINE_CURVE_WITH_KNOTS((1,2
    ,2,2,2,1),(-2.094395102393,0.,2.094395102393,4.188790204786,
6.28318530718,8.377580409573),.UNSPECIFIED.) CURVE() 
GEOMETRIC_REPRESENTATION_ITEM() RATIONAL_B_SPLINE_CURVE((1.,0.5,1.,0.5,
1.,0.5,1.)) REPRESENTATION_ITEM('') );
#1783 = CARTESIAN_POINT('',(-21.29449920736,0.));
#1784 = CARTESIAN_POINT('',(-21.29449920736,36.883154548897));
#1785 = CARTESIAN_POINT('',(10.647249603684,18.441577274448));
#1786 = CARTESIAN_POINT('',(42.588998414736,5.21564805875E-15));
#1787 = CARTESIAN_POINT('',(10.647249603684,-18.44157727444));
#1788 = CARTESIAN_POINT('',(-21.29449920736,-36.88315454889));
#1789 = CARTESIAN_POINT('',(-21.29449920736,0.));
#1790 = ( GEOMETRIC_REPRESENTATION_CONTEXT(2) 
PARAMETRIC_REPRESENTATION_CONTEXT() REPRESENTATION_CONTEXT('2D SPACE',''
  ) );
#1791 = PCURVE('',#1257,#1792);
#1792 = DEFINITIONAL_REPRESENTATION('',(#1793),#1801);
#1793 = ( BOUNDED_CURVE() B_SPLINE_CURVE(2,(#1794,#1795,#1796,#1797,
#1798,#1799,#1800),.UNSPECIFIED.,.T.,.F.) B_SPLINE_CURVE_WITH_KNOTS((1,2
    ,2,2,2,1),(-2.094395102393,0.,2.094395102393,4.188790204786,
6.28318530718,8.377580409573),.UNSPECIFIED.) CURVE() 
GEOMETRIC_REPRESENTATION_ITEM() RATIONAL_B_SPLINE_CURVE((1.,0.5,1.,0.5,
1.,0.5,1.)) REPRESENTATION_ITEM('') );
#1794 = CARTESIAN_POINT('',(-42.20136605977,48.649634268377));
#1795 = CARTESIAN_POINT('',(-42.20136605977,85.532788817274));
#1796 = CARTESIAN_POINT('',(-10.25961724872,67.091211542825));
#1797 = CARTESIAN_POINT('',(21.682131562325,48.649634268377));
#1798 = CARTESIAN_POINT('',(-10.25961724872,30.208056993929));
#1799 = CARTESIAN_POINT('',(-42.20136605977,11.766479719481));
#1800 = CARTESIAN_POINT('',(-42.20136605977,48.649634268377));
#1801 = ( GEOMETRIC_REPRESENTATION_CONTEXT(2) 
PARAMETRIC_REPRESENTATION_CONTEXT() REPRESENTATION_CONTEXT('2D SPACE',''
  ) );
#1802 = ORIENTED_EDGE('',*,*,#967,.F.);
#1803 = ORIENTED_EDGE('',*,*,#1804,.F.);
#1804 = EDGE_CURVE('',#1746,#940,#1805,.T.);
#1805 = SURFACE_CURVE('',#1806,(#1810,#1817),.PCURVE_S1.);
#1806 = LINE('',#1807,#1808);
#1807 = CARTESIAN_POINT('',(-1.01354,151.03486938214,-27.57869441197));
#1808 = VECTOR('',#1809,1.);
#1809 = DIRECTION('',(0.442063466418,-7.820740864419E-02,-0.893567844594
    ));
#1810 = PCURVE('',#986,#1811);
#1811 = DEFINITIONAL_REPRESENTATION('',(#1812),#1816);
#1812 = LINE('',#1813,#1814);
#1813 = CARTESIAN_POINT('',(9.413517204031,19.100816615561));
#1814 = VECTOR('',#1815,1.);
#1815 = DIRECTION('',(-0.442063466418,-0.896983774468));
#1816 = ( GEOMETRIC_REPRESENTATION_CONTEXT(2) 
PARAMETRIC_REPRESENTATION_CONTEXT() REPRESENTATION_CONTEXT('2D SPACE',''
  ) );
#1817 = PCURVE('',#1818,#1823);
#1818 = PLANE('',#1819);
#1819 = AXIS2_PLACEMENT_3D('',#1820,#1821,#1822);
#1820 = CARTESIAN_POINT('',(8.399977204031,149.36947781395,
    -46.60677015036));
#1821 = DIRECTION('',(0.,0.996191759571,-8.718932367605E-02));
#1822 = DIRECTION('',(-1.,0.,0.));
#1823 = DEFINITIONAL_REPRESENTATION('',(#1824),#1828);
#1824 = LINE('',#1825,#1826);
#1825 = CARTESIAN_POINT('',(9.413517204031,19.100816615561));
#1826 = VECTOR('',#1827,1.);
#1827 = DIRECTION('',(-0.442063466418,-0.896983774468));
#1828 = ( GEOMETRIC_REPRESENTATION_CONTEXT(2) 
PARAMETRIC_REPRESENTATION_CONTEXT() REPRESENTATION_CONTEXT('2D SPACE',''
  ) );
#1829 = ADVANCED_FACE('',(#1830),#955,.T.);
#1830 = FACE_BOUND('',#1831,.T.);
#1831 = EDGE_LOOP('',(#1832,#1860,#1895));
#1832 = ORIENTED_EDGE('',*,*,#1833,.F.);
#1833 = EDGE_CURVE('',#1834,#912,#1836,.T.);
#1834 = VERTEX_POINT('',#1835);
#1835 = CARTESIAN_POINT('',(10.727465569439,147.52395053399,
    -67.69308143186));
#1836 = SURFACE_CURVE('',#1837,(#1841,#1848),.PCURVE_S1.);
#1837 = LINE('',#1838,#1839);
#1838 = CARTESIAN_POINT('',(26.42396,148.38077056827,-57.90340913603));
#1839 = VECTOR('',#1840,1.);
#1840 = DIRECTION('',(-0.847590638314,-4.626707107615E-02,
    -0.528629802392));
#1841 = PCURVE('',#955,#1842);
#1842 = DEFINITIONAL_REPRESENTATION('',(#1843),#1847);
#1843 = LINE('',#1844,#1845);
#1844 = CARTESIAN_POINT('',(-38.93084964838,37.309810883941));
#1845 = VECTOR('',#1846,1.);
#1846 = DIRECTION('',(0.847590638314,-0.530650647642));
#1847 = ( GEOMETRIC_REPRESENTATION_CONTEXT(2) 
PARAMETRIC_REPRESENTATION_CONTEXT() REPRESENTATION_CONTEXT('2D SPACE',''
  ) );
#1848 = PCURVE('',#1849,#1854);
#1849 = PLANE('',#1850);
#1850 = AXIS2_PLACEMENT_3D('',#1851,#1852,#1853);
#1851 = CARTESIAN_POINT('',(-17.66174035161,147.10219850237,
    -72.51188299917));
#1852 = DIRECTION('',(0.,0.996191759571,-8.718932367605E-02));
#1853 = DIRECTION('',(-1.,0.,0.));
#1854 = DEFINITIONAL_REPRESENTATION('',(#1855),#1859);
#1855 = LINE('',#1856,#1857);
#1856 = CARTESIAN_POINT('',(-44.08570035161,14.664319116063));
#1857 = VECTOR('',#1858,1.);
#1858 = DIRECTION('',(0.847590638314,-0.530650647642));
#1859 = ( GEOMETRIC_REPRESENTATION_CONTEXT(2) 
PARAMETRIC_REPRESENTATION_CONTEXT() REPRESENTATION_CONTEXT('2D SPACE',''
  ) );
#1860 = ORIENTED_EDGE('',*,*,#1861,.T.);
#1861 = EDGE_CURVE('',#1834,#940,#1862,.T.);
#1862 = SURFACE_CURVE('',#1863,(#1868,#1879),.PCURVE_S1.);
#1863 = CIRCLE('',#1864,21.294499207368);
#1864 = AXIS2_PLACEMENT_3D('',#1865,#1866,#1867);
#1865 = CARTESIAN_POINT('',(8.399977204031,149.36947781395,
    -46.60677015036));
#1866 = DIRECTION('',(0.,-0.996191759571,8.718932367605E-02));
#1867 = DIRECTION('',(1.,0.,0.));
#1868 = PCURVE('',#955,#1869);
#1869 = DEFINITIONAL_REPRESENTATION('',(#1870),#1878);
#1870 = ( BOUNDED_CURVE() B_SPLINE_CURVE(2,(#1871,#1872,#1873,#1874,
#1875,#1876,#1877),.UNSPECIFIED.,.T.,.F.) B_SPLINE_CURVE_WITH_KNOTS((1,2
    ,2,2,2,1),(-2.094395102393,0.,2.094395102393,4.188790204786,
6.28318530718,8.377580409573),.UNSPECIFIED.) CURVE() 
GEOMETRIC_REPRESENTATION_ITEM() RATIONAL_B_SPLINE_CURVE((1.,0.5,1.,0.5,
1.,0.5,1.)) REPRESENTATION_ITEM('') );
#1871 = CARTESIAN_POINT('',(-42.20136605977,48.649634268377));
#1872 = CARTESIAN_POINT('',(-42.20136605977,85.532788817274));
#1873 = CARTESIAN_POINT('',(-10.25961724872,67.091211542825));
#1874 = CARTESIAN_POINT('',(21.682131562325,48.649634268377));
#1875 = CARTESIAN_POINT('',(-10.25961724872,30.208056993929));
#1876 = CARTESIAN_POINT('',(-42.20136605977,11.766479719481));
#1877 = CARTESIAN_POINT('',(-42.20136605977,48.649634268377));
#1878 = ( GEOMETRIC_REPRESENTATION_CONTEXT(2) 
PARAMETRIC_REPRESENTATION_CONTEXT() REPRESENTATION_CONTEXT('2D SPACE',''
  ) );
#1879 = PCURVE('',#1880,#1885);
#1880 = PLANE('',#1881);
#1881 = AXIS2_PLACEMENT_3D('',#1882,#1883,#1884);
#1882 = CARTESIAN_POINT('',(8.399977204031,149.36947781395,
    -46.60677015036));
#1883 = DIRECTION('',(0.,0.996191759571,-8.718932367605E-02));
#1884 = DIRECTION('',(-1.,0.,0.));
#1885 = DEFINITIONAL_REPRESENTATION('',(#1886),#1894);
#1886 = ( BOUNDED_CURVE() B_SPLINE_CURVE(2,(#1887,#1888,#1889,#1890,
#1891,#1892,#1893),.UNSPECIFIED.,.T.,.F.) B_SPLINE_CURVE_WITH_KNOTS((1,2
    ,2,2,2,1),(-2.094395102393,0.,2.094395102393,4.188790204786,
6.28318530718,8.377580409573),.UNSPECIFIED.) CURVE() 
GEOMETRIC_REPRESENTATION_ITEM() RATIONAL_B_SPLINE_CURVE((1.,0.5,1.,0.5,
1.,0.5,1.)) REPRESENTATION_ITEM('') );
#1887 = CARTESIAN_POINT('',(-21.29449920736,0.));
#1888 = CARTESIAN_POINT('',(-21.29449920736,36.883154548897));
#1889 = CARTESIAN_POINT('',(10.647249603684,18.441577274448));
#1890 = CARTESIAN_POINT('',(42.588998414736,5.21564805875E-15));
#1891 = CARTESIAN_POINT('',(10.647249603684,-18.44157727444));
#1892 = CARTESIAN_POINT('',(-21.29449920736,-36.88315454889));
#1893 = CARTESIAN_POINT('',(-21.29449920736,0.));
#1894 = ( GEOMETRIC_REPRESENTATION_CONTEXT(2) 
PARAMETRIC_REPRESENTATION_CONTEXT() REPRESENTATION_CONTEXT('2D SPACE',''
  ) );
#1895 = ORIENTED_EDGE('',*,*,#939,.T.);
#1896 = ADVANCED_FACE('',(#1897),#927,.T.);
#1897 = FACE_BOUND('',#1898,.F.);
#1898 = EDGE_LOOP('',(#1899,#1922,#1948));
#1899 = ORIENTED_EDGE('',*,*,#1900,.T.);
#1900 = EDGE_CURVE('',#912,#1901,#1903,.T.);
#1901 = VERTEX_POINT('',#1902);
#1902 = CARTESIAN_POINT('',(-13.24870720547,146.36935751871,
    -80.88504290245));
#1903 = SURFACE_CURVE('',#1904,(#1908,#1915),.PCURVE_S1.);
#1904 = LINE('',#1905,#1906);
#1905 = CARTESIAN_POINT('',(17.8135,147.70409422722,-65.63485338206));
#1906 = VECTOR('',#1907,1.);
#1907 = DIRECTION('',(-0.896983796339,-3.854321078962E-02,
    -0.440379938244));
#1908 = PCURVE('',#927,#1909);
#1909 = DEFINITIONAL_REPRESENTATION('',(#1910),#1914);
#1910 = LINE('',#1911,#1912);
#1911 = CARTESIAN_POINT('',(-35.47524035161,6.903319116063));
#1912 = VECTOR('',#1913,1.);
#1913 = DIRECTION('',(0.896983796339,-0.44206342204));
#1914 = ( GEOMETRIC_REPRESENTATION_CONTEXT(2) 
PARAMETRIC_REPRESENTATION_CONTEXT() REPRESENTATION_CONTEXT('2D SPACE',''
  ) );
#1915 = PCURVE('',#1849,#1916);
#1916 = DEFINITIONAL_REPRESENTATION('',(#1917),#1921);
#1917 = LINE('',#1918,#1919);
#1918 = CARTESIAN_POINT('',(-35.47524035161,6.903319116063));
#1919 = VECTOR('',#1920,1.);
#1920 = DIRECTION('',(0.896983796339,-0.44206342204));
#1921 = ( GEOMETRIC_REPRESENTATION_CONTEXT(2) 
PARAMETRIC_REPRESENTATION_CONTEXT() REPRESENTATION_CONTEXT('2D SPACE',''
  ) );
#1922 = ORIENTED_EDGE('',*,*,#1923,.F.);
#1923 = EDGE_CURVE('',#884,#1901,#1924,.T.);
#1924 = SURFACE_CURVE('',#1925,(#1929,#1936),.PCURVE_S1.);
#1925 = LINE('',#1926,#1927);
#1926 = CARTESIAN_POINT('',(-38.5686,142.86046921661,-120.9762543538));
#1927 = VECTOR('',#1928,1.);
#1928 = DIRECTION('',(0.532523775277,7.379835534144E-02,0.843191693219)
  );
#1929 = PCURVE('',#927,#1930);
#1930 = DEFINITIONAL_REPRESENTATION('',(#1931),#1935);
#1931 = LINE('',#1932,#1933);
#1932 = CARTESIAN_POINT('',(20.90685964839,-48.6496408839));
#1933 = VECTOR('',#1934,1.);
#1934 = DIRECTION('',(-0.532523775277,0.846415045214));
#1935 = ( GEOMETRIC_REPRESENTATION_CONTEXT(2) 
PARAMETRIC_REPRESENTATION_CONTEXT() REPRESENTATION_CONTEXT('2D SPACE',''
  ) );
#1936 = PCURVE('',#1937,#1942);
#1937 = PLANE('',#1938);
#1938 = AXIS2_PLACEMENT_3D('',#1939,#1940,#1941);
#1939 = CARTESIAN_POINT('',(-25.79821629197,146.44928536556,
    -79.971817991));
#1940 = DIRECTION('',(0.,0.996191759571,-8.718932367605E-02));
#1941 = DIRECTION('',(-1.,0.,0.));
#1942 = DEFINITIONAL_REPRESENTATION('',(#1943),#1947);
#1943 = LINE('',#1944,#1945);
#1944 = CARTESIAN_POINT('',(12.77038370803,-41.16118806329));
#1945 = VECTOR('',#1946,1.);
#1946 = DIRECTION('',(-0.532523775277,0.846415045214));
#1947 = ( GEOMETRIC_REPRESENTATION_CONTEXT(2) 
PARAMETRIC_REPRESENTATION_CONTEXT() REPRESENTATION_CONTEXT('2D SPACE',''
  ) );
#1948 = ORIENTED_EDGE('',*,*,#911,.F.);
#1949 = ADVANCED_FACE('',(#1950),#899,.T.);
#1950 = FACE_BOUND('',#1951,.F.);
#1951 = EDGE_LOOP('',(#1952,#1973,#1974));
#1952 = ORIENTED_EDGE('',*,*,#1953,.T.);
#1953 = EDGE_CURVE('',#884,#1640,#1954,.T.);
#1954 = SURFACE_CURVE('',#1955,(#1959,#1966),.PCURVE_S1.);
#1955 = LINE('',#1956,#1957);
#1956 = CARTESIAN_POINT('',(26.42396,148.38077056827,-57.90340913603));
#1957 = VECTOR('',#1958,1.);
#1958 = DIRECTION('',(-0.847590638314,-4.626707107615E-02,
    -0.528629802392));
#1959 = PCURVE('',#899,#1960);
#1960 = DEFINITIONAL_REPRESENTATION('',(#1961),#1965);
#1961 = LINE('',#1962,#1963);
#1962 = CARTESIAN_POINT('',(-52.22217629197,22.152771936677));
#1963 = VECTOR('',#1964,1.);
#1964 = DIRECTION('',(0.847590638314,-0.530650647642));
#1965 = ( GEOMETRIC_REPRESENTATION_CONTEXT(2) 
PARAMETRIC_REPRESENTATION_CONTEXT() REPRESENTATION_CONTEXT('2D SPACE',''
  ) );
#1966 = PCURVE('',#1937,#1967);
#1967 = DEFINITIONAL_REPRESENTATION('',(#1968),#1972);
#1968 = LINE('',#1969,#1970);
#1969 = CARTESIAN_POINT('',(-52.22217629197,22.152771936677));
#1970 = VECTOR('',#1971,1.);
#1971 = DIRECTION('',(0.847590638314,-0.530650647642));
#1972 = ( GEOMETRIC_REPRESENTATION_CONTEXT(2) 
PARAMETRIC_REPRESENTATION_CONTEXT() REPRESENTATION_CONTEXT('2D SPACE',''
  ) );
#1973 = ORIENTED_EDGE('',*,*,#1664,.T.);
#1974 = ORIENTED_EDGE('',*,*,#883,.T.);
#1975 = ADVANCED_FACE('',(#1976),#1024,.F.);
#1976 = FACE_BOUND('',#1977,.F.);
#1977 = EDGE_LOOP('',(#1978,#2001,#2002,#2023,#2056));
#1978 = ORIENTED_EDGE('',*,*,#1979,.F.);
#1979 = EDGE_CURVE('',#1008,#1980,#1982,.T.);
#1980 = VERTEX_POINT('',#1981);
#1981 = CARTESIAN_POINT('',(-52.22404691708,141.61715992673,
    -112.2432409673));
#1982 = SURFACE_CURVE('',#1983,(#1987,#1994),.PCURVE_S1.);
#1983 = LINE('',#1984,#1985);
#1984 = CARTESIAN_POINT('',(-57.96395,140.10163138173,-129.5590886454));
#1985 = VECTOR('',#1986,1.);
#1986 = DIRECTION('',(0.313566080943,8.279205058891E-02,0.945950204419)
  );
#1987 = PCURVE('',#1024,#1988);
#1988 = DEFINITIONAL_REPRESENTATION('',(#1989),#1993);
#1989 = LINE('',#1990,#1991);
#1990 = CARTESIAN_POINT('',(19.39534752572,-8.790693358342));
#1991 = VECTOR('',#1992,1.);
#1992 = DIRECTION('',(-0.313566080943,0.949566381504));
#1993 = ( GEOMETRIC_REPRESENTATION_CONTEXT(2) 
PARAMETRIC_REPRESENTATION_CONTEXT() REPRESENTATION_CONTEXT('2D SPACE',''
  ) );
#1994 = PCURVE('',#1199,#1995);
#1995 = DEFINITIONAL_REPRESENTATION('',(#1996),#2000);
#1996 = LINE('',#1997,#1998);
#1997 = CARTESIAN_POINT('',(19.39534752572,-8.790693358342));
#1998 = VECTOR('',#1999,1.);
#1999 = DIRECTION('',(-0.313566080943,0.949566381504));
#2000 = ( GEOMETRIC_REPRESENTATION_CONTEXT(2) 
PARAMETRIC_REPRESENTATION_CONTEXT() REPRESENTATION_CONTEXT('2D SPACE',''
  ) );
#2001 = ORIENTED_EDGE('',*,*,#1005,.F.);
#2002 = ORIENTED_EDGE('',*,*,#2003,.T.);
#2003 = EDGE_CURVE('',#1006,#2004,#2006,.T.);
#2004 = VERTEX_POINT('',#2005);
#2005 = CARTESIAN_POINT('',(-58.29765435875,141.56679525137,
    -112.818639081));
#2006 = SURFACE_CURVE('',#2007,(#2011,#2017),.PCURVE_S1.);
#2007 = LINE('',#2008,#2009);
#2008 = CARTESIAN_POINT('',(-61.00211950432,141.87338703192,
    -109.3156390293));
#2009 = VECTOR('',#2010,1.);
#2010 = DIRECTION('',(-0.609646851737,6.911263548369E-02,0.789654455939)
  );
#2011 = PCURVE('',#1024,#2012);
#2012 = DEFINITIONAL_REPRESENTATION('',(#2013),#2016);
#2013 = B_SPLINE_CURVE_WITH_KNOTS('',1,(#2014,#2015),.UNSPECIFIED.,.F.,
  .F.,(2,2),(-9.110092733199,-1.868323964),.PIECEWISE_BEZIER_KNOTS.);
#2014 = CARTESIAN_POINT('',(16.879577676219,4.308816645387));
#2015 = CARTESIAN_POINT('',(21.294499207368,10.049172277257));
#2016 = ( GEOMETRIC_REPRESENTATION_CONTEXT(2) 
PARAMETRIC_REPRESENTATION_CONTEXT() REPRESENTATION_CONTEXT('2D SPACE',''
  ) );
#2017 = PCURVE('',#1055,#2018);
#2018 = DEFINITIONAL_REPRESENTATION('',(#2019),#2022);
#2019 = B_SPLINE_CURVE_WITH_KNOTS('',1,(#2020,#2021),.UNSPECIFIED.,.F.,
  .F.,(2,2),(-9.110092733199,-1.868323964),.PIECEWISE_BEZIER_KNOTS.);
#2020 = CARTESIAN_POINT('',(-31.92625010058,-1.999999999999));
#2021 = CARTESIAN_POINT('',(-24.68448133138,-1.999999999999));
#2022 = ( GEOMETRIC_REPRESENTATION_CONTEXT(2) 
PARAMETRIC_REPRESENTATION_CONTEXT() REPRESENTATION_CONTEXT('2D SPACE',''
  ) );
#2023 = ORIENTED_EDGE('',*,*,#2024,.F.);
#2024 = EDGE_CURVE('',#2025,#2004,#2027,.T.);
#2025 = VERTEX_POINT('',#2026);
#2026 = CARTESIAN_POINT('',(-56.59259,141.85679780577,-109.5052305055));
#2027 = SURFACE_CURVE('',#2028,(#2033,#2044),.PCURVE_S1.);
#2028 = CIRCLE('',#2029,21.294499207368);
#2029 = AXIS2_PLACEMENT_3D('',#2030,#2031,#2032);
#2030 = CARTESIAN_POINT('',(-38.56860247428,140.86808170448,
    -120.8018719858));
#2031 = DIRECTION('',(0.,-0.996191759571,8.718932367605E-02));
#2032 = DIRECTION('',(1.,0.,0.));
#2033 = PCURVE('',#1024,#2034);
#2034 = DEFINITIONAL_REPRESENTATION('',(#2035),#2043);
#2035 = ( BOUNDED_CURVE() B_SPLINE_CURVE(2,(#2036,#2037,#2038,#2039,
#2040,#2041,#2042),.UNSPECIFIED.,.T.,.F.) B_SPLINE_CURVE_WITH_KNOTS((1,2
    ,2,2,2,1),(-2.094395102393,0.,2.094395102393,4.188790204786,
6.28318530718,8.377580409573),.UNSPECIFIED.) CURVE() 
GEOMETRIC_REPRESENTATION_ITEM() RATIONAL_B_SPLINE_CURVE((1.,0.5,1.,0.5,
1.,0.5,1.)) REPRESENTATION_ITEM('') );
#2036 = CARTESIAN_POINT('',(-21.29449920736,0.));
#2037 = CARTESIAN_POINT('',(-21.29449920736,36.883154548897));
#2038 = CARTESIAN_POINT('',(10.647249603684,18.441577274448));
#2039 = CARTESIAN_POINT('',(42.588998414736,5.21564805875E-15));
#2040 = CARTESIAN_POINT('',(10.647249603684,-18.44157727444));
#2041 = CARTESIAN_POINT('',(-21.29449920736,-36.88315454889));
#2042 = CARTESIAN_POINT('',(-21.29449920736,0.));
#2043 = ( GEOMETRIC_REPRESENTATION_CONTEXT(2) 
PARAMETRIC_REPRESENTATION_CONTEXT() REPRESENTATION_CONTEXT('2D SPACE',''
  ) );
#2044 = PCURVE('',#2045,#2050);
#2045 = PLANE('',#2046);
#2046 = AXIS2_PLACEMENT_3D('',#2047,#2048,#2049);
#2047 = CARTESIAN_POINT('',(-56.7000867835,142.98530000944,
    -96.61139730956));
#2048 = DIRECTION('',(0.,-0.996191759571,8.718932367605E-02));
#2049 = DIRECTION('',(1.,0.,0.));
#2050 = DEFINITIONAL_REPRESENTATION('',(#2051),#2055);
#2051 = CIRCLE('',#2052,21.294499207368);
#2052 = AXIS2_PLACEMENT_2D('',#2053,#2054);
#2053 = CARTESIAN_POINT('',(18.13148430922,-24.28295036466));
#2054 = DIRECTION('',(1.,0.));
#2055 = ( GEOMETRIC_REPRESENTATION_CONTEXT(2) 
PARAMETRIC_REPRESENTATION_CONTEXT() REPRESENTATION_CONTEXT('2D SPACE',''
  ) );
#2056 = ORIENTED_EDGE('',*,*,#2057,.F.);
#2057 = EDGE_CURVE('',#1980,#2025,#2058,.T.);
#2058 = SURFACE_CURVE('',#2059,(#2063,#2070),.PCURVE_S1.);
#2059 = LINE('',#2060,#2061);
#2060 = CARTESIAN_POINT('',(-20.54462,139.87937446106,-132.0985109455));
#2061 = VECTOR('',#2062,1.);
#2062 = DIRECTION('',(-0.846415096421,4.643038071147E-02,0.530495715627)
  );
#2063 = PCURVE('',#1024,#2064);
#2064 = DEFINITIONAL_REPRESENTATION('',(#2065),#2069);
#2065 = LINE('',#2066,#2067);
#2066 = CARTESIAN_POINT('',(-18.02398247428,-11.33982335836));
#2067 = VECTOR('',#2068,1.);
#2068 = DIRECTION('',(0.846415096421,0.532523693887));
#2069 = ( GEOMETRIC_REPRESENTATION_CONTEXT(2) 
PARAMETRIC_REPRESENTATION_CONTEXT() REPRESENTATION_CONTEXT('2D SPACE',''
  ) );
#2070 = PCURVE('',#2071,#2076);
#2071 = PLANE('',#2072);
#2072 = AXIS2_PLACEMENT_3D('',#2073,#2074,#2075);
#2073 = CARTESIAN_POINT('',(-38.56860247428,140.86808170448,
    -120.8018719858));
#2074 = DIRECTION('',(0.,0.996191759571,-8.718932367605E-02));
#2075 = DIRECTION('',(-1.,0.,0.));
#2076 = DEFINITIONAL_REPRESENTATION('',(#2077),#2081);
#2077 = LINE('',#2078,#2079);
#2078 = CARTESIAN_POINT('',(-18.02398247428,-11.33982335836));
#2079 = VECTOR('',#2080,1.);
#2080 = DIRECTION('',(0.846415096421,0.532523693887));
#2081 = ( GEOMETRIC_REPRESENTATION_CONTEXT(2) 
PARAMETRIC_REPRESENTATION_CONTEXT() REPRESENTATION_CONTEXT('2D SPACE',''
  ) );
#2082 = ADVANCED_FACE('',(#2083),#1199,.F.);
#2083 = FACE_BOUND('',#2084,.F.);
#2084 = EDGE_LOOP('',(#2085,#2113,#2134,#2135));
#2085 = ORIENTED_EDGE('',*,*,#2086,.F.);
#2086 = EDGE_CURVE('',#2087,#1980,#2089,.T.);
#2087 = VERTEX_POINT('',#2088);
#2088 = CARTESIAN_POINT('',(-38.5686,140.86808569747,-120.8018757064));
#2089 = SURFACE_CURVE('',#2090,(#2094,#2101),.PCURVE_S1.);
#2090 = LINE('',#2091,#2092);
#2091 = CARTESIAN_POINT('',(-20.54462,139.87937446106,-132.0985109455));
#2092 = VECTOR('',#2093,1.);
#2093 = DIRECTION('',(-0.846415096421,4.643038071147E-02,0.530495715627)
  );
#2094 = PCURVE('',#1199,#2095);
#2095 = DEFINITIONAL_REPRESENTATION('',(#2096),#2100);
#2096 = LINE('',#2097,#2098);
#2097 = CARTESIAN_POINT('',(-18.02398247428,-11.33982335836));
#2098 = VECTOR('',#2099,1.);
#2099 = DIRECTION('',(0.846415096421,0.532523693887));
#2100 = ( GEOMETRIC_REPRESENTATION_CONTEXT(2) 
PARAMETRIC_REPRESENTATION_CONTEXT() REPRESENTATION_CONTEXT('2D SPACE',''
  ) );
#2101 = PCURVE('',#2102,#2107);
#2102 = PLANE('',#2103);
#2103 = AXIS2_PLACEMENT_3D('',#2104,#2105,#2106);
#2104 = CARTESIAN_POINT('',(-38.56860247428,140.86808170448,
    -120.8018719858));
#2105 = DIRECTION('',(0.,0.996191759571,-8.718932367605E-02));
#2106 = DIRECTION('',(-1.,0.,0.));
#2107 = DEFINITIONAL_REPRESENTATION('',(#2108),#2112);
#2108 = LINE('',#2109,#2110);
#2109 = CARTESIAN_POINT('',(-18.02398247428,-11.33982335836));
#2110 = VECTOR('',#2111,1.);
#2111 = DIRECTION('',(0.846415096421,0.532523693887));
#2112 = ( GEOMETRIC_REPRESENTATION_CONTEXT(2) 
PARAMETRIC_REPRESENTATION_CONTEXT() REPRESENTATION_CONTEXT('2D SPACE',''
  ) );
#2113 = ORIENTED_EDGE('',*,*,#2114,.T.);
#2114 = EDGE_CURVE('',#2087,#1152,#2115,.T.);
#2115 = SURFACE_CURVE('',#2116,(#2120,#2127),.PCURVE_S1.);
#2116 = LINE('',#2117,#2118);
#2117 = CARTESIAN_POINT('',(-19.17326,141.63454001322,-112.0446627675));
#2118 = VECTOR('',#2119,1.);
#2119 = DIRECTION('',(-0.910814856676,-3.599306832363E-02,
    -0.411242988865));
#2120 = PCURVE('',#1199,#2121);
#2121 = DEFINITIONAL_REPRESENTATION('',(#2122),#2126);
#2122 = LINE('',#2123,#2124);
#2123 = CARTESIAN_POINT('',(-19.39534247428,8.790686641673));
#2124 = VECTOR('',#2125,1.);
#2125 = DIRECTION('',(0.910814856676,-0.412815087973));
#2126 = ( GEOMETRIC_REPRESENTATION_CONTEXT(2) 
PARAMETRIC_REPRESENTATION_CONTEXT() REPRESENTATION_CONTEXT('2D SPACE',''
  ) );
#2127 = PCURVE('',#1168,#2128);
#2128 = DEFINITIONAL_REPRESENTATION('',(#2129),#2133);
#2129 = LINE('',#2130,#2131);
#2130 = CARTESIAN_POINT('',(-19.39534247428,8.790686641673));
#2131 = VECTOR('',#2132,1.);
#2132 = DIRECTION('',(0.910814856676,-0.412815087973));
#2133 = ( GEOMETRIC_REPRESENTATION_CONTEXT(2) 
PARAMETRIC_REPRESENTATION_CONTEXT() REPRESENTATION_CONTEXT('2D SPACE',''
  ) );
#2134 = ORIENTED_EDGE('',*,*,#1184,.F.);
#2135 = ORIENTED_EDGE('',*,*,#1979,.T.);
#2136 = ADVANCED_FACE('',(#2137),#1168,.F.);
#2137 = FACE_BOUND('',#2138,.F.);
#2138 = EDGE_LOOP('',(#2139,#2140,#2141));
#2139 = ORIENTED_EDGE('',*,*,#1151,.F.);
#2140 = ORIENTED_EDGE('',*,*,#2114,.F.);
#2141 = ORIENTED_EDGE('',*,*,#2142,.F.);
#2142 = EDGE_CURVE('',#1119,#2087,#2143,.T.);
#2143 = SURFACE_CURVE('',#2144,(#2148,#2155),.PCURVE_S1.);
#2144 = LINE('',#2145,#2146);
#2145 = CARTESIAN_POINT('',(-20.54462,139.87937446106,-132.0985109455));
#2146 = VECTOR('',#2147,1.);
#2147 = DIRECTION('',(-0.846415096421,4.643038071147E-02,0.530495715627)
  );
#2148 = PCURVE('',#1168,#2149);
#2149 = DEFINITIONAL_REPRESENTATION('',(#2150),#2154);
#2150 = LINE('',#2151,#2152);
#2151 = CARTESIAN_POINT('',(-18.02398247428,-11.33982335836));
#2152 = VECTOR('',#2153,1.);
#2153 = DIRECTION('',(0.846415096421,0.532523693887));
#2154 = ( GEOMETRIC_REPRESENTATION_CONTEXT(2) 
PARAMETRIC_REPRESENTATION_CONTEXT() REPRESENTATION_CONTEXT('2D SPACE',''
  ) );
#2155 = PCURVE('',#1135,#2156);
#2156 = DEFINITIONAL_REPRESENTATION('',(#2157),#2161);
#2157 = LINE('',#2158,#2159);
#2158 = CARTESIAN_POINT('',(-18.02398247428,-11.33982335836));
#2159 = VECTOR('',#2160,1.);
#2160 = DIRECTION('',(0.846415096421,0.532523693887));
#2161 = ( GEOMETRIC_REPRESENTATION_CONTEXT(2) 
PARAMETRIC_REPRESENTATION_CONTEXT() REPRESENTATION_CONTEXT('2D SPACE',''
  ) );
#2162 = ADVANCED_FACE('',(#2163),#1135,.F.);
#2163 = FACE_BOUND('',#2164,.F.);
#2164 = EDGE_LOOP('',(#2165,#2193,#2194,#2195,#2196));
#2165 = ORIENTED_EDGE('',*,*,#2166,.F.);
#2166 = EDGE_CURVE('',#1219,#2167,#2169,.T.);
#2167 = VERTEX_POINT('',#2168);
#2168 = CARTESIAN_POINT('',(-19.17326,141.63454001322,-112.0446627675));
#2169 = SURFACE_CURVE('',#2170,(#2175,#2186),.PCURVE_S1.);
#2170 = CIRCLE('',#2171,21.294499207368);
#2171 = AXIS2_PLACEMENT_3D('',#2172,#2173,#2174);
#2172 = CARTESIAN_POINT('',(-38.56860247428,140.86808170448,
    -120.8018719858));
#2173 = DIRECTION('',(0.,-0.996191759571,8.718932367605E-02));
#2174 = DIRECTION('',(1.,0.,0.));
#2175 = PCURVE('',#1135,#2176);
#2176 = DEFINITIONAL_REPRESENTATION('',(#2177),#2185);
#2177 = ( BOUNDED_CURVE() B_SPLINE_CURVE(2,(#2178,#2179,#2180,#2181,
#2182,#2183,#2184),.UNSPECIFIED.,.T.,.F.) B_SPLINE_CURVE_WITH_KNOTS((1,2
    ,2,2,2,1),(-2.094395102393,0.,2.094395102393,4.188790204786,
6.28318530718,8.377580409573),.UNSPECIFIED.) CURVE() 
GEOMETRIC_REPRESENTATION_ITEM() RATIONAL_B_SPLINE_CURVE((1.,0.5,1.,0.5,
1.,0.5,1.)) REPRESENTATION_ITEM('') );
#2178 = CARTESIAN_POINT('',(-21.29449920736,0.));
#2179 = CARTESIAN_POINT('',(-21.29449920736,36.883154548897));
#2180 = CARTESIAN_POINT('',(10.647249603684,18.441577274448));
#2181 = CARTESIAN_POINT('',(42.588998414736,5.21564805875E-15));
#2182 = CARTESIAN_POINT('',(10.647249603684,-18.44157727444));
#2183 = CARTESIAN_POINT('',(-21.29449920736,-36.88315454889));
#2184 = CARTESIAN_POINT('',(-21.29449920736,0.));
#2185 = ( GEOMETRIC_REPRESENTATION_CONTEXT(2) 
PARAMETRIC_REPRESENTATION_CONTEXT() REPRESENTATION_CONTEXT('2D SPACE',''
  ) );
#2186 = PCURVE('',#1385,#2187);
#2187 = DEFINITIONAL_REPRESENTATION('',(#2188),#2192);
#2188 = CIRCLE('',#2189,21.294499207368);
#2189 = AXIS2_PLACEMENT_2D('',#2190,#2191);
#2190 = CARTESIAN_POINT('',(-12.16154013645,-34.74946595907));
#2191 = DIRECTION('',(1.,0.));
#2192 = ( GEOMETRIC_REPRESENTATION_CONTEXT(2) 
PARAMETRIC_REPRESENTATION_CONTEXT() REPRESENTATION_CONTEXT('2D SPACE',''
  ) );
#2193 = ORIENTED_EDGE('',*,*,#1218,.T.);
#2194 = ORIENTED_EDGE('',*,*,#1118,.F.);
#2195 = ORIENTED_EDGE('',*,*,#2142,.T.);
#2196 = ORIENTED_EDGE('',*,*,#2197,.F.);
#2197 = EDGE_CURVE('',#2167,#2087,#2198,.T.);
#2198 = SURFACE_CURVE('',#2199,(#2203,#2210),.PCURVE_S1.);
#2199 = LINE('',#2200,#2201);
#2200 = CARTESIAN_POINT('',(-19.17326,141.63454001322,-112.0446627675));
#2201 = VECTOR('',#2202,1.);
#2202 = DIRECTION('',(-0.910814856676,-3.599306832363E-02,
    -0.411242988865));
#2203 = PCURVE('',#1135,#2204);
#2204 = DEFINITIONAL_REPRESENTATION('',(#2205),#2209);
#2205 = LINE('',#2206,#2207);
#2206 = CARTESIAN_POINT('',(-19.39534247428,8.790686641673));
#2207 = VECTOR('',#2208,1.);
#2208 = DIRECTION('',(0.910814856676,-0.412815087973));
#2209 = ( GEOMETRIC_REPRESENTATION_CONTEXT(2) 
PARAMETRIC_REPRESENTATION_CONTEXT() REPRESENTATION_CONTEXT('2D SPACE',''
  ) );
#2210 = PCURVE('',#2211,#2216);
#2211 = PLANE('',#2212);
#2212 = AXIS2_PLACEMENT_3D('',#2213,#2214,#2215);
#2213 = CARTESIAN_POINT('',(-38.56860247428,140.86808170448,
    -120.8018719858));
#2214 = DIRECTION('',(0.,0.996191759571,-8.718932367605E-02));
#2215 = DIRECTION('',(-1.,0.,0.));
#2216 = DEFINITIONAL_REPRESENTATION('',(#2217),#2221);
#2217 = LINE('',#2218,#2219);
#2218 = CARTESIAN_POINT('',(-19.39534247428,8.790686641673));
#2219 = VECTOR('',#2220,1.);
#2220 = DIRECTION('',(0.910814856676,-0.412815087973));
#2221 = ( GEOMETRIC_REPRESENTATION_CONTEXT(2) 
PARAMETRIC_REPRESENTATION_CONTEXT() REPRESENTATION_CONTEXT('2D SPACE',''
  ) );
#2222 = ADVANCED_FACE('',(#2223),#1055,.F.);
#2223 = FACE_BOUND('',#2224,.T.);
#2224 = EDGE_LOOP('',(#2225,#2253,#2280,#2306,#2325,#2326,#2327,#2328));
#2225 = ORIENTED_EDGE('',*,*,#2226,.F.);
#2226 = EDGE_CURVE('',#2227,#2229,#2231,.T.);
#2227 = VERTEX_POINT('',#2228);
#2228 = CARTESIAN_POINT('',(-74.91191801208,143.450276085,
    -91.29875907192));
#2229 = VERTEX_POINT('',#2230);
#2230 = CARTESIAN_POINT('',(-74.53027609322,143.40700695046,
    -91.79308625864));
#2231 = SURFACE_CURVE('',#2232,(#2236,#2242),.PCURVE_S1.);
#2232 = LINE('',#2233,#2234);
#2233 = CARTESIAN_POINT('',(-70.23895363147,142.92052532364,
    -97.35148801669));
#2234 = VECTOR('',#2235,1.);
#2235 = DIRECTION('',(0.609646851737,-6.911263548369E-02,-0.789654455939
    ));
#2236 = PCURVE('',#1055,#2237);
#2237 = DEFINITIONAL_REPRESENTATION('',(#2238),#2241);
#2238 = B_SPLINE_CURVE_WITH_KNOTS('',1,(#2239,#2240),.UNSPECIFIED.,.F.,
  .F.,(2,2),(-7.665034876012,24.261215224573),.PIECEWISE_BEZIER_KNOTS.);
#2239 = CARTESIAN_POINT('',(0.,-2.000004302188));
#2240 = CARTESIAN_POINT('',(-31.92625010058,-2.000004302188));
#2241 = ( GEOMETRIC_REPRESENTATION_CONTEXT(2) 
PARAMETRIC_REPRESENTATION_CONTEXT() REPRESENTATION_CONTEXT('2D SPACE',''
  ) );
#2242 = PCURVE('',#2243,#2248);
#2243 = PLANE('',#2244);
#2244 = AXIS2_PLACEMENT_3D('',#2245,#2246,#2247);
#2245 = CARTESIAN_POINT('',(-56.7000867835,142.98530000944,
    -96.61139730956));
#2246 = DIRECTION('',(0.,-0.996191759571,8.718932367605E-02));
#2247 = DIRECTION('',(1.,0.,0.));
#2248 = DEFINITIONAL_REPRESENTATION('',(#2249),#2252);
#2249 = B_SPLINE_CURVE_WITH_KNOTS('',1,(#2250,#2251),.UNSPECIFIED.,.F.,
  .F.,(2,2),(-7.665034876012,24.261215224573),.PIECEWISE_BEZIER_KNOTS.);
#2250 = CARTESIAN_POINT('',(-18.21183122858,5.332947383463));
#2251 = CARTESIAN_POINT('',(1.251906633001,-19.97413371927));
#2252 = ( GEOMETRIC_REPRESENTATION_CONTEXT(2) 
PARAMETRIC_REPRESENTATION_CONTEXT() REPRESENTATION_CONTEXT('2D SPACE',''
  ) );
#2253 = ORIENTED_EDGE('',*,*,#2254,.T.);
#2254 = EDGE_CURVE('',#2227,#2255,#2257,.T.);
#2255 = VERTEX_POINT('',#2256);
#2256 = CARTESIAN_POINT('',(-74.91191801208,145.44265960414,
    -91.47313771928));
#2257 = SURFACE_CURVE('',#2258,(#2262,#2269),.PCURVE_S1.);
#2258 = LINE('',#2259,#2260);
#2259 = CARTESIAN_POINT('',(-74.91191801208,141.45788828005,
    -91.12438004947));
#2260 = VECTOR('',#2261,1.);
#2261 = DIRECTION('',(-0.,0.996191759571,-8.718932367607E-02));
#2262 = PCURVE('',#1055,#2263);
#2263 = DEFINITIONAL_REPRESENTATION('',(#2264),#2268);
#2264 = LINE('',#2265,#2266);
#2265 = CARTESIAN_POINT('',(-0.,0.));
#2266 = VECTOR('',#2267,1.);
#2267 = DIRECTION('',(-0.,-1.));
#2268 = ( GEOMETRIC_REPRESENTATION_CONTEXT(2) 
PARAMETRIC_REPRESENTATION_CONTEXT() REPRESENTATION_CONTEXT('2D SPACE',''
  ) );
#2269 = PCURVE('',#2270,#2275);
#2270 = CYLINDRICAL_SURFACE('',#2271,21.294499207368);
#2271 = AXIS2_PLACEMENT_3D('',#2272,#2273,#2274);
#2272 = CARTESIAN_POINT('',(-58.03234033587,142.58979092646,
    -78.19169469938));
#2273 = DIRECTION('',(-0.,-0.996191759571,8.718932367607E-02));
#2274 = DIRECTION('',(-0.442063501928,7.820740711838E-02,0.89356782716)
  );
#2275 = DEFINITIONAL_REPRESENTATION('',(#2276),#2279);
#2276 = B_SPLINE_CURVE_WITH_KNOTS('',1,(#2277,#2278),.UNSPECIFIED.,.F.,
  .F.,(2,2),(0.,6.),.PIECEWISE_BEZIER_KNOTS.);
#2277 = CARTESIAN_POINT('',(1.768513463202,0.));
#2278 = CARTESIAN_POINT('',(1.768513463202,-6.));
#2279 = ( GEOMETRIC_REPRESENTATION_CONTEXT(2) 
PARAMETRIC_REPRESENTATION_CONTEXT() REPRESENTATION_CONTEXT('2D SPACE',''
  ) );
#2280 = ORIENTED_EDGE('',*,*,#2281,.F.);
#2281 = EDGE_CURVE('',#2282,#2255,#2284,.T.);
#2282 = VERTEX_POINT('',#2283);
#2283 = CARTESIAN_POINT('',(-74.53027609322,145.3993904696,-91.967464906
    ));
#2284 = SURFACE_CURVE('',#2285,(#2289,#2295),.PCURVE_S1.);
#2285 = LINE('',#2286,#2287);
#2286 = CARTESIAN_POINT('',(-70.23895363147,144.91290884278,
    -97.52586666404));
#2287 = VECTOR('',#2288,1.);
#2288 = DIRECTION('',(-0.609646851737,6.911263548369E-02,0.789654455939)
  );
#2289 = PCURVE('',#1055,#2290);
#2290 = DEFINITIONAL_REPRESENTATION('',(#2291),#2294);
#2291 = B_SPLINE_CURVE_WITH_KNOTS('',1,(#2292,#2293),.UNSPECIFIED.,.F.,
  .F.,(2,2),(-24.26121522457,7.665034876011),.PIECEWISE_BEZIER_KNOTS.);
#2292 = CARTESIAN_POINT('',(-31.92625010058,-4.000004302187));
#2293 = CARTESIAN_POINT('',(0.,-4.000004302186));
#2294 = ( GEOMETRIC_REPRESENTATION_CONTEXT(2) 
PARAMETRIC_REPRESENTATION_CONTEXT() REPRESENTATION_CONTEXT('2D SPACE',''
  ) );
#2295 = PCURVE('',#2296,#2301);
#2296 = PLANE('',#2297);
#2297 = AXIS2_PLACEMENT_3D('',#2298,#2299,#2300);
#2298 = CARTESIAN_POINT('',(-56.7000867835,144.97768352858,
    -96.78577595691));
#2299 = DIRECTION('',(0.,0.996191759571,-8.718932367605E-02));
#2300 = DIRECTION('',(-1.,0.,0.));
#2301 = DEFINITIONAL_REPRESENTATION('',(#2302),#2305);
#2302 = B_SPLINE_CURVE_WITH_KNOTS('',1,(#2303,#2304),.UNSPECIFIED.,.F.,
  .F.,(2,2),(-24.26121522457,7.665034876011),.PIECEWISE_BEZIER_KNOTS.);
#2303 = CARTESIAN_POINT('',(-1.251906633001,-19.97413371927));
#2304 = CARTESIAN_POINT('',(18.211831228585,5.332947383461));
#2305 = ( GEOMETRIC_REPRESENTATION_CONTEXT(2) 
PARAMETRIC_REPRESENTATION_CONTEXT() REPRESENTATION_CONTEXT('2D SPACE',''
  ) );
#2306 = ORIENTED_EDGE('',*,*,#2307,.F.);
#2307 = EDGE_CURVE('',#1402,#2282,#2308,.T.);
#2308 = SURFACE_CURVE('',#2309,(#2313,#2319),.PCURVE_S1.);
#2309 = LINE('',#2310,#2311);
#2310 = CARTESIAN_POINT('',(-70.23895363147,144.91290884278,
    -97.52586666404));
#2311 = VECTOR('',#2312,1.);
#2312 = DIRECTION('',(-0.609646851737,6.911263548369E-02,0.789654455939)
  );
#2313 = PCURVE('',#1055,#2314);
#2314 = DEFINITIONAL_REPRESENTATION('',(#2315),#2318);
#2315 = B_SPLINE_CURVE_WITH_KNOTS('',1,(#2316,#2317),.UNSPECIFIED.,.F.,
  .F.,(2,2),(-24.26121522457,7.665034876011),.PIECEWISE_BEZIER_KNOTS.);
#2316 = CARTESIAN_POINT('',(-31.92625010058,-4.000004302187));
#2317 = CARTESIAN_POINT('',(0.,-4.000004302186));
#2318 = ( GEOMETRIC_REPRESENTATION_CONTEXT(2) 
PARAMETRIC_REPRESENTATION_CONTEXT() REPRESENTATION_CONTEXT('2D SPACE',''
  ) );
#2319 = PCURVE('',#1443,#2320);
#2320 = DEFINITIONAL_REPRESENTATION('',(#2321),#2324);
#2321 = B_SPLINE_CURVE_WITH_KNOTS('',1,(#2322,#2323),.UNSPECIFIED.,.F.,
  .F.,(2,2),(-24.26121522457,7.665034876011),.PIECEWISE_BEZIER_KNOTS.);
#2322 = CARTESIAN_POINT('',(-1.251906633001,-19.97413371927));
#2323 = CARTESIAN_POINT('',(18.211831228585,5.332947383461));
#2324 = ( GEOMETRIC_REPRESENTATION_CONTEXT(2) 
PARAMETRIC_REPRESENTATION_CONTEXT() REPRESENTATION_CONTEXT('2D SPACE',''
  ) );
#2325 = ORIENTED_EDGE('',*,*,#1401,.F.);
#2326 = ORIENTED_EDGE('',*,*,#1040,.F.);
#2327 = ORIENTED_EDGE('',*,*,#2003,.T.);
#2328 = ORIENTED_EDGE('',*,*,#2329,.F.);
#2329 = EDGE_CURVE('',#2229,#2004,#2330,.T.);
#2330 = SURFACE_CURVE('',#2331,(#2335,#2341),.PCURVE_S1.);
#2331 = LINE('',#2332,#2333);
#2332 = CARTESIAN_POINT('',(-70.23895363147,142.92052532364,
    -97.35148801669));
#2333 = VECTOR('',#2334,1.);
#2334 = DIRECTION('',(0.609646851737,-6.911263548369E-02,-0.789654455939
    ));
#2335 = PCURVE('',#1055,#2336);
#2336 = DEFINITIONAL_REPRESENTATION('',(#2337),#2340);
#2337 = B_SPLINE_CURVE_WITH_KNOTS('',1,(#2338,#2339),.UNSPECIFIED.,.F.,
  .F.,(2,2),(-7.665034876012,24.261215224573),.PIECEWISE_BEZIER_KNOTS.);
#2338 = CARTESIAN_POINT('',(0.,-2.000004302188));
#2339 = CARTESIAN_POINT('',(-31.92625010058,-2.000004302188));
#2340 = ( GEOMETRIC_REPRESENTATION_CONTEXT(2) 
PARAMETRIC_REPRESENTATION_CONTEXT() REPRESENTATION_CONTEXT('2D SPACE',''
  ) );
#2341 = PCURVE('',#2045,#2342);
#2342 = DEFINITIONAL_REPRESENTATION('',(#2343),#2346);
#2343 = B_SPLINE_CURVE_WITH_KNOTS('',1,(#2344,#2345),.UNSPECIFIED.,.F.,
  .F.,(2,2),(-7.665034876012,24.261215224573),.PIECEWISE_BEZIER_KNOTS.);
#2344 = CARTESIAN_POINT('',(-18.21183122858,5.332947383463));
#2345 = CARTESIAN_POINT('',(1.251906633001,-19.97413371927));
#2346 = ( GEOMETRIC_REPRESENTATION_CONTEXT(2) 
PARAMETRIC_REPRESENTATION_CONTEXT() REPRESENTATION_CONTEXT('2D SPACE',''
  ) );
#2347 = ADVANCED_FACE('',(#2348),#1385,.T.);
#2348 = FACE_BOUND('',#2349,.T.);
#2349 = EDGE_LOOP('',(#2350,#2351,#2374,#2402,#2428));
#2350 = ORIENTED_EDGE('',*,*,#1372,.T.);
#2351 = ORIENTED_EDGE('',*,*,#2352,.T.);
#2352 = EDGE_CURVE('',#1347,#2353,#2355,.T.);
#2353 = VERTEX_POINT('',#2354);
#2354 = CARTESIAN_POINT('',(-15.08431676792,144.12259105359,
    -83.61714619433));
#2355 = SURFACE_CURVE('',#2356,(#2360,#2367),.PCURVE_S1.);
#2356 = LINE('',#2357,#2358);
#2357 = CARTESIAN_POINT('',(-20.54462,139.87937446106,-132.0985109455));
#2358 = VECTOR('',#2359,1.);
#2359 = DIRECTION('',(0.111498339761,8.664566512267E-02,0.989980125531)
  );
#2360 = PCURVE('',#1385,#2361);
#2361 = DEFINITIONAL_REPRESENTATION('',(#2362),#2366);
#2362 = LINE('',#2363,#2364);
#2363 = CARTESIAN_POINT('',(5.86244233783,-46.08928931743));
#2364 = VECTOR('',#2365,1.);
#2365 = DIRECTION('',(0.111498339761,0.993764620134));
#2366 = ( GEOMETRIC_REPRESENTATION_CONTEXT(2) 
PARAMETRIC_REPRESENTATION_CONTEXT() REPRESENTATION_CONTEXT('2D SPACE',''
  ) );
#2367 = PCURVE('',#1361,#2368);
#2368 = DEFINITIONAL_REPRESENTATION('',(#2369),#2373);
#2369 = LINE('',#2370,#2371);
#2370 = CARTESIAN_POINT('',(-16.78305233783,-51.24414068256));
#2371 = VECTOR('',#2372,1.);
#2372 = DIRECTION('',(0.111498339761,0.993764620134));
#2373 = ( GEOMETRIC_REPRESENTATION_CONTEXT(2) 
PARAMETRIC_REPRESENTATION_CONTEXT() REPRESENTATION_CONTEXT('2D SPACE',''
  ) );
#2374 = ORIENTED_EDGE('',*,*,#2375,.T.);
#2375 = EDGE_CURVE('',#2353,#2376,#2378,.T.);
#2376 = VERTEX_POINT('',#2377);
#2377 = CARTESIAN_POINT('',(-24.97891269701,142.75137545678,
    -99.28412949628));
#2378 = SURFACE_CURVE('',#2379,(#2383,#2390),.PCURVE_S1.);
#2379 = LINE('',#2380,#2381);
#2380 = CARTESIAN_POINT('',(8.39998,147.37709828554,-46.43239524966));
#2381 = VECTOR('',#2382,1.);
#2382 = DIRECTION('',(-0.532523775277,-7.379835534144E-02,
    -0.843191693219));
#2383 = PCURVE('',#1385,#2384);
#2384 = DEFINITIONAL_REPRESENTATION('',(#2385),#2389);
#2385 = LINE('',#2386,#2387);
#2386 = CARTESIAN_POINT('',(34.80704233783,39.904310682568));
#2387 = VECTOR('',#2388,1.);
#2388 = DIRECTION('',(-0.532523775277,-0.846415045214));
#2389 = ( GEOMETRIC_REPRESENTATION_CONTEXT(2) 
PARAMETRIC_REPRESENTATION_CONTEXT() REPRESENTATION_CONTEXT('2D SPACE',''
  ) );
#2390 = PCURVE('',#2391,#2396);
#2391 = PLANE('',#2392);
#2392 = AXIS2_PLACEMENT_3D('',#2393,#2394,#2395);
#2393 = CARTESIAN_POINT('',(-25.79821629197,144.45690184642,
    -79.79743934365));
#2394 = DIRECTION('',(0.,-0.996191759571,8.718932367605E-02));
#2395 = DIRECTION('',(1.,0.,0.));
#2396 = DEFINITIONAL_REPRESENTATION('',(#2397),#2401);
#2397 = LINE('',#2398,#2399);
#2398 = CARTESIAN_POINT('',(34.19819629197,33.49259193668));
#2399 = VECTOR('',#2400,1.);
#2400 = DIRECTION('',(-0.532523775277,-0.846415045214));
#2401 = ( GEOMETRIC_REPRESENTATION_CONTEXT(2) 
PARAMETRIC_REPRESENTATION_CONTEXT() REPRESENTATION_CONTEXT('2D SPACE',''
  ) );
#2402 = ORIENTED_EDGE('',*,*,#2403,.T.);
#2403 = EDGE_CURVE('',#2376,#2167,#2404,.T.);
#2404 = SURFACE_CURVE('',#2405,(#2409,#2416),.PCURVE_S1.);
#2405 = LINE('',#2406,#2407);
#2406 = CARTESIAN_POINT('',(-38.25535,145.30536835266,-70.10318658252));
#2407 = VECTOR('',#2408,1.);
#2408 = DIRECTION('',(0.412814864713,-7.941334017031E-02,-0.90734635552)
  );
#2409 = PCURVE('',#1385,#2410);
#2410 = DEFINITIONAL_REPRESENTATION('',(#2411),#2415);
#2411 = LINE('',#2412,#2413);
#2412 = CARTESIAN_POINT('',(-11.84828766217,16.143030682564));
#2413 = VECTOR('',#2414,1.);
#2414 = DIRECTION('',(0.412814864713,-0.910814957866));
#2415 = ( GEOMETRIC_REPRESENTATION_CONTEXT(2) 
PARAMETRIC_REPRESENTATION_CONTEXT() REPRESENTATION_CONTEXT('2D SPACE',''
  ) );
#2416 = PCURVE('',#2417,#2422);
#2417 = PLANE('',#2418);
#2418 = AXIS2_PLACEMENT_3D('',#2419,#2420,#2421);
#2419 = CARTESIAN_POINT('',(-39.51921649559,142.42169978971,
    -103.0508771783));
#2420 = DIRECTION('',(0.,-0.996191759571,8.718932367605E-02));
#2421 = DIRECTION('',(1.,0.,0.));
#2422 = DEFINITIONAL_REPRESENTATION('',(#2423),#2427);
#2423 = LINE('',#2424,#2425);
#2424 = CARTESIAN_POINT('',(1.26386649559,33.073642980116));
#2425 = VECTOR('',#2426,1.);
#2426 = DIRECTION('',(0.412814864713,-0.910814957866));
#2427 = ( GEOMETRIC_REPRESENTATION_CONTEXT(2) 
PARAMETRIC_REPRESENTATION_CONTEXT() REPRESENTATION_CONTEXT('2D SPACE',''
  ) );
#2428 = ORIENTED_EDGE('',*,*,#2166,.F.);
#2429 = ADVANCED_FACE('',(#2430),#1361,.T.);
#2430 = FACE_BOUND('',#2431,.T.);
#2431 = EDGE_LOOP('',(#2432,#2462,#2488,#2489,#2490));
#2432 = ORIENTED_EDGE('',*,*,#2433,.T.);
#2433 = EDGE_CURVE('',#2434,#2436,#2438,.T.);
#2434 = VERTEX_POINT('',#2435);
#2435 = CARTESIAN_POINT('',(17.8135,145.71171070808,-65.46047473471));
#2436 = VERTEX_POINT('',#2437);
#2437 = CARTESIAN_POINT('',(-13.24870720547,144.37697399957,
    -80.7106642551));
#2438 = SURFACE_CURVE('',#2439,(#2443,#2450),.PCURVE_S1.);
#2439 = LINE('',#2440,#2441);
#2440 = CARTESIAN_POINT('',(17.8135,145.71171070808,-65.46047473471));
#2441 = VECTOR('',#2442,1.);
#2442 = DIRECTION('',(-0.896983796339,-3.854321078962E-02,
    -0.440379938244));
#2443 = PCURVE('',#1361,#2444);
#2444 = DEFINITIONAL_REPRESENTATION('',(#2445),#2449);
#2445 = LINE('',#2446,#2447);
#2446 = CARTESIAN_POINT('',(21.575067662166,15.64863931744));
#2447 = VECTOR('',#2448,1.);
#2448 = DIRECTION('',(-0.896983796339,-0.44206342204));
#2449 = ( GEOMETRIC_REPRESENTATION_CONTEXT(2) 
PARAMETRIC_REPRESENTATION_CONTEXT() REPRESENTATION_CONTEXT('2D SPACE',''
  ) );
#2450 = PCURVE('',#2451,#2456);
#2451 = PLANE('',#2452);
#2452 = AXIS2_PLACEMENT_3D('',#2453,#2454,#2455);
#2453 = CARTESIAN_POINT('',(-3.761567662166,144.34731642954,
    -81.04952027124));
#2454 = DIRECTION('',(0.,-0.996191759571,8.718932367605E-02));
#2455 = DIRECTION('',(1.,0.,0.));
#2456 = DEFINITIONAL_REPRESENTATION('',(#2457),#2461);
#2457 = LINE('',#2458,#2459);
#2458 = CARTESIAN_POINT('',(21.575067662166,15.64863931744));
#2459 = VECTOR('',#2460,1.);
#2460 = DIRECTION('',(-0.896983796339,-0.44206342204));
#2461 = ( GEOMETRIC_REPRESENTATION_CONTEXT(2) 
PARAMETRIC_REPRESENTATION_CONTEXT() REPRESENTATION_CONTEXT('2D SPACE',''
  ) );
#2462 = ORIENTED_EDGE('',*,*,#2463,.T.);
#2463 = EDGE_CURVE('',#2436,#2353,#2464,.T.);
#2464 = SURFACE_CURVE('',#2465,(#2469,#2476),.PCURVE_S1.);
#2465 = LINE('',#2466,#2467);
#2466 = CARTESIAN_POINT('',(8.39998,147.37709828554,-46.43239524966));
#2467 = VECTOR('',#2468,1.);
#2468 = DIRECTION('',(-0.532523775277,-7.379835534144E-02,
    -0.843191693219));
#2469 = PCURVE('',#1361,#2470);
#2470 = DEFINITIONAL_REPRESENTATION('',(#2471),#2475);
#2471 = LINE('',#2472,#2473);
#2472 = CARTESIAN_POINT('',(12.161547662166,34.749459317443));
#2473 = VECTOR('',#2474,1.);
#2474 = DIRECTION('',(-0.532523775277,-0.846415045214));
#2475 = ( GEOMETRIC_REPRESENTATION_CONTEXT(2) 
PARAMETRIC_REPRESENTATION_CONTEXT() REPRESENTATION_CONTEXT('2D SPACE',''
  ) );
#2476 = PCURVE('',#2477,#2482);
#2477 = PLANE('',#2478);
#2478 = AXIS2_PLACEMENT_3D('',#2479,#2480,#2481);
#2479 = CARTESIAN_POINT('',(-25.79821629197,144.45690184642,
    -79.79743934365));
#2480 = DIRECTION('',(0.,-0.996191759571,8.718932367605E-02));
#2481 = DIRECTION('',(1.,0.,0.));
#2482 = DEFINITIONAL_REPRESENTATION('',(#2483),#2487);
#2483 = LINE('',#2484,#2485);
#2484 = CARTESIAN_POINT('',(34.19819629197,33.49259193668));
#2485 = VECTOR('',#2486,1.);
#2486 = DIRECTION('',(-0.532523775277,-0.846415045214));
#2487 = ( GEOMETRIC_REPRESENTATION_CONTEXT(2) 
PARAMETRIC_REPRESENTATION_CONTEXT() REPRESENTATION_CONTEXT('2D SPACE',''
  ) );
#2488 = ORIENTED_EDGE('',*,*,#2352,.F.);
#2489 = ORIENTED_EDGE('',*,*,#1346,.T.);
#2490 = ORIENTED_EDGE('',*,*,#2491,.F.);
#2491 = EDGE_CURVE('',#2434,#1321,#2492,.T.);
#2492 = SURFACE_CURVE('',#2493,(#2498,#2505),.PCURVE_S1.);
#2493 = CIRCLE('',#2494,21.294499207368);
#2494 = AXIS2_PLACEMENT_3D('',#2495,#2496,#2497);
#2495 = CARTESIAN_POINT('',(8.399977204031,147.37709429481,
    -46.43239150301));
#2496 = DIRECTION('',(0.,-0.996191759571,8.718932367605E-02));
#2497 = DIRECTION('',(1.,0.,0.));
#2498 = PCURVE('',#1361,#2499);
#2499 = DEFINITIONAL_REPRESENTATION('',(#2500),#2504);
#2500 = CIRCLE('',#2501,21.294499207368);
#2501 = AXIS2_PLACEMENT_2D('',#2502,#2503);
#2502 = CARTESIAN_POINT('',(12.161544866197,34.749462701876));
#2503 = DIRECTION('',(1.,0.));
#2504 = ( GEOMETRIC_REPRESENTATION_CONTEXT(2) 
PARAMETRIC_REPRESENTATION_CONTEXT() REPRESENTATION_CONTEXT('2D SPACE',''
  ) );
#2505 = PCURVE('',#2506,#2511);
#2506 = PLANE('',#2507);
#2507 = AXIS2_PLACEMENT_3D('',#2508,#2509,#2510);
#2508 = CARTESIAN_POINT('',(8.399977204031,147.37709429481,
    -46.43239150301));
#2509 = DIRECTION('',(0.,0.996191759571,-8.718932367605E-02));
#2510 = DIRECTION('',(-1.,0.,0.));
#2511 = DEFINITIONAL_REPRESENTATION('',(#2512),#2520);
#2512 = ( BOUNDED_CURVE() B_SPLINE_CURVE(2,(#2513,#2514,#2515,#2516,
#2517,#2518,#2519),.UNSPECIFIED.,.T.,.F.) B_SPLINE_CURVE_WITH_KNOTS((1,2
    ,2,2,2,1),(-2.094395102393,0.,2.094395102393,4.188790204786,
6.28318530718,8.377580409573),.UNSPECIFIED.) CURVE() 
GEOMETRIC_REPRESENTATION_ITEM() RATIONAL_B_SPLINE_CURVE((1.,0.5,1.,0.5,
1.,0.5,1.)) REPRESENTATION_ITEM('') );
#2513 = CARTESIAN_POINT('',(-21.29449920736,0.));
#2514 = CARTESIAN_POINT('',(-21.29449920736,36.883154548897));
#2515 = CARTESIAN_POINT('',(10.647249603684,18.441577274448));
#2516 = CARTESIAN_POINT('',(42.588998414736,5.21564805875E-15));
#2517 = CARTESIAN_POINT('',(10.647249603684,-18.44157727444));
#2518 = CARTESIAN_POINT('',(-21.29449920736,-36.88315454889));
#2519 = CARTESIAN_POINT('',(-21.29449920736,0.));
#2520 = ( GEOMETRIC_REPRESENTATION_CONTEXT(2) 
PARAMETRIC_REPRESENTATION_CONTEXT() REPRESENTATION_CONTEXT('2D SPACE',''
  ) );
#2521 = ADVANCED_FACE('',(#2522),#1335,.T.);
#2522 = FACE_BOUND('',#2523,.T.);
#2523 = EDGE_LOOP('',(#2524,#2552,#2553));
#2524 = ORIENTED_EDGE('',*,*,#2525,.F.);
#2525 = EDGE_CURVE('',#1321,#2526,#2528,.T.);
#2526 = VERTEX_POINT('',#2527);
#2527 = CARTESIAN_POINT('',(26.42396,146.38838704913,-57.72903048868));
#2528 = SURFACE_CURVE('',#2529,(#2534,#2541),.PCURVE_S1.);
#2529 = CIRCLE('',#2530,21.294499207368);
#2530 = AXIS2_PLACEMENT_3D('',#2531,#2532,#2533);
#2531 = CARTESIAN_POINT('',(8.399977204031,147.37709429481,
    -46.43239150301));
#2532 = DIRECTION('',(0.,-0.996191759571,8.718932367605E-02));
#2533 = DIRECTION('',(1.,0.,0.));
#2534 = PCURVE('',#1335,#2535);
#2535 = DEFINITIONAL_REPRESENTATION('',(#2536),#2540);
#2536 = CIRCLE('',#2537,21.294499207368);
#2537 = AXIS2_PLACEMENT_2D('',#2538,#2539);
#2538 = CARTESIAN_POINT('',(12.161544866197,34.749462701876));
#2539 = DIRECTION('',(1.,0.));
#2540 = ( GEOMETRIC_REPRESENTATION_CONTEXT(2) 
PARAMETRIC_REPRESENTATION_CONTEXT() REPRESENTATION_CONTEXT('2D SPACE',''
  ) );
#2541 = PCURVE('',#2506,#2542);
#2542 = DEFINITIONAL_REPRESENTATION('',(#2543),#2551);
#2543 = ( BOUNDED_CURVE() B_SPLINE_CURVE(2,(#2544,#2545,#2546,#2547,
#2548,#2549,#2550),.UNSPECIFIED.,.T.,.F.) B_SPLINE_CURVE_WITH_KNOTS((1,2
    ,2,2,2,1),(-2.094395102393,0.,2.094395102393,4.188790204786,
6.28318530718,8.377580409573),.UNSPECIFIED.) CURVE() 
GEOMETRIC_REPRESENTATION_ITEM() RATIONAL_B_SPLINE_CURVE((1.,0.5,1.,0.5,
1.,0.5,1.)) REPRESENTATION_ITEM('') );
#2544 = CARTESIAN_POINT('',(-21.29449920736,0.));
#2545 = CARTESIAN_POINT('',(-21.29449920736,36.883154548897));
#2546 = CARTESIAN_POINT('',(10.647249603684,18.441577274448));
#2547 = CARTESIAN_POINT('',(42.588998414736,5.21564805875E-15));
#2548 = CARTESIAN_POINT('',(10.647249603684,-18.44157727444));
#2549 = CARTESIAN_POINT('',(-21.29449920736,-36.88315454889));
#2550 = CARTESIAN_POINT('',(-21.29449920736,0.));
#2551 = ( GEOMETRIC_REPRESENTATION_CONTEXT(2) 
PARAMETRIC_REPRESENTATION_CONTEXT() REPRESENTATION_CONTEXT('2D SPACE',''
  ) );
#2552 = ORIENTED_EDGE('',*,*,#1320,.T.);
#2553 = ORIENTED_EDGE('',*,*,#2554,.F.);
#2554 = EDGE_CURVE('',#2526,#1295,#2555,.T.);
#2555 = SURFACE_CURVE('',#2556,(#2560,#2567),.PCURVE_S1.);
#2556 = LINE('',#2557,#2558);
#2557 = CARTESIAN_POINT('',(26.42396,146.38838704913,-57.72903048868));
#2558 = VECTOR('',#2559,1.);
#2559 = DIRECTION('',(-0.532523775277,-7.379835534144E-02,
    -0.843191693219));
#2560 = PCURVE('',#1335,#2561);
#2561 = DEFINITIONAL_REPRESENTATION('',(#2562),#2566);
#2562 = LINE('',#2563,#2564);
#2563 = CARTESIAN_POINT('',(30.185527662166,23.40963931744));
#2564 = VECTOR('',#2565,1.);
#2565 = DIRECTION('',(-0.532523775277,-0.846415045214));
#2566 = ( GEOMETRIC_REPRESENTATION_CONTEXT(2) 
PARAMETRIC_REPRESENTATION_CONTEXT() REPRESENTATION_CONTEXT('2D SPACE',''
  ) );
#2567 = PCURVE('',#1309,#2568);
#2568 = DEFINITIONAL_REPRESENTATION('',(#2569),#2573);
#2569 = LINE('',#2570,#2571);
#2570 = CARTESIAN_POINT('',(-43.6056522653,-0.505668207741));
#2571 = VECTOR('',#2572,1.);
#2572 = DIRECTION('',(1.,-1.991462550421E-14));
#2573 = ( GEOMETRIC_REPRESENTATION_CONTEXT(2) 
PARAMETRIC_REPRESENTATION_CONTEXT() REPRESENTATION_CONTEXT('2D SPACE',''
  ) );
#2574 = ADVANCED_FACE('',(#2575),#1309,.T.);
#2575 = FACE_BOUND('',#2576,.T.);
#2576 = EDGE_LOOP('',(#2577,#2598,#2623,#2624));
#2577 = ORIENTED_EDGE('',*,*,#2578,.F.);
#2578 = EDGE_CURVE('',#1744,#1269,#2579,.T.);
#2579 = SURFACE_CURVE('',#2580,(#2584,#2591),.PCURVE_S1.);
#2580 = LINE('',#2581,#2582);
#2581 = CARTESIAN_POINT('',(26.42396,148.38077056827,-57.90340913603));
#2582 = VECTOR('',#2583,1.);
#2583 = DIRECTION('',(-0.532386919007,-9.636297458379E-02,
    -0.840998421877));
#2584 = PCURVE('',#1309,#2585);
#2585 = DEFINITIONAL_REPRESENTATION('',(#2586),#2590);
#2586 = LINE('',#2587,#2588);
#2587 = CARTESIAN_POINT('',(-43.6056522653,1.494331792257));
#2588 = VECTOR('',#2589,1.);
#2589 = DIRECTION('',(0.999743004395,-2.266991759205E-02));
#2590 = ( GEOMETRIC_REPRESENTATION_CONTEXT(2) 
PARAMETRIC_REPRESENTATION_CONTEXT() REPRESENTATION_CONTEXT('2D SPACE',''
  ) );
#2591 = PCURVE('',#1283,#2592);
#2592 = DEFINITIONAL_REPRESENTATION('',(#2593),#2597);
#2593 = LINE('',#2594,#2595);
#2594 = CARTESIAN_POINT('',(-44.5943158498,0.505668207752));
#2595 = VECTOR('',#2596,1.);
#2596 = DIRECTION('',(0.999743004395,-2.266991759205E-02));
#2597 = ( GEOMETRIC_REPRESENTATION_CONTEXT(2) 
PARAMETRIC_REPRESENTATION_CONTEXT() REPRESENTATION_CONTEXT('2D SPACE',''
  ) );
#2598 = ORIENTED_EDGE('',*,*,#2599,.F.);
#2599 = EDGE_CURVE('',#2526,#1744,#2600,.T.);
#2600 = SURFACE_CURVE('',#2601,(#2605,#2612),.PCURVE_S1.);
#2601 = LINE('',#2602,#2603);
#2602 = CARTESIAN_POINT('',(26.42396,146.38838704913,-57.72903048868));
#2603 = VECTOR('',#2604,1.);
#2604 = DIRECTION('',(0.,0.996191759571,-8.718932367605E-02));
#2605 = PCURVE('',#1309,#2606);
#2606 = DEFINITIONAL_REPRESENTATION('',(#2607),#2611);
#2607 = LINE('',#2608,#2609);
#2608 = CARTESIAN_POINT('',(-43.6056522653,-0.505668207741));
#2609 = VECTOR('',#2610,1.);
#2610 = DIRECTION('',(2.138567101184E-14,1.));
#2611 = ( GEOMETRIC_REPRESENTATION_CONTEXT(2) 
PARAMETRIC_REPRESENTATION_CONTEXT() REPRESENTATION_CONTEXT('2D SPACE',''
  ) );
#2612 = PCURVE('',#2613,#2618);
#2613 = CYLINDRICAL_SURFACE('',#2614,21.294499207368);
#2614 = AXIS2_PLACEMENT_3D('',#2615,#2616,#2617);
#2615 = CARTESIAN_POINT('',(8.399977204031,147.37709429481,
    -46.43239150301));
#2616 = DIRECTION('',(0.,0.996191759571,-8.718932367605E-02));
#2617 = DIRECTION('',(1.,0.,0.));
#2618 = DEFINITIONAL_REPRESENTATION('',(#2619),#2622);
#2619 = B_SPLINE_CURVE_WITH_KNOTS('',1,(#2620,#2621),.UNSPECIFIED.,.F.,
  .F.,(2,2),(0.,2.),.PIECEWISE_BEZIER_KNOTS.);
#2620 = CARTESIAN_POINT('',(0.56157939601,4.302194014372E-06));
#2621 = CARTESIAN_POINT('',(0.56157939601,2.000004302194));
#2622 = ( GEOMETRIC_REPRESENTATION_CONTEXT(2) 
PARAMETRIC_REPRESENTATION_CONTEXT() REPRESENTATION_CONTEXT('2D SPACE',''
  ) );
#2623 = ORIENTED_EDGE('',*,*,#2554,.T.);
#2624 = ORIENTED_EDGE('',*,*,#1294,.T.);
#2625 = ADVANCED_FACE('',(#2626),#1283,.T.);
#2626 = FACE_BOUND('',#2627,.T.);
#2627 = EDGE_LOOP('',(#2628,#2649,#2650));
#2628 = ORIENTED_EDGE('',*,*,#2629,.F.);
#2629 = EDGE_CURVE('',#1744,#1243,#2630,.T.);
#2630 = SURFACE_CURVE('',#2631,(#2635,#2642),.PCURVE_S1.);
#2631 = LINE('',#2632,#2633);
#2632 = CARTESIAN_POINT('',(26.42396,148.38077056827,-57.90340913603));
#2633 = VECTOR('',#2634,1.);
#2634 = DIRECTION('',(-0.532523775277,-7.379835534144E-02,
    -0.843191693219));
#2635 = PCURVE('',#1283,#2636);
#2636 = DEFINITIONAL_REPRESENTATION('',(#2637),#2641);
#2637 = LINE('',#2638,#2639);
#2638 = CARTESIAN_POINT('',(-44.5943158498,0.505668207752));
#2639 = VECTOR('',#2640,1.);
#2640 = DIRECTION('',(1.,-1.991462550421E-14));
#2641 = ( GEOMETRIC_REPRESENTATION_CONTEXT(2) 
PARAMETRIC_REPRESENTATION_CONTEXT() REPRESENTATION_CONTEXT('2D SPACE',''
  ) );
#2642 = PCURVE('',#1257,#2643);
#2643 = DEFINITIONAL_REPRESENTATION('',(#2644),#2648);
#2644 = LINE('',#2645,#2646);
#2645 = CARTESIAN_POINT('',(-38.93084964838,37.309810883941));
#2646 = VECTOR('',#2647,1.);
#2647 = DIRECTION('',(0.532523775277,-0.846415045214));
#2648 = ( GEOMETRIC_REPRESENTATION_CONTEXT(2) 
PARAMETRIC_REPRESENTATION_CONTEXT() REPRESENTATION_CONTEXT('2D SPACE',''
  ) );
#2649 = ORIENTED_EDGE('',*,*,#2578,.T.);
#2650 = ORIENTED_EDGE('',*,*,#1268,.T.);
#2651 = ADVANCED_FACE('',(#2652),#1257,.T.);
#2652 = FACE_BOUND('',#2653,.T.);
#2653 = EDGE_LOOP('',(#2654,#2655,#2656));
#2654 = ORIENTED_EDGE('',*,*,#1242,.T.);
#2655 = ORIENTED_EDGE('',*,*,#1773,.T.);
#2656 = ORIENTED_EDGE('',*,*,#2629,.T.);
#2657 = ADVANCED_FACE('',(#2658),#1443,.T.);
#2658 = FACE_BOUND('',#2659,.T.);
#2659 = EDGE_LOOP('',(#2660,#2661,#2662,#2699));
#2660 = ORIENTED_EDGE('',*,*,#1422,.T.);
#2661 = ORIENTED_EDGE('',*,*,#2307,.T.);
#2662 = ORIENTED_EDGE('',*,*,#2663,.T.);
#2663 = EDGE_CURVE('',#2282,#2664,#2666,.T.);
#2664 = VERTEX_POINT('',#2665);
#2665 = CARTESIAN_POINT('',(-49.65608573519,144.81045571149,
    -98.69643216162));
#2666 = SURFACE_CURVE('',#2667,(#2672,#2683),.PCURVE_S1.);
#2667 = CIRCLE('',#2668,21.294499207368);
#2668 = AXIS2_PLACEMENT_3D('',#2669,#2670,#2671);
#2669 = CARTESIAN_POINT('',(-57.65069841701,146.53129311601,
    -79.03477955592));
#2670 = DIRECTION('',(0.,-0.996191759571,8.718932367605E-02));
#2671 = DIRECTION('',(1.,0.,0.));
#2672 = PCURVE('',#1443,#2673);
#2673 = DEFINITIONAL_REPRESENTATION('',(#2674),#2682);
#2674 = ( BOUNDED_CURVE() B_SPLINE_CURVE(2,(#2675,#2676,#2677,#2678,
#2679,#2680,#2681),.UNSPECIFIED.,.T.,.F.) B_SPLINE_CURVE_WITH_KNOTS((1,2
    ,2,2,2,1),(-2.094395102393,0.,2.094395102393,4.188790204786,
6.28318530718,8.377580409573),.UNSPECIFIED.) CURVE() 
GEOMETRIC_REPRESENTATION_ITEM() RATIONAL_B_SPLINE_CURVE((1.,0.5,1.,0.5,
1.,0.5,1.)) REPRESENTATION_ITEM('') );
#2675 = CARTESIAN_POINT('',(-20.34388757385,17.818854508023));
#2676 = CARTESIAN_POINT('',(-20.34388757385,54.70200905692));
#2677 = CARTESIAN_POINT('',(11.597861237194,36.260431782471));
#2678 = CARTESIAN_POINT('',(43.539610048246,17.818854508023));
#2679 = CARTESIAN_POINT('',(11.597861237194,-0.622722766425));
#2680 = CARTESIAN_POINT('',(-20.34388757385,-19.06430004087));
#2681 = CARTESIAN_POINT('',(-20.34388757385,17.818854508023));
#2682 = ( GEOMETRIC_REPRESENTATION_CONTEXT(2) 
PARAMETRIC_REPRESENTATION_CONTEXT() REPRESENTATION_CONTEXT('2D SPACE',''
  ) );
#2683 = PCURVE('',#2684,#2689);
#2684 = PLANE('',#2685);
#2685 = AXIS2_PLACEMENT_3D('',#2686,#2687,#2688);
#2686 = CARTESIAN_POINT('',(-57.65069841701,146.53129311601,
    -79.03477955592));
#2687 = DIRECTION('',(0.,0.996191759571,-8.718932367605E-02));
#2688 = DIRECTION('',(-1.,0.,0.));
#2689 = DEFINITIONAL_REPRESENTATION('',(#2690),#2698);
#2690 = ( BOUNDED_CURVE() B_SPLINE_CURVE(2,(#2691,#2692,#2693,#2694,
#2695,#2696,#2697),.UNSPECIFIED.,.T.,.F.) B_SPLINE_CURVE_WITH_KNOTS((1,2
    ,2,2,2,1),(-2.094395102393,0.,2.094395102393,4.188790204786,
6.28318530718,8.377580409573),.UNSPECIFIED.) CURVE() 
GEOMETRIC_REPRESENTATION_ITEM() RATIONAL_B_SPLINE_CURVE((1.,0.5,1.,0.5,
1.,0.5,1.)) REPRESENTATION_ITEM('') );
#2691 = CARTESIAN_POINT('',(-21.29449920736,0.));
#2692 = CARTESIAN_POINT('',(-21.29449920736,36.883154548897));
#2693 = CARTESIAN_POINT('',(10.647249603684,18.441577274448));
#2694 = CARTESIAN_POINT('',(42.588998414736,5.21564805875E-15));
#2695 = CARTESIAN_POINT('',(10.647249603684,-18.44157727444));
#2696 = CARTESIAN_POINT('',(-21.29449920736,-36.88315454889));
#2697 = CARTESIAN_POINT('',(-21.29449920736,0.));
#2698 = ( GEOMETRIC_REPRESENTATION_CONTEXT(2) 
PARAMETRIC_REPRESENTATION_CONTEXT() REPRESENTATION_CONTEXT('2D SPACE',''
  ) );
#2699 = ORIENTED_EDGE('',*,*,#2700,.F.);
#2700 = EDGE_CURVE('',#1423,#2664,#2701,.T.);
#2701 = SURFACE_CURVE('',#2702,(#2706,#2713),.PCURVE_S1.);
#2702 = LINE('',#2703,#2704);
#2703 = CARTESIAN_POINT('',(-56.59259,143.84918132492,-109.6796091529));
#2704 = VECTOR('',#2705,1.);
#2705 = DIRECTION('',(0.532523775277,7.379835534144E-02,0.843191693219)
  );
#2706 = PCURVE('',#1443,#2707);
#2707 = DEFINITIONAL_REPRESENTATION('',(#2708),#2712);
#2708 = LINE('',#2709,#2710);
#2709 = CARTESIAN_POINT('',(-0.1074967835,-12.94312372303));
#2710 = VECTOR('',#2711,1.);
#2711 = DIRECTION('',(-0.532523775277,0.846415045214));
#2712 = ( GEOMETRIC_REPRESENTATION_CONTEXT(2) 
PARAMETRIC_REPRESENTATION_CONTEXT() REPRESENTATION_CONTEXT('2D SPACE',''
  ) );
#2713 = PCURVE('',#2714,#2719);
#2714 = PLANE('',#2715);
#2715 = AXIS2_PLACEMENT_3D('',#2716,#2717,#2718);
#2716 = CARTESIAN_POINT('',(-56.7000867835,144.97768352858,
    -96.78577595691));
#2717 = DIRECTION('',(0.,0.996191759571,-8.718932367605E-02));
#2718 = DIRECTION('',(-1.,0.,0.));
#2719 = DEFINITIONAL_REPRESENTATION('',(#2720),#2724);
#2720 = LINE('',#2721,#2722);
#2721 = CARTESIAN_POINT('',(-0.1074967835,-12.94312372303));
#2722 = VECTOR('',#2723,1.);
#2723 = DIRECTION('',(-0.532523775277,0.846415045214));
#2724 = ( GEOMETRIC_REPRESENTATION_CONTEXT(2) 
PARAMETRIC_REPRESENTATION_CONTEXT() REPRESENTATION_CONTEXT('2D SPACE',''
  ) );
#2725 = ADVANCED_FACE('',(#2726),#1499,.T.);
#2726 = FACE_BOUND('',#2727,.T.);
#2727 = EDGE_LOOP('',(#2728,#2729,#2759));
#2728 = ORIENTED_EDGE('',*,*,#1573,.T.);
#2729 = ORIENTED_EDGE('',*,*,#2730,.F.);
#2730 = EDGE_CURVE('',#1484,#1423,#2731,.T.);
#2731 = SURFACE_CURVE('',#2732,(#2737,#2748),.PCURVE_S1.);
#2732 = CIRCLE('',#2733,21.294499207368);
#2733 = AXIS2_PLACEMENT_3D('',#2734,#2735,#2736);
#2734 = CARTESIAN_POINT('',(-38.56860247428,142.86046522362,
    -120.9762506331));
#2735 = DIRECTION('',(0.,-0.996191759571,8.718932367605E-02));
#2736 = DIRECTION('',(1.,0.,0.));
#2737 = PCURVE('',#1499,#2738);
#2738 = DEFINITIONAL_REPRESENTATION('',(#2739),#2747);
#2739 = ( BOUNDED_CURVE() B_SPLINE_CURVE(2,(#2740,#2741,#2742,#2743,
#2744,#2745,#2746),.UNSPECIFIED.,.T.,.F.) B_SPLINE_CURVE_WITH_KNOTS((1,2
    ,2,2,2,1),(-2.094395102393,0.,2.094395102393,4.188790204786,
6.28318530718,8.377580409573),.UNSPECIFIED.) CURVE() 
GEOMETRIC_REPRESENTATION_ITEM() RATIONAL_B_SPLINE_CURVE((1.,0.5,1.,0.5,
1.,0.5,1.)) REPRESENTATION_ITEM('') );
#2740 = CARTESIAN_POINT('',(-21.29449920736,0.));
#2741 = CARTESIAN_POINT('',(-21.29449920736,36.883154548897));
#2742 = CARTESIAN_POINT('',(10.647249603684,18.441577274448));
#2743 = CARTESIAN_POINT('',(42.588998414736,5.21564805875E-15));
#2744 = CARTESIAN_POINT('',(10.647249603684,-18.44157727444));
#2745 = CARTESIAN_POINT('',(-21.29449920736,-36.88315454889));
#2746 = CARTESIAN_POINT('',(-21.29449920736,0.));
#2747 = ( GEOMETRIC_REPRESENTATION_CONTEXT(2) 
PARAMETRIC_REPRESENTATION_CONTEXT() REPRESENTATION_CONTEXT('2D SPACE',''
  ) );
#2748 = PCURVE('',#2714,#2749);
#2749 = DEFINITIONAL_REPRESENTATION('',(#2750),#2758);
#2750 = ( BOUNDED_CURVE() B_SPLINE_CURVE(2,(#2751,#2752,#2753,#2754,
#2755,#2756,#2757),.UNSPECIFIED.,.T.,.F.) B_SPLINE_CURVE_WITH_KNOTS((1,2
    ,2,2,2,1),(-2.094395102393,0.,2.094395102393,4.188790204786,
6.28318530718,8.377580409573),.UNSPECIFIED.) CURVE() 
GEOMETRIC_REPRESENTATION_ITEM() RATIONAL_B_SPLINE_CURVE((1.,0.5,1.,0.5,
1.,0.5,1.)) REPRESENTATION_ITEM('') );
#2751 = CARTESIAN_POINT('',(-39.42598351658,-24.28295036461));
#2752 = CARTESIAN_POINT('',(-39.42598351658,12.600204184284));
#2753 = CARTESIAN_POINT('',(-7.484234705536,-5.841373090164));
#2754 = CARTESIAN_POINT('',(24.457514105516,-24.28295036461));
#2755 = CARTESIAN_POINT('',(-7.484234705536,-42.72452763906));
#2756 = CARTESIAN_POINT('',(-39.42598351658,-61.1661049135));
#2757 = CARTESIAN_POINT('',(-39.42598351658,-24.28295036461));
#2758 = ( GEOMETRIC_REPRESENTATION_CONTEXT(2) 
PARAMETRIC_REPRESENTATION_CONTEXT() REPRESENTATION_CONTEXT('2D SPACE',''
  ) );
#2759 = ORIENTED_EDGE('',*,*,#1483,.F.);
#2760 = ADVANCED_FACE('',(#2761),#1554,.T.);
#2761 = FACE_BOUND('',#2762,.F.);
#2762 = EDGE_LOOP('',(#2763,#2786,#2807));
#2763 = ORIENTED_EDGE('',*,*,#2764,.F.);
#2764 = EDGE_CURVE('',#2765,#1513,#2767,.T.);
#2765 = VERTEX_POINT('',#2766);
#2766 = CARTESIAN_POINT('',(-48.10965,144.69588338633,-100.0055162613));
#2767 = SURFACE_CURVE('',#2768,(#2772,#2779),.PCURVE_S1.);
#2768 = LINE('',#2769,#2770);
#2769 = CARTESIAN_POINT('',(-57.6507,146.53129755605,-79.03477816881));
#2770 = VECTOR('',#2771,1.);
#2771 = DIRECTION('',(0.412815044182,-7.941333307827E-02,-0.907346274487
    ));
#2772 = PCURVE('',#1554,#2773);
#2773 = DEFINITIONAL_REPRESENTATION('',(#2774),#2778);
#2774 = LINE('',#2775,#2776);
#2775 = CARTESIAN_POINT('',(18.13148350441,24.282952980168));
#2776 = VECTOR('',#2777,1.);
#2777 = DIRECTION('',(-0.412815044182,-0.910814876524));
#2778 = ( GEOMETRIC_REPRESENTATION_CONTEXT(2) 
PARAMETRIC_REPRESENTATION_CONTEXT() REPRESENTATION_CONTEXT('2D SPACE',''
  ) );
#2779 = PCURVE('',#1619,#2780);
#2780 = DEFINITIONAL_REPRESENTATION('',(#2781),#2785);
#2781 = LINE('',#2782,#2783);
#2782 = CARTESIAN_POINT('',(31.85248370803,0.940621936677));
#2783 = VECTOR('',#2784,1.);
#2784 = DIRECTION('',(-0.412815044182,-0.910814876524));
#2785 = ( GEOMETRIC_REPRESENTATION_CONTEXT(2) 
PARAMETRIC_REPRESENTATION_CONTEXT() REPRESENTATION_CONTEXT('2D SPACE',''
  ) );
#2786 = ORIENTED_EDGE('',*,*,#2787,.F.);
#2787 = EDGE_CURVE('',#1484,#2765,#2788,.T.);
#2788 = SURFACE_CURVE('',#2789,(#2793,#2800),.PCURVE_S1.);
#2789 = LINE('',#2790,#2791);
#2790 = CARTESIAN_POINT('',(-57.96395,142.09401490087,-129.7334672927));
#2791 = VECTOR('',#2792,1.);
#2792 = DIRECTION('',(0.313566080943,8.279205058891E-02,0.945950204419)
  );
#2793 = PCURVE('',#1554,#2794);
#2794 = DEFINITIONAL_REPRESENTATION('',(#2795),#2799);
#2795 = LINE('',#2796,#2797);
#2796 = CARTESIAN_POINT('',(18.44473350441,-26.60954701976));
#2797 = VECTOR('',#2798,1.);
#2798 = DIRECTION('',(-0.313566080943,0.949566381504));
#2799 = ( GEOMETRIC_REPRESENTATION_CONTEXT(2) 
PARAMETRIC_REPRESENTATION_CONTEXT() REPRESENTATION_CONTEXT('2D SPACE',''
  ) );
#2800 = PCURVE('',#2714,#2801);
#2801 = DEFINITIONAL_REPRESENTATION('',(#2802),#2806);
#2802 = LINE('',#2803,#2804);
#2803 = CARTESIAN_POINT('',(1.2638632165,-33.07364372295));
#2804 = VECTOR('',#2805,1.);
#2805 = DIRECTION('',(-0.313566080943,0.949566381504));
#2806 = ( GEOMETRIC_REPRESENTATION_CONTEXT(2) 
PARAMETRIC_REPRESENTATION_CONTEXT() REPRESENTATION_CONTEXT('2D SPACE',''
  ) );
#2807 = ORIENTED_EDGE('',*,*,#1535,.F.);
#2808 = ADVANCED_FACE('',(#2809),#1619,.T.);
#2809 = FACE_BOUND('',#2810,.T.);
#2810 = EDGE_LOOP('',(#2811,#2834,#2835,#2836,#2837,#2865));
#2811 = ORIENTED_EDGE('',*,*,#2812,.T.);
#2812 = EDGE_CURVE('',#2813,#1640,#2815,.T.);
#2813 = VERTEX_POINT('',#2814);
#2814 = CARTESIAN_POINT('',(-29.74458494696,145.66053301648,
    -88.98379970357));
#2815 = SURFACE_CURVE('',#2816,(#2820,#2827),.PCURVE_S1.);
#2816 = LINE('',#2817,#2818);
#2817 = CARTESIAN_POINT('',(-38.25535,147.2977518718,-70.27756522987));
#2818 = VECTOR('',#2819,1.);
#2819 = DIRECTION('',(0.412814864713,-7.941334017031E-02,-0.90734635552)
  );
#2820 = PCURVE('',#1619,#2821);
#2821 = DEFINITIONAL_REPRESENTATION('',(#2822),#2826);
#2822 = LINE('',#2823,#2824);
#2823 = CARTESIAN_POINT('',(12.45713370803,9.731311936676));
#2824 = VECTOR('',#2825,1.);
#2825 = DIRECTION('',(-0.412814864713,-0.910814957866));
#2826 = ( GEOMETRIC_REPRESENTATION_CONTEXT(2) 
PARAMETRIC_REPRESENTATION_CONTEXT() REPRESENTATION_CONTEXT('2D SPACE',''
  ) );
#2827 = PCURVE('',#1937,#2828);
#2828 = DEFINITIONAL_REPRESENTATION('',(#2829),#2833);
#2829 = LINE('',#2830,#2831);
#2830 = CARTESIAN_POINT('',(12.45713370803,9.731311936676));
#2831 = VECTOR('',#2832,1.);
#2832 = DIRECTION('',(-0.412814864713,-0.910814957866));
#2833 = ( GEOMETRIC_REPRESENTATION_CONTEXT(2) 
PARAMETRIC_REPRESENTATION_CONTEXT() REPRESENTATION_CONTEXT('2D SPACE',''
  ) );
#2834 = ORIENTED_EDGE('',*,*,#1639,.T.);
#2835 = ORIENTED_EDGE('',*,*,#1600,.T.);
#2836 = ORIENTED_EDGE('',*,*,#2764,.F.);
#2837 = ORIENTED_EDGE('',*,*,#2838,.T.);
#2838 = EDGE_CURVE('',#2765,#2839,#2841,.T.);
#2839 = VERTEX_POINT('',#2840);
#2840 = CARTESIAN_POINT('',(-47.3157328073,144.90550437654,
    -97.61046725453));
#2841 = SURFACE_CURVE('',#2842,(#2846,#2853),.PCURVE_S1.);
#2842 = LINE('',#2843,#2844);
#2843 = CARTESIAN_POINT('',(-57.96395,142.09401490087,-129.7334672927));
#2844 = VECTOR('',#2845,1.);
#2845 = DIRECTION('',(0.313566080943,8.279205058891E-02,0.945950204419)
  );
#2846 = PCURVE('',#1619,#2847);
#2847 = DEFINITIONAL_REPRESENTATION('',(#2848),#2852);
#2848 = LINE('',#2849,#2850);
#2849 = CARTESIAN_POINT('',(32.16573370803,-49.95187806325));
#2850 = VECTOR('',#2851,1.);
#2851 = DIRECTION('',(-0.313566080943,0.949566381504));
#2852 = ( GEOMETRIC_REPRESENTATION_CONTEXT(2) 
PARAMETRIC_REPRESENTATION_CONTEXT() REPRESENTATION_CONTEXT('2D SPACE',''
  ) );
#2853 = PCURVE('',#2854,#2859);
#2854 = PLANE('',#2855);
#2855 = AXIS2_PLACEMENT_3D('',#2856,#2857,#2858);
#2856 = CARTESIAN_POINT('',(-25.79821629197,146.44928536556,
    -79.971817991));
#2857 = DIRECTION('',(0.,0.996191759571,-8.718932367605E-02));
#2858 = DIRECTION('',(-1.,0.,0.));
#2859 = DEFINITIONAL_REPRESENTATION('',(#2860),#2864);
#2860 = LINE('',#2861,#2862);
#2861 = CARTESIAN_POINT('',(32.16573370803,-49.95187806325));
#2862 = VECTOR('',#2863,1.);
#2863 = DIRECTION('',(-0.313566080943,0.949566381504));
#2864 = ( GEOMETRIC_REPRESENTATION_CONTEXT(2) 
PARAMETRIC_REPRESENTATION_CONTEXT() REPRESENTATION_CONTEXT('2D SPACE',''
  ) );
#2865 = ORIENTED_EDGE('',*,*,#2866,.F.);
#2866 = EDGE_CURVE('',#2813,#2839,#2867,.T.);
#2867 = SURFACE_CURVE('',#2868,(#2872,#2879),.PCURVE_S1.);
#2868 = LINE('',#2869,#2870);
#2869 = CARTESIAN_POINT('',(17.8135,147.70409422722,-65.63485338206));
#2870 = VECTOR('',#2871,1.);
#2871 = DIRECTION('',(-0.896983796339,-3.854321078962E-02,
    -0.440379938244));
#2872 = PCURVE('',#1619,#2873);
#2873 = DEFINITIONAL_REPRESENTATION('',(#2874),#2878);
#2874 = LINE('',#2875,#2876);
#2875 = CARTESIAN_POINT('',(-43.61171629197,14.391771936676));
#2876 = VECTOR('',#2877,1.);
#2877 = DIRECTION('',(0.896983796339,-0.44206342204));
#2878 = ( GEOMETRIC_REPRESENTATION_CONTEXT(2) 
PARAMETRIC_REPRESENTATION_CONTEXT() REPRESENTATION_CONTEXT('2D SPACE',''
  ) );
#2879 = PCURVE('',#2880,#2885);
#2880 = PLANE('',#2881);
#2881 = AXIS2_PLACEMENT_3D('',#2882,#2883,#2884);
#2882 = CARTESIAN_POINT('',(-25.79821629197,146.44928536556,
    -79.971817991));
#2883 = DIRECTION('',(0.,0.996191759571,-8.718932367605E-02));
#2884 = DIRECTION('',(-1.,0.,0.));
#2885 = DEFINITIONAL_REPRESENTATION('',(#2886),#2890);
#2886 = LINE('',#2887,#2888);
#2887 = CARTESIAN_POINT('',(-43.61171629197,14.391771936676));
#2888 = VECTOR('',#2889,1.);
#2889 = DIRECTION('',(0.896983796339,-0.44206342204));
#2890 = ( GEOMETRIC_REPRESENTATION_CONTEXT(2) 
PARAMETRIC_REPRESENTATION_CONTEXT() REPRESENTATION_CONTEXT('2D SPACE',''
  ) );
#2891 = ADVANCED_FACE('',(#2892,#2927),#1705,.F.);
#2892 = FACE_BOUND('',#2893,.T.);
#2893 = EDGE_LOOP('',(#2894));
#2894 = ORIENTED_EDGE('',*,*,#2895,.T.);
#2895 = EDGE_CURVE('',#2896,#2896,#2898,.T.);
#2896 = VERTEX_POINT('',#2897);
#2897 = CARTESIAN_POINT('',(-36.975,142.06880167327,-116.8318063416));
#2898 = SURFACE_CURVE('',#2899,(#2904,#2915),.PCURVE_S1.);
#2899 = CIRCLE('',#2900,2.025);
#2900 = AXIS2_PLACEMENT_3D('',#2901,#2902,#2903);
#2901 = CARTESIAN_POINT('',(-39.,142.06880167327,-116.8318063416));
#2902 = DIRECTION('',(0.,-0.996191759571,8.718932367606E-02));
#2903 = DIRECTION('',(1.,0.,0.));
#2904 = PCURVE('',#1705,#2905);
#2905 = DEFINITIONAL_REPRESENTATION('',(#2906),#2914);
#2906 = ( BOUNDED_CURVE() B_SPLINE_CURVE(2,(#2907,#2908,#2909,#2910,
#2911,#2912,#2913),.UNSPECIFIED.,.T.,.F.) B_SPLINE_CURVE_WITH_KNOTS((1,2
    ,2,2,2,1),(-2.094395102393,0.,2.094395102393,4.188790204786,
6.28318530718,8.377580409573),.UNSPECIFIED.) CURVE() 
GEOMETRIC_REPRESENTATION_ITEM() RATIONAL_B_SPLINE_CURVE((1.,0.5,1.,0.5,
1.,0.5,1.)) REPRESENTATION_ITEM('') );
#2907 = CARTESIAN_POINT('',(-2.025,0.));
#2908 = CARTESIAN_POINT('',(-2.025,3.507402885327));
#2909 = CARTESIAN_POINT('',(1.0125,1.753701442663));
#2910 = CARTESIAN_POINT('',(4.05,4.959819536547E-16));
#2911 = CARTESIAN_POINT('',(1.0125,-1.753701442663));
#2912 = CARTESIAN_POINT('',(-2.025,-3.507402885327));
#2913 = CARTESIAN_POINT('',(-2.025,0.));
#2914 = ( GEOMETRIC_REPRESENTATION_CONTEXT(2) 
PARAMETRIC_REPRESENTATION_CONTEXT() REPRESENTATION_CONTEXT('2D SPACE',''
  ) );
#2915 = PCURVE('',#2916,#2921);
#2916 = CYLINDRICAL_SURFACE('',#2917,2.025);
#2917 = AXIS2_PLACEMENT_3D('',#2918,#2919,#2920);
#2918 = CARTESIAN_POINT('',(-39.,141.21207676004,-116.7568235233));
#2919 = DIRECTION('',(0.,0.996191759571,-8.718932367606E-02));
#2920 = DIRECTION('',(1.,0.,0.));
#2921 = DEFINITIONAL_REPRESENTATION('',(#2922),#2926);
#2922 = LINE('',#2923,#2924);
#2923 = CARTESIAN_POINT('',(6.28318530718,0.859999999994));
#2924 = VECTOR('',#2925,1.);
#2925 = DIRECTION('',(-1.,0.));
#2926 = ( GEOMETRIC_REPRESENTATION_CONTEXT(2) 
PARAMETRIC_REPRESENTATION_CONTEXT() REPRESENTATION_CONTEXT('2D SPACE',''
  ) );
#2927 = FACE_BOUND('',#2928,.T.);
#2928 = EDGE_LOOP('',(#2929));
#2929 = ORIENTED_EDGE('',*,*,#1688,.T.);
#2930 = ADVANCED_FACE('',(#2931),#1761,.T.);
#2931 = FACE_BOUND('',#2932,.T.);
#2932 = EDGE_LOOP('',(#2933,#2961,#2987));
#2933 = ORIENTED_EDGE('',*,*,#2934,.F.);
#2934 = EDGE_CURVE('',#2935,#1746,#2937,.T.);
#2935 = VERTEX_POINT('',#2936);
#2936 = CARTESIAN_POINT('',(8.39998,149.36948180468,-46.60677389702));
#2937 = SURFACE_CURVE('',#2938,(#2942,#2949),.PCURVE_S1.);
#2938 = LINE('',#2939,#2940);
#2939 = CARTESIAN_POINT('',(-1.01354,151.03486938214,-27.57869441197));
#2940 = VECTOR('',#2941,1.);
#2941 = DIRECTION('',(0.442063466418,-7.820740864419E-02,-0.893567844594
    ));
#2942 = PCURVE('',#1761,#2943);
#2943 = DEFINITIONAL_REPRESENTATION('',(#2944),#2948);
#2944 = LINE('',#2945,#2946);
#2945 = CARTESIAN_POINT('',(9.413517204031,19.100816615561));
#2946 = VECTOR('',#2947,1.);
#2947 = DIRECTION('',(-0.442063466418,-0.896983774468));
#2948 = ( GEOMETRIC_REPRESENTATION_CONTEXT(2) 
PARAMETRIC_REPRESENTATION_CONTEXT() REPRESENTATION_CONTEXT('2D SPACE',''
  ) );
#2949 = PCURVE('',#2950,#2955);
#2950 = PLANE('',#2951);
#2951 = AXIS2_PLACEMENT_3D('',#2952,#2953,#2954);
#2952 = CARTESIAN_POINT('',(8.399977204031,149.36947781395,
    -46.60677015036));
#2953 = DIRECTION('',(0.,0.996191759571,-8.718932367605E-02));
#2954 = DIRECTION('',(-1.,0.,0.));
#2955 = DEFINITIONAL_REPRESENTATION('',(#2956),#2960);
#2956 = LINE('',#2957,#2958);
#2957 = CARTESIAN_POINT('',(9.413517204031,19.100816615561));
#2958 = VECTOR('',#2959,1.);
#2959 = DIRECTION('',(-0.442063466418,-0.896983774468));
#2960 = ( GEOMETRIC_REPRESENTATION_CONTEXT(2) 
PARAMETRIC_REPRESENTATION_CONTEXT() REPRESENTATION_CONTEXT('2D SPACE',''
  ) );
#2961 = ORIENTED_EDGE('',*,*,#2962,.T.);
#2962 = EDGE_CURVE('',#2935,#1744,#2963,.T.);
#2963 = SURFACE_CURVE('',#2964,(#2968,#2975),.PCURVE_S1.);
#2964 = LINE('',#2965,#2966);
#2965 = CARTESIAN_POINT('',(-9.62401,150.35819391298,-35.31012869608));
#2966 = VECTOR('',#2967,1.);
#2967 = DIRECTION('',(0.846415096421,-4.643038071147E-02,-0.530495715627
    ));
#2968 = PCURVE('',#1761,#2969);
#2969 = DEFINITIONAL_REPRESENTATION('',(#2970),#2974);
#2970 = LINE('',#2971,#2972);
#2971 = CARTESIAN_POINT('',(18.023987204031,11.339826615563));
#2972 = VECTOR('',#2973,1.);
#2973 = DIRECTION('',(-0.846415096421,-0.532523693887));
#2974 = ( GEOMETRIC_REPRESENTATION_CONTEXT(2) 
PARAMETRIC_REPRESENTATION_CONTEXT() REPRESENTATION_CONTEXT('2D SPACE',''
  ) );
#2975 = PCURVE('',#2976,#2981);
#2976 = PLANE('',#2977);
#2977 = AXIS2_PLACEMENT_3D('',#2978,#2979,#2980);
#2978 = CARTESIAN_POINT('',(8.399977204031,149.36947781395,
    -46.60677015036));
#2979 = DIRECTION('',(0.,0.996191759571,-8.718932367605E-02));
#2980 = DIRECTION('',(-1.,0.,0.));
#2981 = DEFINITIONAL_REPRESENTATION('',(#2982),#2986);
#2982 = LINE('',#2983,#2984);
#2983 = CARTESIAN_POINT('',(18.023987204031,11.339826615563));
#2984 = VECTOR('',#2985,1.);
#2985 = DIRECTION('',(-0.846415096421,-0.532523693887));
#2986 = ( GEOMETRIC_REPRESENTATION_CONTEXT(2) 
PARAMETRIC_REPRESENTATION_CONTEXT() REPRESENTATION_CONTEXT('2D SPACE',''
  ) );
#2987 = ORIENTED_EDGE('',*,*,#1743,.T.);
#2988 = ADVANCED_FACE('',(#2989),#1818,.T.);
#2989 = FACE_BOUND('',#2990,.F.);
#2990 = EDGE_LOOP('',(#2991,#3014,#3015));
#2991 = ORIENTED_EDGE('',*,*,#2992,.T.);
#2992 = EDGE_CURVE('',#2993,#940,#2995,.T.);
#2993 = VERTEX_POINT('',#2994);
#2994 = CARTESIAN_POINT('',(14.391403220837,147.72395448918,
    -65.40793764887));
#2995 = SURFACE_CURVE('',#2996,(#3000,#3007),.PCURVE_S1.);
#2996 = LINE('',#2997,#2998);
#2997 = CARTESIAN_POINT('',(-67.06422,148.19668513351,-60.00669868377));
#2998 = VECTOR('',#2999,1.);
#2999 = DIRECTION('',(0.997792053465,-5.790722134242E-03,
    -6.616256932476E-02));
#3000 = PCURVE('',#1818,#3001);
#3001 = DEFINITIONAL_REPRESENTATION('',(#3002),#3006);
#3002 = LINE('',#3003,#3004);
#3003 = CARTESIAN_POINT('',(75.464197204031,-13.45115338444));
#3004 = VECTOR('',#3005,1.);
#3005 = DIRECTION('',(-0.997792053465,-6.641549549984E-02));
#3006 = ( GEOMETRIC_REPRESENTATION_CONTEXT(2) 
PARAMETRIC_REPRESENTATION_CONTEXT() REPRESENTATION_CONTEXT('2D SPACE',''
  ) );
#3007 = PCURVE('',#1880,#3008);
#3008 = DEFINITIONAL_REPRESENTATION('',(#3009),#3013);
#3009 = LINE('',#3010,#3011);
#3010 = CARTESIAN_POINT('',(75.464197204031,-13.45115338444));
#3011 = VECTOR('',#3012,1.);
#3012 = DIRECTION('',(-0.997792053465,-6.641549549984E-02));
#3013 = ( GEOMETRIC_REPRESENTATION_CONTEXT(2) 
PARAMETRIC_REPRESENTATION_CONTEXT() REPRESENTATION_CONTEXT('2D SPACE',''
  ) );
#3014 = ORIENTED_EDGE('',*,*,#1804,.F.);
#3015 = ORIENTED_EDGE('',*,*,#3016,.T.);
#3016 = EDGE_CURVE('',#1746,#2993,#3017,.T.);
#3017 = SURFACE_CURVE('',#3018,(#3022,#3029),.PCURVE_S1.);
#3018 = LINE('',#3019,#3020);
#3019 = CARTESIAN_POINT('',(26.42396,148.38077056827,-57.90340913603));
#3020 = VECTOR('',#3021,1.);
#3021 = DIRECTION('',(-0.847590638314,-4.626707107615E-02,
    -0.528629802392));
#3022 = PCURVE('',#1818,#3023);
#3023 = DEFINITIONAL_REPRESENTATION('',(#3024),#3028);
#3024 = LINE('',#3025,#3026);
#3025 = CARTESIAN_POINT('',(-18.02398279596,-11.33982338443));
#3026 = VECTOR('',#3027,1.);
#3027 = DIRECTION('',(0.847590638314,-0.530650647642));
#3028 = ( GEOMETRIC_REPRESENTATION_CONTEXT(2) 
PARAMETRIC_REPRESENTATION_CONTEXT() REPRESENTATION_CONTEXT('2D SPACE',''
  ) );
#3029 = PCURVE('',#2950,#3030);
#3030 = DEFINITIONAL_REPRESENTATION('',(#3031),#3035);
#3031 = LINE('',#3032,#3033);
#3032 = CARTESIAN_POINT('',(-18.02398279596,-11.33982338443));
#3033 = VECTOR('',#3034,1.);
#3034 = DIRECTION('',(0.847590638314,-0.530650647642));
#3035 = ( GEOMETRIC_REPRESENTATION_CONTEXT(2) 
PARAMETRIC_REPRESENTATION_CONTEXT() REPRESENTATION_CONTEXT('2D SPACE',''
  ) );
#3036 = ADVANCED_FACE('',(#3037),#1849,.T.);
#3037 = FACE_BOUND('',#3038,.T.);
#3038 = EDGE_LOOP('',(#3039,#3040,#3041,#3069));
#3039 = ORIENTED_EDGE('',*,*,#1833,.T.);
#3040 = ORIENTED_EDGE('',*,*,#1900,.T.);
#3041 = ORIENTED_EDGE('',*,*,#3042,.T.);
#3042 = EDGE_CURVE('',#1901,#3043,#3045,.T.);
#3043 = VERTEX_POINT('',#3044);
#3044 = CARTESIAN_POINT('',(-2.939846377946,147.79798074397,
    -64.56211739237));
#3045 = SURFACE_CURVE('',#3046,(#3050,#3057),.PCURVE_S1.);
#3046 = LINE('',#3047,#3048);
#3047 = CARTESIAN_POINT('',(-38.5686,142.86046921661,-120.9762543538));
#3048 = VECTOR('',#3049,1.);
#3049 = DIRECTION('',(0.532523775277,7.379835534144E-02,0.843191693219)
  );
#3050 = PCURVE('',#1849,#3051);
#3051 = DEFINITIONAL_REPRESENTATION('',(#3052),#3056);
#3052 = LINE('',#3053,#3054);
#3053 = CARTESIAN_POINT('',(20.90685964839,-48.6496408839));
#3054 = VECTOR('',#3055,1.);
#3055 = DIRECTION('',(-0.532523775277,0.846415045214));
#3056 = ( GEOMETRIC_REPRESENTATION_CONTEXT(2) 
PARAMETRIC_REPRESENTATION_CONTEXT() REPRESENTATION_CONTEXT('2D SPACE',''
  ) );
#3057 = PCURVE('',#3058,#3063);
#3058 = PLANE('',#3059);
#3059 = AXIS2_PLACEMENT_3D('',#3060,#3061,#3062);
#3060 = CARTESIAN_POINT('',(-25.79821629197,146.44928536556,
    -79.971817991));
#3061 = DIRECTION('',(0.,0.996191759571,-8.718932367605E-02));
#3062 = DIRECTION('',(-1.,0.,0.));
#3063 = DEFINITIONAL_REPRESENTATION('',(#3064),#3068);
#3064 = LINE('',#3065,#3066);
#3065 = CARTESIAN_POINT('',(12.77038370803,-41.16118806329));
#3066 = VECTOR('',#3067,1.);
#3067 = DIRECTION('',(-0.532523775277,0.846415045214));
#3068 = ( GEOMETRIC_REPRESENTATION_CONTEXT(2) 
PARAMETRIC_REPRESENTATION_CONTEXT() REPRESENTATION_CONTEXT('2D SPACE',''
  ) );
#3069 = ORIENTED_EDGE('',*,*,#3070,.T.);
#3070 = EDGE_CURVE('',#3043,#1834,#3071,.T.);
#3071 = SURFACE_CURVE('',#3072,(#3077,#3088),.PCURVE_S1.);
#3072 = CIRCLE('',#3073,21.294499207368);
#3073 = AXIS2_PLACEMENT_3D('',#3074,#3075,#3076);
#3074 = CARTESIAN_POINT('',(8.399977204031,149.36947781395,
    -46.60677015036));
#3075 = DIRECTION('',(0.,-0.996191759571,8.718932367605E-02));
#3076 = DIRECTION('',(1.,0.,0.));
#3077 = PCURVE('',#1849,#3078);
#3078 = DEFINITIONAL_REPRESENTATION('',(#3079),#3087);
#3079 = ( BOUNDED_CURVE() B_SPLINE_CURVE(2,(#3080,#3081,#3082,#3083,
#3084,#3085,#3086),.UNSPECIFIED.,.T.,.F.) B_SPLINE_CURVE_WITH_KNOTS((1,2
    ,2,2,2,1),(-2.094395102393,0.,2.094395102393,4.188790204786,
6.28318530718,8.377580409573),.UNSPECIFIED.) CURVE() 
GEOMETRIC_REPRESENTATION_ITEM() RATIONAL_B_SPLINE_CURVE((1.,0.5,1.,0.5,
1.,0.5,1.)) REPRESENTATION_ITEM('') );
#3080 = CARTESIAN_POINT('',(-47.356216763,26.004142500499));
#3081 = CARTESIAN_POINT('',(-47.356216763,62.887297049396));
#3082 = CARTESIAN_POINT('',(-15.41446795195,44.445719774948));
#3083 = CARTESIAN_POINT('',(16.527280859095,26.004142500499));
#3084 = CARTESIAN_POINT('',(-15.41446795195,7.562565226051));
#3085 = CARTESIAN_POINT('',(-47.356216763,-10.87901204839));
#3086 = CARTESIAN_POINT('',(-47.356216763,26.004142500499));
#3087 = ( GEOMETRIC_REPRESENTATION_CONTEXT(2) 
PARAMETRIC_REPRESENTATION_CONTEXT() REPRESENTATION_CONTEXT('2D SPACE',''
  ) );
#3088 = PCURVE('',#3089,#3094);
#3089 = PLANE('',#3090);
#3090 = AXIS2_PLACEMENT_3D('',#3091,#3092,#3093);
#3091 = CARTESIAN_POINT('',(8.399977204031,149.36947781395,
    -46.60677015036));
#3092 = DIRECTION('',(0.,0.996191759571,-8.718932367605E-02));
#3093 = DIRECTION('',(-1.,0.,0.));
#3094 = DEFINITIONAL_REPRESENTATION('',(#3095),#3103);
#3095 = ( BOUNDED_CURVE() B_SPLINE_CURVE(2,(#3096,#3097,#3098,#3099,
#3100,#3101,#3102),.UNSPECIFIED.,.T.,.F.) B_SPLINE_CURVE_WITH_KNOTS((1,2
    ,2,2,2,1),(-2.094395102393,0.,2.094395102393,4.188790204786,
6.28318530718,8.377580409573),.UNSPECIFIED.) CURVE() 
GEOMETRIC_REPRESENTATION_ITEM() RATIONAL_B_SPLINE_CURVE((1.,0.5,1.,0.5,
1.,0.5,1.)) REPRESENTATION_ITEM('') );
#3096 = CARTESIAN_POINT('',(-21.29449920736,0.));
#3097 = CARTESIAN_POINT('',(-21.29449920736,36.883154548897));
#3098 = CARTESIAN_POINT('',(10.647249603684,18.441577274448));
#3099 = CARTESIAN_POINT('',(42.588998414736,5.21564805875E-15));
#3100 = CARTESIAN_POINT('',(10.647249603684,-18.44157727444));
#3101 = CARTESIAN_POINT('',(-21.29449920736,-36.88315454889));
#3102 = CARTESIAN_POINT('',(-21.29449920736,0.));
#3103 = ( GEOMETRIC_REPRESENTATION_CONTEXT(2) 
PARAMETRIC_REPRESENTATION_CONTEXT() REPRESENTATION_CONTEXT('2D SPACE',''
  ) );
#3104 = ADVANCED_FACE('',(#3105),#1880,.T.);
#3105 = FACE_BOUND('',#3106,.T.);
#3106 = EDGE_LOOP('',(#3107,#3108,#3109));
#3107 = ORIENTED_EDGE('',*,*,#2992,.T.);
#3108 = ORIENTED_EDGE('',*,*,#1861,.F.);
#3109 = ORIENTED_EDGE('',*,*,#3110,.F.);
#3110 = EDGE_CURVE('',#2993,#1834,#3111,.T.);
#3111 = SURFACE_CURVE('',#3112,(#3116,#3123),.PCURVE_S1.);
#3112 = LINE('',#3113,#3114);
#3113 = CARTESIAN_POINT('',(26.42396,148.38077056827,-57.90340913603));
#3114 = VECTOR('',#3115,1.);
#3115 = DIRECTION('',(-0.847590638314,-4.626707107615E-02,
    -0.528629802392));
#3116 = PCURVE('',#1880,#3117);
#3117 = DEFINITIONAL_REPRESENTATION('',(#3118),#3122);
#3118 = LINE('',#3119,#3120);
#3119 = CARTESIAN_POINT('',(-18.02398279596,-11.33982338443));
#3120 = VECTOR('',#3121,1.);
#3121 = DIRECTION('',(0.847590638314,-0.530650647642));
#3122 = ( GEOMETRIC_REPRESENTATION_CONTEXT(2) 
PARAMETRIC_REPRESENTATION_CONTEXT() REPRESENTATION_CONTEXT('2D SPACE',''
  ) );
#3123 = PCURVE('',#3089,#3124);
#3124 = DEFINITIONAL_REPRESENTATION('',(#3125),#3129);
#3125 = LINE('',#3126,#3127);
#3126 = CARTESIAN_POINT('',(-18.02398279596,-11.33982338443));
#3127 = VECTOR('',#3128,1.);
#3128 = DIRECTION('',(0.847590638314,-0.530650647642));
#3129 = ( GEOMETRIC_REPRESENTATION_CONTEXT(2) 
PARAMETRIC_REPRESENTATION_CONTEXT() REPRESENTATION_CONTEXT('2D SPACE',''
  ) );
#3130 = ADVANCED_FACE('',(#3131),#1937,.T.);
#3131 = FACE_BOUND('',#3132,.F.);
#3132 = EDGE_LOOP('',(#3133,#3154,#3155,#3156));
#3133 = ORIENTED_EDGE('',*,*,#3134,.T.);
#3134 = EDGE_CURVE('',#1901,#2813,#3135,.T.);
#3135 = SURFACE_CURVE('',#3136,(#3140,#3147),.PCURVE_S1.);
#3136 = LINE('',#3137,#3138);
#3137 = CARTESIAN_POINT('',(17.8135,147.70409422722,-65.63485338206));
#3138 = VECTOR('',#3139,1.);
#3139 = DIRECTION('',(-0.896983796339,-3.854321078962E-02,
    -0.440379938244));
#3140 = PCURVE('',#1937,#3141);
#3141 = DEFINITIONAL_REPRESENTATION('',(#3142),#3146);
#3142 = LINE('',#3143,#3144);
#3143 = CARTESIAN_POINT('',(-43.61171629197,14.391771936676));
#3144 = VECTOR('',#3145,1.);
#3145 = DIRECTION('',(0.896983796339,-0.44206342204));
#3146 = ( GEOMETRIC_REPRESENTATION_CONTEXT(2) 
PARAMETRIC_REPRESENTATION_CONTEXT() REPRESENTATION_CONTEXT('2D SPACE',''
  ) );
#3147 = PCURVE('',#3058,#3148);
#3148 = DEFINITIONAL_REPRESENTATION('',(#3149),#3153);
#3149 = LINE('',#3150,#3151);
#3150 = CARTESIAN_POINT('',(-43.61171629197,14.391771936676));
#3151 = VECTOR('',#3152,1.);
#3152 = DIRECTION('',(0.896983796339,-0.44206342204));
#3153 = ( GEOMETRIC_REPRESENTATION_CONTEXT(2) 
PARAMETRIC_REPRESENTATION_CONTEXT() REPRESENTATION_CONTEXT('2D SPACE',''
  ) );
#3154 = ORIENTED_EDGE('',*,*,#2812,.T.);
#3155 = ORIENTED_EDGE('',*,*,#1953,.F.);
#3156 = ORIENTED_EDGE('',*,*,#1923,.T.);
#3157 = ADVANCED_FACE('',(#3158),#2071,.F.);
#3158 = FACE_BOUND('',#3159,.T.);
#3159 = EDGE_LOOP('',(#3160,#3183,#3214));
#3160 = ORIENTED_EDGE('',*,*,#3161,.T.);
#3161 = EDGE_CURVE('',#1980,#3162,#3164,.T.);
#3162 = VERTEX_POINT('',#3163);
#3163 = CARTESIAN_POINT('',(-48.91501721409,142.49085354118,
    -102.2607282753));
#3164 = SURFACE_CURVE('',#3165,(#3169,#3176),.PCURVE_S1.);
#3165 = LINE('',#3166,#3167);
#3166 = CARTESIAN_POINT('',(-57.96395,140.10163138173,-129.5590886454));
#3167 = VECTOR('',#3168,1.);
#3168 = DIRECTION('',(0.313566080943,8.279205058891E-02,0.945950204419)
  );
#3169 = PCURVE('',#2071,#3170);
#3170 = DEFINITIONAL_REPRESENTATION('',(#3171),#3175);
#3171 = LINE('',#3172,#3173);
#3172 = CARTESIAN_POINT('',(19.39534752572,-8.790693358342));
#3173 = VECTOR('',#3174,1.);
#3174 = DIRECTION('',(-0.313566080943,0.949566381504));
#3175 = ( GEOMETRIC_REPRESENTATION_CONTEXT(2) 
PARAMETRIC_REPRESENTATION_CONTEXT() REPRESENTATION_CONTEXT('2D SPACE',''
  ) );
#3176 = PCURVE('',#2102,#3177);
#3177 = DEFINITIONAL_REPRESENTATION('',(#3178),#3182);
#3178 = LINE('',#3179,#3180);
#3179 = CARTESIAN_POINT('',(19.39534752572,-8.790693358342));
#3180 = VECTOR('',#3181,1.);
#3181 = DIRECTION('',(-0.313566080943,0.949566381504));
#3182 = ( GEOMETRIC_REPRESENTATION_CONTEXT(2) 
PARAMETRIC_REPRESENTATION_CONTEXT() REPRESENTATION_CONTEXT('2D SPACE',''
  ) );
#3183 = ORIENTED_EDGE('',*,*,#3184,.T.);
#3184 = EDGE_CURVE('',#3162,#2025,#3185,.T.);
#3185 = SURFACE_CURVE('',#3186,(#3191,#3202),.PCURVE_S1.);
#3186 = CIRCLE('',#3187,21.294499207368);
#3187 = AXIS2_PLACEMENT_3D('',#3188,#3189,#3190);
#3188 = CARTESIAN_POINT('',(-38.56860247428,140.86808170448,
    -120.8018719858));
#3189 = DIRECTION('',(0.,-0.996191759571,8.718932367605E-02));
#3190 = DIRECTION('',(1.,0.,0.));
#3191 = PCURVE('',#2071,#3192);
#3192 = DEFINITIONAL_REPRESENTATION('',(#3193),#3201);
#3193 = ( BOUNDED_CURVE() B_SPLINE_CURVE(2,(#3194,#3195,#3196,#3197,
#3198,#3199,#3200),.UNSPECIFIED.,.T.,.F.) B_SPLINE_CURVE_WITH_KNOTS((1,2
    ,2,2,2,1),(-2.094395102393,0.,2.094395102393,4.188790204786,
6.28318530718,8.377580409573),.UNSPECIFIED.) CURVE() 
GEOMETRIC_REPRESENTATION_ITEM() RATIONAL_B_SPLINE_CURVE((1.,0.5,1.,0.5,
1.,0.5,1.)) REPRESENTATION_ITEM('') );
#3194 = CARTESIAN_POINT('',(-21.29449920736,0.));
#3195 = CARTESIAN_POINT('',(-21.29449920736,36.883154548897));
#3196 = CARTESIAN_POINT('',(10.647249603684,18.441577274448));
#3197 = CARTESIAN_POINT('',(42.588998414736,5.21564805875E-15));
#3198 = CARTESIAN_POINT('',(10.647249603684,-18.44157727444));
#3199 = CARTESIAN_POINT('',(-21.29449920736,-36.88315454889));
#3200 = CARTESIAN_POINT('',(-21.29449920736,0.));
#3201 = ( GEOMETRIC_REPRESENTATION_CONTEXT(2) 
PARAMETRIC_REPRESENTATION_CONTEXT() REPRESENTATION_CONTEXT('2D SPACE',''
  ) );
#3202 = PCURVE('',#3203,#3208);
#3203 = PLANE('',#3204);
#3204 = AXIS2_PLACEMENT_3D('',#3205,#3206,#3207);
#3205 = CARTESIAN_POINT('',(-56.7000867835,142.98530000944,
    -96.61139730956));
#3206 = DIRECTION('',(0.,-0.996191759571,8.718932367605E-02));
#3207 = DIRECTION('',(1.,0.,0.));
#3208 = DEFINITIONAL_REPRESENTATION('',(#3209),#3213);
#3209 = CIRCLE('',#3210,21.294499207368);
#3210 = AXIS2_PLACEMENT_2D('',#3211,#3212);
#3211 = CARTESIAN_POINT('',(18.13148430922,-24.28295036466));
#3212 = DIRECTION('',(1.,0.));
#3213 = ( GEOMETRIC_REPRESENTATION_CONTEXT(2) 
PARAMETRIC_REPRESENTATION_CONTEXT() REPRESENTATION_CONTEXT('2D SPACE',''
  ) );
#3214 = ORIENTED_EDGE('',*,*,#2057,.F.);
#3215 = ADVANCED_FACE('',(#3216),#2045,.T.);
#3216 = FACE_BOUND('',#3217,.T.);
#3217 = EDGE_LOOP('',(#3218,#3219,#3242,#3273));
#3218 = ORIENTED_EDGE('',*,*,#2024,.F.);
#3219 = ORIENTED_EDGE('',*,*,#3220,.T.);
#3220 = EDGE_CURVE('',#2025,#3221,#3223,.T.);
#3221 = VERTEX_POINT('',#3222);
#3222 = CARTESIAN_POINT('',(-49.65608573519,142.81807219234,
    -98.52205351427));
#3223 = SURFACE_CURVE('',#3224,(#3228,#3235),.PCURVE_S1.);
#3224 = LINE('',#3225,#3226);
#3225 = CARTESIAN_POINT('',(-56.59259,141.85679780577,-109.5052305055));
#3226 = VECTOR('',#3227,1.);
#3227 = DIRECTION('',(0.532523775277,7.379835534144E-02,0.843191693219)
  );
#3228 = PCURVE('',#2045,#3229);
#3229 = DEFINITIONAL_REPRESENTATION('',(#3230),#3234);
#3230 = LINE('',#3231,#3232);
#3231 = CARTESIAN_POINT('',(0.1074967835,-12.94312372298));
#3232 = VECTOR('',#3233,1.);
#3233 = DIRECTION('',(0.532523775277,0.846415045214));
#3234 = ( GEOMETRIC_REPRESENTATION_CONTEXT(2) 
PARAMETRIC_REPRESENTATION_CONTEXT() REPRESENTATION_CONTEXT('2D SPACE',''
  ) );
#3235 = PCURVE('',#3203,#3236);
#3236 = DEFINITIONAL_REPRESENTATION('',(#3237),#3241);
#3237 = LINE('',#3238,#3239);
#3238 = CARTESIAN_POINT('',(0.1074967835,-12.94312372298));
#3239 = VECTOR('',#3240,1.);
#3240 = DIRECTION('',(0.532523775277,0.846415045214));
#3241 = ( GEOMETRIC_REPRESENTATION_CONTEXT(2) 
PARAMETRIC_REPRESENTATION_CONTEXT() REPRESENTATION_CONTEXT('2D SPACE',''
  ) );
#3242 = ORIENTED_EDGE('',*,*,#3243,.F.);
#3243 = EDGE_CURVE('',#2229,#3221,#3244,.T.);
#3244 = SURFACE_CURVE('',#3245,(#3250,#3257),.PCURVE_S1.);
#3245 = CIRCLE('',#3246,21.294499207368);
#3246 = AXIS2_PLACEMENT_3D('',#3247,#3248,#3249);
#3247 = CARTESIAN_POINT('',(-57.65069841701,144.53890959687,
    -78.86040090856));
#3248 = DIRECTION('',(0.,-0.996191759571,8.718932367605E-02));
#3249 = DIRECTION('',(1.,0.,0.));
#3250 = PCURVE('',#2045,#3251);
#3251 = DEFINITIONAL_REPRESENTATION('',(#3252),#3256);
#3252 = CIRCLE('',#3253,21.294499207368);
#3253 = AXIS2_PLACEMENT_2D('',#3254,#3255);
#3254 = CARTESIAN_POINT('',(-0.95061163351,17.818854508033));
#3255 = DIRECTION('',(1.,0.));
#3256 = ( GEOMETRIC_REPRESENTATION_CONTEXT(2) 
PARAMETRIC_REPRESENTATION_CONTEXT() REPRESENTATION_CONTEXT('2D SPACE',''
  ) );
#3257 = PCURVE('',#3258,#3263);
#3258 = PLANE('',#3259);
#3259 = AXIS2_PLACEMENT_3D('',#3260,#3261,#3262);
#3260 = CARTESIAN_POINT('',(-57.65069841701,144.53890959687,
    -78.86040090856));
#3261 = DIRECTION('',(0.,0.996191759571,-8.718932367605E-02));
#3262 = DIRECTION('',(-1.,0.,0.));
#3263 = DEFINITIONAL_REPRESENTATION('',(#3264),#3272);
#3264 = ( BOUNDED_CURVE() B_SPLINE_CURVE(2,(#3265,#3266,#3267,#3268,
#3269,#3270,#3271),.UNSPECIFIED.,.T.,.F.) B_SPLINE_CURVE_WITH_KNOTS((1,2
    ,2,2,2,1),(-2.094395102393,0.,2.094395102393,4.188790204786,
6.28318530718,8.377580409573),.UNSPECIFIED.) CURVE() 
GEOMETRIC_REPRESENTATION_ITEM() RATIONAL_B_SPLINE_CURVE((1.,0.5,1.,0.5,
1.,0.5,1.)) REPRESENTATION_ITEM('') );
#3265 = CARTESIAN_POINT('',(-21.29449920736,0.));
#3266 = CARTESIAN_POINT('',(-21.29449920736,36.883154548897));
#3267 = CARTESIAN_POINT('',(10.647249603684,18.441577274448));
#3268 = CARTESIAN_POINT('',(42.588998414736,5.21564805875E-15));
#3269 = CARTESIAN_POINT('',(10.647249603684,-18.44157727444));
#3270 = CARTESIAN_POINT('',(-21.29449920736,-36.88315454889));
#3271 = CARTESIAN_POINT('',(-21.29449920736,0.));
#3272 = ( GEOMETRIC_REPRESENTATION_CONTEXT(2) 
PARAMETRIC_REPRESENTATION_CONTEXT() REPRESENTATION_CONTEXT('2D SPACE',''
  ) );
#3273 = ORIENTED_EDGE('',*,*,#2329,.T.);
#3274 = ADVANCED_FACE('',(#3275),#2102,.F.);
#3275 = FACE_BOUND('',#3276,.F.);
#3276 = EDGE_LOOP('',(#3277,#3305,#3306,#3307,#3340,#3363));
#3277 = ORIENTED_EDGE('',*,*,#3278,.F.);
#3278 = EDGE_CURVE('',#2087,#3279,#3281,.T.);
#3279 = VERTEX_POINT('',#3280);
#3280 = CARTESIAN_POINT('',(-39.52176356635,141.05144601061,
    -118.7068711199));
#3281 = SURFACE_CURVE('',#3282,(#3286,#3293),.PCURVE_S1.);
#3282 = LINE('',#3283,#3284);
#3283 = CARTESIAN_POINT('',(-38.5686,140.86808569747,-120.8018757064));
#3284 = VECTOR('',#3285,1.);
#3285 = DIRECTION('',(-0.412815044182,7.941333307827E-02,0.907346274487)
  );
#3286 = PCURVE('',#2102,#3287);
#3287 = DEFINITIONAL_REPRESENTATION('',(#3288),#3292);
#3288 = LINE('',#3289,#3290);
#3289 = CARTESIAN_POINT('',(-2.474279995113E-06,-3.358284954775E-06));
#3290 = VECTOR('',#3291,1.);
#3291 = DIRECTION('',(0.412815044182,0.910814876524));
#3292 = ( GEOMETRIC_REPRESENTATION_CONTEXT(2) 
PARAMETRIC_REPRESENTATION_CONTEXT() REPRESENTATION_CONTEXT('2D SPACE',''
  ) );
#3293 = PCURVE('',#3294,#3299);
#3294 = PLANE('',#3295);
#3295 = AXIS2_PLACEMENT_3D('',#3296,#3297,#3298);
#3296 = CARTESIAN_POINT('',(-25.79821629197,144.45690184642,
    -79.79743934365));
#3297 = DIRECTION('',(0.,-0.996191759571,8.718932367605E-02));
#3298 = DIRECTION('',(1.,0.,0.));
#3299 = DEFINITIONAL_REPRESENTATION('',(#3300),#3304);
#3300 = LINE('',#3301,#3302);
#3301 = CARTESIAN_POINT('',(-12.77038370803,-41.16118806324));
#3302 = VECTOR('',#3303,1.);
#3303 = DIRECTION('',(-0.412815044182,0.910814876524));
#3304 = ( GEOMETRIC_REPRESENTATION_CONTEXT(2) 
PARAMETRIC_REPRESENTATION_CONTEXT() REPRESENTATION_CONTEXT('2D SPACE',''
  ) );
#3305 = ORIENTED_EDGE('',*,*,#2086,.T.);
#3306 = ORIENTED_EDGE('',*,*,#3161,.T.);
#3307 = ORIENTED_EDGE('',*,*,#3308,.F.);
#3308 = EDGE_CURVE('',#3309,#3162,#3311,.T.);
#3309 = VERTEX_POINT('',#3310);
#3310 = CARTESIAN_POINT('',(-47.35929131552,142.55915103688,
    -101.4803872938));
#3311 = SURFACE_CURVE('',#3312,(#3317,#3328),.PCURVE_S1.);
#3312 = CIRCLE('',#3313,21.294499207368);
#3313 = AXIS2_PLACEMENT_3D('',#3314,#3315,#3316);
#3314 = CARTESIAN_POINT('',(-38.56860247428,140.86808170448,
    -120.8018719858));
#3315 = DIRECTION('',(0.,-0.996191759571,8.718932367605E-02));
#3316 = DIRECTION('',(1.,0.,0.));
#3317 = PCURVE('',#2102,#3318);
#3318 = DEFINITIONAL_REPRESENTATION('',(#3319),#3327);
#3319 = ( BOUNDED_CURVE() B_SPLINE_CURVE(2,(#3320,#3321,#3322,#3323,
#3324,#3325,#3326),.UNSPECIFIED.,.T.,.F.) B_SPLINE_CURVE_WITH_KNOTS((1,2
    ,2,2,2,1),(-2.094395102393,0.,2.094395102393,4.188790204786,
6.28318530718,8.377580409573),.UNSPECIFIED.) CURVE() 
GEOMETRIC_REPRESENTATION_ITEM() RATIONAL_B_SPLINE_CURVE((1.,0.5,1.,0.5,
1.,0.5,1.)) REPRESENTATION_ITEM('') );
#3320 = CARTESIAN_POINT('',(-21.29449920736,0.));
#3321 = CARTESIAN_POINT('',(-21.29449920736,36.883154548897));
#3322 = CARTESIAN_POINT('',(10.647249603684,18.441577274448));
#3323 = CARTESIAN_POINT('',(42.588998414736,5.21564805875E-15));
#3324 = CARTESIAN_POINT('',(10.647249603684,-18.44157727444));
#3325 = CARTESIAN_POINT('',(-21.29449920736,-36.88315454889));
#3326 = CARTESIAN_POINT('',(-21.29449920736,0.));
#3327 = ( GEOMETRIC_REPRESENTATION_CONTEXT(2) 
PARAMETRIC_REPRESENTATION_CONTEXT() REPRESENTATION_CONTEXT('2D SPACE',''
  ) );
#3328 = PCURVE('',#3329,#3334);
#3329 = PLANE('',#3330);
#3330 = AXIS2_PLACEMENT_3D('',#3331,#3332,#3333);
#3331 = CARTESIAN_POINT('',(-39.51921649559,142.42169978971,
    -103.0508771783));
#3332 = DIRECTION('',(0.,-0.996191759571,8.718932367605E-02));
#3333 = DIRECTION('',(1.,0.,0.));
#3334 = DEFINITIONAL_REPRESENTATION('',(#3335),#3339);
#3335 = CIRCLE('',#3336,21.294499207368);
#3336 = AXIS2_PLACEMENT_2D('',#3337,#3338);
#3337 = CARTESIAN_POINT('',(0.95061402131,-17.81885366151));
#3338 = DIRECTION('',(1.,0.));
#3339 = ( GEOMETRIC_REPRESENTATION_CONTEXT(2) 
PARAMETRIC_REPRESENTATION_CONTEXT() REPRESENTATION_CONTEXT('2D SPACE',''
  ) );
#3340 = ORIENTED_EDGE('',*,*,#3341,.F.);
#3341 = EDGE_CURVE('',#3342,#3309,#3344,.T.);
#3342 = VERTEX_POINT('',#3343);
#3343 = CARTESIAN_POINT('',(-40.81530530267,141.30028495726,
    -115.8637327899));
#3344 = SURFACE_CURVE('',#3345,(#3349,#3356),.PCURVE_S1.);
#3345 = LINE('',#3346,#3347);
#3346 = CARTESIAN_POINT('',(-38.5686,140.86808569747,-120.8018757064));
#3347 = VECTOR('',#3348,1.);
#3348 = DIRECTION('',(-0.412815044182,7.941333307827E-02,0.907346274487)
  );
#3349 = PCURVE('',#2102,#3350);
#3350 = DEFINITIONAL_REPRESENTATION('',(#3351),#3355);
#3351 = LINE('',#3352,#3353);
#3352 = CARTESIAN_POINT('',(-2.474279995113E-06,-3.358284954775E-06));
#3353 = VECTOR('',#3354,1.);
#3354 = DIRECTION('',(0.412815044182,0.910814876524));
#3355 = ( GEOMETRIC_REPRESENTATION_CONTEXT(2) 
PARAMETRIC_REPRESENTATION_CONTEXT() REPRESENTATION_CONTEXT('2D SPACE',''
  ) );
#3356 = PCURVE('',#3294,#3357);
#3357 = DEFINITIONAL_REPRESENTATION('',(#3358),#3362);
#3358 = LINE('',#3359,#3360);
#3359 = CARTESIAN_POINT('',(-12.77038370803,-41.16118806324));
#3360 = VECTOR('',#3361,1.);
#3361 = DIRECTION('',(-0.412815044182,0.910814876524));
#3362 = ( GEOMETRIC_REPRESENTATION_CONTEXT(2) 
PARAMETRIC_REPRESENTATION_CONTEXT() REPRESENTATION_CONTEXT('2D SPACE',''
  ) );
#3363 = ORIENTED_EDGE('',*,*,#3364,.F.);
#3364 = EDGE_CURVE('',#3279,#3342,#3365,.T.);
#3365 = SURFACE_CURVE('',#3366,(#3371,#3378),.PCURVE_S1.);
#3366 = CIRCLE('',#3367,2.025);
#3367 = AXIS2_PLACEMENT_3D('',#3368,#3369,#3370);
#3368 = CARTESIAN_POINT('',(-39.,141.22203867763,-116.7576954165));
#3369 = DIRECTION('',(0.,0.996191759571,-8.718932367606E-02));
#3370 = DIRECTION('',(1.,0.,0.));
#3371 = PCURVE('',#2102,#3372);
#3372 = DEFINITIONAL_REPRESENTATION('',(#3373),#3377);
#3373 = CIRCLE('',#3374,2.025);
#3374 = AXIS2_PLACEMENT_2D('',#3375,#3376);
#3375 = CARTESIAN_POINT('',(0.43139752572,4.059636641686));
#3376 = DIRECTION('',(-1.,0.));
#3377 = ( GEOMETRIC_REPRESENTATION_CONTEXT(2) 
PARAMETRIC_REPRESENTATION_CONTEXT() REPRESENTATION_CONTEXT('2D SPACE',''
  ) );
#3378 = PCURVE('',#2916,#3379);
#3379 = DEFINITIONAL_REPRESENTATION('',(#3380),#3384);
#3380 = LINE('',#3381,#3382);
#3381 = CARTESIAN_POINT('',(-4.138911435803E-13,9.999999998725E-03));
#3382 = VECTOR('',#3383,1.);
#3383 = DIRECTION('',(1.,-0.));
#3384 = ( GEOMETRIC_REPRESENTATION_CONTEXT(2) 
PARAMETRIC_REPRESENTATION_CONTEXT() REPRESENTATION_CONTEXT('2D SPACE',''
  ) );
#3385 = ADVANCED_FACE('',(#3386),#2211,.F.);
#3386 = FACE_BOUND('',#3387,.T.);
#3387 = EDGE_LOOP('',(#3388,#3411,#3412));
#3388 = ORIENTED_EDGE('',*,*,#3389,.T.);
#3389 = EDGE_CURVE('',#3390,#2087,#3392,.T.);
#3390 = VERTEX_POINT('',#3391);
#3391 = CARTESIAN_POINT('',(-27.22877207737,142.43958268643,
    -102.8465293901));
#3392 = SURFACE_CURVE('',#3393,(#3397,#3404),.PCURVE_S1.);
#3393 = LINE('',#3394,#3395);
#3394 = CARTESIAN_POINT('',(8.39998,147.37709828554,-46.43239524966));
#3395 = VECTOR('',#3396,1.);
#3396 = DIRECTION('',(-0.532523775277,-7.379835534144E-02,
    -0.843191693219));
#3397 = PCURVE('',#2211,#3398);
#3398 = DEFINITIONAL_REPRESENTATION('',(#3399),#3403);
#3399 = LINE('',#3400,#3401);
#3400 = CARTESIAN_POINT('',(-46.96858247428,74.653776641639));
#3401 = VECTOR('',#3402,1.);
#3402 = DIRECTION('',(0.532523775277,-0.846415045214));
#3403 = ( GEOMETRIC_REPRESENTATION_CONTEXT(2) 
PARAMETRIC_REPRESENTATION_CONTEXT() REPRESENTATION_CONTEXT('2D SPACE',''
  ) );
#3404 = PCURVE('',#3294,#3405);
#3405 = DEFINITIONAL_REPRESENTATION('',(#3406),#3410);
#3406 = LINE('',#3407,#3408);
#3407 = CARTESIAN_POINT('',(34.19819629197,33.49259193668));
#3408 = VECTOR('',#3409,1.);
#3409 = DIRECTION('',(-0.532523775277,-0.846415045214));
#3410 = ( GEOMETRIC_REPRESENTATION_CONTEXT(2) 
PARAMETRIC_REPRESENTATION_CONTEXT() REPRESENTATION_CONTEXT('2D SPACE',''
  ) );
#3411 = ORIENTED_EDGE('',*,*,#2197,.F.);
#3412 = ORIENTED_EDGE('',*,*,#3413,.T.);
#3413 = EDGE_CURVE('',#2167,#3390,#3414,.T.);
#3414 = SURFACE_CURVE('',#3415,(#3420,#3431),.PCURVE_S1.);
#3415 = CIRCLE('',#3416,21.294499207368);
#3416 = AXIS2_PLACEMENT_3D('',#3417,#3418,#3419);
#3417 = CARTESIAN_POINT('',(-38.56860247428,140.86808170448,
    -120.8018719858));
#3418 = DIRECTION('',(0.,-0.996191759571,8.718932367605E-02));
#3419 = DIRECTION('',(1.,0.,0.));
#3420 = PCURVE('',#2211,#3421);
#3421 = DEFINITIONAL_REPRESENTATION('',(#3422),#3430);
#3422 = ( BOUNDED_CURVE() B_SPLINE_CURVE(2,(#3423,#3424,#3425,#3426,
#3427,#3428,#3429),.UNSPECIFIED.,.T.,.F.) B_SPLINE_CURVE_WITH_KNOTS((1,2
    ,2,2,2,1),(-2.094395102393,0.,2.094395102393,4.188790204786,
6.28318530718,8.377580409573),.UNSPECIFIED.) CURVE() 
GEOMETRIC_REPRESENTATION_ITEM() RATIONAL_B_SPLINE_CURVE((1.,0.5,1.,0.5,
1.,0.5,1.)) REPRESENTATION_ITEM('') );
#3423 = CARTESIAN_POINT('',(-21.29449920736,0.));
#3424 = CARTESIAN_POINT('',(-21.29449920736,36.883154548897));
#3425 = CARTESIAN_POINT('',(10.647249603684,18.441577274448));
#3426 = CARTESIAN_POINT('',(42.588998414736,5.21564805875E-15));
#3427 = CARTESIAN_POINT('',(10.647249603684,-18.44157727444));
#3428 = CARTESIAN_POINT('',(-21.29449920736,-36.88315454889));
#3429 = CARTESIAN_POINT('',(-21.29449920736,0.));
#3430 = ( GEOMETRIC_REPRESENTATION_CONTEXT(2) 
PARAMETRIC_REPRESENTATION_CONTEXT() REPRESENTATION_CONTEXT('2D SPACE',''
  ) );
#3431 = PCURVE('',#2417,#3432);
#3432 = DEFINITIONAL_REPRESENTATION('',(#3433),#3437);
#3433 = CIRCLE('',#3434,21.294499207368);
#3434 = AXIS2_PLACEMENT_2D('',#3435,#3436);
#3435 = CARTESIAN_POINT('',(0.95061402131,-17.81885366151));
#3436 = DIRECTION('',(1.,0.));
#3437 = ( GEOMETRIC_REPRESENTATION_CONTEXT(2) 
PARAMETRIC_REPRESENTATION_CONTEXT() REPRESENTATION_CONTEXT('2D SPACE',''
  ) );
#3438 = ADVANCED_FACE('',(#3439),#2243,.T.);
#3439 = FACE_BOUND('',#3440,.T.);
#3440 = EDGE_LOOP('',(#3441,#3442,#3470,#3498));
#3441 = ORIENTED_EDGE('',*,*,#2226,.T.);
#3442 = ORIENTED_EDGE('',*,*,#3443,.F.);
#3443 = EDGE_CURVE('',#3444,#2229,#3446,.T.);
#3444 = VERTEX_POINT('',#3445);
#3445 = CARTESIAN_POINT('',(-77.04605,143.77245972117,-87.6176124604));
#3446 = SURFACE_CURVE('',#3447,(#3452,#3459),.PCURVE_S1.);
#3447 = CIRCLE('',#3448,21.294499207368);
#3448 = AXIS2_PLACEMENT_3D('',#3449,#3450,#3451);
#3449 = CARTESIAN_POINT('',(-57.65069841701,144.53890959687,
    -78.86040090856));
#3450 = DIRECTION('',(0.,-0.996191759571,8.718932367605E-02));
#3451 = DIRECTION('',(1.,0.,0.));
#3452 = PCURVE('',#2243,#3453);
#3453 = DEFINITIONAL_REPRESENTATION('',(#3454),#3458);
#3454 = CIRCLE('',#3455,21.294499207368);
#3455 = AXIS2_PLACEMENT_2D('',#3456,#3457);
#3456 = CARTESIAN_POINT('',(-0.95061163351,17.818854508033));
#3457 = DIRECTION('',(1.,0.));
#3458 = ( GEOMETRIC_REPRESENTATION_CONTEXT(2) 
PARAMETRIC_REPRESENTATION_CONTEXT() REPRESENTATION_CONTEXT('2D SPACE',''
  ) );
#3459 = PCURVE('',#3258,#3460);
#3460 = DEFINITIONAL_REPRESENTATION('',(#3461),#3469);
#3461 = ( BOUNDED_CURVE() B_SPLINE_CURVE(2,(#3462,#3463,#3464,#3465,
#3466,#3467,#3468),.UNSPECIFIED.,.T.,.F.) B_SPLINE_CURVE_WITH_KNOTS((1,2
    ,2,2,2,1),(-2.094395102393,0.,2.094395102393,4.188790204786,
6.28318530718,8.377580409573),.UNSPECIFIED.) CURVE() 
GEOMETRIC_REPRESENTATION_ITEM() RATIONAL_B_SPLINE_CURVE((1.,0.5,1.,0.5,
1.,0.5,1.)) REPRESENTATION_ITEM('') );
#3462 = CARTESIAN_POINT('',(-21.29449920736,0.));
#3463 = CARTESIAN_POINT('',(-21.29449920736,36.883154548897));
#3464 = CARTESIAN_POINT('',(10.647249603684,18.441577274448));
#3465 = CARTESIAN_POINT('',(42.588998414736,5.21564805875E-15));
#3466 = CARTESIAN_POINT('',(10.647249603684,-18.44157727444));
#3467 = CARTESIAN_POINT('',(-21.29449920736,-36.88315454889));
#3468 = CARTESIAN_POINT('',(-21.29449920736,0.));
#3469 = ( GEOMETRIC_REPRESENTATION_CONTEXT(2) 
PARAMETRIC_REPRESENTATION_CONTEXT() REPRESENTATION_CONTEXT('2D SPACE',''
  ) );
#3470 = ORIENTED_EDGE('',*,*,#3471,.F.);
#3471 = EDGE_CURVE('',#3472,#3444,#3474,.T.);
#3472 = VERTEX_POINT('',#3473);
#3473 = CARTESIAN_POINT('',(-76.28148198522,143.62537958135,
    -89.29809370631));
#3474 = SURFACE_CURVE('',#3475,(#3479,#3486),.PCURVE_S1.);
#3475 = LINE('',#3476,#3477);
#3476 = CARTESIAN_POINT('',(-57.96395,140.10163138173,-129.5590886454));
#3477 = VECTOR('',#3478,1.);
#3478 = DIRECTION('',(-0.412815044182,7.941333307827E-02,0.907346274487)
  );
#3479 = PCURVE('',#2243,#3480);
#3480 = DEFINITIONAL_REPRESENTATION('',(#3481),#3485);
#3481 = LINE('',#3482,#3483);
#3482 = CARTESIAN_POINT('',(-1.2638632165,-33.073643723));
#3483 = VECTOR('',#3484,1.);
#3484 = DIRECTION('',(-0.412815044182,0.910814876524));
#3485 = ( GEOMETRIC_REPRESENTATION_CONTEXT(2) 
PARAMETRIC_REPRESENTATION_CONTEXT() REPRESENTATION_CONTEXT('2D SPACE',''
  ) );
#3486 = PCURVE('',#3487,#3492);
#3487 = PLANE('',#3488);
#3488 = AXIS2_PLACEMENT_3D('',#3489,#3490,#3491);
#3489 = CARTESIAN_POINT('',(-67.30305573347,142.4070639446,
    -109.076751015));
#3490 = DIRECTION('',(-0.910814876524,-3.599306450556E-02,
    -0.411242945241));
#3491 = DIRECTION('',(-0.412815044182,7.94133330782E-02,0.907346274488)
  );
#3492 = DEFINITIONAL_REPRESENTATION('',(#3493),#3497);
#3493 = LINE('',#3494,#3495);
#3494 = CARTESIAN_POINT('',(-22.62297817172,-0.510811756078));
#3495 = VECTOR('',#3496,1.);
#3496 = DIRECTION('',(1.,7.720213357487E-14));
#3497 = ( GEOMETRIC_REPRESENTATION_CONTEXT(2) 
PARAMETRIC_REPRESENTATION_CONTEXT() REPRESENTATION_CONTEXT('2D SPACE',''
  ) );
#3498 = ORIENTED_EDGE('',*,*,#3499,.T.);
#3499 = EDGE_CURVE('',#3472,#2227,#3500,.T.);
#3500 = SURFACE_CURVE('',#3501,(#3506,#3513),.PCURVE_S1.);
#3501 = CIRCLE('',#3502,21.294499207368);
#3502 = AXIS2_PLACEMENT_3D('',#3503,#3504,#3505);
#3503 = CARTESIAN_POINT('',(-58.03234033587,144.58217873141,
    -78.36607372184));
#3504 = DIRECTION('',(6.938893903907E-18,-0.996191759571,
    8.718932367607E-02));
#3505 = DIRECTION('',(-0.442063501928,7.820740711838E-02,0.89356782716)
  );
#3506 = PCURVE('',#2243,#3507);
#3507 = DEFINITIONAL_REPRESENTATION('',(#3508),#3512);
#3508 = CIRCLE('',#3509,21.294499207368);
#3509 = AXIS2_PLACEMENT_2D('',#3510,#3511);
#3510 = CARTESIAN_POINT('',(-1.33225355237,18.315071784548));
#3511 = DIRECTION('',(-0.442063501928,0.896983756967));
#3512 = ( GEOMETRIC_REPRESENTATION_CONTEXT(2) 
PARAMETRIC_REPRESENTATION_CONTEXT() REPRESENTATION_CONTEXT('2D SPACE',''
  ) );
#3513 = PCURVE('',#2270,#3514);
#3514 = DEFINITIONAL_REPRESENTATION('',(#3515),#3519);
#3515 = LINE('',#3516,#3517);
#3516 = CARTESIAN_POINT('',(-6.938893903907E-18,-2.000004302188));
#3517 = VECTOR('',#3518,1.);
#3518 = DIRECTION('',(1.,0.));
#3519 = ( GEOMETRIC_REPRESENTATION_CONTEXT(2) 
PARAMETRIC_REPRESENTATION_CONTEXT() REPRESENTATION_CONTEXT('2D SPACE',''
  ) );
#3520 = ADVANCED_FACE('',(#3521),#2296,.T.);
#3521 = FACE_BOUND('',#3522,.T.);
#3522 = EDGE_LOOP('',(#3523,#3551,#3579,#3609));
#3523 = ORIENTED_EDGE('',*,*,#3524,.F.);
#3524 = EDGE_CURVE('',#3525,#2255,#3527,.T.);
#3525 = VERTEX_POINT('',#3526);
#3526 = CARTESIAN_POINT('',(-76.28148198512,145.61776310047,
    -89.47247235382));
#3527 = SURFACE_CURVE('',#3528,(#3533,#3544),.PCURVE_S1.);
#3528 = CIRCLE('',#3529,21.294499207368);
#3529 = AXIS2_PLACEMENT_3D('',#3530,#3531,#3532);
#3530 = CARTESIAN_POINT('',(-58.03234033587,146.57456225055,
    -78.54045236919));
#3531 = DIRECTION('',(6.938893903907E-18,-0.996191759571,
    8.718932367607E-02));
#3532 = DIRECTION('',(-0.442063501928,7.820740711838E-02,0.89356782716)
  );
#3533 = PCURVE('',#2296,#3534);
#3534 = DEFINITIONAL_REPRESENTATION('',(#3535),#3543);
#3535 = ( BOUNDED_CURVE() B_SPLINE_CURVE(2,(#3536,#3537,#3538,#3539,
#3540,#3541,#3542),.UNSPECIFIED.,.T.,.F.) B_SPLINE_CURVE_WITH_KNOTS((1,2
    ,2,2,2,1),(-2.094395102393,0.,2.094395102393,4.188790204786,
6.28318530718,8.377580409573),.UNSPECIFIED.) CURVE() 
GEOMETRIC_REPRESENTATION_ITEM() RATIONAL_B_SPLINE_CURVE((1.,0.5,1.,0.5,
1.,0.5,1.)) REPRESENTATION_ITEM('') );
#3536 = CARTESIAN_POINT('',(10.745774443792,37.415891686304));
#3537 = CARTESIAN_POINT('',(43.829364979859,21.11119522425));
#3538 = CARTESIAN_POINT('',(13.167288374693,0.612313602641));
#3539 = CARTESIAN_POINT('',(-17.49478823047,-19.88656801896));
#3540 = CARTESIAN_POINT('',(-19.91630216137,16.917010064695));
#3541 = CARTESIAN_POINT('',(-22.33781609227,53.720588148358));
#3542 = CARTESIAN_POINT('',(10.745774443792,37.415891686304));
#3543 = ( GEOMETRIC_REPRESENTATION_CONTEXT(2) 
PARAMETRIC_REPRESENTATION_CONTEXT() REPRESENTATION_CONTEXT('2D SPACE',''
  ) );
#3544 = PCURVE('',#2270,#3545);
#3545 = DEFINITIONAL_REPRESENTATION('',(#3546),#3550);
#3546 = LINE('',#3547,#3548);
#3547 = CARTESIAN_POINT('',(-6.938893903907E-18,-4.000004302186));
#3548 = VECTOR('',#3549,1.);
#3549 = DIRECTION('',(1.,0.));
#3550 = ( GEOMETRIC_REPRESENTATION_CONTEXT(2) 
PARAMETRIC_REPRESENTATION_CONTEXT() REPRESENTATION_CONTEXT('2D SPACE',''
  ) );
#3551 = ORIENTED_EDGE('',*,*,#3552,.T.);
#3552 = EDGE_CURVE('',#3525,#3553,#3555,.T.);
#3553 = VERTEX_POINT('',#3554);
#3554 = CARTESIAN_POINT('',(-77.04605,145.76484324031,-87.79199110776));
#3555 = SURFACE_CURVE('',#3556,(#3560,#3567),.PCURVE_S1.);
#3556 = LINE('',#3557,#3558);
#3557 = CARTESIAN_POINT('',(-57.96395,142.09401490087,-129.7334672927));
#3558 = VECTOR('',#3559,1.);
#3559 = DIRECTION('',(-0.412815044182,7.941333307827E-02,0.907346274487)
  );
#3560 = PCURVE('',#2296,#3561);
#3561 = DEFINITIONAL_REPRESENTATION('',(#3562),#3566);
#3562 = LINE('',#3563,#3564);
#3563 = CARTESIAN_POINT('',(1.2638632165,-33.07364372295));
#3564 = VECTOR('',#3565,1.);
#3565 = DIRECTION('',(0.412815044182,0.910814876524));
#3566 = ( GEOMETRIC_REPRESENTATION_CONTEXT(2) 
PARAMETRIC_REPRESENTATION_CONTEXT() REPRESENTATION_CONTEXT('2D SPACE',''
  ) );
#3567 = PCURVE('',#3568,#3573);
#3568 = PLANE('',#3569);
#3569 = AXIS2_PLACEMENT_3D('',#3570,#3571,#3572);
#3570 = CARTESIAN_POINT('',(-67.70694426652,143.45941067743,
    -108.274328738));
#3571 = DIRECTION('',(-0.910814876524,-3.599306450555E-02,
    -0.411242945241));
#3572 = DIRECTION('',(-0.412815044182,7.94133330782E-02,0.907346274488)
  );
#3573 = DEFINITIONAL_REPRESENTATION('',(#3574),#3578);
#3574 = LINE('',#3575,#3576);
#3575 = CARTESIAN_POINT('',(-23.6013546595,0.510811756093));
#3576 = VECTOR('',#3577,1.);
#3577 = DIRECTION('',(1.,7.718825578706E-14));
#3578 = ( GEOMETRIC_REPRESENTATION_CONTEXT(2) 
PARAMETRIC_REPRESENTATION_CONTEXT() REPRESENTATION_CONTEXT('2D SPACE',''
  ) );
#3579 = ORIENTED_EDGE('',*,*,#3580,.T.);
#3580 = EDGE_CURVE('',#3553,#2282,#3581,.T.);
#3581 = SURFACE_CURVE('',#3582,(#3587,#3598),.PCURVE_S1.);
#3582 = CIRCLE('',#3583,21.294499207368);
#3583 = AXIS2_PLACEMENT_3D('',#3584,#3585,#3586);
#3584 = CARTESIAN_POINT('',(-57.65069841701,146.53129311601,
    -79.03477955592));
#3585 = DIRECTION('',(0.,-0.996191759571,8.718932367605E-02));
#3586 = DIRECTION('',(1.,0.,0.));
#3587 = PCURVE('',#2296,#3588);
#3588 = DEFINITIONAL_REPRESENTATION('',(#3589),#3597);
#3589 = ( BOUNDED_CURVE() B_SPLINE_CURVE(2,(#3590,#3591,#3592,#3593,
#3594,#3595,#3596),.UNSPECIFIED.,.T.,.F.) B_SPLINE_CURVE_WITH_KNOTS((1,2
    ,2,2,2,1),(-2.094395102393,0.,2.094395102393,4.188790204786,
6.28318530718,8.377580409573),.UNSPECIFIED.) CURVE() 
GEOMETRIC_REPRESENTATION_ITEM() RATIONAL_B_SPLINE_CURVE((1.,0.5,1.,0.5,
1.,0.5,1.)) REPRESENTATION_ITEM('') );
#3590 = CARTESIAN_POINT('',(-20.34388757385,17.818854508023));
#3591 = CARTESIAN_POINT('',(-20.34388757385,54.70200905692));
#3592 = CARTESIAN_POINT('',(11.597861237194,36.260431782471));
#3593 = CARTESIAN_POINT('',(43.539610048246,17.818854508023));
#3594 = CARTESIAN_POINT('',(11.597861237194,-0.622722766425));
#3595 = CARTESIAN_POINT('',(-20.34388757385,-19.06430004087));
#3596 = CARTESIAN_POINT('',(-20.34388757385,17.818854508023));
#3597 = ( GEOMETRIC_REPRESENTATION_CONTEXT(2) 
PARAMETRIC_REPRESENTATION_CONTEXT() REPRESENTATION_CONTEXT('2D SPACE',''
  ) );
#3598 = PCURVE('',#2684,#3599);
#3599 = DEFINITIONAL_REPRESENTATION('',(#3600),#3608);
#3600 = ( BOUNDED_CURVE() B_SPLINE_CURVE(2,(#3601,#3602,#3603,#3604,
#3605,#3606,#3607),.UNSPECIFIED.,.T.,.F.) B_SPLINE_CURVE_WITH_KNOTS((1,2
    ,2,2,2,1),(-2.094395102393,0.,2.094395102393,4.188790204786,
6.28318530718,8.377580409573),.UNSPECIFIED.) CURVE() 
GEOMETRIC_REPRESENTATION_ITEM() RATIONAL_B_SPLINE_CURVE((1.,0.5,1.,0.5,
1.,0.5,1.)) REPRESENTATION_ITEM('') );
#3601 = CARTESIAN_POINT('',(-21.29449920736,0.));
#3602 = CARTESIAN_POINT('',(-21.29449920736,36.883154548897));
#3603 = CARTESIAN_POINT('',(10.647249603684,18.441577274448));
#3604 = CARTESIAN_POINT('',(42.588998414736,5.21564805875E-15));
#3605 = CARTESIAN_POINT('',(10.647249603684,-18.44157727444));
#3606 = CARTESIAN_POINT('',(-21.29449920736,-36.88315454889));
#3607 = CARTESIAN_POINT('',(-21.29449920736,0.));
#3608 = ( GEOMETRIC_REPRESENTATION_CONTEXT(2) 
PARAMETRIC_REPRESENTATION_CONTEXT() REPRESENTATION_CONTEXT('2D SPACE',''
  ) );
#3609 = ORIENTED_EDGE('',*,*,#2281,.T.);
#3610 = ADVANCED_FACE('',(#3611),#2270,.T.);
#3611 = FACE_BOUND('',#3612,.T.);
#3612 = EDGE_LOOP('',(#3613,#3614,#3615,#3636,#3655));
#3613 = ORIENTED_EDGE('',*,*,#2254,.F.);
#3614 = ORIENTED_EDGE('',*,*,#3499,.F.);
#3615 = ORIENTED_EDGE('',*,*,#3616,.F.);
#3616 = EDGE_CURVE('',#3617,#3472,#3619,.T.);
#3617 = VERTEX_POINT('',#3618);
#3618 = CARTESIAN_POINT('',(-76.2814819851,143.70520898752,
    -89.30508058616));
#3619 = SURFACE_CURVE('',#3620,(#3624,#3630),.PCURVE_S1.);
#3620 = LINE('',#3621,#3622);
#3621 = CARTESIAN_POINT('',(-76.28148198507,141.63299177638,
    -89.1237146841));
#3622 = VECTOR('',#3623,1.);
#3623 = DIRECTION('',(-0.,-0.996191759571,8.718932367607E-02));
#3624 = PCURVE('',#2270,#3625);
#3625 = DEFINITIONAL_REPRESENTATION('',(#3626),#3629);
#3626 = B_SPLINE_CURVE_WITH_KNOTS('',1,(#3627,#3628),.UNSPECIFIED.,.F.,
  .F.,(2,2),(-4.200004302184,-1.800004302186),.PIECEWISE_BEZIER_KNOTS.);
#3627 = CARTESIAN_POINT('',(1.65429752714,-4.200004302183));
#3628 = CARTESIAN_POINT('',(1.65429752714,-1.800004302185));
#3629 = ( GEOMETRIC_REPRESENTATION_CONTEXT(2) 
PARAMETRIC_REPRESENTATION_CONTEXT() REPRESENTATION_CONTEXT('2D SPACE',''
  ) );
#3630 = PCURVE('',#3487,#3631);
#3631 = DEFINITIONAL_REPRESENTATION('',(#3632),#3635);
#3632 = B_SPLINE_CURVE_WITH_KNOTS('',1,(#3633,#3634),.UNSPECIFIED.,.F.,
  .F.,(2,2),(-4.200004302184,-1.800004302186),.PIECEWISE_BEZIER_KNOTS.);
#3633 = CARTESIAN_POINT('',(21.74927095837,1.689188243915));
#3634 = CARTESIAN_POINT('',(21.74927095837,-0.710811756083));
#3635 = ( GEOMETRIC_REPRESENTATION_CONTEXT(2) 
PARAMETRIC_REPRESENTATION_CONTEXT() REPRESENTATION_CONTEXT('2D SPACE',''
  ) );
#3636 = ORIENTED_EDGE('',*,*,#3637,.F.);
#3637 = EDGE_CURVE('',#3525,#3617,#3638,.T.);
#3638 = SURFACE_CURVE('',#3639,(#3643,#3649),.PCURVE_S1.);
#3639 = LINE('',#3640,#3641);
#3640 = CARTESIAN_POINT('',(-76.28148198508,141.63299177638,
    -89.12371468409));
#3641 = VECTOR('',#3642,1.);
#3642 = DIRECTION('',(-0.,-0.996191759571,8.718932367607E-02));
#3643 = PCURVE('',#2270,#3644);
#3644 = DEFINITIONAL_REPRESENTATION('',(#3645),#3648);
#3645 = B_SPLINE_CURVE_WITH_KNOTS('',1,(#3646,#3647),.UNSPECIFIED.,.F.,
  .F.,(2,2),(-4.200004302193,-1.800004302185),.PIECEWISE_BEZIER_KNOTS.);
#3646 = CARTESIAN_POINT('',(1.654297527139,-4.200004302193));
#3647 = CARTESIAN_POINT('',(1.654297527139,-1.800004302184));
#3648 = ( GEOMETRIC_REPRESENTATION_CONTEXT(2) 
PARAMETRIC_REPRESENTATION_CONTEXT() REPRESENTATION_CONTEXT('2D SPACE',''
  ) );
#3649 = PCURVE('',#3568,#3650);
#3650 = DEFINITIONAL_REPRESENTATION('',(#3651),#3654);
#3651 = B_SPLINE_CURVE_WITH_KNOTS('',1,(#3652,#3653),.UNSPECIFIED.,.F.,
  .F.,(2,2),(-4.200004302193,-1.800004302185),.PIECEWISE_BEZIER_KNOTS.);
#3652 = CARTESIAN_POINT('',(20.770894470562,0.710811756103));
#3653 = CARTESIAN_POINT('',(20.770894470562,-1.689188243906));
#3654 = ( GEOMETRIC_REPRESENTATION_CONTEXT(2) 
PARAMETRIC_REPRESENTATION_CONTEXT() REPRESENTATION_CONTEXT('2D SPACE',''
  ) );
#3655 = ORIENTED_EDGE('',*,*,#3524,.T.);
#3656 = ADVANCED_FACE('',(#3657),#2417,.T.);
#3657 = FACE_BOUND('',#3658,.T.);
#3658 = EDGE_LOOP('',(#3659,#3685,#3686));
#3659 = ORIENTED_EDGE('',*,*,#3660,.T.);
#3660 = EDGE_CURVE('',#2376,#3390,#3661,.T.);
#3661 = SURFACE_CURVE('',#3662,(#3666,#3673),.PCURVE_S1.);
#3662 = LINE('',#3663,#3664);
#3663 = CARTESIAN_POINT('',(8.39998,147.37709828554,-46.43239524966));
#3664 = VECTOR('',#3665,1.);
#3665 = DIRECTION('',(-0.532523775277,-7.379835534144E-02,
    -0.843191693219));
#3666 = PCURVE('',#2417,#3667);
#3667 = DEFINITIONAL_REPRESENTATION('',(#3668),#3672);
#3668 = LINE('',#3669,#3670);
#3669 = CARTESIAN_POINT('',(47.91919649559,56.83492298012));
#3670 = VECTOR('',#3671,1.);
#3671 = DIRECTION('',(-0.532523775277,-0.846415045214));
#3672 = ( GEOMETRIC_REPRESENTATION_CONTEXT(2) 
PARAMETRIC_REPRESENTATION_CONTEXT() REPRESENTATION_CONTEXT('2D SPACE',''
  ) );
#3673 = PCURVE('',#3674,#3679);
#3674 = PLANE('',#3675);
#3675 = AXIS2_PLACEMENT_3D('',#3676,#3677,#3678);
#3676 = CARTESIAN_POINT('',(-25.79821629197,144.45690184642,
    -79.79743934365));
#3677 = DIRECTION('',(0.,-0.996191759571,8.718932367605E-02));
#3678 = DIRECTION('',(1.,0.,0.));
#3679 = DEFINITIONAL_REPRESENTATION('',(#3680),#3684);
#3680 = LINE('',#3681,#3682);
#3681 = CARTESIAN_POINT('',(34.19819629197,33.49259193668));
#3682 = VECTOR('',#3683,1.);
#3683 = DIRECTION('',(-0.532523775277,-0.846415045214));
#3684 = ( GEOMETRIC_REPRESENTATION_CONTEXT(2) 
PARAMETRIC_REPRESENTATION_CONTEXT() REPRESENTATION_CONTEXT('2D SPACE',''
  ) );
#3685 = ORIENTED_EDGE('',*,*,#3413,.F.);
#3686 = ORIENTED_EDGE('',*,*,#2403,.F.);
#3687 = ADVANCED_FACE('',(#3688),#2391,.T.);
#3688 = FACE_BOUND('',#3689,.F.);
#3689 = EDGE_LOOP('',(#3690,#3713,#3714,#3737));
#3690 = ORIENTED_EDGE('',*,*,#3691,.F.);
#3691 = EDGE_CURVE('',#2353,#3692,#3694,.T.);
#3692 = VERTEX_POINT('',#3693);
#3693 = CARTESIAN_POINT('',(-14.8452494718,144.308370904,-81.4944969035)
  );
#3694 = SURFACE_CURVE('',#3695,(#3699,#3706),.PCURVE_S1.);
#3695 = LINE('',#3696,#3697);
#3696 = CARTESIAN_POINT('',(-20.54462,139.87937446106,-132.0985109455));
#3697 = VECTOR('',#3698,1.);
#3698 = DIRECTION('',(0.111498339761,8.664566512267E-02,0.989980125531)
  );
#3699 = PCURVE('',#2391,#3700);
#3700 = DEFINITIONAL_REPRESENTATION('',(#3701),#3705);
#3701 = LINE('',#3702,#3703);
#3702 = CARTESIAN_POINT('',(5.25359629197,-52.50100806332));
#3703 = VECTOR('',#3704,1.);
#3704 = DIRECTION('',(0.111498339761,0.993764620134));
#3705 = ( GEOMETRIC_REPRESENTATION_CONTEXT(2) 
PARAMETRIC_REPRESENTATION_CONTEXT() REPRESENTATION_CONTEXT('2D SPACE',''
  ) );
#3706 = PCURVE('',#2477,#3707);
#3707 = DEFINITIONAL_REPRESENTATION('',(#3708),#3712);
#3708 = LINE('',#3709,#3710);
#3709 = CARTESIAN_POINT('',(5.25359629197,-52.50100806332));
#3710 = VECTOR('',#3711,1.);
#3711 = DIRECTION('',(0.111498339761,0.993764620134));
#3712 = ( GEOMETRIC_REPRESENTATION_CONTEXT(2) 
PARAMETRIC_REPRESENTATION_CONTEXT() REPRESENTATION_CONTEXT('2D SPACE',''
  ) );
#3713 = ORIENTED_EDGE('',*,*,#2375,.T.);
#3714 = ORIENTED_EDGE('',*,*,#3715,.F.);
#3715 = EDGE_CURVE('',#3716,#2376,#3718,.T.);
#3716 = VERTEX_POINT('',#3717);
#3717 = CARTESIAN_POINT('',(-29.74458494696,143.66814949733,
    -88.80942105621));
#3718 = SURFACE_CURVE('',#3719,(#3723,#3730),.PCURVE_S1.);
#3719 = LINE('',#3720,#3721);
#3720 = CARTESIAN_POINT('',(-38.25535,145.30536835266,-70.10318658252));
#3721 = VECTOR('',#3722,1.);
#3722 = DIRECTION('',(0.412814864713,-7.941334017031E-02,-0.90734635552)
  );
#3723 = PCURVE('',#2391,#3724);
#3724 = DEFINITIONAL_REPRESENTATION('',(#3725),#3729);
#3725 = LINE('',#3726,#3727);
#3726 = CARTESIAN_POINT('',(-12.45713370803,9.731311936676));
#3727 = VECTOR('',#3728,1.);
#3728 = DIRECTION('',(0.412814864713,-0.910814957866));
#3729 = ( GEOMETRIC_REPRESENTATION_CONTEXT(2) 
PARAMETRIC_REPRESENTATION_CONTEXT() REPRESENTATION_CONTEXT('2D SPACE',''
  ) );
#3730 = PCURVE('',#3674,#3731);
#3731 = DEFINITIONAL_REPRESENTATION('',(#3732),#3736);
#3732 = LINE('',#3733,#3734);
#3733 = CARTESIAN_POINT('',(-12.45713370803,9.731311936676));
#3734 = VECTOR('',#3735,1.);
#3735 = DIRECTION('',(0.412814864713,-0.910814957866));
#3736 = ( GEOMETRIC_REPRESENTATION_CONTEXT(2) 
PARAMETRIC_REPRESENTATION_CONTEXT() REPRESENTATION_CONTEXT('2D SPACE',''
  ) );
#3737 = ORIENTED_EDGE('',*,*,#3738,.F.);
#3738 = EDGE_CURVE('',#3692,#3716,#3739,.T.);
#3739 = SURFACE_CURVE('',#3740,(#3744,#3751),.PCURVE_S1.);
#3740 = LINE('',#3741,#3742);
#3741 = CARTESIAN_POINT('',(17.8135,145.71171070808,-65.46047473471));
#3742 = VECTOR('',#3743,1.);
#3743 = DIRECTION('',(-0.896983796339,-3.854321078962E-02,
    -0.440379938244));
#3744 = PCURVE('',#2391,#3745);
#3745 = DEFINITIONAL_REPRESENTATION('',(#3746),#3750);
#3746 = LINE('',#3747,#3748);
#3747 = CARTESIAN_POINT('',(43.61171629197,14.391771936676));
#3748 = VECTOR('',#3749,1.);
#3749 = DIRECTION('',(-0.896983796339,-0.44206342204));
#3750 = ( GEOMETRIC_REPRESENTATION_CONTEXT(2) 
PARAMETRIC_REPRESENTATION_CONTEXT() REPRESENTATION_CONTEXT('2D SPACE',''
  ) );
#3751 = PCURVE('',#3752,#3757);
#3752 = PLANE('',#3753);
#3753 = AXIS2_PLACEMENT_3D('',#3754,#3755,#3756);
#3754 = CARTESIAN_POINT('',(-25.79821629197,144.45690184642,
    -79.79743934365));
#3755 = DIRECTION('',(0.,-0.996191759571,8.718932367605E-02));
#3756 = DIRECTION('',(1.,0.,0.));
#3757 = DEFINITIONAL_REPRESENTATION('',(#3758),#3762);
#3758 = LINE('',#3759,#3760);
#3759 = CARTESIAN_POINT('',(43.61171629197,14.391771936676));
#3760 = VECTOR('',#3761,1.);
#3761 = DIRECTION('',(-0.896983796339,-0.44206342204));
#3762 = ( GEOMETRIC_REPRESENTATION_CONTEXT(2) 
PARAMETRIC_REPRESENTATION_CONTEXT() REPRESENTATION_CONTEXT('2D SPACE',''
  ) );
#3763 = ADVANCED_FACE('',(#3764),#2451,.T.);
#3764 = FACE_BOUND('',#3765,.F.);
#3765 = EDGE_LOOP('',(#3766,#3794,#3825));
#3766 = ORIENTED_EDGE('',*,*,#3767,.F.);
#3767 = EDGE_CURVE('',#3768,#2436,#3770,.T.);
#3768 = VERTEX_POINT('',#3769);
#3769 = CARTESIAN_POINT('',(-2.939846377946,145.80559722483,
    -64.38773874502));
#3770 = SURFACE_CURVE('',#3771,(#3775,#3782),.PCURVE_S1.);
#3771 = LINE('',#3772,#3773);
#3772 = CARTESIAN_POINT('',(8.39998,147.37709828554,-46.43239524966));
#3773 = VECTOR('',#3774,1.);
#3774 = DIRECTION('',(-0.532523775277,-7.379835534144E-02,
    -0.843191693219));
#3775 = PCURVE('',#2451,#3776);
#3776 = DEFINITIONAL_REPRESENTATION('',(#3777),#3781);
#3777 = LINE('',#3778,#3779);
#3778 = CARTESIAN_POINT('',(12.161547662166,34.749459317443));
#3779 = VECTOR('',#3780,1.);
#3780 = DIRECTION('',(-0.532523775277,-0.846415045214));
#3781 = ( GEOMETRIC_REPRESENTATION_CONTEXT(2) 
PARAMETRIC_REPRESENTATION_CONTEXT() REPRESENTATION_CONTEXT('2D SPACE',''
  ) );
#3782 = PCURVE('',#3783,#3788);
#3783 = PLANE('',#3784);
#3784 = AXIS2_PLACEMENT_3D('',#3785,#3786,#3787);
#3785 = CARTESIAN_POINT('',(-25.79821629197,144.45690184642,
    -79.79743934365));
#3786 = DIRECTION('',(0.,-0.996191759571,8.718932367605E-02));
#3787 = DIRECTION('',(1.,0.,0.));
#3788 = DEFINITIONAL_REPRESENTATION('',(#3789),#3793);
#3789 = LINE('',#3790,#3791);
#3790 = CARTESIAN_POINT('',(34.19819629197,33.49259193668));
#3791 = VECTOR('',#3792,1.);
#3792 = DIRECTION('',(-0.532523775277,-0.846415045214));
#3793 = ( GEOMETRIC_REPRESENTATION_CONTEXT(2) 
PARAMETRIC_REPRESENTATION_CONTEXT() REPRESENTATION_CONTEXT('2D SPACE',''
  ) );
#3794 = ORIENTED_EDGE('',*,*,#3795,.T.);
#3795 = EDGE_CURVE('',#3768,#2434,#3796,.T.);
#3796 = SURFACE_CURVE('',#3797,(#3802,#3809),.PCURVE_S1.);
#3797 = CIRCLE('',#3798,21.294499207368);
#3798 = AXIS2_PLACEMENT_3D('',#3799,#3800,#3801);
#3799 = CARTESIAN_POINT('',(8.399977204031,147.37709429481,
    -46.43239150301));
#3800 = DIRECTION('',(0.,-0.996191759571,8.718932367605E-02));
#3801 = DIRECTION('',(1.,0.,0.));
#3802 = PCURVE('',#2451,#3803);
#3803 = DEFINITIONAL_REPRESENTATION('',(#3804),#3808);
#3804 = CIRCLE('',#3805,21.294499207368);
#3805 = AXIS2_PLACEMENT_2D('',#3806,#3807);
#3806 = CARTESIAN_POINT('',(12.161544866197,34.749462701876));
#3807 = DIRECTION('',(1.,0.));
#3808 = ( GEOMETRIC_REPRESENTATION_CONTEXT(2) 
PARAMETRIC_REPRESENTATION_CONTEXT() REPRESENTATION_CONTEXT('2D SPACE',''
  ) );
#3809 = PCURVE('',#3810,#3815);
#3810 = PLANE('',#3811);
#3811 = AXIS2_PLACEMENT_3D('',#3812,#3813,#3814);
#3812 = CARTESIAN_POINT('',(8.399977204031,147.37709429481,
    -46.43239150301));
#3813 = DIRECTION('',(0.,0.996191759571,-8.718932367605E-02));
#3814 = DIRECTION('',(-1.,0.,0.));
#3815 = DEFINITIONAL_REPRESENTATION('',(#3816),#3824);
#3816 = ( BOUNDED_CURVE() B_SPLINE_CURVE(2,(#3817,#3818,#3819,#3820,
#3821,#3822,#3823),.UNSPECIFIED.,.T.,.F.) B_SPLINE_CURVE_WITH_KNOTS((1,2
    ,2,2,2,1),(-2.094395102393,0.,2.094395102393,4.188790204786,
6.28318530718,8.377580409573),.UNSPECIFIED.) CURVE() 
GEOMETRIC_REPRESENTATION_ITEM() RATIONAL_B_SPLINE_CURVE((1.,0.5,1.,0.5,
1.,0.5,1.)) REPRESENTATION_ITEM('') );
#3817 = CARTESIAN_POINT('',(-21.29449920736,0.));
#3818 = CARTESIAN_POINT('',(-21.29449920736,36.883154548897));
#3819 = CARTESIAN_POINT('',(10.647249603684,18.441577274448));
#3820 = CARTESIAN_POINT('',(42.588998414736,5.21564805875E-15));
#3821 = CARTESIAN_POINT('',(10.647249603684,-18.44157727444));
#3822 = CARTESIAN_POINT('',(-21.29449920736,-36.88315454889));
#3823 = CARTESIAN_POINT('',(-21.29449920736,0.));
#3824 = ( GEOMETRIC_REPRESENTATION_CONTEXT(2) 
PARAMETRIC_REPRESENTATION_CONTEXT() REPRESENTATION_CONTEXT('2D SPACE',''
  ) );
#3825 = ORIENTED_EDGE('',*,*,#2433,.T.);
#3826 = ADVANCED_FACE('',(#3827),#2506,.F.);
#3827 = FACE_BOUND('',#3828,.F.);
#3828 = EDGE_LOOP('',(#3829,#3830,#3853,#3879));
#3829 = ORIENTED_EDGE('',*,*,#2491,.F.);
#3830 = ORIENTED_EDGE('',*,*,#3831,.F.);
#3831 = EDGE_CURVE('',#3832,#2434,#3834,.T.);
#3832 = VERTEX_POINT('',#3833);
#3833 = CARTESIAN_POINT('',(8.39998,147.37709828554,-46.43239524966));
#3834 = SURFACE_CURVE('',#3835,(#3839,#3846),.PCURVE_S1.);
#3835 = LINE('',#3836,#3837);
#3836 = CARTESIAN_POINT('',(-1.01354,149.04248586299,-27.40431576462));
#3837 = VECTOR('',#3838,1.);
#3838 = DIRECTION('',(0.442063466418,-7.820740864419E-02,-0.893567844594
    ));
#3839 = PCURVE('',#2506,#3840);
#3840 = DEFINITIONAL_REPRESENTATION('',(#3841),#3845);
#3841 = LINE('',#3842,#3843);
#3842 = CARTESIAN_POINT('',(9.413517204031,19.10081661556));
#3843 = VECTOR('',#3844,1.);
#3844 = DIRECTION('',(-0.442063466418,-0.896983774468));
#3845 = ( GEOMETRIC_REPRESENTATION_CONTEXT(2) 
PARAMETRIC_REPRESENTATION_CONTEXT() REPRESENTATION_CONTEXT('2D SPACE',''
  ) );
#3846 = PCURVE('',#3810,#3847);
#3847 = DEFINITIONAL_REPRESENTATION('',(#3848),#3852);
#3848 = LINE('',#3849,#3850);
#3849 = CARTESIAN_POINT('',(9.413517204031,19.10081661556));
#3850 = VECTOR('',#3851,1.);
#3851 = DIRECTION('',(-0.442063466418,-0.896983774468));
#3852 = ( GEOMETRIC_REPRESENTATION_CONTEXT(2) 
PARAMETRIC_REPRESENTATION_CONTEXT() REPRESENTATION_CONTEXT('2D SPACE',''
  ) );
#3853 = ORIENTED_EDGE('',*,*,#3854,.T.);
#3854 = EDGE_CURVE('',#3832,#2526,#3855,.T.);
#3855 = SURFACE_CURVE('',#3856,(#3860,#3867),.PCURVE_S1.);
#3856 = LINE('',#3857,#3858);
#3857 = CARTESIAN_POINT('',(-9.62401,148.36581039384,-35.13575004873));
#3858 = VECTOR('',#3859,1.);
#3859 = DIRECTION('',(0.846415096421,-4.643038071147E-02,-0.530495715627
    ));
#3860 = PCURVE('',#2506,#3861);
#3861 = DEFINITIONAL_REPRESENTATION('',(#3862),#3866);
#3862 = LINE('',#3863,#3864);
#3863 = CARTESIAN_POINT('',(18.023987204031,11.339826615563));
#3864 = VECTOR('',#3865,1.);
#3865 = DIRECTION('',(-0.846415096421,-0.532523693887));
#3866 = ( GEOMETRIC_REPRESENTATION_CONTEXT(2) 
PARAMETRIC_REPRESENTATION_CONTEXT() REPRESENTATION_CONTEXT('2D SPACE',''
  ) );
#3867 = PCURVE('',#3868,#3873);
#3868 = PLANE('',#3869);
#3869 = AXIS2_PLACEMENT_3D('',#3870,#3871,#3872);
#3870 = CARTESIAN_POINT('',(8.399977204031,147.37709429481,
    -46.43239150301));
#3871 = DIRECTION('',(0.,0.996191759571,-8.718932367605E-02));
#3872 = DIRECTION('',(-1.,0.,0.));
#3873 = DEFINITIONAL_REPRESENTATION('',(#3874),#3878);
#3874 = LINE('',#3875,#3876);
#3875 = CARTESIAN_POINT('',(18.023987204031,11.339826615563));
#3876 = VECTOR('',#3877,1.);
#3877 = DIRECTION('',(-0.846415096421,-0.532523693887));
#3878 = ( GEOMETRIC_REPRESENTATION_CONTEXT(2) 
PARAMETRIC_REPRESENTATION_CONTEXT() REPRESENTATION_CONTEXT('2D SPACE',''
  ) );
#3879 = ORIENTED_EDGE('',*,*,#2525,.F.);
#3880 = ADVANCED_FACE('',(#3881),#2477,.T.);
#3881 = FACE_BOUND('',#3882,.F.);
#3882 = EDGE_LOOP('',(#3883,#3904,#3905));
#3883 = ORIENTED_EDGE('',*,*,#3884,.F.);
#3884 = EDGE_CURVE('',#2436,#3692,#3885,.T.);
#3885 = SURFACE_CURVE('',#3886,(#3890,#3897),.PCURVE_S1.);
#3886 = LINE('',#3887,#3888);
#3887 = CARTESIAN_POINT('',(17.8135,145.71171070808,-65.46047473471));
#3888 = VECTOR('',#3889,1.);
#3889 = DIRECTION('',(-0.896983796339,-3.854321078962E-02,
    -0.440379938244));
#3890 = PCURVE('',#2477,#3891);
#3891 = DEFINITIONAL_REPRESENTATION('',(#3892),#3896);
#3892 = LINE('',#3893,#3894);
#3893 = CARTESIAN_POINT('',(43.61171629197,14.391771936676));
#3894 = VECTOR('',#3895,1.);
#3895 = DIRECTION('',(-0.896983796339,-0.44206342204));
#3896 = ( GEOMETRIC_REPRESENTATION_CONTEXT(2) 
PARAMETRIC_REPRESENTATION_CONTEXT() REPRESENTATION_CONTEXT('2D SPACE',''
  ) );
#3897 = PCURVE('',#3783,#3898);
#3898 = DEFINITIONAL_REPRESENTATION('',(#3899),#3903);
#3899 = LINE('',#3900,#3901);
#3900 = CARTESIAN_POINT('',(43.61171629197,14.391771936676));
#3901 = VECTOR('',#3902,1.);
#3902 = DIRECTION('',(-0.896983796339,-0.44206342204));
#3903 = ( GEOMETRIC_REPRESENTATION_CONTEXT(2) 
PARAMETRIC_REPRESENTATION_CONTEXT() REPRESENTATION_CONTEXT('2D SPACE',''
  ) );
#3904 = ORIENTED_EDGE('',*,*,#2463,.T.);
#3905 = ORIENTED_EDGE('',*,*,#3691,.T.);
#3906 = ADVANCED_FACE('',(#3907),#2613,.T.);
#3907 = FACE_BOUND('',#3908,.T.);
#3908 = EDGE_LOOP('',(#3909,#3936,#3937,#3964));
#3909 = ORIENTED_EDGE('',*,*,#3910,.F.);
#3910 = EDGE_CURVE('',#2526,#3911,#3913,.T.);
#3911 = VERTEX_POINT('',#3912);
#3912 = CARTESIAN_POINT('',(29.694476411399,147.37709429481,
    -46.43239150301));
#3913 = SURFACE_CURVE('',#3914,(#3919,#3925),.PCURVE_S1.);
#3914 = CIRCLE('',#3915,21.294499207368);
#3915 = AXIS2_PLACEMENT_3D('',#3916,#3917,#3918);
#3916 = CARTESIAN_POINT('',(8.399977204031,147.37709429481,
    -46.43239150301));
#3917 = DIRECTION('',(0.,-0.996191759571,8.718932367605E-02));
#3918 = DIRECTION('',(1.,0.,0.));
#3919 = PCURVE('',#2613,#3920);
#3920 = DEFINITIONAL_REPRESENTATION('',(#3921),#3924);
#3921 = B_SPLINE_CURVE_WITH_KNOTS('',1,(#3922,#3923),.UNSPECIFIED.,.F.,
  .F.,(2,2),(5.72160591117,6.28318530718),.PIECEWISE_BEZIER_KNOTS.);
#3922 = CARTESIAN_POINT('',(0.56157939601,0.));
#3923 = CARTESIAN_POINT('',(-4.138911435803E-13,0.));
#3924 = ( GEOMETRIC_REPRESENTATION_CONTEXT(2) 
PARAMETRIC_REPRESENTATION_CONTEXT() REPRESENTATION_CONTEXT('2D SPACE',''
  ) );
#3925 = PCURVE('',#3868,#3926);
#3926 = DEFINITIONAL_REPRESENTATION('',(#3927),#3935);
#3927 = ( BOUNDED_CURVE() B_SPLINE_CURVE(2,(#3928,#3929,#3930,#3931,
#3932,#3933,#3934),.UNSPECIFIED.,.T.,.F.) B_SPLINE_CURVE_WITH_KNOTS((1,2
    ,2,2,2,1),(-2.094395102393,0.,2.094395102393,4.188790204786,
6.28318530718,8.377580409573),.UNSPECIFIED.) CURVE() 
GEOMETRIC_REPRESENTATION_ITEM() RATIONAL_B_SPLINE_CURVE((1.,0.5,1.,0.5,
1.,0.5,1.)) REPRESENTATION_ITEM('') );
#3928 = CARTESIAN_POINT('',(-21.29449920736,0.));
#3929 = CARTESIAN_POINT('',(-21.29449920736,36.883154548897));
#3930 = CARTESIAN_POINT('',(10.647249603684,18.441577274448));
#3931 = CARTESIAN_POINT('',(42.588998414736,5.21564805875E-15));
#3932 = CARTESIAN_POINT('',(10.647249603684,-18.44157727444));
#3933 = CARTESIAN_POINT('',(-21.29449920736,-36.88315454889));
#3934 = CARTESIAN_POINT('',(-21.29449920736,0.));
#3935 = ( GEOMETRIC_REPRESENTATION_CONTEXT(2) 
PARAMETRIC_REPRESENTATION_CONTEXT() REPRESENTATION_CONTEXT('2D SPACE',''
  ) );
#3936 = ORIENTED_EDGE('',*,*,#2599,.T.);
#3937 = ORIENTED_EDGE('',*,*,#3938,.T.);
#3938 = EDGE_CURVE('',#1744,#3939,#3941,.T.);
#3939 = VERTEX_POINT('',#3940);
#3940 = CARTESIAN_POINT('',(29.694476411399,149.36947781395,
    -46.60677015036));
#3941 = SURFACE_CURVE('',#3942,(#3947,#3953),.PCURVE_S1.);
#3942 = CIRCLE('',#3943,21.294499207368);
#3943 = AXIS2_PLACEMENT_3D('',#3944,#3945,#3946);
#3944 = CARTESIAN_POINT('',(8.399977204031,149.36947781395,
    -46.60677015036));
#3945 = DIRECTION('',(0.,-0.996191759571,8.718932367605E-02));
#3946 = DIRECTION('',(1.,0.,0.));
#3947 = PCURVE('',#2613,#3948);
#3948 = DEFINITIONAL_REPRESENTATION('',(#3949),#3952);
#3949 = B_SPLINE_CURVE_WITH_KNOTS('',1,(#3950,#3951),.UNSPECIFIED.,.F.,
  .F.,(2,2),(5.72160591117,6.28318530718),.PIECEWISE_BEZIER_KNOTS.);
#3950 = CARTESIAN_POINT('',(0.56157939601,2.));
#3951 = CARTESIAN_POINT('',(-4.138911435803E-13,2.));
#3952 = ( GEOMETRIC_REPRESENTATION_CONTEXT(2) 
PARAMETRIC_REPRESENTATION_CONTEXT() REPRESENTATION_CONTEXT('2D SPACE',''
  ) );
#3953 = PCURVE('',#2976,#3954);
#3954 = DEFINITIONAL_REPRESENTATION('',(#3955),#3963);
#3955 = ( BOUNDED_CURVE() B_SPLINE_CURVE(2,(#3956,#3957,#3958,#3959,
#3960,#3961,#3962),.UNSPECIFIED.,.T.,.F.) B_SPLINE_CURVE_WITH_KNOTS((1,2
    ,2,2,2,1),(-2.094395102393,0.,2.094395102393,4.188790204786,
6.28318530718,8.377580409573),.UNSPECIFIED.) CURVE() 
GEOMETRIC_REPRESENTATION_ITEM() RATIONAL_B_SPLINE_CURVE((1.,0.5,1.,0.5,
1.,0.5,1.)) REPRESENTATION_ITEM('') );
#3956 = CARTESIAN_POINT('',(-21.29449920736,0.));
#3957 = CARTESIAN_POINT('',(-21.29449920736,36.883154548897));
#3958 = CARTESIAN_POINT('',(10.647249603684,18.441577274448));
#3959 = CARTESIAN_POINT('',(42.588998414736,5.21564805875E-15));
#3960 = CARTESIAN_POINT('',(10.647249603684,-18.44157727444));
#3961 = CARTESIAN_POINT('',(-21.29449920736,-36.88315454889));
#3962 = CARTESIAN_POINT('',(-21.29449920736,0.));
#3963 = ( GEOMETRIC_REPRESENTATION_CONTEXT(2) 
PARAMETRIC_REPRESENTATION_CONTEXT() REPRESENTATION_CONTEXT('2D SPACE',''
  ) );
#3964 = ORIENTED_EDGE('',*,*,#3965,.F.);
#3965 = EDGE_CURVE('',#3911,#3939,#3966,.T.);
#3966 = SURFACE_CURVE('',#3967,(#3971,#3977),.PCURVE_S1.);
#3967 = LINE('',#3968,#3969);
#3968 = CARTESIAN_POINT('',(29.694476411399,147.37709429481,
    -46.43239150301));
#3969 = VECTOR('',#3970,1.);
#3970 = DIRECTION('',(0.,0.996191759571,-8.718932367605E-02));
#3971 = PCURVE('',#2613,#3972);
#3972 = DEFINITIONAL_REPRESENTATION('',(#3973),#3976);
#3973 = B_SPLINE_CURVE_WITH_KNOTS('',1,(#3974,#3975),.UNSPECIFIED.,.F.,
  .F.,(2,2),(0.,2.),.PIECEWISE_BEZIER_KNOTS.);
#3974 = CARTESIAN_POINT('',(-4.138911435803E-13,0.));
#3975 = CARTESIAN_POINT('',(-4.138911435803E-13,2.));
#3976 = ( GEOMETRIC_REPRESENTATION_CONTEXT(2) 
PARAMETRIC_REPRESENTATION_CONTEXT() REPRESENTATION_CONTEXT('2D SPACE',''
  ) );
#3977 = PCURVE('',#3978,#3983);
#3978 = CYLINDRICAL_SURFACE('',#3979,21.294499207368);
#3979 = AXIS2_PLACEMENT_3D('',#3980,#3981,#3982);
#3980 = CARTESIAN_POINT('',(8.399977204031,147.37709429481,
    -46.43239150301));
#3981 = DIRECTION('',(0.,0.996191759571,-8.718932367605E-02));
#3982 = DIRECTION('',(1.,0.,0.));
#3983 = DEFINITIONAL_REPRESENTATION('',(#3984),#3987);
#3984 = B_SPLINE_CURVE_WITH_KNOTS('',1,(#3985,#3986),.UNSPECIFIED.,.F.,
  .F.,(2,2),(0.,2.),.PIECEWISE_BEZIER_KNOTS.);
#3985 = CARTESIAN_POINT('',(6.28318530718,0.));
#3986 = CARTESIAN_POINT('',(6.28318530718,2.));
#3987 = ( GEOMETRIC_REPRESENTATION_CONTEXT(2) 
PARAMETRIC_REPRESENTATION_CONTEXT() REPRESENTATION_CONTEXT('2D SPACE',''
  ) );
#3988 = ADVANCED_FACE('',(#3989),#2714,.T.);
#3989 = FACE_BOUND('',#3990,.F.);
#3990 = EDGE_LOOP('',(#3991,#3992,#3993,#3994,#4017));
#3991 = ORIENTED_EDGE('',*,*,#2700,.F.);
#3992 = ORIENTED_EDGE('',*,*,#2730,.F.);
#3993 = ORIENTED_EDGE('',*,*,#2787,.T.);
#3994 = ORIENTED_EDGE('',*,*,#3995,.F.);
#3995 = EDGE_CURVE('',#3996,#2765,#3998,.T.);
#3996 = VERTEX_POINT('',#3997);
#3997 = CARTESIAN_POINT('',(-48.86000943398,144.84022807502,
    -98.35626455897));
#3998 = SURFACE_CURVE('',#3999,(#4003,#4010),.PCURVE_S1.);
#3999 = LINE('',#4000,#4001);
#4000 = CARTESIAN_POINT('',(-57.6507,146.53129755605,-79.03477816881));
#4001 = VECTOR('',#4002,1.);
#4002 = DIRECTION('',(0.412815044182,-7.941333307827E-02,-0.907346274487
    ));
#4003 = PCURVE('',#2714,#4004);
#4004 = DEFINITIONAL_REPRESENTATION('',(#4005),#4009);
#4005 = LINE('',#4006,#4007);
#4006 = CARTESIAN_POINT('',(0.9506132165,17.818856276975));
#4007 = VECTOR('',#4008,1.);
#4008 = DIRECTION('',(-0.412815044182,-0.910814876524));
#4009 = ( GEOMETRIC_REPRESENTATION_CONTEXT(2) 
PARAMETRIC_REPRESENTATION_CONTEXT() REPRESENTATION_CONTEXT('2D SPACE',''
  ) );
#4010 = PCURVE('',#2854,#4011);
#4011 = DEFINITIONAL_REPRESENTATION('',(#4012),#4016);
#4012 = LINE('',#4013,#4014);
#4013 = CARTESIAN_POINT('',(31.85248370803,0.940621936677));
#4014 = VECTOR('',#4015,1.);
#4015 = DIRECTION('',(-0.412815044182,-0.910814876524));
#4016 = ( GEOMETRIC_REPRESENTATION_CONTEXT(2) 
PARAMETRIC_REPRESENTATION_CONTEXT() REPRESENTATION_CONTEXT('2D SPACE',''
  ) );
#4017 = ORIENTED_EDGE('',*,*,#4018,.F.);
#4018 = EDGE_CURVE('',#2664,#3996,#4019,.T.);
#4019 = SURFACE_CURVE('',#4020,(#4025,#4036),.PCURVE_S1.);
#4020 = CIRCLE('',#4021,21.294499207368);
#4021 = AXIS2_PLACEMENT_3D('',#4022,#4023,#4024);
#4022 = CARTESIAN_POINT('',(-57.65069841701,146.53129311601,
    -79.03477955592));
#4023 = DIRECTION('',(0.,-0.996191759571,8.718932367605E-02));
#4024 = DIRECTION('',(1.,0.,0.));
#4025 = PCURVE('',#2714,#4026);
#4026 = DEFINITIONAL_REPRESENTATION('',(#4027),#4035);
#4027 = ( BOUNDED_CURVE() B_SPLINE_CURVE(2,(#4028,#4029,#4030,#4031,
#4032,#4033,#4034),.UNSPECIFIED.,.T.,.F.) B_SPLINE_CURVE_WITH_KNOTS((1,2
    ,2,2,2,1),(-2.094395102393,0.,2.094395102393,4.188790204786,
6.28318530718,8.377580409573),.UNSPECIFIED.) CURVE() 
GEOMETRIC_REPRESENTATION_ITEM() RATIONAL_B_SPLINE_CURVE((1.,0.5,1.,0.5,
1.,0.5,1.)) REPRESENTATION_ITEM('') );
#4028 = CARTESIAN_POINT('',(-20.34388757385,17.818854508023));
#4029 = CARTESIAN_POINT('',(-20.34388757385,54.70200905692));
#4030 = CARTESIAN_POINT('',(11.597861237194,36.260431782471));
#4031 = CARTESIAN_POINT('',(43.539610048246,17.818854508023));
#4032 = CARTESIAN_POINT('',(11.597861237194,-0.622722766425));
#4033 = CARTESIAN_POINT('',(-20.34388757385,-19.06430004087));
#4034 = CARTESIAN_POINT('',(-20.34388757385,17.818854508023));
#4035 = ( GEOMETRIC_REPRESENTATION_CONTEXT(2) 
PARAMETRIC_REPRESENTATION_CONTEXT() REPRESENTATION_CONTEXT('2D SPACE',''
  ) );
#4036 = PCURVE('',#4037,#4042);
#4037 = PLANE('',#4038);
#4038 = AXIS2_PLACEMENT_3D('',#4039,#4040,#4041);
#4039 = CARTESIAN_POINT('',(-57.65069841701,146.53129311601,
    -79.03477955592));
#4040 = DIRECTION('',(0.,0.996191759571,-8.718932367605E-02));
#4041 = DIRECTION('',(-1.,0.,0.));
#4042 = DEFINITIONAL_REPRESENTATION('',(#4043),#4051);
#4043 = ( BOUNDED_CURVE() B_SPLINE_CURVE(2,(#4044,#4045,#4046,#4047,
#4048,#4049,#4050),.UNSPECIFIED.,.T.,.F.) B_SPLINE_CURVE_WITH_KNOTS((1,2
    ,2,2,2,1),(-2.094395102393,0.,2.094395102393,4.188790204786,
6.28318530718,8.377580409573),.UNSPECIFIED.) CURVE() 
GEOMETRIC_REPRESENTATION_ITEM() RATIONAL_B_SPLINE_CURVE((1.,0.5,1.,0.5,
1.,0.5,1.)) REPRESENTATION_ITEM('') );
#4044 = CARTESIAN_POINT('',(-21.29449920736,0.));
#4045 = CARTESIAN_POINT('',(-21.29449920736,36.883154548897));
#4046 = CARTESIAN_POINT('',(10.647249603684,18.441577274448));
#4047 = CARTESIAN_POINT('',(42.588998414736,5.21564805875E-15));
#4048 = CARTESIAN_POINT('',(10.647249603684,-18.44157727444));
#4049 = CARTESIAN_POINT('',(-21.29449920736,-36.88315454889));
#4050 = CARTESIAN_POINT('',(-21.29449920736,0.));
#4051 = ( GEOMETRIC_REPRESENTATION_CONTEXT(2) 
PARAMETRIC_REPRESENTATION_CONTEXT() REPRESENTATION_CONTEXT('2D SPACE',''
  ) );
#4052 = ADVANCED_FACE('',(#4053),#2684,.T.);
#4053 = FACE_BOUND('',#4054,.T.);
#4054 = EDGE_LOOP('',(#4055,#4078,#4079,#4080,#4108,#4137));
#4055 = ORIENTED_EDGE('',*,*,#4056,.F.);
#4056 = EDGE_CURVE('',#2664,#4057,#4059,.T.);
#4057 = VERTEX_POINT('',#4058);
#4058 = CARTESIAN_POINT('',(-49.1033969123,144.88705072787,
    -97.82131156391));
#4059 = SURFACE_CURVE('',#4060,(#4064,#4071),.PCURVE_S1.);
#4060 = LINE('',#4061,#4062);
#4061 = CARTESIAN_POINT('',(-56.59259,143.84918132492,-109.6796091529));
#4062 = VECTOR('',#4063,1.);
#4063 = DIRECTION('',(0.532523775277,7.379835534144E-02,0.843191693219)
  );
#4064 = PCURVE('',#2684,#4065);
#4065 = DEFINITIONAL_REPRESENTATION('',(#4066),#4070);
#4066 = LINE('',#4067,#4068);
#4067 = CARTESIAN_POINT('',(-1.05810841701,-30.76197823105));
#4068 = VECTOR('',#4069,1.);
#4069 = DIRECTION('',(-0.532523775277,0.846415045214));
#4070 = ( GEOMETRIC_REPRESENTATION_CONTEXT(2) 
PARAMETRIC_REPRESENTATION_CONTEXT() REPRESENTATION_CONTEXT('2D SPACE',''
  ) );
#4071 = PCURVE('',#4037,#4072);
#4072 = DEFINITIONAL_REPRESENTATION('',(#4073),#4077);
#4073 = LINE('',#4074,#4075);
#4074 = CARTESIAN_POINT('',(-1.05810841701,-30.76197823105));
#4075 = VECTOR('',#4076,1.);
#4076 = DIRECTION('',(-0.532523775277,0.846415045214));
#4077 = ( GEOMETRIC_REPRESENTATION_CONTEXT(2) 
PARAMETRIC_REPRESENTATION_CONTEXT() REPRESENTATION_CONTEXT('2D SPACE',''
  ) );
#4078 = ORIENTED_EDGE('',*,*,#2663,.F.);
#4079 = ORIENTED_EDGE('',*,*,#3580,.F.);
#4080 = ORIENTED_EDGE('',*,*,#4081,.T.);
#4081 = EDGE_CURVE('',#3553,#4082,#4084,.T.);
#4082 = VERTEX_POINT('',#4083);
#4083 = CARTESIAN_POINT('',(-62.85727127468,146.32554725901,
    -81.38560212064));
#4084 = SURFACE_CURVE('',#4085,(#4089,#4096),.PCURVE_S1.);
#4085 = LINE('',#4086,#4087);
#4086 = CARTESIAN_POINT('',(-77.04605,145.76484324031,-87.79199110776));
#4087 = VECTOR('',#4088,1.);
#4088 = DIRECTION('',(0.91081489669,3.59930606261E-02,0.411242900916));
#4089 = PCURVE('',#2684,#4090);
#4090 = DEFINITIONAL_REPRESENTATION('',(#4091),#4095);
#4091 = LINE('',#4092,#4093);
#4092 = CARTESIAN_POINT('',(19.39535158299,-8.790688231056));
#4093 = VECTOR('',#4094,1.);
#4094 = DIRECTION('',(-0.91081489669,0.412814999688));
#4095 = ( GEOMETRIC_REPRESENTATION_CONTEXT(2) 
PARAMETRIC_REPRESENTATION_CONTEXT() REPRESENTATION_CONTEXT('2D SPACE',''
  ) );
#4096 = PCURVE('',#4097,#4102);
#4097 = PLANE('',#4098);
#4098 = AXIS2_PLACEMENT_3D('',#4099,#4100,#4101);
#4099 = CARTESIAN_POINT('',(-57.65069841701,146.53129311601,
    -79.03477955592));
#4100 = DIRECTION('',(0.,0.996191759571,-8.718932367605E-02));
#4101 = DIRECTION('',(-1.,0.,0.));
#4102 = DEFINITIONAL_REPRESENTATION('',(#4103),#4107);
#4103 = LINE('',#4104,#4105);
#4104 = CARTESIAN_POINT('',(19.39535158299,-8.790688231056));
#4105 = VECTOR('',#4106,1.);
#4106 = DIRECTION('',(-0.91081489669,0.412814999688));
#4107 = ( GEOMETRIC_REPRESENTATION_CONTEXT(2) 
PARAMETRIC_REPRESENTATION_CONTEXT() REPRESENTATION_CONTEXT('2D SPACE',''
  ) );
#4108 = ORIENTED_EDGE('',*,*,#4109,.F.);
#4109 = EDGE_CURVE('',#4110,#4082,#4112,.T.);
#4110 = VERTEX_POINT('',#4111);
#4111 = CARTESIAN_POINT('',(-56.07979445118,146.22910206356,
    -82.48754791976));
#4112 = SURFACE_CURVE('',#4113,(#4118,#4125),.PCURVE_S1.);
#4113 = CIRCLE('',#4114,4.5);
#4114 = AXIS2_PLACEMENT_3D('',#4115,#4116,#4117);
#4115 = CARTESIAN_POINT('',(-59.,146.52761649646,-79.07678720021));
#4116 = DIRECTION('',(0.,0.996191759571,-8.718932367606E-02));
#4117 = DIRECTION('',(1.,0.,0.));
#4118 = PCURVE('',#2684,#4119);
#4119 = DEFINITIONAL_REPRESENTATION('',(#4120),#4124);
#4120 = CIRCLE('',#4121,4.5);
#4121 = AXIS2_PLACEMENT_2D('',#4122,#4123);
#4122 = CARTESIAN_POINT('',(1.34930158299,-4.216823105267E-02));
#4123 = DIRECTION('',(-1.,0.));
#4124 = ( GEOMETRIC_REPRESENTATION_CONTEXT(2) 
PARAMETRIC_REPRESENTATION_CONTEXT() REPRESENTATION_CONTEXT('2D SPACE',''
  ) );
#4125 = PCURVE('',#4126,#4131);
#4126 = CYLINDRICAL_SURFACE('',#4127,4.5);
#4127 = AXIS2_PLACEMENT_3D('',#4128,#4129,#4130);
#4128 = CARTESIAN_POINT('',(-59.,146.32837814455,-79.05934933548));
#4129 = DIRECTION('',(0.,0.996191759571,-8.718932367606E-02));
#4130 = DIRECTION('',(1.,0.,0.));
#4131 = DEFINITIONAL_REPRESENTATION('',(#4132),#4136);
#4132 = LINE('',#4133,#4134);
#4133 = CARTESIAN_POINT('',(-4.138911435803E-13,0.199999999995));
#4134 = VECTOR('',#4135,1.);
#4135 = DIRECTION('',(1.,-0.));
#4136 = ( GEOMETRIC_REPRESENTATION_CONTEXT(2) 
PARAMETRIC_REPRESENTATION_CONTEXT() REPRESENTATION_CONTEXT('2D SPACE',''
  ) );
#4137 = ORIENTED_EDGE('',*,*,#4138,.T.);
#4138 = EDGE_CURVE('',#4110,#4057,#4139,.T.);
#4139 = SURFACE_CURVE('',#4140,(#4144,#4151),.PCURVE_S1.);
#4140 = LINE('',#4141,#4142);
#4141 = CARTESIAN_POINT('',(-57.6507,146.53129755605,-79.03477816881));
#4142 = VECTOR('',#4143,1.);
#4143 = DIRECTION('',(0.412815044182,-7.941333307827E-02,-0.907346274487
    ));
#4144 = PCURVE('',#2684,#4145);
#4145 = DEFINITIONAL_REPRESENTATION('',(#4146),#4150);
#4146 = LINE('',#4147,#4148);
#4147 = CARTESIAN_POINT('',(1.582990002191E-06,1.768951628951E-06));
#4148 = VECTOR('',#4149,1.);
#4149 = DIRECTION('',(-0.412815044182,-0.910814876524));
#4150 = ( GEOMETRIC_REPRESENTATION_CONTEXT(2) 
PARAMETRIC_REPRESENTATION_CONTEXT() REPRESENTATION_CONTEXT('2D SPACE',''
  ) );
#4151 = PCURVE('',#4152,#4157);
#4152 = PLANE('',#4153);
#4153 = AXIS2_PLACEMENT_3D('',#4154,#4155,#4156);
#4154 = CARTESIAN_POINT('',(-25.79821629197,146.44928536556,
    -79.971817991));
#4155 = DIRECTION('',(0.,0.996191759571,-8.718932367605E-02));
#4156 = DIRECTION('',(-1.,0.,0.));
#4157 = DEFINITIONAL_REPRESENTATION('',(#4158),#4162);
#4158 = LINE('',#4159,#4160);
#4159 = CARTESIAN_POINT('',(31.85248370803,0.940621936677));
#4160 = VECTOR('',#4161,1.);
#4161 = DIRECTION('',(-0.412815044182,-0.910814876524));
#4162 = ( GEOMETRIC_REPRESENTATION_CONTEXT(2) 
PARAMETRIC_REPRESENTATION_CONTEXT() REPRESENTATION_CONTEXT('2D SPACE',''
  ) );
#4163 = ADVANCED_FACE('',(#4164),#2854,.T.);
#4164 = FACE_BOUND('',#4165,.F.);
#4165 = EDGE_LOOP('',(#4166,#4203,#4204,#4205));
#4166 = ORIENTED_EDGE('',*,*,#4167,.F.);
#4167 = EDGE_CURVE('',#3996,#4168,#4170,.T.);
#4168 = VERTEX_POINT('',#4169);
#4169 = CARTESIAN_POINT('',(-48.23718,144.86590997859,-98.06285765386));
#4170 = SURFACE_CURVE('',#4171,(#4176,#4187),.PCURVE_S1.);
#4171 = CIRCLE('',#4172,21.294499207368);
#4172 = AXIS2_PLACEMENT_3D('',#4173,#4174,#4175);
#4173 = CARTESIAN_POINT('',(-57.65069841701,146.53129311601,
    -79.03477955592));
#4174 = DIRECTION('',(0.,-0.996191759571,8.718932367605E-02));
#4175 = DIRECTION('',(1.,0.,0.));
#4176 = PCURVE('',#2854,#4177);
#4177 = DEFINITIONAL_REPRESENTATION('',(#4178),#4186);
#4178 = ( BOUNDED_CURVE() B_SPLINE_CURVE(2,(#4179,#4180,#4181,#4182,
#4183,#4184,#4185),.UNSPECIFIED.,.T.,.F.) B_SPLINE_CURVE_WITH_KNOTS((1,2
    ,2,2,2,1),(-2.094395102393,0.,2.094395102393,4.188790204786,
6.28318530718,8.377580409573),.UNSPECIFIED.) CURVE() 
GEOMETRIC_REPRESENTATION_ITEM() RATIONAL_B_SPLINE_CURVE((1.,0.5,1.,0.5,
1.,0.5,1.)) REPRESENTATION_ITEM('') );
#4179 = CARTESIAN_POINT('',(10.557982917672,0.940620167726));
#4180 = CARTESIAN_POINT('',(10.557982917672,37.823774716622));
#4181 = CARTESIAN_POINT('',(42.499731728724,19.382197442174));
#4182 = CARTESIAN_POINT('',(74.441480539776,0.940620167726));
#4183 = CARTESIAN_POINT('',(42.499731728724,-17.50095710672));
#4184 = CARTESIAN_POINT('',(10.557982917672,-35.94253438117));
#4185 = CARTESIAN_POINT('',(10.557982917672,0.940620167726));
#4186 = ( GEOMETRIC_REPRESENTATION_CONTEXT(2) 
PARAMETRIC_REPRESENTATION_CONTEXT() REPRESENTATION_CONTEXT('2D SPACE',''
  ) );
#4187 = PCURVE('',#4188,#4193);
#4188 = PLANE('',#4189);
#4189 = AXIS2_PLACEMENT_3D('',#4190,#4191,#4192);
#4190 = CARTESIAN_POINT('',(-25.79821629197,146.44928536556,
    -79.971817991));
#4191 = DIRECTION('',(0.,0.996191759571,-8.718932367605E-02));
#4192 = DIRECTION('',(-1.,0.,0.));
#4193 = DEFINITIONAL_REPRESENTATION('',(#4194),#4202);
#4194 = ( BOUNDED_CURVE() B_SPLINE_CURVE(2,(#4195,#4196,#4197,#4198,
#4199,#4200,#4201),.UNSPECIFIED.,.T.,.F.) B_SPLINE_CURVE_WITH_KNOTS((1,2
    ,2,2,2,1),(-2.094395102393,0.,2.094395102393,4.188790204786,
6.28318530718,8.377580409573),.UNSPECIFIED.) CURVE() 
GEOMETRIC_REPRESENTATION_ITEM() RATIONAL_B_SPLINE_CURVE((1.,0.5,1.,0.5,
1.,0.5,1.)) REPRESENTATION_ITEM('') );
#4195 = CARTESIAN_POINT('',(10.557982917672,0.940620167726));
#4196 = CARTESIAN_POINT('',(10.557982917672,37.823774716622));
#4197 = CARTESIAN_POINT('',(42.499731728724,19.382197442174));
#4198 = CARTESIAN_POINT('',(74.441480539776,0.940620167726));
#4199 = CARTESIAN_POINT('',(42.499731728724,-17.50095710672));
#4200 = CARTESIAN_POINT('',(10.557982917672,-35.94253438117));
#4201 = CARTESIAN_POINT('',(10.557982917672,0.940620167726));
#4202 = ( GEOMETRIC_REPRESENTATION_CONTEXT(2) 
PARAMETRIC_REPRESENTATION_CONTEXT() REPRESENTATION_CONTEXT('2D SPACE',''
  ) );
#4203 = ORIENTED_EDGE('',*,*,#3995,.T.);
#4204 = ORIENTED_EDGE('',*,*,#2838,.T.);
#4205 = ORIENTED_EDGE('',*,*,#4206,.T.);
#4206 = EDGE_CURVE('',#2839,#4168,#4207,.T.);
#4207 = SURFACE_CURVE('',#4208,(#4212,#4219),.PCURVE_S1.);
#4208 = LINE('',#4209,#4210);
#4209 = CARTESIAN_POINT('',(17.8135,147.70409422722,-65.63485338206));
#4210 = VECTOR('',#4211,1.);
#4211 = DIRECTION('',(-0.896983796339,-3.854321078962E-02,
    -0.440379938244));
#4212 = PCURVE('',#2854,#4213);
#4213 = DEFINITIONAL_REPRESENTATION('',(#4214),#4218);
#4214 = LINE('',#4215,#4216);
#4215 = CARTESIAN_POINT('',(-43.61171629197,14.391771936676));
#4216 = VECTOR('',#4217,1.);
#4217 = DIRECTION('',(0.896983796339,-0.44206342204));
#4218 = ( GEOMETRIC_REPRESENTATION_CONTEXT(2) 
PARAMETRIC_REPRESENTATION_CONTEXT() REPRESENTATION_CONTEXT('2D SPACE',''
  ) );
#4219 = PCURVE('',#4220,#4225);
#4220 = PLANE('',#4221);
#4221 = AXIS2_PLACEMENT_3D('',#4222,#4223,#4224);
#4222 = CARTESIAN_POINT('',(-25.79821629197,146.44928536556,
    -79.971817991));
#4223 = DIRECTION('',(0.,0.996191759571,-8.718932367605E-02));
#4224 = DIRECTION('',(-1.,0.,0.));
#4225 = DEFINITIONAL_REPRESENTATION('',(#4226),#4230);
#4226 = LINE('',#4227,#4228);
#4227 = CARTESIAN_POINT('',(-43.61171629197,14.391771936676));
#4228 = VECTOR('',#4229,1.);
#4229 = DIRECTION('',(0.896983796339,-0.44206342204));
#4230 = ( GEOMETRIC_REPRESENTATION_CONTEXT(2) 
PARAMETRIC_REPRESENTATION_CONTEXT() REPRESENTATION_CONTEXT('2D SPACE',''
  ) );
#4231 = ADVANCED_FACE('',(#4232),#2880,.T.);
#4232 = FACE_BOUND('',#4233,.T.);
#4233 = EDGE_LOOP('',(#4234,#4273,#4301,#4322,#4323,#4346));
#4234 = ORIENTED_EDGE('',*,*,#4235,.T.);
#4235 = EDGE_CURVE('',#4236,#4238,#4240,.T.);
#4236 = VERTEX_POINT('',#4237);
#4237 = CARTESIAN_POINT('',(-36.35619920964,146.53129311601,
    -79.03477955592));
#4238 = VERTEX_POINT('',#4239);
#4239 = CARTESIAN_POINT('',(-36.39814399379,146.64777141672,
    -77.7039678539));
#4240 = SURFACE_CURVE('',#4241,(#4246,#4257),.PCURVE_S1.);
#4241 = CIRCLE('',#4242,21.294499207368);
#4242 = AXIS2_PLACEMENT_3D('',#4243,#4244,#4245);
#4243 = CARTESIAN_POINT('',(-57.65069841701,146.53129311601,
    -79.03477955592));
#4244 = DIRECTION('',(0.,-0.996191759571,8.718932367605E-02));
#4245 = DIRECTION('',(1.,0.,0.));
#4246 = PCURVE('',#2880,#4247);
#4247 = DEFINITIONAL_REPRESENTATION('',(#4248),#4256);
#4248 = ( BOUNDED_CURVE() B_SPLINE_CURVE(2,(#4249,#4250,#4251,#4252,
#4253,#4254,#4255),.UNSPECIFIED.,.T.,.F.) B_SPLINE_CURVE_WITH_KNOTS((1,2
    ,2,2,2,1),(-2.094395102393,0.,2.094395102393,4.188790204786,
6.28318530718,8.377580409573),.UNSPECIFIED.) CURVE() 
GEOMETRIC_REPRESENTATION_ITEM() RATIONAL_B_SPLINE_CURVE((1.,0.5,1.,0.5,
1.,0.5,1.)) REPRESENTATION_ITEM('') );
#4249 = CARTESIAN_POINT('',(10.557982917672,0.940620167726));
#4250 = CARTESIAN_POINT('',(10.557982917672,37.823774716622));
#4251 = CARTESIAN_POINT('',(42.499731728724,19.382197442174));
#4252 = CARTESIAN_POINT('',(74.441480539776,0.940620167726));
#4253 = CARTESIAN_POINT('',(42.499731728724,-17.50095710672));
#4254 = CARTESIAN_POINT('',(10.557982917672,-35.94253438117));
#4255 = CARTESIAN_POINT('',(10.557982917672,0.940620167726));
#4256 = ( GEOMETRIC_REPRESENTATION_CONTEXT(2) 
PARAMETRIC_REPRESENTATION_CONTEXT() REPRESENTATION_CONTEXT('2D SPACE',''
  ) );
#4257 = PCURVE('',#4258,#4263);
#4258 = PLANE('',#4259);
#4259 = AXIS2_PLACEMENT_3D('',#4260,#4261,#4262);
#4260 = CARTESIAN_POINT('',(-25.79821629197,146.44928536556,
    -79.971817991));
#4261 = DIRECTION('',(0.,0.996191759571,-8.718932367605E-02));
#4262 = DIRECTION('',(-1.,0.,0.));
#4263 = DEFINITIONAL_REPRESENTATION('',(#4264),#4272);
#4264 = ( BOUNDED_CURVE() B_SPLINE_CURVE(2,(#4265,#4266,#4267,#4268,
#4269,#4270,#4271),.UNSPECIFIED.,.T.,.F.) B_SPLINE_CURVE_WITH_KNOTS((1,2
    ,2,2,2,1),(-2.094395102393,0.,2.094395102393,4.188790204786,
6.28318530718,8.377580409573),.UNSPECIFIED.) CURVE() 
GEOMETRIC_REPRESENTATION_ITEM() RATIONAL_B_SPLINE_CURVE((1.,0.5,1.,0.5,
1.,0.5,1.)) REPRESENTATION_ITEM('') );
#4265 = CARTESIAN_POINT('',(10.557982917672,0.940620167726));
#4266 = CARTESIAN_POINT('',(10.557982917672,37.823774716622));
#4267 = CARTESIAN_POINT('',(42.499731728724,19.382197442174));
#4268 = CARTESIAN_POINT('',(74.441480539776,0.940620167726));
#4269 = CARTESIAN_POINT('',(42.499731728724,-17.50095710672));
#4270 = CARTESIAN_POINT('',(10.557982917672,-35.94253438117));
#4271 = CARTESIAN_POINT('',(10.557982917672,0.940620167726));
#4272 = ( GEOMETRIC_REPRESENTATION_CONTEXT(2) 
PARAMETRIC_REPRESENTATION_CONTEXT() REPRESENTATION_CONTEXT('2D SPACE',''
  ) );
#4273 = ORIENTED_EDGE('',*,*,#4274,.T.);
#4274 = EDGE_CURVE('',#4238,#4275,#4277,.T.);
#4275 = VERTEX_POINT('',#4276);
#4276 = CARTESIAN_POINT('',(-35.5137064003,146.77034093189,
    -76.30356027258));
#4277 = SURFACE_CURVE('',#4278,(#4282,#4289),.PCURVE_S1.);
#4278 = LINE('',#4279,#4280);
#4279 = CARTESIAN_POINT('',(-56.59259,143.84918132492,-109.6796091529));
#4280 = VECTOR('',#4281,1.);
#4281 = DIRECTION('',(0.532523775277,7.379835534144E-02,0.843191693219)
  );
#4282 = PCURVE('',#2880,#4283);
#4283 = DEFINITIONAL_REPRESENTATION('',(#4284),#4288);
#4284 = LINE('',#4285,#4286);
#4285 = CARTESIAN_POINT('',(30.79437370803,-29.82135806332));
#4286 = VECTOR('',#4287,1.);
#4287 = DIRECTION('',(-0.532523775277,0.846415045214));
#4288 = ( GEOMETRIC_REPRESENTATION_CONTEXT(2) 
PARAMETRIC_REPRESENTATION_CONTEXT() REPRESENTATION_CONTEXT('2D SPACE',''
  ) );
#4289 = PCURVE('',#4290,#4295);
#4290 = PLANE('',#4291);
#4291 = AXIS2_PLACEMENT_3D('',#4292,#4293,#4294);
#4292 = CARTESIAN_POINT('',(-25.79821629197,146.44928536556,
    -79.971817991));
#4293 = DIRECTION('',(0.,0.996191759571,-8.718932367605E-02));
#4294 = DIRECTION('',(-1.,0.,0.));
#4295 = DEFINITIONAL_REPRESENTATION('',(#4296),#4300);
#4296 = LINE('',#4297,#4298);
#4297 = CARTESIAN_POINT('',(30.79437370803,-29.82135806332));
#4298 = VECTOR('',#4299,1.);
#4299 = DIRECTION('',(-0.532523775277,0.846415045214));
#4300 = ( GEOMETRIC_REPRESENTATION_CONTEXT(2) 
PARAMETRIC_REPRESENTATION_CONTEXT() REPRESENTATION_CONTEXT('2D SPACE',''
  ) );
#4301 = ORIENTED_EDGE('',*,*,#4302,.T.);
#4302 = EDGE_CURVE('',#4275,#2813,#4303,.T.);
#4303 = SURFACE_CURVE('',#4304,(#4308,#4315),.PCURVE_S1.);
#4304 = LINE('',#4305,#4306);
#4305 = CARTESIAN_POINT('',(-38.25535,147.2977518718,-70.27756522987));
#4306 = VECTOR('',#4307,1.);
#4307 = DIRECTION('',(0.412814864713,-7.941334017031E-02,-0.90734635552)
  );
#4308 = PCURVE('',#2880,#4309);
#4309 = DEFINITIONAL_REPRESENTATION('',(#4310),#4314);
#4310 = LINE('',#4311,#4312);
#4311 = CARTESIAN_POINT('',(12.45713370803,9.731311936676));
#4312 = VECTOR('',#4313,1.);
#4313 = DIRECTION('',(-0.412814864713,-0.910814957866));
#4314 = ( GEOMETRIC_REPRESENTATION_CONTEXT(2) 
PARAMETRIC_REPRESENTATION_CONTEXT() REPRESENTATION_CONTEXT('2D SPACE',''
  ) );
#4315 = PCURVE('',#3058,#4316);
#4316 = DEFINITIONAL_REPRESENTATION('',(#4317),#4321);
#4317 = LINE('',#4318,#4319);
#4318 = CARTESIAN_POINT('',(12.45713370803,9.731311936676));
#4319 = VECTOR('',#4320,1.);
#4320 = DIRECTION('',(-0.412814864713,-0.910814957866));
#4321 = ( GEOMETRIC_REPRESENTATION_CONTEXT(2) 
PARAMETRIC_REPRESENTATION_CONTEXT() REPRESENTATION_CONTEXT('2D SPACE',''
  ) );
#4322 = ORIENTED_EDGE('',*,*,#2866,.T.);
#4323 = ORIENTED_EDGE('',*,*,#4324,.T.);
#4324 = EDGE_CURVE('',#2839,#4325,#4327,.T.);
#4325 = VERTEX_POINT('',#4326);
#4326 = CARTESIAN_POINT('',(-47.30428194263,144.90852564919,
    -97.57592268087));
#4327 = SURFACE_CURVE('',#4328,(#4332,#4339),.PCURVE_S1.);
#4328 = LINE('',#4329,#4330);
#4329 = CARTESIAN_POINT('',(-57.96395,142.09401490087,-129.7334672927));
#4330 = VECTOR('',#4331,1.);
#4331 = DIRECTION('',(0.313566080943,8.279205058891E-02,0.945950204419)
  );
#4332 = PCURVE('',#2880,#4333);
#4333 = DEFINITIONAL_REPRESENTATION('',(#4334),#4338);
#4334 = LINE('',#4335,#4336);
#4335 = CARTESIAN_POINT('',(32.16573370803,-49.95187806325));
#4336 = VECTOR('',#4337,1.);
#4337 = DIRECTION('',(-0.313566080943,0.949566381504));
#4338 = ( GEOMETRIC_REPRESENTATION_CONTEXT(2) 
PARAMETRIC_REPRESENTATION_CONTEXT() REPRESENTATION_CONTEXT('2D SPACE',''
  ) );
#4339 = PCURVE('',#4220,#4340);
#4340 = DEFINITIONAL_REPRESENTATION('',(#4341),#4345);
#4341 = LINE('',#4342,#4343);
#4342 = CARTESIAN_POINT('',(32.16573370803,-49.95187806325));
#4343 = VECTOR('',#4344,1.);
#4344 = DIRECTION('',(-0.313566080943,0.949566381504));
#4345 = ( GEOMETRIC_REPRESENTATION_CONTEXT(2) 
PARAMETRIC_REPRESENTATION_CONTEXT() REPRESENTATION_CONTEXT('2D SPACE',''
  ) );
#4346 = ORIENTED_EDGE('',*,*,#4347,.T.);
#4347 = EDGE_CURVE('',#4325,#4236,#4348,.T.);
#4348 = SURFACE_CURVE('',#4349,(#4354,#4365),.PCURVE_S1.);
#4349 = CIRCLE('',#4350,21.294499207368);
#4350 = AXIS2_PLACEMENT_3D('',#4351,#4352,#4353);
#4351 = CARTESIAN_POINT('',(-57.65069841701,146.53129311601,
    -79.03477955592));
#4352 = DIRECTION('',(0.,-0.996191759571,8.718932367605E-02));
#4353 = DIRECTION('',(1.,0.,0.));
#4354 = PCURVE('',#2880,#4355);
#4355 = DEFINITIONAL_REPRESENTATION('',(#4356),#4364);
#4356 = ( BOUNDED_CURVE() B_SPLINE_CURVE(2,(#4357,#4358,#4359,#4360,
#4361,#4362,#4363),.UNSPECIFIED.,.T.,.F.) B_SPLINE_CURVE_WITH_KNOTS((1,2
    ,2,2,2,1),(-2.094395102393,0.,2.094395102393,4.188790204786,
6.28318530718,8.377580409573),.UNSPECIFIED.) CURVE() 
GEOMETRIC_REPRESENTATION_ITEM() RATIONAL_B_SPLINE_CURVE((1.,0.5,1.,0.5,
1.,0.5,1.)) REPRESENTATION_ITEM('') );
#4357 = CARTESIAN_POINT('',(10.557982917672,0.940620167726));
#4358 = CARTESIAN_POINT('',(10.557982917672,37.823774716622));
#4359 = CARTESIAN_POINT('',(42.499731728724,19.382197442174));
#4360 = CARTESIAN_POINT('',(74.441480539776,0.940620167726));
#4361 = CARTESIAN_POINT('',(42.499731728724,-17.50095710672));
#4362 = CARTESIAN_POINT('',(10.557982917672,-35.94253438117));
#4363 = CARTESIAN_POINT('',(10.557982917672,0.940620167726));
#4364 = ( GEOMETRIC_REPRESENTATION_CONTEXT(2) 
PARAMETRIC_REPRESENTATION_CONTEXT() REPRESENTATION_CONTEXT('2D SPACE',''
  ) );
#4365 = PCURVE('',#4258,#4366);
#4366 = DEFINITIONAL_REPRESENTATION('',(#4367),#4375);
#4367 = ( BOUNDED_CURVE() B_SPLINE_CURVE(2,(#4368,#4369,#4370,#4371,
#4372,#4373,#4374),.UNSPECIFIED.,.T.,.F.) B_SPLINE_CURVE_WITH_KNOTS((1,2
    ,2,2,2,1),(-2.094395102393,0.,2.094395102393,4.188790204786,
6.28318530718,8.377580409573),.UNSPECIFIED.) CURVE() 
GEOMETRIC_REPRESENTATION_ITEM() RATIONAL_B_SPLINE_CURVE((1.,0.5,1.,0.5,
1.,0.5,1.)) REPRESENTATION_ITEM('') );
#4368 = CARTESIAN_POINT('',(10.557982917672,0.940620167726));
#4369 = CARTESIAN_POINT('',(10.557982917672,37.823774716622));
#4370 = CARTESIAN_POINT('',(42.499731728724,19.382197442174));
#4371 = CARTESIAN_POINT('',(74.441480539776,0.940620167726));
#4372 = CARTESIAN_POINT('',(42.499731728724,-17.50095710672));
#4373 = CARTESIAN_POINT('',(10.557982917672,-35.94253438117));
#4374 = CARTESIAN_POINT('',(10.557982917672,0.940620167726));
#4375 = ( GEOMETRIC_REPRESENTATION_CONTEXT(2) 
PARAMETRIC_REPRESENTATION_CONTEXT() REPRESENTATION_CONTEXT('2D SPACE',''
  ) );
#4376 = ADVANCED_FACE('',(#4377),#2916,.F.);
#4377 = FACE_BOUND('',#4378,.F.);
#4378 = EDGE_LOOP('',(#4379,#4407,#4408,#4434,#4455,#4456));
#4379 = ORIENTED_EDGE('',*,*,#4380,.T.);
#4380 = EDGE_CURVE('',#4381,#3279,#4383,.T.);
#4381 = VERTEX_POINT('',#4382);
#4382 = CARTESIAN_POINT('',(-36.975,141.22204296344,-116.7576957916));
#4383 = SURFACE_CURVE('',#4384,(#4389,#4396),.PCURVE_S1.);
#4384 = CIRCLE('',#4385,2.025);
#4385 = AXIS2_PLACEMENT_3D('',#4386,#4387,#4388);
#4386 = CARTESIAN_POINT('',(-39.,141.22204296344,-116.7576957916));
#4387 = DIRECTION('',(0.,0.996191759571,-8.718932367606E-02));
#4388 = DIRECTION('',(1.,0.,0.));
#4389 = PCURVE('',#2916,#4390);
#4390 = DEFINITIONAL_REPRESENTATION('',(#4391),#4395);
#4391 = LINE('',#4392,#4393);
#4392 = CARTESIAN_POINT('',(-4.138911435803E-13,1.000430219172E-02));
#4393 = VECTOR('',#4394,1.);
#4394 = DIRECTION('',(1.,-0.));
#4395 = ( GEOMETRIC_REPRESENTATION_CONTEXT(2) 
PARAMETRIC_REPRESENTATION_CONTEXT() REPRESENTATION_CONTEXT('2D SPACE',''
  ) );
#4396 = PCURVE('',#3294,#4397);
#4397 = DEFINITIONAL_REPRESENTATION('',(#4398),#4406);
#4398 = ( BOUNDED_CURVE() B_SPLINE_CURVE(2,(#4399,#4400,#4401,#4402,
#4403,#4404,#4405),.UNSPECIFIED.,.T.,.F.) B_SPLINE_CURVE_WITH_KNOTS((1,2
    ,2,2,2,1),(-2.094395102393,0.,2.094395102393,4.188790204786,
6.28318530718,8.377580409573),.UNSPECIFIED.) CURVE() 
GEOMETRIC_REPRESENTATION_ITEM() RATIONAL_B_SPLINE_CURVE((1.,0.5,1.,0.5,
1.,0.5,1.)) REPRESENTATION_ITEM('') );
#4399 = CARTESIAN_POINT('',(-11.17678370803,-37.10154806326));
#4400 = CARTESIAN_POINT('',(-11.17678370803,-40.60895094859));
#4401 = CARTESIAN_POINT('',(-14.21428370803,-38.85524950593));
#4402 = CARTESIAN_POINT('',(-17.25178370803,-37.10154806326));
#4403 = CARTESIAN_POINT('',(-14.21428370803,-35.3478466206));
#4404 = CARTESIAN_POINT('',(-11.17678370803,-33.59414517794));
#4405 = CARTESIAN_POINT('',(-11.17678370803,-37.10154806326));
#4406 = ( GEOMETRIC_REPRESENTATION_CONTEXT(2) 
PARAMETRIC_REPRESENTATION_CONTEXT() REPRESENTATION_CONTEXT('2D SPACE',''
  ) );
#4407 = ORIENTED_EDGE('',*,*,#3364,.T.);
#4408 = ORIENTED_EDGE('',*,*,#4409,.T.);
#4409 = EDGE_CURVE('',#3342,#4381,#4410,.T.);
#4410 = SURFACE_CURVE('',#4411,(#4416,#4423),.PCURVE_S1.);
#4411 = CIRCLE('',#4412,2.025);
#4412 = AXIS2_PLACEMENT_3D('',#4413,#4414,#4415);
#4413 = CARTESIAN_POINT('',(-39.,141.22204296344,-116.7576957916));
#4414 = DIRECTION('',(0.,0.996191759571,-8.718932367606E-02));
#4415 = DIRECTION('',(1.,0.,0.));
#4416 = PCURVE('',#2916,#4417);
#4417 = DEFINITIONAL_REPRESENTATION('',(#4418),#4422);
#4418 = LINE('',#4419,#4420);
#4419 = CARTESIAN_POINT('',(-4.138911435803E-13,1.000430219172E-02));
#4420 = VECTOR('',#4421,1.);
#4421 = DIRECTION('',(1.,-0.));
#4422 = ( GEOMETRIC_REPRESENTATION_CONTEXT(2) 
PARAMETRIC_REPRESENTATION_CONTEXT() REPRESENTATION_CONTEXT('2D SPACE',''
  ) );
#4423 = PCURVE('',#3294,#4424);
#4424 = DEFINITIONAL_REPRESENTATION('',(#4425),#4433);
#4425 = ( BOUNDED_CURVE() B_SPLINE_CURVE(2,(#4426,#4427,#4428,#4429,
#4430,#4431,#4432),.UNSPECIFIED.,.T.,.F.) B_SPLINE_CURVE_WITH_KNOTS((1,2
    ,2,2,2,1),(-2.094395102393,0.,2.094395102393,4.188790204786,
6.28318530718,8.377580409573),.UNSPECIFIED.) CURVE() 
GEOMETRIC_REPRESENTATION_ITEM() RATIONAL_B_SPLINE_CURVE((1.,0.5,1.,0.5,
1.,0.5,1.)) REPRESENTATION_ITEM('') );
#4426 = CARTESIAN_POINT('',(-11.17678370803,-37.10154806326));
#4427 = CARTESIAN_POINT('',(-11.17678370803,-40.60895094859));
#4428 = CARTESIAN_POINT('',(-14.21428370803,-38.85524950593));
#4429 = CARTESIAN_POINT('',(-17.25178370803,-37.10154806326));
#4430 = CARTESIAN_POINT('',(-14.21428370803,-35.3478466206));
#4431 = CARTESIAN_POINT('',(-11.17678370803,-33.59414517794));
#4432 = CARTESIAN_POINT('',(-11.17678370803,-37.10154806326));
#4433 = ( GEOMETRIC_REPRESENTATION_CONTEXT(2) 
PARAMETRIC_REPRESENTATION_CONTEXT() REPRESENTATION_CONTEXT('2D SPACE',''
  ) );
#4434 = ORIENTED_EDGE('',*,*,#4435,.T.);
#4435 = EDGE_CURVE('',#4381,#2896,#4436,.T.);
#4436 = SEAM_CURVE('',#4437,(#4441,#4448),.PCURVE_S1.);
#4437 = LINE('',#4438,#4439);
#4438 = CARTESIAN_POINT('',(-36.975,141.21207676004,-116.7568235233));
#4439 = VECTOR('',#4440,1.);
#4440 = DIRECTION('',(0.,0.996191759571,-8.718932367606E-02));
#4441 = PCURVE('',#2916,#4442);
#4442 = DEFINITIONAL_REPRESENTATION('',(#4443),#4447);
#4443 = LINE('',#4444,#4445);
#4444 = CARTESIAN_POINT('',(6.28318530718,0.));
#4445 = VECTOR('',#4446,1.);
#4446 = DIRECTION('',(-0.,1.));
#4447 = ( GEOMETRIC_REPRESENTATION_CONTEXT(2) 
PARAMETRIC_REPRESENTATION_CONTEXT() REPRESENTATION_CONTEXT('2D SPACE',''
  ) );
#4448 = PCURVE('',#2916,#4449);
#4449 = DEFINITIONAL_REPRESENTATION('',(#4450),#4454);
#4450 = LINE('',#4451,#4452);
#4451 = CARTESIAN_POINT('',(-4.138911435803E-13,0.));
#4452 = VECTOR('',#4453,1.);
#4453 = DIRECTION('',(-0.,1.));
#4454 = ( GEOMETRIC_REPRESENTATION_CONTEXT(2) 
PARAMETRIC_REPRESENTATION_CONTEXT() REPRESENTATION_CONTEXT('2D SPACE',''
  ) );
#4455 = ORIENTED_EDGE('',*,*,#2895,.T.);
#4456 = ORIENTED_EDGE('',*,*,#4435,.F.);
#4457 = ADVANCED_FACE('',(#4458),#2950,.T.);
#4458 = FACE_BOUND('',#4459,.T.);
#4459 = EDGE_LOOP('',(#4460,#4483,#4509,#4510));
#4460 = ORIENTED_EDGE('',*,*,#4461,.F.);
#4461 = EDGE_CURVE('',#4462,#2993,#4464,.T.);
#4462 = VERTEX_POINT('',#4463);
#4463 = CARTESIAN_POINT('',(-2.755935410871,147.82346968677,
    -64.2709151831));
#4464 = SURFACE_CURVE('',#4465,(#4469,#4476),.PCURVE_S1.);
#4465 = LINE('',#4466,#4467);
#4466 = CARTESIAN_POINT('',(-67.06422,148.19668513351,-60.00669868377));
#4467 = VECTOR('',#4468,1.);
#4468 = DIRECTION('',(0.997792053465,-5.790722134242E-03,
    -6.616256932476E-02));
#4469 = PCURVE('',#2950,#4470);
#4470 = DEFINITIONAL_REPRESENTATION('',(#4471),#4475);
#4471 = LINE('',#4472,#4473);
#4472 = CARTESIAN_POINT('',(75.464197204031,-13.45115338444));
#4473 = VECTOR('',#4474,1.);
#4474 = DIRECTION('',(-0.997792053465,-6.641549549984E-02));
#4475 = ( GEOMETRIC_REPRESENTATION_CONTEXT(2) 
PARAMETRIC_REPRESENTATION_CONTEXT() REPRESENTATION_CONTEXT('2D SPACE',''
  ) );
#4476 = PCURVE('',#3089,#4477);
#4477 = DEFINITIONAL_REPRESENTATION('',(#4478),#4482);
#4478 = LINE('',#4479,#4480);
#4479 = CARTESIAN_POINT('',(75.464197204031,-13.45115338444));
#4480 = VECTOR('',#4481,1.);
#4481 = DIRECTION('',(-0.997792053465,-6.641549549984E-02));
#4482 = ( GEOMETRIC_REPRESENTATION_CONTEXT(2) 
PARAMETRIC_REPRESENTATION_CONTEXT() REPRESENTATION_CONTEXT('2D SPACE',''
  ) );
#4483 = ORIENTED_EDGE('',*,*,#4484,.T.);
#4484 = EDGE_CURVE('',#4462,#2935,#4485,.T.);
#4485 = SURFACE_CURVE('',#4486,(#4490,#4497),.PCURVE_S1.);
#4486 = LINE('',#4487,#4488);
#4487 = CARTESIAN_POINT('',(-38.5686,142.86046921661,-120.9762543538));
#4488 = VECTOR('',#4489,1.);
#4489 = DIRECTION('',(0.532523775277,7.379835534144E-02,0.843191693219)
  );
#4490 = PCURVE('',#2950,#4491);
#4491 = DEFINITIONAL_REPRESENTATION('',(#4492),#4496);
#4492 = LINE('',#4493,#4494);
#4493 = CARTESIAN_POINT('',(46.968577204031,-74.6537833844));
#4494 = VECTOR('',#4495,1.);
#4495 = DIRECTION('',(-0.532523775277,0.846415045214));
#4496 = ( GEOMETRIC_REPRESENTATION_CONTEXT(2) 
PARAMETRIC_REPRESENTATION_CONTEXT() REPRESENTATION_CONTEXT('2D SPACE',''
  ) );
#4497 = PCURVE('',#4498,#4503);
#4498 = PLANE('',#4499);
#4499 = AXIS2_PLACEMENT_3D('',#4500,#4501,#4502);
#4500 = CARTESIAN_POINT('',(-25.79821629197,146.44928536556,
    -79.971817991));
#4501 = DIRECTION('',(0.,0.996191759571,-8.718932367605E-02));
#4502 = DIRECTION('',(-1.,0.,0.));
#4503 = DEFINITIONAL_REPRESENTATION('',(#4504),#4508);
#4504 = LINE('',#4505,#4506);
#4505 = CARTESIAN_POINT('',(12.77038370803,-41.16118806329));
#4506 = VECTOR('',#4507,1.);
#4507 = DIRECTION('',(-0.532523775277,0.846415045214));
#4508 = ( GEOMETRIC_REPRESENTATION_CONTEXT(2) 
PARAMETRIC_REPRESENTATION_CONTEXT() REPRESENTATION_CONTEXT('2D SPACE',''
  ) );
#4509 = ORIENTED_EDGE('',*,*,#2934,.T.);
#4510 = ORIENTED_EDGE('',*,*,#3016,.T.);
#4511 = ADVANCED_FACE('',(#4512),#2976,.T.);
#4512 = FACE_BOUND('',#4513,.T.);
#4513 = EDGE_LOOP('',(#4514,#4541,#4542,#4543));
#4514 = ORIENTED_EDGE('',*,*,#4515,.F.);
#4515 = EDGE_CURVE('',#3939,#4516,#4518,.T.);
#4516 = VERTEX_POINT('',#4517);
#4517 = CARTESIAN_POINT('',(-1.01354,151.03486938214,-27.57869441197));
#4518 = SURFACE_CURVE('',#4519,(#4524,#4535),.PCURVE_S1.);
#4519 = CIRCLE('',#4520,21.294499207368);
#4520 = AXIS2_PLACEMENT_3D('',#4521,#4522,#4523);
#4521 = CARTESIAN_POINT('',(8.399977204031,149.36947781395,
    -46.60677015036));
#4522 = DIRECTION('',(0.,-0.996191759571,8.718932367605E-02));
#4523 = DIRECTION('',(1.,0.,0.));
#4524 = PCURVE('',#2976,#4525);
#4525 = DEFINITIONAL_REPRESENTATION('',(#4526),#4534);
#4526 = ( BOUNDED_CURVE() B_SPLINE_CURVE(2,(#4527,#4528,#4529,#4530,
#4531,#4532,#4533),.UNSPECIFIED.,.T.,.F.) B_SPLINE_CURVE_WITH_KNOTS((1,2
    ,2,2,2,1),(-2.094395102393,0.,2.094395102393,4.188790204786,
6.28318530718,8.377580409573),.UNSPECIFIED.) CURVE() 
GEOMETRIC_REPRESENTATION_ITEM() RATIONAL_B_SPLINE_CURVE((1.,0.5,1.,0.5,
1.,0.5,1.)) REPRESENTATION_ITEM('') );
#4527 = CARTESIAN_POINT('',(-21.29449920736,0.));
#4528 = CARTESIAN_POINT('',(-21.29449920736,36.883154548897));
#4529 = CARTESIAN_POINT('',(10.647249603684,18.441577274448));
#4530 = CARTESIAN_POINT('',(42.588998414736,5.21564805875E-15));
#4531 = CARTESIAN_POINT('',(10.647249603684,-18.44157727444));
#4532 = CARTESIAN_POINT('',(-21.29449920736,-36.88315454889));
#4533 = CARTESIAN_POINT('',(-21.29449920736,0.));
#4534 = ( GEOMETRIC_REPRESENTATION_CONTEXT(2) 
PARAMETRIC_REPRESENTATION_CONTEXT() REPRESENTATION_CONTEXT('2D SPACE',''
  ) );
#4535 = PCURVE('',#3978,#4536);
#4536 = DEFINITIONAL_REPRESENTATION('',(#4537),#4540);
#4537 = B_SPLINE_CURVE_WITH_KNOTS('',1,(#4538,#4539),.UNSPECIFIED.,.F.,
  .F.,(2,2),(0.,2.028694102227),.PIECEWISE_BEZIER_KNOTS.);
#4538 = CARTESIAN_POINT('',(6.28318530718,2.));
#4539 = CARTESIAN_POINT('',(4.254491204953,2.));
#4540 = ( GEOMETRIC_REPRESENTATION_CONTEXT(2) 
PARAMETRIC_REPRESENTATION_CONTEXT() REPRESENTATION_CONTEXT('2D SPACE',''
  ) );
#4541 = ORIENTED_EDGE('',*,*,#3938,.F.);
#4542 = ORIENTED_EDGE('',*,*,#2962,.F.);
#4543 = ORIENTED_EDGE('',*,*,#4544,.F.);
#4544 = EDGE_CURVE('',#4516,#2935,#4545,.T.);
#4545 = SURFACE_CURVE('',#4546,(#4550,#4557),.PCURVE_S1.);
#4546 = LINE('',#4547,#4548);
#4547 = CARTESIAN_POINT('',(-1.01354,151.03486938214,-27.57869441197));
#4548 = VECTOR('',#4549,1.);
#4549 = DIRECTION('',(0.442063466418,-7.820740864419E-02,-0.893567844594
    ));
#4550 = PCURVE('',#2976,#4551);
#4551 = DEFINITIONAL_REPRESENTATION('',(#4552),#4556);
#4552 = LINE('',#4553,#4554);
#4553 = CARTESIAN_POINT('',(9.413517204031,19.100816615561));
#4554 = VECTOR('',#4555,1.);
#4555 = DIRECTION('',(-0.442063466418,-0.896983774468));
#4556 = ( GEOMETRIC_REPRESENTATION_CONTEXT(2) 
PARAMETRIC_REPRESENTATION_CONTEXT() REPRESENTATION_CONTEXT('2D SPACE',''
  ) );
#4557 = PCURVE('',#4558,#4563);
#4558 = PLANE('',#4559);
#4559 = AXIS2_PLACEMENT_3D('',#4560,#4561,#4562);
#4560 = CARTESIAN_POINT('',(8.399977204031,149.36947781395,
    -46.60677015036));
#4561 = DIRECTION('',(0.,0.996191759571,-8.718932367605E-02));
#4562 = DIRECTION('',(-1.,0.,0.));
#4563 = DEFINITIONAL_REPRESENTATION('',(#4564),#4568);
#4564 = LINE('',#4565,#4566);
#4565 = CARTESIAN_POINT('',(9.413517204031,19.100816615561));
#4566 = VECTOR('',#4567,1.);
#4567 = DIRECTION('',(-0.442063466418,-0.896983774468));
#4568 = ( GEOMETRIC_REPRESENTATION_CONTEXT(2) 
PARAMETRIC_REPRESENTATION_CONTEXT() REPRESENTATION_CONTEXT('2D SPACE',''
  ) );
#4569 = ADVANCED_FACE('',(#4570),#3058,.T.);
#4570 = FACE_BOUND('',#4571,.F.);
#4571 = EDGE_LOOP('',(#4572,#4600,#4601,#4602,#4603,#4640,#4668));
#4572 = ORIENTED_EDGE('',*,*,#4573,.F.);
#4573 = EDGE_CURVE('',#4275,#4574,#4576,.T.);
#4574 = VERTEX_POINT('',#4575);
#4575 = CARTESIAN_POINT('',(-28.06511030557,147.80258431127,
    -64.50954347033));
#4576 = SURFACE_CURVE('',#4577,(#4581,#4588),.PCURVE_S1.);
#4577 = LINE('',#4578,#4579);
#4578 = CARTESIAN_POINT('',(-56.59259,143.84918132492,-109.6796091529));
#4579 = VECTOR('',#4580,1.);
#4580 = DIRECTION('',(0.532523775277,7.379835534144E-02,0.843191693219)
  );
#4581 = PCURVE('',#3058,#4582);
#4582 = DEFINITIONAL_REPRESENTATION('',(#4583),#4587);
#4583 = LINE('',#4584,#4585);
#4584 = CARTESIAN_POINT('',(30.79437370803,-29.82135806332));
#4585 = VECTOR('',#4586,1.);
#4586 = DIRECTION('',(-0.532523775277,0.846415045214));
#4587 = ( GEOMETRIC_REPRESENTATION_CONTEXT(2) 
PARAMETRIC_REPRESENTATION_CONTEXT() REPRESENTATION_CONTEXT('2D SPACE',''
  ) );
#4588 = PCURVE('',#4589,#4594);
#4589 = PLANE('',#4590);
#4590 = AXIS2_PLACEMENT_3D('',#4591,#4592,#4593);
#4591 = CARTESIAN_POINT('',(-25.79821629197,146.44928536556,
    -79.971817991));
#4592 = DIRECTION('',(0.,0.996191759571,-8.718932367605E-02));
#4593 = DIRECTION('',(-1.,0.,0.));
#4594 = DEFINITIONAL_REPRESENTATION('',(#4595),#4599);
#4595 = LINE('',#4596,#4597);
#4596 = CARTESIAN_POINT('',(30.79437370803,-29.82135806332));
#4597 = VECTOR('',#4598,1.);
#4598 = DIRECTION('',(-0.532523775277,0.846415045214));
#4599 = ( GEOMETRIC_REPRESENTATION_CONTEXT(2) 
PARAMETRIC_REPRESENTATION_CONTEXT() REPRESENTATION_CONTEXT('2D SPACE',''
  ) );
#4600 = ORIENTED_EDGE('',*,*,#4302,.T.);
#4601 = ORIENTED_EDGE('',*,*,#3134,.F.);
#4602 = ORIENTED_EDGE('',*,*,#3042,.T.);
#4603 = ORIENTED_EDGE('',*,*,#4604,.F.);
#4604 = EDGE_CURVE('',#4605,#3043,#4607,.T.);
#4605 = VERTEX_POINT('',#4606);
#4606 = CARTESIAN_POINT('',(-3.462070588835,147.82756562482,
    -64.22409189498));
#4607 = SURFACE_CURVE('',#4608,(#4613,#4624),.PCURVE_S1.);
#4608 = CIRCLE('',#4609,21.294499207368);
#4609 = AXIS2_PLACEMENT_3D('',#4610,#4611,#4612);
#4610 = CARTESIAN_POINT('',(8.399977204031,149.36947781395,
    -46.60677015036));
#4611 = DIRECTION('',(0.,-0.996191759571,8.718932367605E-02));
#4612 = DIRECTION('',(1.,0.,0.));
#4613 = PCURVE('',#3058,#4614);
#4614 = DEFINITIONAL_REPRESENTATION('',(#4615),#4623);
#4615 = ( BOUNDED_CURVE() B_SPLINE_CURVE(2,(#4616,#4617,#4618,#4619,
#4620,#4621,#4622),.UNSPECIFIED.,.T.,.F.) B_SPLINE_CURVE_WITH_KNOTS((1,2
    ,2,2,2,1),(-2.094395102393,0.,2.094395102393,4.188790204786,
6.28318530718,8.377580409573),.UNSPECIFIED.) CURVE() 
GEOMETRIC_REPRESENTATION_ITEM() RATIONAL_B_SPLINE_CURVE((1.,0.5,1.,0.5,
1.,0.5,1.)) REPRESENTATION_ITEM('') );
#4616 = CARTESIAN_POINT('',(-55.49269270336,33.492595321113));
#4617 = CARTESIAN_POINT('',(-55.49269270336,70.375749870009));
#4618 = CARTESIAN_POINT('',(-23.55094389231,51.934172595561));
#4619 = CARTESIAN_POINT('',(8.390804918735,33.492595321113));
#4620 = CARTESIAN_POINT('',(-23.55094389231,15.051018046664));
#4621 = CARTESIAN_POINT('',(-55.49269270336,-3.390559227784));
#4622 = CARTESIAN_POINT('',(-55.49269270336,33.492595321113));
#4623 = ( GEOMETRIC_REPRESENTATION_CONTEXT(2) 
PARAMETRIC_REPRESENTATION_CONTEXT() REPRESENTATION_CONTEXT('2D SPACE',''
  ) );
#4624 = PCURVE('',#4625,#4630);
#4625 = PLANE('',#4626);
#4626 = AXIS2_PLACEMENT_3D('',#4627,#4628,#4629);
#4627 = CARTESIAN_POINT('',(-25.79821629197,146.44928536556,
    -79.971817991));
#4628 = DIRECTION('',(0.,0.996191759571,-8.718932367605E-02));
#4629 = DIRECTION('',(-1.,0.,0.));
#4630 = DEFINITIONAL_REPRESENTATION('',(#4631),#4639);
#4631 = ( BOUNDED_CURVE() B_SPLINE_CURVE(2,(#4632,#4633,#4634,#4635,
#4636,#4637,#4638),.UNSPECIFIED.,.T.,.F.) B_SPLINE_CURVE_WITH_KNOTS((1,2
    ,2,2,2,1),(-2.094395102393,0.,2.094395102393,4.188790204786,
6.28318530718,8.377580409573),.UNSPECIFIED.) CURVE() 
GEOMETRIC_REPRESENTATION_ITEM() RATIONAL_B_SPLINE_CURVE((1.,0.5,1.,0.5,
1.,0.5,1.)) REPRESENTATION_ITEM('') );
#4632 = CARTESIAN_POINT('',(-55.49269270336,33.492595321113));
#4633 = CARTESIAN_POINT('',(-55.49269270336,70.375749870009));
#4634 = CARTESIAN_POINT('',(-23.55094389231,51.934172595561));
#4635 = CARTESIAN_POINT('',(8.390804918735,33.492595321113));
#4636 = CARTESIAN_POINT('',(-23.55094389231,15.051018046664));
#4637 = CARTESIAN_POINT('',(-55.49269270336,-3.390559227784));
#4638 = CARTESIAN_POINT('',(-55.49269270336,33.492595321113));
#4639 = ( GEOMETRIC_REPRESENTATION_CONTEXT(2) 
PARAMETRIC_REPRESENTATION_CONTEXT() REPRESENTATION_CONTEXT('2D SPACE',''
  ) );
#4640 = ORIENTED_EDGE('',*,*,#4641,.F.);
#4641 = EDGE_CURVE('',#4642,#4605,#4644,.T.);
#4642 = VERTEX_POINT('',#4643);
#4643 = CARTESIAN_POINT('',(-24.62536,147.95038968037,-62.82077603292));
#4644 = SURFACE_CURVE('',#4645,(#4649,#4656),.PCURVE_S1.);
#4645 = LINE('',#4646,#4647);
#4646 = CARTESIAN_POINT('',(-67.06422,148.19668513351,-60.00669868377));
#4647 = VECTOR('',#4648,1.);
#4648 = DIRECTION('',(0.997792053465,-5.790722134242E-03,
    -6.616256932476E-02));
#4649 = PCURVE('',#3058,#4650);
#4650 = DEFINITIONAL_REPRESENTATION('',(#4651),#4655);
#4651 = LINE('',#4652,#4653);
#4652 = CARTESIAN_POINT('',(41.26600370803,20.041441936671));
#4653 = VECTOR('',#4654,1.);
#4654 = DIRECTION('',(-0.997792053465,-6.641549549984E-02));
#4655 = ( GEOMETRIC_REPRESENTATION_CONTEXT(2) 
PARAMETRIC_REPRESENTATION_CONTEXT() REPRESENTATION_CONTEXT('2D SPACE',''
  ) );
#4656 = PCURVE('',#4657,#4662);
#4657 = PLANE('',#4658);
#4658 = AXIS2_PLACEMENT_3D('',#4659,#4660,#4661);
#4659 = CARTESIAN_POINT('',(-25.79821629197,146.44928536556,
    -79.971817991));
#4660 = DIRECTION('',(0.,0.996191759571,-8.718932367605E-02));
#4661 = DIRECTION('',(-1.,0.,0.));
#4662 = DEFINITIONAL_REPRESENTATION('',(#4663),#4667);
#4663 = LINE('',#4664,#4665);
#4664 = CARTESIAN_POINT('',(41.26600370803,20.041441936671));
#4665 = VECTOR('',#4666,1.);
#4666 = DIRECTION('',(-0.997792053465,-6.641549549984E-02));
#4667 = ( GEOMETRIC_REPRESENTATION_CONTEXT(2) 
PARAMETRIC_REPRESENTATION_CONTEXT() REPRESENTATION_CONTEXT('2D SPACE',''
  ) );
#4668 = ORIENTED_EDGE('',*,*,#4669,.T.);
#4669 = EDGE_CURVE('',#4642,#4574,#4670,.T.);
#4670 = SURFACE_CURVE('',#4671,(#4675,#4682),.PCURVE_S1.);
#4671 = LINE('',#4672,#4673);
#4672 = CARTESIAN_POINT('',(8.39998,149.36948180468,-46.60677389702));
#4673 = VECTOR('',#4674,1.);
#4674 = DIRECTION('',(-0.896983796339,-3.854321078962E-02,
    -0.440379938244));
#4675 = PCURVE('',#3058,#4676);
#4676 = DEFINITIONAL_REPRESENTATION('',(#4677),#4681);
#4677 = LINE('',#4678,#4679);
#4678 = CARTESIAN_POINT('',(-34.19819629197,33.49259193667));
#4679 = VECTOR('',#4680,1.);
#4680 = DIRECTION('',(0.896983796339,-0.44206342204));
#4681 = ( GEOMETRIC_REPRESENTATION_CONTEXT(2) 
PARAMETRIC_REPRESENTATION_CONTEXT() REPRESENTATION_CONTEXT('2D SPACE',''
  ) );
#4682 = PCURVE('',#4683,#4688);
#4683 = PLANE('',#4684);
#4684 = AXIS2_PLACEMENT_3D('',#4685,#4686,#4687);
#4685 = CARTESIAN_POINT('',(-17.66174035161,147.10219850237,
    -72.51188299917));
#4686 = DIRECTION('',(0.,0.996191759571,-8.718932367605E-02));
#4687 = DIRECTION('',(-1.,0.,0.));
#4688 = DEFINITIONAL_REPRESENTATION('',(#4689),#4693);
#4689 = LINE('',#4690,#4691);
#4690 = CARTESIAN_POINT('',(-26.06172035161,26.004139116057));
#4691 = VECTOR('',#4692,1.);
#4692 = DIRECTION('',(0.896983796339,-0.44206342204));
#4693 = ( GEOMETRIC_REPRESENTATION_CONTEXT(2) 
PARAMETRIC_REPRESENTATION_CONTEXT() REPRESENTATION_CONTEXT('2D SPACE',''
  ) );
#4694 = ADVANCED_FACE('',(#4695),#3089,.T.);
#4695 = FACE_BOUND('',#4696,.T.);
#4696 = EDGE_LOOP('',(#4697,#4698,#4719,#4720));
#4697 = ORIENTED_EDGE('',*,*,#3070,.F.);
#4698 = ORIENTED_EDGE('',*,*,#4699,.T.);
#4699 = EDGE_CURVE('',#3043,#4462,#4700,.T.);
#4700 = SURFACE_CURVE('',#4701,(#4705,#4712),.PCURVE_S1.);
#4701 = LINE('',#4702,#4703);
#4702 = CARTESIAN_POINT('',(-38.5686,142.86046921661,-120.9762543538));
#4703 = VECTOR('',#4704,1.);
#4704 = DIRECTION('',(0.532523775277,7.379835534144E-02,0.843191693219)
  );
#4705 = PCURVE('',#3089,#4706);
#4706 = DEFINITIONAL_REPRESENTATION('',(#4707),#4711);
#4707 = LINE('',#4708,#4709);
#4708 = CARTESIAN_POINT('',(46.968577204031,-74.6537833844));
#4709 = VECTOR('',#4710,1.);
#4710 = DIRECTION('',(-0.532523775277,0.846415045214));
#4711 = ( GEOMETRIC_REPRESENTATION_CONTEXT(2) 
PARAMETRIC_REPRESENTATION_CONTEXT() REPRESENTATION_CONTEXT('2D SPACE',''
  ) );
#4712 = PCURVE('',#4625,#4713);
#4713 = DEFINITIONAL_REPRESENTATION('',(#4714),#4718);
#4714 = LINE('',#4715,#4716);
#4715 = CARTESIAN_POINT('',(12.77038370803,-41.16118806329));
#4716 = VECTOR('',#4717,1.);
#4717 = DIRECTION('',(-0.532523775277,0.846415045214));
#4718 = ( GEOMETRIC_REPRESENTATION_CONTEXT(2) 
PARAMETRIC_REPRESENTATION_CONTEXT() REPRESENTATION_CONTEXT('2D SPACE',''
  ) );
#4719 = ORIENTED_EDGE('',*,*,#4461,.T.);
#4720 = ORIENTED_EDGE('',*,*,#3110,.T.);
#4721 = ADVANCED_FACE('',(#4722),#3203,.T.);
#4722 = FACE_BOUND('',#4723,.T.);
#4723 = EDGE_LOOP('',(#4724,#4747,#4775,#4806,#4807));
#4724 = ORIENTED_EDGE('',*,*,#4725,.T.);
#4725 = EDGE_CURVE('',#3162,#4726,#4728,.T.);
#4726 = VERTEX_POINT('',#4727);
#4727 = CARTESIAN_POINT('',(-48.10965,142.70349986719,-99.83113761397));
#4728 = SURFACE_CURVE('',#4729,(#4733,#4740),.PCURVE_S1.);
#4729 = LINE('',#4730,#4731);
#4730 = CARTESIAN_POINT('',(-57.96395,140.10163138173,-129.5590886454));
#4731 = VECTOR('',#4732,1.);
#4732 = DIRECTION('',(0.313566080943,8.279205058891E-02,0.945950204419)
  );
#4733 = PCURVE('',#3203,#4734);
#4734 = DEFINITIONAL_REPRESENTATION('',(#4735),#4739);
#4735 = LINE('',#4736,#4737);
#4736 = CARTESIAN_POINT('',(-1.2638632165,-33.073643723));
#4737 = VECTOR('',#4738,1.);
#4738 = DIRECTION('',(0.313566080943,0.949566381504));
#4739 = ( GEOMETRIC_REPRESENTATION_CONTEXT(2) 
PARAMETRIC_REPRESENTATION_CONTEXT() REPRESENTATION_CONTEXT('2D SPACE',''
  ) );
#4740 = PCURVE('',#3329,#4741);
#4741 = DEFINITIONAL_REPRESENTATION('',(#4742),#4746);
#4742 = LINE('',#4743,#4744);
#4743 = CARTESIAN_POINT('',(-18.44473350441,-26.60954701986));
#4744 = VECTOR('',#4745,1.);
#4745 = DIRECTION('',(0.313566080943,0.949566381504));
#4746 = ( GEOMETRIC_REPRESENTATION_CONTEXT(2) 
PARAMETRIC_REPRESENTATION_CONTEXT() REPRESENTATION_CONTEXT('2D SPACE',''
  ) );
#4747 = ORIENTED_EDGE('',*,*,#4748,.T.);
#4748 = EDGE_CURVE('',#4726,#4749,#4751,.T.);
#4749 = VERTEX_POINT('',#4750);
#4750 = CARTESIAN_POINT('',(-48.86000943398,142.84784455587,
    -98.18188591162));
#4751 = SURFACE_CURVE('',#4752,(#4756,#4763),.PCURVE_S1.);
#4752 = LINE('',#4753,#4754);
#4753 = CARTESIAN_POINT('',(-38.5686,140.86808569747,-120.8018757064));
#4754 = VECTOR('',#4755,1.);
#4755 = DIRECTION('',(-0.412815044182,7.941333307827E-02,0.907346274487)
  );
#4756 = PCURVE('',#3203,#4757);
#4757 = DEFINITIONAL_REPRESENTATION('',(#4758),#4762);
#4758 = LINE('',#4759,#4760);
#4759 = CARTESIAN_POINT('',(18.1314867835,-24.28295372294));
#4760 = VECTOR('',#4761,1.);
#4761 = DIRECTION('',(-0.412815044182,0.910814876524));
#4762 = ( GEOMETRIC_REPRESENTATION_CONTEXT(2) 
PARAMETRIC_REPRESENTATION_CONTEXT() REPRESENTATION_CONTEXT('2D SPACE',''
  ) );
#4763 = PCURVE('',#4764,#4769);
#4764 = PLANE('',#4765);
#4765 = AXIS2_PLACEMENT_3D('',#4766,#4767,#4768);
#4766 = CARTESIAN_POINT('',(-25.79821629197,144.45690184642,
    -79.79743934365));
#4767 = DIRECTION('',(0.,-0.996191759571,8.718932367605E-02));
#4768 = DIRECTION('',(1.,0.,0.));
#4769 = DEFINITIONAL_REPRESENTATION('',(#4770),#4774);
#4770 = LINE('',#4771,#4772);
#4771 = CARTESIAN_POINT('',(-12.77038370803,-41.16118806324));
#4772 = VECTOR('',#4773,1.);
#4773 = DIRECTION('',(-0.412815044182,0.910814876524));
#4774 = ( GEOMETRIC_REPRESENTATION_CONTEXT(2) 
PARAMETRIC_REPRESENTATION_CONTEXT() REPRESENTATION_CONTEXT('2D SPACE',''
  ) );
#4775 = ORIENTED_EDGE('',*,*,#4776,.F.);
#4776 = EDGE_CURVE('',#3221,#4749,#4777,.T.);
#4777 = SURFACE_CURVE('',#4778,(#4783,#4790),.PCURVE_S1.);
#4778 = CIRCLE('',#4779,21.294499207368);
#4779 = AXIS2_PLACEMENT_3D('',#4780,#4781,#4782);
#4780 = CARTESIAN_POINT('',(-57.65069841701,144.53890959687,
    -78.86040090856));
#4781 = DIRECTION('',(0.,-0.996191759571,8.718932367605E-02));
#4782 = DIRECTION('',(1.,0.,0.));
#4783 = PCURVE('',#3203,#4784);
#4784 = DEFINITIONAL_REPRESENTATION('',(#4785),#4789);
#4785 = CIRCLE('',#4786,21.294499207368);
#4786 = AXIS2_PLACEMENT_2D('',#4787,#4788);
#4787 = CARTESIAN_POINT('',(-0.95061163351,17.818854508033));
#4788 = DIRECTION('',(1.,0.));
#4789 = ( GEOMETRIC_REPRESENTATION_CONTEXT(2) 
PARAMETRIC_REPRESENTATION_CONTEXT() REPRESENTATION_CONTEXT('2D SPACE',''
  ) );
#4790 = PCURVE('',#4791,#4796);
#4791 = PLANE('',#4792);
#4792 = AXIS2_PLACEMENT_3D('',#4793,#4794,#4795);
#4793 = CARTESIAN_POINT('',(-57.65069841701,144.53890959687,
    -78.86040090856));
#4794 = DIRECTION('',(0.,0.996191759571,-8.718932367605E-02));
#4795 = DIRECTION('',(-1.,0.,0.));
#4796 = DEFINITIONAL_REPRESENTATION('',(#4797),#4805);
#4797 = ( BOUNDED_CURVE() B_SPLINE_CURVE(2,(#4798,#4799,#4800,#4801,
#4802,#4803,#4804),.UNSPECIFIED.,.T.,.F.) B_SPLINE_CURVE_WITH_KNOTS((1,2
    ,2,2,2,1),(-2.094395102393,0.,2.094395102393,4.188790204786,
6.28318530718,8.377580409573),.UNSPECIFIED.) CURVE() 
GEOMETRIC_REPRESENTATION_ITEM() RATIONAL_B_SPLINE_CURVE((1.,0.5,1.,0.5,
1.,0.5,1.)) REPRESENTATION_ITEM('') );
#4798 = CARTESIAN_POINT('',(-21.29449920736,0.));
#4799 = CARTESIAN_POINT('',(-21.29449920736,36.883154548897));
#4800 = CARTESIAN_POINT('',(10.647249603684,18.441577274448));
#4801 = CARTESIAN_POINT('',(42.588998414736,5.21564805875E-15));
#4802 = CARTESIAN_POINT('',(10.647249603684,-18.44157727444));
#4803 = CARTESIAN_POINT('',(-21.29449920736,-36.88315454889));
#4804 = CARTESIAN_POINT('',(-21.29449920736,0.));
#4805 = ( GEOMETRIC_REPRESENTATION_CONTEXT(2) 
PARAMETRIC_REPRESENTATION_CONTEXT() REPRESENTATION_CONTEXT('2D SPACE',''
  ) );
#4806 = ORIENTED_EDGE('',*,*,#3220,.F.);
#4807 = ORIENTED_EDGE('',*,*,#3184,.F.);
#4808 = ADVANCED_FACE('',(#4809),#3258,.F.);
#4809 = FACE_BOUND('',#4810,.F.);
#4810 = EDGE_LOOP('',(#4811,#4834,#4835,#4836,#4864,#4893));
#4811 = ORIENTED_EDGE('',*,*,#4812,.F.);
#4812 = EDGE_CURVE('',#3221,#4813,#4815,.T.);
#4813 = VERTEX_POINT('',#4814);
#4814 = CARTESIAN_POINT('',(-49.1033969123,142.89466720873,
    -97.64693291656));
#4815 = SURFACE_CURVE('',#4816,(#4820,#4827),.PCURVE_S1.);
#4816 = LINE('',#4817,#4818);
#4817 = CARTESIAN_POINT('',(-56.59259,141.85679780577,-109.5052305055));
#4818 = VECTOR('',#4819,1.);
#4819 = DIRECTION('',(0.532523775277,7.379835534144E-02,0.843191693219)
  );
#4820 = PCURVE('',#3258,#4821);
#4821 = DEFINITIONAL_REPRESENTATION('',(#4822),#4826);
#4822 = LINE('',#4823,#4824);
#4823 = CARTESIAN_POINT('',(-1.05810841701,-30.76197823101));
#4824 = VECTOR('',#4825,1.);
#4825 = DIRECTION('',(-0.532523775277,0.846415045214));
#4826 = ( GEOMETRIC_REPRESENTATION_CONTEXT(2) 
PARAMETRIC_REPRESENTATION_CONTEXT() REPRESENTATION_CONTEXT('2D SPACE',''
  ) );
#4827 = PCURVE('',#4791,#4828);
#4828 = DEFINITIONAL_REPRESENTATION('',(#4829),#4833);
#4829 = LINE('',#4830,#4831);
#4830 = CARTESIAN_POINT('',(-1.05810841701,-30.76197823101));
#4831 = VECTOR('',#4832,1.);
#4832 = DIRECTION('',(-0.532523775277,0.846415045214));
#4833 = ( GEOMETRIC_REPRESENTATION_CONTEXT(2) 
PARAMETRIC_REPRESENTATION_CONTEXT() REPRESENTATION_CONTEXT('2D SPACE',''
  ) );
#4834 = ORIENTED_EDGE('',*,*,#3243,.F.);
#4835 = ORIENTED_EDGE('',*,*,#3443,.F.);
#4836 = ORIENTED_EDGE('',*,*,#4837,.T.);
#4837 = EDGE_CURVE('',#3444,#4838,#4840,.T.);
#4838 = VERTEX_POINT('',#4839);
#4839 = CARTESIAN_POINT('',(-60.5688032573,144.42359810627,
    -80.1779551006));
#4840 = SURFACE_CURVE('',#4841,(#4845,#4852),.PCURVE_S1.);
#4841 = LINE('',#4842,#4843);
#4842 = CARTESIAN_POINT('',(-77.04605,143.77245972117,-87.6176124604));
#4843 = VECTOR('',#4844,1.);
#4844 = DIRECTION('',(0.91081489669,3.59930606261E-02,0.411242900916));
#4845 = PCURVE('',#3258,#4846);
#4846 = DEFINITIONAL_REPRESENTATION('',(#4847),#4851);
#4847 = LINE('',#4848,#4849);
#4848 = CARTESIAN_POINT('',(19.39535158299,-8.790688231056));
#4849 = VECTOR('',#4850,1.);
#4850 = DIRECTION('',(-0.91081489669,0.412814999688));
#4851 = ( GEOMETRIC_REPRESENTATION_CONTEXT(2) 
PARAMETRIC_REPRESENTATION_CONTEXT() REPRESENTATION_CONTEXT('2D SPACE',''
  ) );
#4852 = PCURVE('',#4853,#4858);
#4853 = PLANE('',#4854);
#4854 = AXIS2_PLACEMENT_3D('',#4855,#4856,#4857);
#4855 = CARTESIAN_POINT('',(-57.65069841701,144.53890959687,
    -78.86040090856));
#4856 = DIRECTION('',(0.,0.996191759571,-8.718932367605E-02));
#4857 = DIRECTION('',(-1.,0.,0.));
#4858 = DEFINITIONAL_REPRESENTATION('',(#4859),#4863);
#4859 = LINE('',#4860,#4861);
#4860 = CARTESIAN_POINT('',(19.39535158299,-8.790688231056));
#4861 = VECTOR('',#4862,1.);
#4862 = DIRECTION('',(-0.91081489669,0.412814999688));
#4863 = ( GEOMETRIC_REPRESENTATION_CONTEXT(2) 
PARAMETRIC_REPRESENTATION_CONTEXT() REPRESENTATION_CONTEXT('2D SPACE',''
  ) );
#4864 = ORIENTED_EDGE('',*,*,#4865,.F.);
#4865 = EDGE_CURVE('',#4866,#4838,#4868,.T.);
#4866 = VERTEX_POINT('',#4867);
#4867 = CARTESIAN_POINT('',(-57.2059380819,144.45335507572,
    -79.83796338465));
#4868 = SURFACE_CURVE('',#4869,(#4874,#4881),.PCURVE_S1.);
#4869 = CIRCLE('',#4870,2.025);
#4870 = AXIS2_PLACEMENT_3D('',#4871,#4872,#4873);
#4871 = CARTESIAN_POINT('',(-59.,144.53523297732,-78.90240855286));
#4872 = DIRECTION('',(0.,0.996191759571,-8.718932367606E-02));
#4873 = DIRECTION('',(1.,0.,0.));
#4874 = PCURVE('',#3258,#4875);
#4875 = DEFINITIONAL_REPRESENTATION('',(#4876),#4880);
#4876 = CIRCLE('',#4877,2.025);
#4877 = AXIS2_PLACEMENT_2D('',#4878,#4879);
#4878 = CARTESIAN_POINT('',(1.34930158299,-4.216823106263E-02));
#4879 = DIRECTION('',(-1.,0.));
#4880 = ( GEOMETRIC_REPRESENTATION_CONTEXT(2) 
PARAMETRIC_REPRESENTATION_CONTEXT() REPRESENTATION_CONTEXT('2D SPACE',''
  ) );
#4881 = PCURVE('',#4882,#4887);
#4882 = CYLINDRICAL_SURFACE('',#4883,2.025);
#4883 = AXIS2_PLACEMENT_3D('',#4884,#4885,#4886);
#4884 = CARTESIAN_POINT('',(-59.,144.52527105973,-78.90153665962));
#4885 = DIRECTION('',(0.,0.996191759571,-8.718932367606E-02));
#4886 = DIRECTION('',(1.,0.,0.));
#4887 = DEFINITIONAL_REPRESENTATION('',(#4888),#4892);
#4888 = LINE('',#4889,#4890);
#4889 = CARTESIAN_POINT('',(-4.138911435803E-13,9.999999996585E-03));
#4890 = VECTOR('',#4891,1.);
#4891 = DIRECTION('',(1.,-0.));
#4892 = ( GEOMETRIC_REPRESENTATION_CONTEXT(2) 
PARAMETRIC_REPRESENTATION_CONTEXT() REPRESENTATION_CONTEXT('2D SPACE',''
  ) );
#4893 = ORIENTED_EDGE('',*,*,#4894,.F.);
#4894 = EDGE_CURVE('',#4813,#4866,#4895,.T.);
#4895 = SURFACE_CURVE('',#4896,(#4900,#4907),.PCURVE_S1.);
#4896 = LINE('',#4897,#4898);
#4897 = CARTESIAN_POINT('',(-38.5686,140.86808569747,-120.8018757064));
#4898 = VECTOR('',#4899,1.);
#4899 = DIRECTION('',(-0.412815044182,7.941333307827E-02,0.907346274487)
  );
#4900 = PCURVE('',#3258,#4901);
#4901 = DEFINITIONAL_REPRESENTATION('',(#4902),#4906);
#4902 = LINE('',#4903,#4904);
#4903 = CARTESIAN_POINT('',(-19.08209841701,-42.10180823098));
#4904 = VECTOR('',#4905,1.);
#4905 = DIRECTION('',(0.412815044182,0.910814876524));
#4906 = ( GEOMETRIC_REPRESENTATION_CONTEXT(2) 
PARAMETRIC_REPRESENTATION_CONTEXT() REPRESENTATION_CONTEXT('2D SPACE',''
  ) );
#4907 = PCURVE('',#4908,#4913);
#4908 = PLANE('',#4909);
#4909 = AXIS2_PLACEMENT_3D('',#4910,#4911,#4912);
#4910 = CARTESIAN_POINT('',(-25.79821629197,144.45690184642,
    -79.79743934365));
#4911 = DIRECTION('',(0.,-0.996191759571,8.718932367605E-02));
#4912 = DIRECTION('',(1.,0.,0.));
#4913 = DEFINITIONAL_REPRESENTATION('',(#4914),#4918);
#4914 = LINE('',#4915,#4916);
#4915 = CARTESIAN_POINT('',(-12.77038370803,-41.16118806324));
#4916 = VECTOR('',#4917,1.);
#4917 = DIRECTION('',(-0.412815044182,0.910814876524));
#4918 = ( GEOMETRIC_REPRESENTATION_CONTEXT(2) 
PARAMETRIC_REPRESENTATION_CONTEXT() REPRESENTATION_CONTEXT('2D SPACE',''
  ) );
#4919 = ADVANCED_FACE('',(#4920),#3294,.T.);
#4920 = FACE_BOUND('',#4921,.T.);
#4921 = EDGE_LOOP('',(#4922,#4923,#4924,#4946,#4947,#4948));
#4922 = ORIENTED_EDGE('',*,*,#3278,.F.);
#4923 = ORIENTED_EDGE('',*,*,#3389,.F.);
#4924 = ORIENTED_EDGE('',*,*,#4925,.T.);
#4925 = EDGE_CURVE('',#3390,#3309,#4926,.T.);
#4926 = SURFACE_CURVE('',#4927,(#4932,#4939),.PCURVE_S1.);
#4927 = CIRCLE('',#4928,21.294499207368);
#4928 = AXIS2_PLACEMENT_3D('',#4929,#4930,#4931);
#4929 = CARTESIAN_POINT('',(-38.56860247428,140.86808170448,
    -120.8018719858));
#4930 = DIRECTION('',(0.,-0.996191759571,8.718932367605E-02));
#4931 = DIRECTION('',(1.,0.,0.));
#4932 = PCURVE('',#3294,#4933);
#4933 = DEFINITIONAL_REPRESENTATION('',(#4934),#4938);
#4934 = CIRCLE('',#4935,21.294499207368);
#4935 = AXIS2_PLACEMENT_2D('',#4936,#4937);
#4936 = CARTESIAN_POINT('',(-12.77038618231,-41.16118470496));
#4937 = DIRECTION('',(1.,0.));
#4938 = ( GEOMETRIC_REPRESENTATION_CONTEXT(2) 
PARAMETRIC_REPRESENTATION_CONTEXT() REPRESENTATION_CONTEXT('2D SPACE',''
  ) );
#4939 = PCURVE('',#3674,#4940);
#4940 = DEFINITIONAL_REPRESENTATION('',(#4941),#4945);
#4941 = CIRCLE('',#4942,21.294499207368);
#4942 = AXIS2_PLACEMENT_2D('',#4943,#4944);
#4943 = CARTESIAN_POINT('',(-12.77038618231,-41.16118470496));
#4944 = DIRECTION('',(1.,0.));
#4945 = ( GEOMETRIC_REPRESENTATION_CONTEXT(2) 
PARAMETRIC_REPRESENTATION_CONTEXT() REPRESENTATION_CONTEXT('2D SPACE',''
  ) );
#4946 = ORIENTED_EDGE('',*,*,#3341,.F.);
#4947 = ORIENTED_EDGE('',*,*,#4409,.T.);
#4948 = ORIENTED_EDGE('',*,*,#4380,.T.);
#4949 = ADVANCED_FACE('',(#4950),#3329,.T.);
#4950 = FACE_BOUND('',#4951,.F.);
#4951 = EDGE_LOOP('',(#4952,#4953,#4954));
#4952 = ORIENTED_EDGE('',*,*,#3308,.T.);
#4953 = ORIENTED_EDGE('',*,*,#4725,.T.);
#4954 = ORIENTED_EDGE('',*,*,#4955,.F.);
#4955 = EDGE_CURVE('',#3309,#4726,#4956,.T.);
#4956 = SURFACE_CURVE('',#4957,(#4961,#4968),.PCURVE_S1.);
#4957 = LINE('',#4958,#4959);
#4958 = CARTESIAN_POINT('',(-38.5686,140.86808569747,-120.8018757064));
#4959 = VECTOR('',#4960,1.);
#4960 = DIRECTION('',(-0.412815044182,7.941333307827E-02,0.907346274487)
  );
#4961 = PCURVE('',#3329,#4962);
#4962 = DEFINITIONAL_REPRESENTATION('',(#4963),#4967);
#4963 = LINE('',#4964,#4965);
#4964 = CARTESIAN_POINT('',(0.95061649559,-17.8188570198));
#4965 = VECTOR('',#4966,1.);
#4966 = DIRECTION('',(-0.412815044182,0.910814876524));
#4967 = ( GEOMETRIC_REPRESENTATION_CONTEXT(2) 
PARAMETRIC_REPRESENTATION_CONTEXT() REPRESENTATION_CONTEXT('2D SPACE',''
  ) );
#4968 = PCURVE('',#3674,#4969);
#4969 = DEFINITIONAL_REPRESENTATION('',(#4970),#4974);
#4970 = LINE('',#4971,#4972);
#4971 = CARTESIAN_POINT('',(-12.77038370803,-41.16118806324));
#4972 = VECTOR('',#4973,1.);
#4973 = DIRECTION('',(-0.412815044182,0.910814876524));
#4974 = ( GEOMETRIC_REPRESENTATION_CONTEXT(2) 
PARAMETRIC_REPRESENTATION_CONTEXT() REPRESENTATION_CONTEXT('2D SPACE',''
  ) );
#4975 = ADVANCED_FACE('',(#4976),#3487,.T.);
#4976 = FACE_BOUND('',#4977,.T.);
#4977 = EDGE_LOOP('',(#4978,#4979,#4980));
#4978 = ORIENTED_EDGE('',*,*,#3616,.T.);
#4979 = ORIENTED_EDGE('',*,*,#3471,.T.);
#4980 = ORIENTED_EDGE('',*,*,#4981,.F.);
#4981 = EDGE_CURVE('',#3617,#3444,#4982,.T.);
#4982 = SURFACE_CURVE('',#4983,(#4987,#4994),.PCURVE_S1.);
#4983 = LINE('',#4984,#4985);
#4984 = CARTESIAN_POINT('',(-57.96395,142.09401490087,-129.7334672927));
#4985 = VECTOR('',#4986,1.);
#4986 = DIRECTION('',(-0.412429179559,3.627690978299E-02,0.910267080403)
  );
#4987 = PCURVE('',#3487,#4988);
#4988 = DEFINITIONAL_REPRESENTATION('',(#4989),#4993);
#4989 = LINE('',#4990,#4991);
#4990 = CARTESIAN_POINT('',(-22.62297817168,1.489188243916));
#4991 = VECTOR('',#4992,1.);
#4992 = DIRECTION('',(0.999065284493,-4.322681251639E-02));
#4993 = ( GEOMETRIC_REPRESENTATION_CONTEXT(2) 
PARAMETRIC_REPRESENTATION_CONTEXT() REPRESENTATION_CONTEXT('2D SPACE',''
  ) );
#4994 = PCURVE('',#3568,#4995);
#4995 = DEFINITIONAL_REPRESENTATION('',(#4996),#5000);
#4996 = LINE('',#4997,#4998);
#4997 = CARTESIAN_POINT('',(-23.6013546595,0.510811756093));
#4998 = VECTOR('',#4999,1.);
#4999 = DIRECTION('',(0.999065284493,-4.322681251639E-02));
#5000 = ( GEOMETRIC_REPRESENTATION_CONTEXT(2) 
PARAMETRIC_REPRESENTATION_CONTEXT() REPRESENTATION_CONTEXT('2D SPACE',''
  ) );
#5001 = ADVANCED_FACE('',(#5002),#3568,.T.);
#5002 = FACE_BOUND('',#5003,.T.);
#5003 = EDGE_LOOP('',(#5004,#5005,#5006,#5007));
#5004 = ORIENTED_EDGE('',*,*,#3552,.F.);
#5005 = ORIENTED_EDGE('',*,*,#3637,.T.);
#5006 = ORIENTED_EDGE('',*,*,#4981,.T.);
#5007 = ORIENTED_EDGE('',*,*,#5008,.T.);
#5008 = EDGE_CURVE('',#3444,#3553,#5009,.T.);
#5009 = SURFACE_CURVE('',#5010,(#5014,#5021),.PCURVE_S1.);
#5010 = LINE('',#5011,#5012);
#5011 = CARTESIAN_POINT('',(-77.04605,143.77245972117,-87.6176124604));
#5012 = VECTOR('',#5013,1.);
#5013 = DIRECTION('',(0.,0.996191759571,-8.718932367605E-02));
#5014 = PCURVE('',#3568,#5015);
#5015 = DEFINITIONAL_REPRESENTATION('',(#5016),#5020);
#5016 = LINE('',#5017,#5018);
#5017 = CARTESIAN_POINT('',(22.622978171594,-1.489188243897));
#5018 = VECTOR('',#5019,1.);
#5019 = DIRECTION('',(8.396061623728E-15,1.));
#5020 = ( GEOMETRIC_REPRESENTATION_CONTEXT(2) 
PARAMETRIC_REPRESENTATION_CONTEXT() REPRESENTATION_CONTEXT('2D SPACE',''
  ) );
#5021 = PCURVE('',#5022,#5027);
#5022 = CYLINDRICAL_SURFACE('',#5023,21.294499207368);
#5023 = AXIS2_PLACEMENT_3D('',#5024,#5025,#5026);
#5024 = CARTESIAN_POINT('',(-57.65069841701,144.53890959687,
    -78.86040090856));
#5025 = DIRECTION('',(0.,0.996191759571,-8.718932367605E-02));
#5026 = DIRECTION('',(1.,0.,0.));
#5027 = DEFINITIONAL_REPRESENTATION('',(#5028),#5031);
#5028 = B_SPLINE_CURVE_WITH_KNOTS('',1,(#5029,#5030),.UNSPECIFIED.,.F.,
  .F.,(2,2),(0.,2.),.PIECEWISE_BEZIER_KNOTS.);
#5029 = CARTESIAN_POINT('',(2.71605021588,4.302194014372E-06));
#5030 = CARTESIAN_POINT('',(2.71605021588,2.000004302194));
#5031 = ( GEOMETRIC_REPRESENTATION_CONTEXT(2) 
PARAMETRIC_REPRESENTATION_CONTEXT() REPRESENTATION_CONTEXT('2D SPACE',''
  ) );
#5032 = ADVANCED_FACE('',(#5033),#3674,.T.);
#5033 = FACE_BOUND('',#5034,.T.);
#5034 = EDGE_LOOP('',(#5035,#5063,#5084,#5085,#5086,#5087));
#5035 = ORIENTED_EDGE('',*,*,#5036,.T.);
#5036 = EDGE_CURVE('',#3716,#5037,#5039,.T.);
#5037 = VERTEX_POINT('',#5038);
#5038 = CARTESIAN_POINT('',(-47.3157328073,142.9131208574,
    -97.43608860718));
#5039 = SURFACE_CURVE('',#5040,(#5044,#5051),.PCURVE_S1.);
#5040 = LINE('',#5041,#5042);
#5041 = CARTESIAN_POINT('',(17.8135,145.71171070808,-65.46047473471));
#5042 = VECTOR('',#5043,1.);
#5043 = DIRECTION('',(-0.896983796339,-3.854321078962E-02,
    -0.440379938244));
#5044 = PCURVE('',#3674,#5045);
#5045 = DEFINITIONAL_REPRESENTATION('',(#5046),#5050);
#5046 = LINE('',#5047,#5048);
#5047 = CARTESIAN_POINT('',(43.61171629197,14.391771936676));
#5048 = VECTOR('',#5049,1.);
#5049 = DIRECTION('',(-0.896983796339,-0.44206342204));
#5050 = ( GEOMETRIC_REPRESENTATION_CONTEXT(2) 
PARAMETRIC_REPRESENTATION_CONTEXT() REPRESENTATION_CONTEXT('2D SPACE',''
  ) );
#5051 = PCURVE('',#5052,#5057);
#5052 = PLANE('',#5053);
#5053 = AXIS2_PLACEMENT_3D('',#5054,#5055,#5056);
#5054 = CARTESIAN_POINT('',(-25.79821629197,144.45690184642,
    -79.79743934365));
#5055 = DIRECTION('',(0.,-0.996191759571,8.718932367605E-02));
#5056 = DIRECTION('',(1.,0.,0.));
#5057 = DEFINITIONAL_REPRESENTATION('',(#5058),#5062);
#5058 = LINE('',#5059,#5060);
#5059 = CARTESIAN_POINT('',(43.61171629197,14.391771936676));
#5060 = VECTOR('',#5061,1.);
#5061 = DIRECTION('',(-0.896983796339,-0.44206342204));
#5062 = ( GEOMETRIC_REPRESENTATION_CONTEXT(2) 
PARAMETRIC_REPRESENTATION_CONTEXT() REPRESENTATION_CONTEXT('2D SPACE',''
  ) );
#5063 = ORIENTED_EDGE('',*,*,#5064,.F.);
#5064 = EDGE_CURVE('',#4726,#5037,#5065,.T.);
#5065 = SURFACE_CURVE('',#5066,(#5070,#5077),.PCURVE_S1.);
#5066 = LINE('',#5067,#5068);
#5067 = CARTESIAN_POINT('',(-57.96395,140.10163138173,-129.5590886454));
#5068 = VECTOR('',#5069,1.);
#5069 = DIRECTION('',(0.313566080943,8.279205058891E-02,0.945950204419)
  );
#5070 = PCURVE('',#3674,#5071);
#5071 = DEFINITIONAL_REPRESENTATION('',(#5072),#5076);
#5072 = LINE('',#5073,#5074);
#5073 = CARTESIAN_POINT('',(-32.16573370803,-49.9518780633));
#5074 = VECTOR('',#5075,1.);
#5075 = DIRECTION('',(0.313566080943,0.949566381504));
#5076 = ( GEOMETRIC_REPRESENTATION_CONTEXT(2) 
PARAMETRIC_REPRESENTATION_CONTEXT() REPRESENTATION_CONTEXT('2D SPACE',''
  ) );
#5077 = PCURVE('',#4764,#5078);
#5078 = DEFINITIONAL_REPRESENTATION('',(#5079),#5083);
#5079 = LINE('',#5080,#5081);
#5080 = CARTESIAN_POINT('',(-32.16573370803,-49.9518780633));
#5081 = VECTOR('',#5082,1.);
#5082 = DIRECTION('',(0.313566080943,0.949566381504));
#5083 = ( GEOMETRIC_REPRESENTATION_CONTEXT(2) 
PARAMETRIC_REPRESENTATION_CONTEXT() REPRESENTATION_CONTEXT('2D SPACE',''
  ) );
#5084 = ORIENTED_EDGE('',*,*,#4955,.F.);
#5085 = ORIENTED_EDGE('',*,*,#4925,.F.);
#5086 = ORIENTED_EDGE('',*,*,#3660,.F.);
#5087 = ORIENTED_EDGE('',*,*,#3715,.F.);
#5088 = ADVANCED_FACE('',(#5089),#3752,.T.);
#5089 = FACE_BOUND('',#5090,.F.);
#5090 = EDGE_LOOP('',(#5091,#5114,#5115,#5138,#5166));
#5091 = ORIENTED_EDGE('',*,*,#5092,.F.);
#5092 = EDGE_CURVE('',#3692,#5093,#5095,.T.);
#5093 = VERTEX_POINT('',#5094);
#5094 = CARTESIAN_POINT('',(-12.0257538554,146.49940866758,
    -56.46054007297));
#5095 = SURFACE_CURVE('',#5096,(#5100,#5107),.PCURVE_S1.);
#5096 = LINE('',#5097,#5098);
#5097 = CARTESIAN_POINT('',(-20.54462,139.87937446106,-132.0985109455));
#5098 = VECTOR('',#5099,1.);
#5099 = DIRECTION('',(0.111498339761,8.664566512267E-02,0.989980125531)
  );
#5100 = PCURVE('',#3752,#5101);
#5101 = DEFINITIONAL_REPRESENTATION('',(#5102),#5106);
#5102 = LINE('',#5103,#5104);
#5103 = CARTESIAN_POINT('',(5.25359629197,-52.50100806332));
#5104 = VECTOR('',#5105,1.);
#5105 = DIRECTION('',(0.111498339761,0.993764620134));
#5106 = ( GEOMETRIC_REPRESENTATION_CONTEXT(2) 
PARAMETRIC_REPRESENTATION_CONTEXT() REPRESENTATION_CONTEXT('2D SPACE',''
  ) );
#5107 = PCURVE('',#3783,#5108);
#5108 = DEFINITIONAL_REPRESENTATION('',(#5109),#5113);
#5109 = LINE('',#5110,#5111);
#5110 = CARTESIAN_POINT('',(5.25359629197,-52.50100806332));
#5111 = VECTOR('',#5112,1.);
#5112 = DIRECTION('',(0.111498339761,0.993764620134));
#5113 = ( GEOMETRIC_REPRESENTATION_CONTEXT(2) 
PARAMETRIC_REPRESENTATION_CONTEXT() REPRESENTATION_CONTEXT('2D SPACE',''
  ) );
#5114 = ORIENTED_EDGE('',*,*,#3738,.T.);
#5115 = ORIENTED_EDGE('',*,*,#5116,.F.);
#5116 = EDGE_CURVE('',#5117,#3716,#5119,.T.);
#5117 = VERTEX_POINT('',#5118);
#5118 = CARTESIAN_POINT('',(-34.76347504501,144.63363514406,
    -77.77815249377));
#5119 = SURFACE_CURVE('',#5120,(#5124,#5131),.PCURVE_S1.);
#5120 = LINE('',#5121,#5122);
#5121 = CARTESIAN_POINT('',(-38.25535,145.30536835266,-70.10318658252));
#5122 = VECTOR('',#5123,1.);
#5123 = DIRECTION('',(0.412814864713,-7.941334017031E-02,-0.90734635552)
  );
#5124 = PCURVE('',#3752,#5125);
#5125 = DEFINITIONAL_REPRESENTATION('',(#5126),#5130);
#5126 = LINE('',#5127,#5128);
#5127 = CARTESIAN_POINT('',(-12.45713370803,9.731311936676));
#5128 = VECTOR('',#5129,1.);
#5129 = DIRECTION('',(0.412814864713,-0.910814957866));
#5130 = ( GEOMETRIC_REPRESENTATION_CONTEXT(2) 
PARAMETRIC_REPRESENTATION_CONTEXT() REPRESENTATION_CONTEXT('2D SPACE',''
  ) );
#5131 = PCURVE('',#5052,#5132);
#5132 = DEFINITIONAL_REPRESENTATION('',(#5133),#5137);
#5133 = LINE('',#5134,#5135);
#5134 = CARTESIAN_POINT('',(-12.45713370803,9.731311936676));
#5135 = VECTOR('',#5136,1.);
#5136 = DIRECTION('',(0.412814864713,-0.910814957866));
#5137 = ( GEOMETRIC_REPRESENTATION_CONTEXT(2) 
PARAMETRIC_REPRESENTATION_CONTEXT() REPRESENTATION_CONTEXT('2D SPACE',''
  ) );
#5138 = ORIENTED_EDGE('',*,*,#5139,.T.);
#5139 = EDGE_CURVE('',#5117,#5140,#5142,.T.);
#5140 = VERTEX_POINT('',#5141);
#5141 = CARTESIAN_POINT('',(-24.62536,145.95800616122,-62.64639738556));
#5142 = SURFACE_CURVE('',#5143,(#5147,#5154),.PCURVE_S1.);
#5143 = LINE('',#5144,#5145);
#5144 = CARTESIAN_POINT('',(-48.23718,142.87352645945,-97.88847900651));
#5145 = VECTOR('',#5146,1.);
#5146 = DIRECTION('',(0.555144209203,7.252007870803E-02,0.828586594855)
  );
#5147 = PCURVE('',#3752,#5148);
#5148 = DEFINITIONAL_REPRESENTATION('',(#5149),#5153);
#5149 = LINE('',#5150,#5151);
#5150 = CARTESIAN_POINT('',(-22.43896370803,-18.16019806332));
#5151 = VECTOR('',#5152,1.);
#5152 = DIRECTION('',(0.555144209203,0.831754114501));
#5153 = ( GEOMETRIC_REPRESENTATION_CONTEXT(2) 
PARAMETRIC_REPRESENTATION_CONTEXT() REPRESENTATION_CONTEXT('2D SPACE',''
  ) );
#5154 = PCURVE('',#5155,#5160);
#5155 = PLANE('',#5156);
#5156 = AXIS2_PLACEMENT_3D('',#5157,#5158,#5159);
#5157 = CARTESIAN_POINT('',(-25.79821629197,144.45690184642,
    -79.79743934365));
#5158 = DIRECTION('',(0.,-0.996191759571,8.718932367605E-02));
#5159 = DIRECTION('',(1.,0.,0.));
#5160 = DEFINITIONAL_REPRESENTATION('',(#5161),#5165);
#5161 = LINE('',#5162,#5163);
#5162 = CARTESIAN_POINT('',(-22.43896370803,-18.16019806332));
#5163 = VECTOR('',#5164,1.);
#5164 = DIRECTION('',(0.555144209203,0.831754114501));
#5165 = ( GEOMETRIC_REPRESENTATION_CONTEXT(2) 
PARAMETRIC_REPRESENTATION_CONTEXT() REPRESENTATION_CONTEXT('2D SPACE',''
  ) );
#5166 = ORIENTED_EDGE('',*,*,#5167,.T.);
#5167 = EDGE_CURVE('',#5140,#5093,#5168,.T.);
#5168 = SURFACE_CURVE('',#5169,(#5173,#5180),.PCURVE_S1.);
#5169 = LINE('',#5170,#5171);
#5170 = CARTESIAN_POINT('',(-57.6507,144.53891403691,-78.86039952146));
#5171 = VECTOR('',#5172,1.);
#5172 = DIRECTION('',(0.896983796339,3.854321078962E-02,0.440379938244)
  );
#5173 = PCURVE('',#3752,#5174);
#5174 = DEFINITIONAL_REPRESENTATION('',(#5175),#5179);
#5175 = LINE('',#5176,#5177);
#5176 = CARTESIAN_POINT('',(-31.85248370803,0.940621936677));
#5177 = VECTOR('',#5178,1.);
#5178 = DIRECTION('',(0.896983796339,0.44206342204));
#5179 = ( GEOMETRIC_REPRESENTATION_CONTEXT(2) 
PARAMETRIC_REPRESENTATION_CONTEXT() REPRESENTATION_CONTEXT('2D SPACE',''
  ) );
#5180 = PCURVE('',#5181,#5186);
#5181 = PLANE('',#5182);
#5182 = AXIS2_PLACEMENT_3D('',#5183,#5184,#5185);
#5183 = CARTESIAN_POINT('',(-26.40706233783,143.89786842536,
    -86.18474072299));
#5184 = DIRECTION('',(0.,-0.996191759571,8.718932367605E-02));
#5185 = DIRECTION('',(1.,0.,0.));
#5186 = DEFINITIONAL_REPRESENTATION('',(#5187),#5191);
#5187 = LINE('',#5188,#5189);
#5188 = CARTESIAN_POINT('',(-31.24363766217,7.352340682566));
#5189 = VECTOR('',#5190,1.);
#5190 = DIRECTION('',(0.896983796339,0.44206342204));
#5191 = ( GEOMETRIC_REPRESENTATION_CONTEXT(2) 
PARAMETRIC_REPRESENTATION_CONTEXT() REPRESENTATION_CONTEXT('2D SPACE',''
  ) );
#5192 = ADVANCED_FACE('',(#5193),#3783,.T.);
#5193 = FACE_BOUND('',#5194,.F.);
#5194 = EDGE_LOOP('',(#5195,#5223,#5250,#5251,#5252));
#5195 = ORIENTED_EDGE('',*,*,#5196,.T.);
#5196 = EDGE_CURVE('',#5093,#5197,#5199,.T.);
#5197 = VERTEX_POINT('',#5198);
#5198 = CARTESIAN_POINT('',(-10.70084164772,146.55633773202,
    -55.81006575357));
#5199 = SURFACE_CURVE('',#5200,(#5204,#5211),.PCURVE_S1.);
#5200 = LINE('',#5201,#5202);
#5201 = CARTESIAN_POINT('',(-57.6507,144.53891403691,-78.86039952146));
#5202 = VECTOR('',#5203,1.);
#5203 = DIRECTION('',(0.896983796339,3.854321078962E-02,0.440379938244)
  );
#5204 = PCURVE('',#3783,#5205);
#5205 = DEFINITIONAL_REPRESENTATION('',(#5206),#5210);
#5206 = LINE('',#5207,#5208);
#5207 = CARTESIAN_POINT('',(-31.85248370803,0.940621936677));
#5208 = VECTOR('',#5209,1.);
#5209 = DIRECTION('',(0.896983796339,0.44206342204));
#5210 = ( GEOMETRIC_REPRESENTATION_CONTEXT(2) 
PARAMETRIC_REPRESENTATION_CONTEXT() REPRESENTATION_CONTEXT('2D SPACE',''
  ) );
#5211 = PCURVE('',#5212,#5217);
#5212 = PLANE('',#5213);
#5213 = AXIS2_PLACEMENT_3D('',#5214,#5215,#5216);
#5214 = CARTESIAN_POINT('',(-3.761567662166,144.34731642954,
    -81.04952027124));
#5215 = DIRECTION('',(0.,-0.996191759571,8.718932367605E-02));
#5216 = DIRECTION('',(1.,0.,0.));
#5217 = DEFINITIONAL_REPRESENTATION('',(#5218),#5222);
#5218 = LINE('',#5219,#5220);
#5219 = CARTESIAN_POINT('',(-53.88913233783,2.197489317441));
#5220 = VECTOR('',#5221,1.);
#5221 = DIRECTION('',(0.896983796339,0.44206342204));
#5222 = ( GEOMETRIC_REPRESENTATION_CONTEXT(2) 
PARAMETRIC_REPRESENTATION_CONTEXT() REPRESENTATION_CONTEXT('2D SPACE',''
  ) );
#5223 = ORIENTED_EDGE('',*,*,#5224,.T.);
#5224 = EDGE_CURVE('',#5197,#3768,#5225,.T.);
#5225 = SURFACE_CURVE('',#5226,(#5231,#5238),.PCURVE_S1.);
#5226 = CIRCLE('',#5227,21.294499207368);
#5227 = AXIS2_PLACEMENT_3D('',#5228,#5229,#5230);
#5228 = CARTESIAN_POINT('',(8.399977204031,147.37709429481,
    -46.43239150301));
#5229 = DIRECTION('',(0.,-0.996191759571,8.718932367605E-02));
#5230 = DIRECTION('',(1.,0.,0.));
#5231 = PCURVE('',#3783,#5232);
#5232 = DEFINITIONAL_REPRESENTATION('',(#5233),#5237);
#5233 = CIRCLE('',#5234,21.294499207368);
#5234 = AXIS2_PLACEMENT_2D('',#5235,#5236);
#5235 = CARTESIAN_POINT('',(34.198193496001,33.492595321113));
#5236 = DIRECTION('',(1.,0.));
#5237 = ( GEOMETRIC_REPRESENTATION_CONTEXT(2) 
PARAMETRIC_REPRESENTATION_CONTEXT() REPRESENTATION_CONTEXT('2D SPACE',''
  ) );
#5238 = PCURVE('',#5239,#5244);
#5239 = PLANE('',#5240);
#5240 = AXIS2_PLACEMENT_3D('',#5241,#5242,#5243);
#5241 = CARTESIAN_POINT('',(-25.79821629197,144.45690184642,
    -79.79743934365));
#5242 = DIRECTION('',(0.,-0.996191759571,8.718932367605E-02));
#5243 = DIRECTION('',(1.,0.,0.));
#5244 = DEFINITIONAL_REPRESENTATION('',(#5245),#5249);
#5245 = CIRCLE('',#5246,21.294499207368);
#5246 = AXIS2_PLACEMENT_2D('',#5247,#5248);
#5247 = CARTESIAN_POINT('',(34.198193496001,33.492595321113));
#5248 = DIRECTION('',(1.,0.));
#5249 = ( GEOMETRIC_REPRESENTATION_CONTEXT(2) 
PARAMETRIC_REPRESENTATION_CONTEXT() REPRESENTATION_CONTEXT('2D SPACE',''
  ) );
#5250 = ORIENTED_EDGE('',*,*,#3767,.T.);
#5251 = ORIENTED_EDGE('',*,*,#3884,.T.);
#5252 = ORIENTED_EDGE('',*,*,#5092,.T.);
#5253 = ADVANCED_FACE('',(#5254),#3810,.F.);
#5254 = FACE_BOUND('',#5255,.F.);
#5255 = EDGE_LOOP('',(#5256,#5257,#5278));
#5256 = ORIENTED_EDGE('',*,*,#3795,.F.);
#5257 = ORIENTED_EDGE('',*,*,#5258,.F.);
#5258 = EDGE_CURVE('',#3832,#3768,#5259,.T.);
#5259 = SURFACE_CURVE('',#5260,(#5264,#5271),.PCURVE_S1.);
#5260 = LINE('',#5261,#5262);
#5261 = CARTESIAN_POINT('',(8.39998,147.37709828554,-46.43239524966));
#5262 = VECTOR('',#5263,1.);
#5263 = DIRECTION('',(-0.532523775277,-7.379835534144E-02,
    -0.843191693219));
#5264 = PCURVE('',#3810,#5265);
#5265 = DEFINITIONAL_REPRESENTATION('',(#5266),#5270);
#5266 = LINE('',#5267,#5268);
#5267 = CARTESIAN_POINT('',(-2.795968999436E-06,-3.384432801899E-06));
#5268 = VECTOR('',#5269,1.);
#5269 = DIRECTION('',(0.532523775277,-0.846415045214));
#5270 = ( GEOMETRIC_REPRESENTATION_CONTEXT(2) 
PARAMETRIC_REPRESENTATION_CONTEXT() REPRESENTATION_CONTEXT('2D SPACE',''
  ) );
#5271 = PCURVE('',#5239,#5272);
#5272 = DEFINITIONAL_REPRESENTATION('',(#5273),#5277);
#5273 = LINE('',#5274,#5275);
#5274 = CARTESIAN_POINT('',(34.19819629197,33.49259193668));
#5275 = VECTOR('',#5276,1.);
#5276 = DIRECTION('',(-0.532523775277,-0.846415045214));
#5277 = ( GEOMETRIC_REPRESENTATION_CONTEXT(2) 
PARAMETRIC_REPRESENTATION_CONTEXT() REPRESENTATION_CONTEXT('2D SPACE',''
  ) );
#5278 = ORIENTED_EDGE('',*,*,#3831,.T.);
#5279 = ADVANCED_FACE('',(#5280),#3868,.F.);
#5280 = FACE_BOUND('',#5281,.T.);
#5281 = EDGE_LOOP('',(#5282,#5310,#5311,#5312));
#5282 = ORIENTED_EDGE('',*,*,#5283,.T.);
#5283 = EDGE_CURVE('',#5284,#3832,#5286,.T.);
#5284 = VERTEX_POINT('',#5285);
#5285 = CARTESIAN_POINT('',(-1.01354,149.04248586299,-27.40431576462));
#5286 = SURFACE_CURVE('',#5287,(#5291,#5298),.PCURVE_S1.);
#5287 = LINE('',#5288,#5289);
#5288 = CARTESIAN_POINT('',(-1.01354,149.04248586299,-27.40431576462));
#5289 = VECTOR('',#5290,1.);
#5290 = DIRECTION('',(0.442063466418,-7.820740864419E-02,-0.893567844594
    ));
#5291 = PCURVE('',#3868,#5292);
#5292 = DEFINITIONAL_REPRESENTATION('',(#5293),#5297);
#5293 = LINE('',#5294,#5295);
#5294 = CARTESIAN_POINT('',(9.413517204031,19.10081661556));
#5295 = VECTOR('',#5296,1.);
#5296 = DIRECTION('',(-0.442063466418,-0.896983774468));
#5297 = ( GEOMETRIC_REPRESENTATION_CONTEXT(2) 
PARAMETRIC_REPRESENTATION_CONTEXT() REPRESENTATION_CONTEXT('2D SPACE',''
  ) );
#5298 = PCURVE('',#5299,#5304);
#5299 = PLANE('',#5300);
#5300 = AXIS2_PLACEMENT_3D('',#5301,#5302,#5303);
#5301 = CARTESIAN_POINT('',(8.399977204031,147.37709429481,
    -46.43239150301));
#5302 = DIRECTION('',(0.,0.996191759571,-8.718932367605E-02));
#5303 = DIRECTION('',(-1.,0.,0.));
#5304 = DEFINITIONAL_REPRESENTATION('',(#5305),#5309);
#5305 = LINE('',#5306,#5307);
#5306 = CARTESIAN_POINT('',(9.413517204031,19.10081661556));
#5307 = VECTOR('',#5308,1.);
#5308 = DIRECTION('',(-0.442063466418,-0.896983774468));
#5309 = ( GEOMETRIC_REPRESENTATION_CONTEXT(2) 
PARAMETRIC_REPRESENTATION_CONTEXT() REPRESENTATION_CONTEXT('2D SPACE',''
  ) );
#5310 = ORIENTED_EDGE('',*,*,#3854,.T.);
#5311 = ORIENTED_EDGE('',*,*,#3910,.T.);
#5312 = ORIENTED_EDGE('',*,*,#5313,.T.);
#5313 = EDGE_CURVE('',#3911,#5284,#5314,.T.);
#5314 = SURFACE_CURVE('',#5315,(#5320,#5331),.PCURVE_S1.);
#5315 = CIRCLE('',#5316,21.294499207368);
#5316 = AXIS2_PLACEMENT_3D('',#5317,#5318,#5319);
#5317 = CARTESIAN_POINT('',(8.399977204031,147.37709429481,
    -46.43239150301));
#5318 = DIRECTION('',(0.,-0.996191759571,8.718932367605E-02));
#5319 = DIRECTION('',(1.,0.,0.));
#5320 = PCURVE('',#3868,#5321);
#5321 = DEFINITIONAL_REPRESENTATION('',(#5322),#5330);
#5322 = ( BOUNDED_CURVE() B_SPLINE_CURVE(2,(#5323,#5324,#5325,#5326,
#5327,#5328,#5329),.UNSPECIFIED.,.T.,.F.) B_SPLINE_CURVE_WITH_KNOTS((1,2
    ,2,2,2,1),(-2.094395102393,0.,2.094395102393,4.188790204786,
6.28318530718,8.377580409573),.UNSPECIFIED.) CURVE() 
GEOMETRIC_REPRESENTATION_ITEM() RATIONAL_B_SPLINE_CURVE((1.,0.5,1.,0.5,
1.,0.5,1.)) REPRESENTATION_ITEM('') );
#5323 = CARTESIAN_POINT('',(-21.29449920736,0.));
#5324 = CARTESIAN_POINT('',(-21.29449920736,36.883154548897));
#5325 = CARTESIAN_POINT('',(10.647249603684,18.441577274448));
#5326 = CARTESIAN_POINT('',(42.588998414736,5.21564805875E-15));
#5327 = CARTESIAN_POINT('',(10.647249603684,-18.44157727444));
#5328 = CARTESIAN_POINT('',(-21.29449920736,-36.88315454889));
#5329 = CARTESIAN_POINT('',(-21.29449920736,0.));
#5330 = ( GEOMETRIC_REPRESENTATION_CONTEXT(2) 
PARAMETRIC_REPRESENTATION_CONTEXT() REPRESENTATION_CONTEXT('2D SPACE',''
  ) );
#5331 = PCURVE('',#3978,#5332);
#5332 = DEFINITIONAL_REPRESENTATION('',(#5333),#5336);
#5333 = B_SPLINE_CURVE_WITH_KNOTS('',1,(#5334,#5335),.UNSPECIFIED.,.F.,
  .F.,(2,2),(0.,2.028694102227),.PIECEWISE_BEZIER_KNOTS.);
#5334 = CARTESIAN_POINT('',(6.28318530718,0.));
#5335 = CARTESIAN_POINT('',(4.254491204953,0.));
#5336 = ( GEOMETRIC_REPRESENTATION_CONTEXT(2) 
PARAMETRIC_REPRESENTATION_CONTEXT() REPRESENTATION_CONTEXT('2D SPACE',''
  ) );
#5337 = ADVANCED_FACE('',(#5338),#3978,.T.);
#5338 = FACE_BOUND('',#5339,.T.);
#5339 = EDGE_LOOP('',(#5340,#5365,#5366,#5367));
#5340 = ORIENTED_EDGE('',*,*,#5341,.T.);
#5341 = EDGE_CURVE('',#4516,#5284,#5342,.T.);
#5342 = SURFACE_CURVE('',#5343,(#5347,#5353),.PCURVE_S1.);
#5343 = LINE('',#5344,#5345);
#5344 = CARTESIAN_POINT('',(-1.01354,151.03486938214,-27.57869441197));
#5345 = VECTOR('',#5346,1.);
#5346 = DIRECTION('',(0.,-0.996191759571,8.718932367605E-02));
#5347 = PCURVE('',#3978,#5348);
#5348 = DEFINITIONAL_REPRESENTATION('',(#5349),#5352);
#5349 = B_SPLINE_CURVE_WITH_KNOTS('',1,(#5350,#5351),.UNSPECIFIED.,.F.,
  .F.,(2,2),(0.,2.),.PIECEWISE_BEZIER_KNOTS.);
#5350 = CARTESIAN_POINT('',(4.254491204953,2.000004302194));
#5351 = CARTESIAN_POINT('',(4.254491204953,4.302194014372E-06));
#5352 = ( GEOMETRIC_REPRESENTATION_CONTEXT(2) 
PARAMETRIC_REPRESENTATION_CONTEXT() REPRESENTATION_CONTEXT('2D SPACE',''
  ) );
#5353 = PCURVE('',#5354,#5359);
#5354 = PLANE('',#5355);
#5355 = AXIS2_PLACEMENT_3D('',#5356,#5357,#5358);
#5356 = CARTESIAN_POINT('',(-33.59647760463,148.14726257155,
    -43.44530419026));
#5357 = DIRECTION('',(-0.44206342204,7.820741055118E-02,0.893567866381)
  );
#5358 = DIRECTION('',(-0.896983796339,-3.854321078964E-02,
    -0.440379938244));
#5359 = DEFINITIONAL_REPRESENTATION('',(#5360),#5364);
#5360 = LINE('',#5361,#5362);
#5361 = CARTESIAN_POINT('',(-36.32500134075,-1.493211133988));
#5362 = VECTOR('',#5363,1.);
#5363 = DIRECTION('',(4.800326802723E-14,1.));
#5364 = ( GEOMETRIC_REPRESENTATION_CONTEXT(2) 
PARAMETRIC_REPRESENTATION_CONTEXT() REPRESENTATION_CONTEXT('2D SPACE',''
  ) );
#5365 = ORIENTED_EDGE('',*,*,#5313,.F.);
#5366 = ORIENTED_EDGE('',*,*,#3965,.T.);
#5367 = ORIENTED_EDGE('',*,*,#4515,.T.);
#5368 = ADVANCED_FACE('',(#5369),#4037,.T.);
#5369 = FACE_BOUND('',#5370,.F.);
#5370 = EDGE_LOOP('',(#5371,#5392,#5393));
#5371 = ORIENTED_EDGE('',*,*,#5372,.F.);
#5372 = EDGE_CURVE('',#4057,#3996,#5373,.T.);
#5373 = SURFACE_CURVE('',#5374,(#5378,#5385),.PCURVE_S1.);
#5374 = LINE('',#5375,#5376);
#5375 = CARTESIAN_POINT('',(-57.6507,146.53129755605,-79.03477816881));
#5376 = VECTOR('',#5377,1.);
#5377 = DIRECTION('',(0.412815044182,-7.941333307827E-02,-0.907346274487
    ));
#5378 = PCURVE('',#4037,#5379);
#5379 = DEFINITIONAL_REPRESENTATION('',(#5380),#5384);
#5380 = LINE('',#5381,#5382);
#5381 = CARTESIAN_POINT('',(1.582990002191E-06,1.768951628951E-06));
#5382 = VECTOR('',#5383,1.);
#5383 = DIRECTION('',(-0.412815044182,-0.910814876524));
#5384 = ( GEOMETRIC_REPRESENTATION_CONTEXT(2) 
PARAMETRIC_REPRESENTATION_CONTEXT() REPRESENTATION_CONTEXT('2D SPACE',''
  ) );
#5385 = PCURVE('',#4188,#5386);
#5386 = DEFINITIONAL_REPRESENTATION('',(#5387),#5391);
#5387 = LINE('',#5388,#5389);
#5388 = CARTESIAN_POINT('',(31.85248370803,0.940621936677));
#5389 = VECTOR('',#5390,1.);
#5390 = DIRECTION('',(-0.412815044182,-0.910814876524));
#5391 = ( GEOMETRIC_REPRESENTATION_CONTEXT(2) 
PARAMETRIC_REPRESENTATION_CONTEXT() REPRESENTATION_CONTEXT('2D SPACE',''
  ) );
#5392 = ORIENTED_EDGE('',*,*,#4056,.F.);
#5393 = ORIENTED_EDGE('',*,*,#4018,.T.);
#5394 = ADVANCED_FACE('',(#5395),#4097,.T.);
#5395 = FACE_BOUND('',#5396,.T.);
#5396 = EDGE_LOOP('',(#5397,#5424,#5452,#5474));
#5397 = ORIENTED_EDGE('',*,*,#5398,.F.);
#5398 = EDGE_CURVE('',#5399,#3553,#5401,.T.);
#5399 = VERTEX_POINT('',#5400);
#5400 = CARTESIAN_POINT('',(-67.06422,148.19668513351,-60.00669868377));
#5401 = SURFACE_CURVE('',#5402,(#5407,#5418),.PCURVE_S1.);
#5402 = CIRCLE('',#5403,21.294499207368);
#5403 = AXIS2_PLACEMENT_3D('',#5404,#5405,#5406);
#5404 = CARTESIAN_POINT('',(-57.65069841701,146.53129311601,
    -79.03477955592));
#5405 = DIRECTION('',(0.,-0.996191759571,8.718932367605E-02));
#5406 = DIRECTION('',(1.,0.,0.));
#5407 = PCURVE('',#4097,#5408);
#5408 = DEFINITIONAL_REPRESENTATION('',(#5409),#5417);
#5409 = ( BOUNDED_CURVE() B_SPLINE_CURVE(2,(#5410,#5411,#5412,#5413,
#5414,#5415,#5416),.UNSPECIFIED.,.T.,.F.) B_SPLINE_CURVE_WITH_KNOTS((1,2
    ,2,2,2,1),(-2.094395102393,0.,2.094395102393,4.188790204786,
6.28318530718,8.377580409573),.UNSPECIFIED.) CURVE() 
GEOMETRIC_REPRESENTATION_ITEM() RATIONAL_B_SPLINE_CURVE((1.,0.5,1.,0.5,
1.,0.5,1.)) REPRESENTATION_ITEM('') );
#5410 = CARTESIAN_POINT('',(-21.29449920736,0.));
#5411 = CARTESIAN_POINT('',(-21.29449920736,36.883154548897));
#5412 = CARTESIAN_POINT('',(10.647249603684,18.441577274448));
#5413 = CARTESIAN_POINT('',(42.588998414736,5.21564805875E-15));
#5414 = CARTESIAN_POINT('',(10.647249603684,-18.44157727444));
#5415 = CARTESIAN_POINT('',(-21.29449920736,-36.88315454889));
#5416 = CARTESIAN_POINT('',(-21.29449920736,0.));
#5417 = ( GEOMETRIC_REPRESENTATION_CONTEXT(2) 
PARAMETRIC_REPRESENTATION_CONTEXT() REPRESENTATION_CONTEXT('2D SPACE',''
  ) );
#5418 = PCURVE('',#5022,#5419);
#5419 = DEFINITIONAL_REPRESENTATION('',(#5420),#5423);
#5420 = B_SPLINE_CURVE_WITH_KNOTS('',1,(#5421,#5422),.UNSPECIFIED.,.F.,
  .F.,(2,2),(2.028694179699,3.5671350913),.PIECEWISE_BEZIER_KNOTS.);
#5421 = CARTESIAN_POINT('',(4.254491127481,2.));
#5422 = CARTESIAN_POINT('',(2.71605021588,2.));
#5423 = ( GEOMETRIC_REPRESENTATION_CONTEXT(2) 
PARAMETRIC_REPRESENTATION_CONTEXT() REPRESENTATION_CONTEXT('2D SPACE',''
  ) );
#5424 = ORIENTED_EDGE('',*,*,#5425,.F.);
#5425 = EDGE_CURVE('',#5426,#5399,#5428,.T.);
#5426 = VERTEX_POINT('',#5427);
#5427 = CARTESIAN_POINT('',(-59.81132414546,146.9135431572,
    -74.66738658975));
#5428 = SURFACE_CURVE('',#5429,(#5433,#5440),.PCURVE_S1.);
#5429 = LINE('',#5430,#5431);
#5430 = CARTESIAN_POINT('',(-48.23718,144.86590997859,-98.06285765386));
#5431 = VECTOR('',#5432,1.);
#5432 = DIRECTION('',(-0.442063466418,7.820740864419E-02,0.893567844594)
  );
#5433 = PCURVE('',#4097,#5434);
#5434 = DEFINITIONAL_REPRESENTATION('',(#5435),#5439);
#5435 = LINE('',#5436,#5437);
#5436 = CARTESIAN_POINT('',(-9.41351841701,-19.10081823105));
#5437 = VECTOR('',#5438,1.);
#5438 = DIRECTION('',(0.442063466418,0.896983774468));
#5439 = ( GEOMETRIC_REPRESENTATION_CONTEXT(2) 
PARAMETRIC_REPRESENTATION_CONTEXT() REPRESENTATION_CONTEXT('2D SPACE',''
  ) );
#5440 = PCURVE('',#5441,#5446);
#5441 = PLANE('',#5442);
#5442 = AXIS2_PLACEMENT_3D('',#5443,#5444,#5445);
#5443 = CARTESIAN_POINT('',(-57.65069841701,146.53129311601,
    -79.03477955592));
#5444 = DIRECTION('',(0.,0.996191759571,-8.718932367605E-02));
#5445 = DIRECTION('',(-1.,0.,0.));
#5446 = DEFINITIONAL_REPRESENTATION('',(#5447),#5451);
#5447 = LINE('',#5448,#5449);
#5448 = CARTESIAN_POINT('',(-9.41351841701,-19.10081823105));
#5449 = VECTOR('',#5450,1.);
#5450 = DIRECTION('',(0.442063466418,0.896983774468));
#5451 = ( GEOMETRIC_REPRESENTATION_CONTEXT(2) 
PARAMETRIC_REPRESENTATION_CONTEXT() REPRESENTATION_CONTEXT('2D SPACE',''
  ) );
#5452 = ORIENTED_EDGE('',*,*,#5453,.F.);
#5453 = EDGE_CURVE('',#4082,#5426,#5454,.T.);
#5454 = SURFACE_CURVE('',#5455,(#5460,#5467),.PCURVE_S1.);
#5455 = CIRCLE('',#5456,4.5);
#5456 = AXIS2_PLACEMENT_3D('',#5457,#5458,#5459);
#5457 = CARTESIAN_POINT('',(-59.,146.52761649646,-79.07678720021));
#5458 = DIRECTION('',(0.,0.996191759571,-8.718932367606E-02));
#5459 = DIRECTION('',(1.,0.,0.));
#5460 = PCURVE('',#4097,#5461);
#5461 = DEFINITIONAL_REPRESENTATION('',(#5462),#5466);
#5462 = CIRCLE('',#5463,4.5);
#5463 = AXIS2_PLACEMENT_2D('',#5464,#5465);
#5464 = CARTESIAN_POINT('',(1.34930158299,-4.216823105267E-02));
#5465 = DIRECTION('',(-1.,0.));
#5466 = ( GEOMETRIC_REPRESENTATION_CONTEXT(2) 
PARAMETRIC_REPRESENTATION_CONTEXT() REPRESENTATION_CONTEXT('2D SPACE',''
  ) );
#5467 = PCURVE('',#4126,#5468);
#5468 = DEFINITIONAL_REPRESENTATION('',(#5469),#5473);
#5469 = LINE('',#5470,#5471);
#5470 = CARTESIAN_POINT('',(-4.138911435803E-13,0.199999999995));
#5471 = VECTOR('',#5472,1.);
#5472 = DIRECTION('',(1.,-0.));
#5473 = ( GEOMETRIC_REPRESENTATION_CONTEXT(2) 
PARAMETRIC_REPRESENTATION_CONTEXT() REPRESENTATION_CONTEXT('2D SPACE',''
  ) );
#5474 = ORIENTED_EDGE('',*,*,#4081,.F.);
#5475 = ADVANCED_FACE('',(#5476),#4126,.T.);
#5476 = FACE_BOUND('',#5477,.T.);
#5477 = EDGE_LOOP('',(#5478,#5509,#5531,#5532,#5533,#5557,#5586,#5608,
    #5631,#5662));
#5478 = ORIENTED_EDGE('',*,*,#5479,.T.);
#5479 = EDGE_CURVE('',#5480,#5482,#5484,.T.);
#5480 = VERTEX_POINT('',#5481);
#5481 = CARTESIAN_POINT('',(-54.5,146.52762078227,-79.07678757532));
#5482 = VERTEX_POINT('',#5483);
#5483 = CARTESIAN_POINT('',(-55.98399374525,146.23643315974,
    -82.40378562759));
#5484 = SURFACE_CURVE('',#5485,(#5490,#5497),.PCURVE_S1.);
#5485 = CIRCLE('',#5486,4.5);
#5486 = AXIS2_PLACEMENT_3D('',#5487,#5488,#5489);
#5487 = CARTESIAN_POINT('',(-59.,146.52762078227,-79.07678757532));
#5488 = DIRECTION('',(0.,0.996191759571,-8.718932367606E-02));
#5489 = DIRECTION('',(1.,0.,0.));
#5490 = PCURVE('',#4126,#5491);
#5491 = DEFINITIONAL_REPRESENTATION('',(#5492),#5496);
#5492 = LINE('',#5493,#5494);
#5493 = CARTESIAN_POINT('',(-4.138911435803E-13,0.200004302189));
#5494 = VECTOR('',#5495,1.);
#5495 = DIRECTION('',(1.,-0.));
#5496 = ( GEOMETRIC_REPRESENTATION_CONTEXT(2) 
PARAMETRIC_REPRESENTATION_CONTEXT() REPRESENTATION_CONTEXT('2D SPACE',''
  ) );
#5497 = PCURVE('',#5498,#5503);
#5498 = PLANE('',#5499);
#5499 = AXIS2_PLACEMENT_3D('',#5500,#5501,#5502);
#5500 = CARTESIAN_POINT('',(-25.79821629197,146.44928536556,
    -79.971817991));
#5501 = DIRECTION('',(0.,0.996191759571,-8.718932367605E-02));
#5502 = DIRECTION('',(-1.,0.,0.));
#5503 = DEFINITIONAL_REPRESENTATION('',(#5504),#5508);
#5504 = CIRCLE('',#5505,4.5);
#5505 = AXIS2_PLACEMENT_2D('',#5506,#5507);
#5506 = CARTESIAN_POINT('',(33.20178370803,0.898451936669));
#5507 = DIRECTION('',(-1.,0.));
#5508 = ( GEOMETRIC_REPRESENTATION_CONTEXT(2) 
PARAMETRIC_REPRESENTATION_CONTEXT() REPRESENTATION_CONTEXT('2D SPACE',''
  ) );
#5509 = ORIENTED_EDGE('',*,*,#5510,.T.);
#5510 = EDGE_CURVE('',#5482,#4110,#5511,.T.);
#5511 = SURFACE_CURVE('',#5512,(#5517,#5524),.PCURVE_S1.);
#5512 = CIRCLE('',#5513,4.5);
#5513 = AXIS2_PLACEMENT_3D('',#5514,#5515,#5516);
#5514 = CARTESIAN_POINT('',(-59.,146.52762078227,-79.07678757532));
#5515 = DIRECTION('',(0.,0.996191759571,-8.718932367606E-02));
#5516 = DIRECTION('',(1.,0.,0.));
#5517 = PCURVE('',#4126,#5518);
#5518 = DEFINITIONAL_REPRESENTATION('',(#5519),#5523);
#5519 = LINE('',#5520,#5521);
#5520 = CARTESIAN_POINT('',(-4.138911435803E-13,0.200004302189));
#5521 = VECTOR('',#5522,1.);
#5522 = DIRECTION('',(1.,-0.));
#5523 = ( GEOMETRIC_REPRESENTATION_CONTEXT(2) 
PARAMETRIC_REPRESENTATION_CONTEXT() REPRESENTATION_CONTEXT('2D SPACE',''
  ) );
#5524 = PCURVE('',#4152,#5525);
#5525 = DEFINITIONAL_REPRESENTATION('',(#5526),#5530);
#5526 = CIRCLE('',#5527,4.5);
#5527 = AXIS2_PLACEMENT_2D('',#5528,#5529);
#5528 = CARTESIAN_POINT('',(33.20178370803,0.898451936669));
#5529 = DIRECTION('',(-1.,0.));
#5530 = ( GEOMETRIC_REPRESENTATION_CONTEXT(2) 
PARAMETRIC_REPRESENTATION_CONTEXT() REPRESENTATION_CONTEXT('2D SPACE',''
  ) );
#5531 = ORIENTED_EDGE('',*,*,#4109,.T.);
#5532 = ORIENTED_EDGE('',*,*,#5453,.T.);
#5533 = ORIENTED_EDGE('',*,*,#5534,.T.);
#5534 = EDGE_CURVE('',#5426,#5535,#5537,.T.);
#5535 = VERTEX_POINT('',#5536);
#5536 = CARTESIAN_POINT('',(-54.74783923108,146.65603289126,
    -77.60960008711));
#5537 = SURFACE_CURVE('',#5538,(#5543,#5550),.PCURVE_S1.);
#5538 = CIRCLE('',#5539,4.5);
#5539 = AXIS2_PLACEMENT_3D('',#5540,#5541,#5542);
#5540 = CARTESIAN_POINT('',(-59.,146.52761649646,-79.07678720021));
#5541 = DIRECTION('',(0.,0.996191759571,-8.718932367606E-02));
#5542 = DIRECTION('',(1.,0.,0.));
#5543 = PCURVE('',#4126,#5544);
#5544 = DEFINITIONAL_REPRESENTATION('',(#5545),#5549);
#5545 = LINE('',#5546,#5547);
#5546 = CARTESIAN_POINT('',(-4.138911435803E-13,0.199999999995));
#5547 = VECTOR('',#5548,1.);
#5548 = DIRECTION('',(1.,-0.));
#5549 = ( GEOMETRIC_REPRESENTATION_CONTEXT(2) 
PARAMETRIC_REPRESENTATION_CONTEXT() REPRESENTATION_CONTEXT('2D SPACE',''
  ) );
#5550 = PCURVE('',#5441,#5551);
#5551 = DEFINITIONAL_REPRESENTATION('',(#5552),#5556);
#5552 = CIRCLE('',#5553,4.5);
#5553 = AXIS2_PLACEMENT_2D('',#5554,#5555);
#5554 = CARTESIAN_POINT('',(1.34930158299,-4.216823105267E-02));
#5555 = DIRECTION('',(-1.,0.));
#5556 = ( GEOMETRIC_REPRESENTATION_CONTEXT(2) 
PARAMETRIC_REPRESENTATION_CONTEXT() REPRESENTATION_CONTEXT('2D SPACE',''
  ) );
#5557 = ORIENTED_EDGE('',*,*,#5558,.T.);
#5558 = EDGE_CURVE('',#5535,#5559,#5561,.T.);
#5559 = VERTEX_POINT('',#5560);
#5560 = CARTESIAN_POINT('',(-54.71455517897,146.64732644286,
    -77.70907662605));
#5561 = SURFACE_CURVE('',#5562,(#5567,#5574),.PCURVE_S1.);
#5562 = CIRCLE('',#5563,4.5);
#5563 = AXIS2_PLACEMENT_3D('',#5564,#5565,#5566);
#5564 = CARTESIAN_POINT('',(-59.,146.52762078227,-79.07678757532));
#5565 = DIRECTION('',(0.,0.996191759571,-8.718932367606E-02));
#5566 = DIRECTION('',(1.,0.,0.));
#5567 = PCURVE('',#4126,#5568);
#5568 = DEFINITIONAL_REPRESENTATION('',(#5569),#5573);
#5569 = LINE('',#5570,#5571);
#5570 = CARTESIAN_POINT('',(-4.138911435803E-13,0.200004302189));
#5571 = VECTOR('',#5572,1.);
#5572 = DIRECTION('',(1.,-0.));
#5573 = ( GEOMETRIC_REPRESENTATION_CONTEXT(2) 
PARAMETRIC_REPRESENTATION_CONTEXT() REPRESENTATION_CONTEXT('2D SPACE',''
  ) );
#5574 = PCURVE('',#5575,#5580);
#5575 = PLANE('',#5576);
#5576 = AXIS2_PLACEMENT_3D('',#5577,#5578,#5579);
#5577 = CARTESIAN_POINT('',(-25.79821629197,146.44928536556,
    -79.971817991));
#5578 = DIRECTION('',(0.,0.996191759571,-8.718932367605E-02));
#5579 = DIRECTION('',(-1.,0.,0.));
#5580 = DEFINITIONAL_REPRESENTATION('',(#5581),#5585);
#5581 = CIRCLE('',#5582,4.5);
#5582 = AXIS2_PLACEMENT_2D('',#5583,#5584);
#5583 = CARTESIAN_POINT('',(33.20178370803,0.898451936669));
#5584 = DIRECTION('',(-1.,0.));
#5585 = ( GEOMETRIC_REPRESENTATION_CONTEXT(2) 
PARAMETRIC_REPRESENTATION_CONTEXT() REPRESENTATION_CONTEXT('2D SPACE',''
  ) );
#5586 = ORIENTED_EDGE('',*,*,#5587,.T.);
#5587 = EDGE_CURVE('',#5559,#5480,#5588,.T.);
#5588 = SURFACE_CURVE('',#5589,(#5594,#5601),.PCURVE_S1.);
#5589 = CIRCLE('',#5590,4.5);
#5590 = AXIS2_PLACEMENT_3D('',#5591,#5592,#5593);
#5591 = CARTESIAN_POINT('',(-59.,146.52762078227,-79.07678757532));
#5592 = DIRECTION('',(0.,0.996191759571,-8.718932367606E-02));
#5593 = DIRECTION('',(1.,0.,0.));
#5594 = PCURVE('',#4126,#5595);
#5595 = DEFINITIONAL_REPRESENTATION('',(#5596),#5600);
#5596 = LINE('',#5597,#5598);
#5597 = CARTESIAN_POINT('',(-4.138911435803E-13,0.200004302189));
#5598 = VECTOR('',#5599,1.);
#5599 = DIRECTION('',(1.,-0.));
#5600 = ( GEOMETRIC_REPRESENTATION_CONTEXT(2) 
PARAMETRIC_REPRESENTATION_CONTEXT() REPRESENTATION_CONTEXT('2D SPACE',''
  ) );
#5601 = PCURVE('',#5498,#5602);
#5602 = DEFINITIONAL_REPRESENTATION('',(#5603),#5607);
#5603 = CIRCLE('',#5604,4.5);
#5604 = AXIS2_PLACEMENT_2D('',#5605,#5606);
#5605 = CARTESIAN_POINT('',(33.20178370803,0.898451936669));
#5606 = DIRECTION('',(-1.,0.));
#5607 = ( GEOMETRIC_REPRESENTATION_CONTEXT(2) 
PARAMETRIC_REPRESENTATION_CONTEXT() REPRESENTATION_CONTEXT('2D SPACE',''
  ) );
#5608 = ORIENTED_EDGE('',*,*,#5609,.T.);
#5609 = EDGE_CURVE('',#5480,#5610,#5612,.T.);
#5610 = VERTEX_POINT('',#5611);
#5611 = CARTESIAN_POINT('',(-54.5,146.64715950761,-79.08724991905));
#5612 = SEAM_CURVE('',#5613,(#5617,#5624),.PCURVE_S1.);
#5613 = LINE('',#5614,#5615);
#5614 = CARTESIAN_POINT('',(-54.5,146.32837814455,-79.05934933548));
#5615 = VECTOR('',#5616,1.);
#5616 = DIRECTION('',(0.,0.996191759571,-8.718932367606E-02));
#5617 = PCURVE('',#4126,#5618);
#5618 = DEFINITIONAL_REPRESENTATION('',(#5619),#5623);
#5619 = LINE('',#5620,#5621);
#5620 = CARTESIAN_POINT('',(6.28318530718,0.));
#5621 = VECTOR('',#5622,1.);
#5622 = DIRECTION('',(-0.,1.));
#5623 = ( GEOMETRIC_REPRESENTATION_CONTEXT(2) 
PARAMETRIC_REPRESENTATION_CONTEXT() REPRESENTATION_CONTEXT('2D SPACE',''
  ) );
#5624 = PCURVE('',#4126,#5625);
#5625 = DEFINITIONAL_REPRESENTATION('',(#5626),#5630);
#5626 = LINE('',#5627,#5628);
#5627 = CARTESIAN_POINT('',(-4.138911435803E-13,0.));
#5628 = VECTOR('',#5629,1.);
#5629 = DIRECTION('',(-0.,1.));
#5630 = ( GEOMETRIC_REPRESENTATION_CONTEXT(2) 
PARAMETRIC_REPRESENTATION_CONTEXT() REPRESENTATION_CONTEXT('2D SPACE',''
  ) );
#5631 = ORIENTED_EDGE('',*,*,#5632,.T.);
#5632 = EDGE_CURVE('',#5610,#5610,#5633,.T.);
#5633 = SURFACE_CURVE('',#5634,(#5639,#5646),.PCURVE_S1.);
#5634 = CIRCLE('',#5635,4.5);
#5635 = AXIS2_PLACEMENT_3D('',#5636,#5637,#5638);
#5636 = CARTESIAN_POINT('',(-59.,146.64715950761,-79.08724991905));
#5637 = DIRECTION('',(0.,-0.996191759571,8.718932367606E-02));
#5638 = DIRECTION('',(1.,0.,0.));
#5639 = PCURVE('',#4126,#5640);
#5640 = DEFINITIONAL_REPRESENTATION('',(#5641),#5645);
#5641 = LINE('',#5642,#5643);
#5642 = CARTESIAN_POINT('',(6.28318530718,0.319999999997));
#5643 = VECTOR('',#5644,1.);
#5644 = DIRECTION('',(-1.,0.));
#5645 = ( GEOMETRIC_REPRESENTATION_CONTEXT(2) 
PARAMETRIC_REPRESENTATION_CONTEXT() REPRESENTATION_CONTEXT('2D SPACE',''
  ) );
#5646 = PCURVE('',#5647,#5652);
#5647 = PLANE('',#5648);
#5648 = AXIS2_PLACEMENT_3D('',#5649,#5650,#5651);
#5649 = CARTESIAN_POINT('',(-59.,146.64715950761,-79.08724991905));
#5650 = DIRECTION('',(0.,0.996191759571,-8.718932367606E-02));
#5651 = DIRECTION('',(-1.,0.,-0.));
#5652 = DEFINITIONAL_REPRESENTATION('',(#5653),#5661);
#5653 = ( BOUNDED_CURVE() B_SPLINE_CURVE(2,(#5654,#5655,#5656,#5657,
#5658,#5659,#5660),.UNSPECIFIED.,.T.,.F.) B_SPLINE_CURVE_WITH_KNOTS((1,2
    ,2,2,2,1),(-2.094395102393,0.,2.094395102393,4.188790204786,
6.28318530718,8.377580409573),.UNSPECIFIED.) CURVE() 
GEOMETRIC_REPRESENTATION_ITEM() RATIONAL_B_SPLINE_CURVE((1.,0.5,1.,0.5,
1.,0.5,1.)) REPRESENTATION_ITEM('') );
#5654 = CARTESIAN_POINT('',(-4.5,0.));
#5655 = CARTESIAN_POINT('',(-4.5,7.79422863406));
#5656 = CARTESIAN_POINT('',(2.25,3.89711431703));
#5657 = CARTESIAN_POINT('',(9.,1.102182119233E-15));
#5658 = CARTESIAN_POINT('',(2.25,-3.89711431703));
#5659 = CARTESIAN_POINT('',(-4.5,-7.79422863406));
#5660 = CARTESIAN_POINT('',(-4.5,0.));
#5661 = ( GEOMETRIC_REPRESENTATION_CONTEXT(2) 
PARAMETRIC_REPRESENTATION_CONTEXT() REPRESENTATION_CONTEXT('2D SPACE',''
  ) );
#5662 = ORIENTED_EDGE('',*,*,#5609,.F.);
#5663 = ADVANCED_FACE('',(#5664),#4152,.T.);
#5664 = FACE_BOUND('',#5665,.T.);
#5665 = EDGE_LOOP('',(#5666,#5689,#5710,#5711));
#5666 = ORIENTED_EDGE('',*,*,#5667,.F.);
#5667 = EDGE_CURVE('',#5668,#5482,#5670,.T.);
#5668 = VERTEX_POINT('',#5669);
#5669 = CARTESIAN_POINT('',(-48.68467455119,144.94507822454,
    -97.15831165095));
#5670 = SURFACE_CURVE('',#5671,(#5675,#5682),.PCURVE_S1.);
#5671 = LINE('',#5672,#5673);
#5672 = CARTESIAN_POINT('',(-48.23718,144.86590997859,-98.06285765386));
#5673 = VECTOR('',#5674,1.);
#5674 = DIRECTION('',(-0.442063466418,7.820740864419E-02,0.893567844594)
  );
#5675 = PCURVE('',#4152,#5676);
#5676 = DEFINITIONAL_REPRESENTATION('',(#5677),#5681);
#5677 = LINE('',#5678,#5679);
#5678 = CARTESIAN_POINT('',(22.43896370803,-18.16019806332));
#5679 = VECTOR('',#5680,1.);
#5680 = DIRECTION('',(0.442063466418,0.896983774468));
#5681 = ( GEOMETRIC_REPRESENTATION_CONTEXT(2) 
PARAMETRIC_REPRESENTATION_CONTEXT() REPRESENTATION_CONTEXT('2D SPACE',''
  ) );
#5682 = PCURVE('',#5498,#5683);
#5683 = DEFINITIONAL_REPRESENTATION('',(#5684),#5688);
#5684 = LINE('',#5685,#5686);
#5685 = CARTESIAN_POINT('',(22.43896370803,-18.16019806332));
#5686 = VECTOR('',#5687,1.);
#5687 = DIRECTION('',(0.442063466418,0.896983774468));
#5688 = ( GEOMETRIC_REPRESENTATION_CONTEXT(2) 
PARAMETRIC_REPRESENTATION_CONTEXT() REPRESENTATION_CONTEXT('2D SPACE',''
  ) );
#5689 = ORIENTED_EDGE('',*,*,#5690,.F.);
#5690 = EDGE_CURVE('',#4057,#5668,#5691,.T.);
#5691 = SURFACE_CURVE('',#5692,(#5696,#5703),.PCURVE_S1.);
#5692 = LINE('',#5693,#5694);
#5693 = CARTESIAN_POINT('',(-56.59259,143.84918132492,-109.6796091529));
#5694 = VECTOR('',#5695,1.);
#5695 = DIRECTION('',(0.532523775277,7.379835534144E-02,0.843191693219)
  );
#5696 = PCURVE('',#4152,#5697);
#5697 = DEFINITIONAL_REPRESENTATION('',(#5698),#5702);
#5698 = LINE('',#5699,#5700);
#5699 = CARTESIAN_POINT('',(30.79437370803,-29.82135806332));
#5700 = VECTOR('',#5701,1.);
#5701 = DIRECTION('',(-0.532523775277,0.846415045214));
#5702 = ( GEOMETRIC_REPRESENTATION_CONTEXT(2) 
PARAMETRIC_REPRESENTATION_CONTEXT() REPRESENTATION_CONTEXT('2D SPACE',''
  ) );
#5703 = PCURVE('',#4188,#5704);
#5704 = DEFINITIONAL_REPRESENTATION('',(#5705),#5709);
#5705 = LINE('',#5706,#5707);
#5706 = CARTESIAN_POINT('',(30.79437370803,-29.82135806332));
#5707 = VECTOR('',#5708,1.);
#5708 = DIRECTION('',(-0.532523775277,0.846415045214));
#5709 = ( GEOMETRIC_REPRESENTATION_CONTEXT(2) 
PARAMETRIC_REPRESENTATION_CONTEXT() REPRESENTATION_CONTEXT('2D SPACE',''
  ) );
#5710 = ORIENTED_EDGE('',*,*,#4138,.F.);
#5711 = ORIENTED_EDGE('',*,*,#5510,.F.);
#5712 = ADVANCED_FACE('',(#5713),#4188,.T.);
#5713 = FACE_BOUND('',#5714,.F.);
#5714 = EDGE_LOOP('',(#5715,#5716,#5717,#5718));
#5715 = ORIENTED_EDGE('',*,*,#5690,.F.);
#5716 = ORIENTED_EDGE('',*,*,#5372,.T.);
#5717 = ORIENTED_EDGE('',*,*,#4167,.T.);
#5718 = ORIENTED_EDGE('',*,*,#5719,.T.);
#5719 = EDGE_CURVE('',#4168,#5668,#5720,.T.);
#5720 = SURFACE_CURVE('',#5721,(#5725,#5732),.PCURVE_S1.);
#5721 = LINE('',#5722,#5723);
#5722 = CARTESIAN_POINT('',(-48.23718,144.86590997859,-98.06285765386));
#5723 = VECTOR('',#5724,1.);
#5724 = DIRECTION('',(-0.442063466418,7.820740864419E-02,0.893567844594)
  );
#5725 = PCURVE('',#4188,#5726);
#5726 = DEFINITIONAL_REPRESENTATION('',(#5727),#5731);
#5727 = LINE('',#5728,#5729);
#5728 = CARTESIAN_POINT('',(22.43896370803,-18.16019806332));
#5729 = VECTOR('',#5730,1.);
#5730 = DIRECTION('',(0.442063466418,0.896983774468));
#5731 = ( GEOMETRIC_REPRESENTATION_CONTEXT(2) 
PARAMETRIC_REPRESENTATION_CONTEXT() REPRESENTATION_CONTEXT('2D SPACE',''
  ) );
#5732 = PCURVE('',#5733,#5738);
#5733 = PLANE('',#5734);
#5734 = AXIS2_PLACEMENT_3D('',#5735,#5736,#5737);
#5735 = CARTESIAN_POINT('',(-25.79821629197,146.44928536556,
    -79.971817991));
#5736 = DIRECTION('',(0.,0.996191759571,-8.718932367605E-02));
#5737 = DIRECTION('',(-1.,0.,0.));
#5738 = DEFINITIONAL_REPRESENTATION('',(#5739),#5743);
#5739 = LINE('',#5740,#5741);
#5740 = CARTESIAN_POINT('',(22.43896370803,-18.16019806332));
#5741 = VECTOR('',#5742,1.);
#5742 = DIRECTION('',(0.442063466418,0.896983774468));
#5743 = ( GEOMETRIC_REPRESENTATION_CONTEXT(2) 
PARAMETRIC_REPRESENTATION_CONTEXT() REPRESENTATION_CONTEXT('2D SPACE',''
  ) );
#5744 = ADVANCED_FACE('',(#5745),#4220,.T.);
#5745 = FACE_BOUND('',#5746,.T.);
#5746 = EDGE_LOOP('',(#5747,#5748,#5749));
#5747 = ORIENTED_EDGE('',*,*,#4324,.F.);
#5748 = ORIENTED_EDGE('',*,*,#4206,.T.);
#5749 = ORIENTED_EDGE('',*,*,#5750,.T.);
#5750 = EDGE_CURVE('',#4168,#4325,#5751,.T.);
#5751 = SURFACE_CURVE('',#5752,(#5757,#5768),.PCURVE_S1.);
#5752 = CIRCLE('',#5753,21.294499207368);
#5753 = AXIS2_PLACEMENT_3D('',#5754,#5755,#5756);
#5754 = CARTESIAN_POINT('',(-57.65069841701,146.53129311601,
    -79.03477955592));
#5755 = DIRECTION('',(0.,-0.996191759571,8.718932367605E-02));
#5756 = DIRECTION('',(1.,0.,0.));
#5757 = PCURVE('',#4220,#5758);
#5758 = DEFINITIONAL_REPRESENTATION('',(#5759),#5767);
#5759 = ( BOUNDED_CURVE() B_SPLINE_CURVE(2,(#5760,#5761,#5762,#5763,
#5764,#5765,#5766),.UNSPECIFIED.,.T.,.F.) B_SPLINE_CURVE_WITH_KNOTS((1,2
    ,2,2,2,1),(-2.094395102393,0.,2.094395102393,4.188790204786,
6.28318530718,8.377580409573),.UNSPECIFIED.) CURVE() 
GEOMETRIC_REPRESENTATION_ITEM() RATIONAL_B_SPLINE_CURVE((1.,0.5,1.,0.5,
1.,0.5,1.)) REPRESENTATION_ITEM('') );
#5760 = CARTESIAN_POINT('',(10.557982917672,0.940620167726));
#5761 = CARTESIAN_POINT('',(10.557982917672,37.823774716622));
#5762 = CARTESIAN_POINT('',(42.499731728724,19.382197442174));
#5763 = CARTESIAN_POINT('',(74.441480539776,0.940620167726));
#5764 = CARTESIAN_POINT('',(42.499731728724,-17.50095710672));
#5765 = CARTESIAN_POINT('',(10.557982917672,-35.94253438117));
#5766 = CARTESIAN_POINT('',(10.557982917672,0.940620167726));
#5767 = ( GEOMETRIC_REPRESENTATION_CONTEXT(2) 
PARAMETRIC_REPRESENTATION_CONTEXT() REPRESENTATION_CONTEXT('2D SPACE',''
  ) );
#5768 = PCURVE('',#5733,#5769);
#5769 = DEFINITIONAL_REPRESENTATION('',(#5770),#5778);
#5770 = ( BOUNDED_CURVE() B_SPLINE_CURVE(2,(#5771,#5772,#5773,#5774,
#5775,#5776,#5777),.UNSPECIFIED.,.T.,.F.) B_SPLINE_CURVE_WITH_KNOTS((1,2
    ,2,2,2,1),(-2.094395102393,0.,2.094395102393,4.188790204786,
6.28318530718,8.377580409573),.UNSPECIFIED.) CURVE() 
GEOMETRIC_REPRESENTATION_ITEM() RATIONAL_B_SPLINE_CURVE((1.,0.5,1.,0.5,
1.,0.5,1.)) REPRESENTATION_ITEM('') );
#5771 = CARTESIAN_POINT('',(10.557982917672,0.940620167726));
#5772 = CARTESIAN_POINT('',(10.557982917672,37.823774716622));
#5773 = CARTESIAN_POINT('',(42.499731728724,19.382197442174));
#5774 = CARTESIAN_POINT('',(74.441480539776,0.940620167726));
#5775 = CARTESIAN_POINT('',(42.499731728724,-17.50095710672));
#5776 = CARTESIAN_POINT('',(10.557982917672,-35.94253438117));
#5777 = CARTESIAN_POINT('',(10.557982917672,0.940620167726));
#5778 = ( GEOMETRIC_REPRESENTATION_CONTEXT(2) 
PARAMETRIC_REPRESENTATION_CONTEXT() REPRESENTATION_CONTEXT('2D SPACE',''
  ) );
#5779 = ADVANCED_FACE('',(#5780),#4258,.T.);
#5780 = FACE_BOUND('',#5781,.F.);
#5781 = EDGE_LOOP('',(#5782,#5783,#5784,#5812));
#5782 = ORIENTED_EDGE('',*,*,#4347,.T.);
#5783 = ORIENTED_EDGE('',*,*,#4235,.T.);
#5784 = ORIENTED_EDGE('',*,*,#5785,.F.);
#5785 = EDGE_CURVE('',#5786,#4238,#5788,.T.);
#5786 = VERTEX_POINT('',#5787);
#5787 = CARTESIAN_POINT('',(-45.48805582474,145.38807291439,
    -92.09682429271));
#5788 = SURFACE_CURVE('',#5789,(#5793,#5800),.PCURVE_S1.);
#5789 = LINE('',#5790,#5791);
#5790 = CARTESIAN_POINT('',(-56.59259,143.84918132492,-109.6796091529));
#5791 = VECTOR('',#5792,1.);
#5792 = DIRECTION('',(0.532523775277,7.379835534144E-02,0.843191693219)
  );
#5793 = PCURVE('',#4258,#5794);
#5794 = DEFINITIONAL_REPRESENTATION('',(#5795),#5799);
#5795 = LINE('',#5796,#5797);
#5796 = CARTESIAN_POINT('',(30.79437370803,-29.82135806332));
#5797 = VECTOR('',#5798,1.);
#5798 = DIRECTION('',(-0.532523775277,0.846415045214));
#5799 = ( GEOMETRIC_REPRESENTATION_CONTEXT(2) 
PARAMETRIC_REPRESENTATION_CONTEXT() REPRESENTATION_CONTEXT('2D SPACE',''
  ) );
#5800 = PCURVE('',#5801,#5806);
#5801 = PLANE('',#5802);
#5802 = AXIS2_PLACEMENT_3D('',#5803,#5804,#5805);
#5803 = CARTESIAN_POINT('',(-25.79821629197,146.44928536556,
    -79.971817991));
#5804 = DIRECTION('',(0.,0.996191759571,-8.718932367605E-02));
#5805 = DIRECTION('',(-1.,0.,0.));
#5806 = DEFINITIONAL_REPRESENTATION('',(#5807),#5811);
#5807 = LINE('',#5808,#5809);
#5808 = CARTESIAN_POINT('',(30.79437370803,-29.82135806332));
#5809 = VECTOR('',#5810,1.);
#5810 = DIRECTION('',(-0.532523775277,0.846415045214));
#5811 = ( GEOMETRIC_REPRESENTATION_CONTEXT(2) 
PARAMETRIC_REPRESENTATION_CONTEXT() REPRESENTATION_CONTEXT('2D SPACE',''
  ) );
#5812 = ORIENTED_EDGE('',*,*,#5813,.F.);
#5813 = EDGE_CURVE('',#4325,#5786,#5814,.T.);
#5814 = SURFACE_CURVE('',#5815,(#5819,#5826),.PCURVE_S1.);
#5815 = LINE('',#5816,#5817);
#5816 = CARTESIAN_POINT('',(-57.96395,142.09401490087,-129.7334672927));
#5817 = VECTOR('',#5818,1.);
#5818 = DIRECTION('',(0.313566080943,8.279205058891E-02,0.945950204419)
  );
#5819 = PCURVE('',#4258,#5820);
#5820 = DEFINITIONAL_REPRESENTATION('',(#5821),#5825);
#5821 = LINE('',#5822,#5823);
#5822 = CARTESIAN_POINT('',(32.16573370803,-49.95187806325));
#5823 = VECTOR('',#5824,1.);
#5824 = DIRECTION('',(-0.313566080943,0.949566381504));
#5825 = ( GEOMETRIC_REPRESENTATION_CONTEXT(2) 
PARAMETRIC_REPRESENTATION_CONTEXT() REPRESENTATION_CONTEXT('2D SPACE',''
  ) );
#5826 = PCURVE('',#5733,#5827);
#5827 = DEFINITIONAL_REPRESENTATION('',(#5828),#5832);
#5828 = LINE('',#5829,#5830);
#5829 = CARTESIAN_POINT('',(32.16573370803,-49.95187806325));
#5830 = VECTOR('',#5831,1.);
#5831 = DIRECTION('',(-0.313566080943,0.949566381504));
#5832 = ( GEOMETRIC_REPRESENTATION_CONTEXT(2) 
PARAMETRIC_REPRESENTATION_CONTEXT() REPRESENTATION_CONTEXT('2D SPACE',''
  ) );
#5833 = ADVANCED_FACE('',(#5834),#4290,.T.);
#5834 = FACE_BOUND('',#5835,.F.);
#5835 = EDGE_LOOP('',(#5836,#5868,#5869));
#5836 = ORIENTED_EDGE('',*,*,#5837,.F.);
#5837 = EDGE_CURVE('',#4238,#5838,#5840,.T.);
#5838 = VERTEX_POINT('',#5839);
#5839 = CARTESIAN_POINT('',(-38.25535,147.2977518718,-70.27756522987));
#5840 = SURFACE_CURVE('',#5841,(#5846,#5857),.PCURVE_S1.);
#5841 = CIRCLE('',#5842,21.294499207368);
#5842 = AXIS2_PLACEMENT_3D('',#5843,#5844,#5845);
#5843 = CARTESIAN_POINT('',(-57.65069841701,146.53129311601,
    -79.03477955592));
#5844 = DIRECTION('',(0.,-0.996191759571,8.718932367605E-02));
#5845 = DIRECTION('',(1.,0.,0.));
#5846 = PCURVE('',#4290,#5847);
#5847 = DEFINITIONAL_REPRESENTATION('',(#5848),#5856);
#5848 = ( BOUNDED_CURVE() B_SPLINE_CURVE(2,(#5849,#5850,#5851,#5852,
#5853,#5854,#5855),.UNSPECIFIED.,.T.,.F.) B_SPLINE_CURVE_WITH_KNOTS((1,2
    ,2,2,2,1),(-2.094395102393,0.,2.094395102393,4.188790204786,
6.28318530718,8.377580409573),.UNSPECIFIED.) CURVE() 
GEOMETRIC_REPRESENTATION_ITEM() RATIONAL_B_SPLINE_CURVE((1.,0.5,1.,0.5,
1.,0.5,1.)) REPRESENTATION_ITEM('') );
#5849 = CARTESIAN_POINT('',(10.557982917672,0.940620167726));
#5850 = CARTESIAN_POINT('',(10.557982917672,37.823774716622));
#5851 = CARTESIAN_POINT('',(42.499731728724,19.382197442174));
#5852 = CARTESIAN_POINT('',(74.441480539776,0.940620167726));
#5853 = CARTESIAN_POINT('',(42.499731728724,-17.50095710672));
#5854 = CARTESIAN_POINT('',(10.557982917672,-35.94253438117));
#5855 = CARTESIAN_POINT('',(10.557982917672,0.940620167726));
#5856 = ( GEOMETRIC_REPRESENTATION_CONTEXT(2) 
PARAMETRIC_REPRESENTATION_CONTEXT() REPRESENTATION_CONTEXT('2D SPACE',''
  ) );
#5857 = PCURVE('',#5801,#5858);
#5858 = DEFINITIONAL_REPRESENTATION('',(#5859),#5867);
#5859 = ( BOUNDED_CURVE() B_SPLINE_CURVE(2,(#5860,#5861,#5862,#5863,
#5864,#5865,#5866),.UNSPECIFIED.,.T.,.F.) B_SPLINE_CURVE_WITH_KNOTS((1,2
    ,2,2,2,1),(-2.094395102393,0.,2.094395102393,4.188790204786,
6.28318530718,8.377580409573),.UNSPECIFIED.) CURVE() 
GEOMETRIC_REPRESENTATION_ITEM() RATIONAL_B_SPLINE_CURVE((1.,0.5,1.,0.5,
1.,0.5,1.)) REPRESENTATION_ITEM('') );
#5860 = CARTESIAN_POINT('',(10.557982917672,0.940620167726));
#5861 = CARTESIAN_POINT('',(10.557982917672,37.823774716622));
#5862 = CARTESIAN_POINT('',(42.499731728724,19.382197442174));
#5863 = CARTESIAN_POINT('',(74.441480539776,0.940620167726));
#5864 = CARTESIAN_POINT('',(42.499731728724,-17.50095710672));
#5865 = CARTESIAN_POINT('',(10.557982917672,-35.94253438117));
#5866 = CARTESIAN_POINT('',(10.557982917672,0.940620167726));
#5867 = ( GEOMETRIC_REPRESENTATION_CONTEXT(2) 
PARAMETRIC_REPRESENTATION_CONTEXT() REPRESENTATION_CONTEXT('2D SPACE',''
  ) );
#5868 = ORIENTED_EDGE('',*,*,#4274,.T.);
#5869 = ORIENTED_EDGE('',*,*,#5870,.F.);
#5870 = EDGE_CURVE('',#5838,#4275,#5871,.T.);
#5871 = SURFACE_CURVE('',#5872,(#5876,#5883),.PCURVE_S1.);
#5872 = LINE('',#5873,#5874);
#5873 = CARTESIAN_POINT('',(-38.25535,147.2977518718,-70.27756522987));
#5874 = VECTOR('',#5875,1.);
#5875 = DIRECTION('',(0.412814864713,-7.941334017031E-02,-0.90734635552)
  );
#5876 = PCURVE('',#4290,#5877);
#5877 = DEFINITIONAL_REPRESENTATION('',(#5878),#5882);
#5878 = LINE('',#5879,#5880);
#5879 = CARTESIAN_POINT('',(12.45713370803,9.731311936676));
#5880 = VECTOR('',#5881,1.);
#5881 = DIRECTION('',(-0.412814864713,-0.910814957866));
#5882 = ( GEOMETRIC_REPRESENTATION_CONTEXT(2) 
PARAMETRIC_REPRESENTATION_CONTEXT() REPRESENTATION_CONTEXT('2D SPACE',''
  ) );
#5883 = PCURVE('',#4589,#5884);
#5884 = DEFINITIONAL_REPRESENTATION('',(#5885),#5889);
#5885 = LINE('',#5886,#5887);
#5886 = CARTESIAN_POINT('',(12.45713370803,9.731311936676));
#5887 = VECTOR('',#5888,1.);
#5888 = DIRECTION('',(-0.412814864713,-0.910814957866));
#5889 = ( GEOMETRIC_REPRESENTATION_CONTEXT(2) 
PARAMETRIC_REPRESENTATION_CONTEXT() REPRESENTATION_CONTEXT('2D SPACE',''
  ) );
#5890 = ADVANCED_FACE('',(#5891),#4498,.T.);
#5891 = FACE_BOUND('',#5892,.F.);
#5892 = EDGE_LOOP('',(#5893,#5894,#5922,#5952));
#5893 = ORIENTED_EDGE('',*,*,#4484,.T.);
#5894 = ORIENTED_EDGE('',*,*,#5895,.T.);
#5895 = EDGE_CURVE('',#2935,#5896,#5898,.T.);
#5896 = VERTEX_POINT('',#5897);
#5897 = CARTESIAN_POINT('',(-10.70084164772,148.54872125116,
    -55.98444440093));
#5898 = SURFACE_CURVE('',#5899,(#5903,#5910),.PCURVE_S1.);
#5899 = LINE('',#5900,#5901);
#5900 = CARTESIAN_POINT('',(8.39998,149.36948180468,-46.60677389702));
#5901 = VECTOR('',#5902,1.);
#5902 = DIRECTION('',(-0.896983796339,-3.854321078962E-02,
    -0.440379938244));
#5903 = PCURVE('',#4498,#5904);
#5904 = DEFINITIONAL_REPRESENTATION('',(#5905),#5909);
#5905 = LINE('',#5906,#5907);
#5906 = CARTESIAN_POINT('',(-34.19819629197,33.49259193667));
#5907 = VECTOR('',#5908,1.);
#5908 = DIRECTION('',(0.896983796339,-0.44206342204));
#5909 = ( GEOMETRIC_REPRESENTATION_CONTEXT(2) 
PARAMETRIC_REPRESENTATION_CONTEXT() REPRESENTATION_CONTEXT('2D SPACE',''
  ) );
#5910 = PCURVE('',#5911,#5916);
#5911 = PLANE('',#5912);
#5912 = AXIS2_PLACEMENT_3D('',#5913,#5914,#5915);
#5913 = CARTESIAN_POINT('',(8.399977204031,149.36947781395,
    -46.60677015036));
#5914 = DIRECTION('',(0.,0.996191759571,-8.718932367605E-02));
#5915 = DIRECTION('',(-1.,0.,0.));
#5916 = DEFINITIONAL_REPRESENTATION('',(#5917),#5921);
#5917 = LINE('',#5918,#5919);
#5918 = CARTESIAN_POINT('',(-2.795968999436E-06,-3.384442767199E-06));
#5919 = VECTOR('',#5920,1.);
#5920 = DIRECTION('',(0.896983796339,-0.44206342204));
#5921 = ( GEOMETRIC_REPRESENTATION_CONTEXT(2) 
PARAMETRIC_REPRESENTATION_CONTEXT() REPRESENTATION_CONTEXT('2D SPACE',''
  ) );
#5922 = ORIENTED_EDGE('',*,*,#5923,.T.);
#5923 = EDGE_CURVE('',#5896,#4605,#5924,.T.);
#5924 = SURFACE_CURVE('',#5925,(#5930,#5941),.PCURVE_S1.);
#5925 = CIRCLE('',#5926,21.294499207368);
#5926 = AXIS2_PLACEMENT_3D('',#5927,#5928,#5929);
#5927 = CARTESIAN_POINT('',(8.399977204031,149.36947781395,
    -46.60677015036));
#5928 = DIRECTION('',(0.,-0.996191759571,8.718932367605E-02));
#5929 = DIRECTION('',(1.,0.,0.));
#5930 = PCURVE('',#4498,#5931);
#5931 = DEFINITIONAL_REPRESENTATION('',(#5932),#5940);
#5932 = ( BOUNDED_CURVE() B_SPLINE_CURVE(2,(#5933,#5934,#5935,#5936,
#5937,#5938,#5939),.UNSPECIFIED.,.T.,.F.) B_SPLINE_CURVE_WITH_KNOTS((1,2
    ,2,2,2,1),(-2.094395102393,0.,2.094395102393,4.188790204786,
6.28318530718,8.377580409573),.UNSPECIFIED.) CURVE() 
GEOMETRIC_REPRESENTATION_ITEM() RATIONAL_B_SPLINE_CURVE((1.,0.5,1.,0.5,
1.,0.5,1.)) REPRESENTATION_ITEM('') );
#5933 = CARTESIAN_POINT('',(-55.49269270336,33.492595321113));
#5934 = CARTESIAN_POINT('',(-55.49269270336,70.375749870009));
#5935 = CARTESIAN_POINT('',(-23.55094389231,51.934172595561));
#5936 = CARTESIAN_POINT('',(8.390804918735,33.492595321113));
#5937 = CARTESIAN_POINT('',(-23.55094389231,15.051018046664));
#5938 = CARTESIAN_POINT('',(-55.49269270336,-3.390559227784));
#5939 = CARTESIAN_POINT('',(-55.49269270336,33.492595321113));
#5940 = ( GEOMETRIC_REPRESENTATION_CONTEXT(2) 
PARAMETRIC_REPRESENTATION_CONTEXT() REPRESENTATION_CONTEXT('2D SPACE',''
  ) );
#5941 = PCURVE('',#4657,#5942);
#5942 = DEFINITIONAL_REPRESENTATION('',(#5943),#5951);
#5943 = ( BOUNDED_CURVE() B_SPLINE_CURVE(2,(#5944,#5945,#5946,#5947,
#5948,#5949,#5950),.UNSPECIFIED.,.T.,.F.) B_SPLINE_CURVE_WITH_KNOTS((1,2
    ,2,2,2,1),(-2.094395102393,0.,2.094395102393,4.188790204786,
6.28318530718,8.377580409573),.UNSPECIFIED.) CURVE() 
GEOMETRIC_REPRESENTATION_ITEM() RATIONAL_B_SPLINE_CURVE((1.,0.5,1.,0.5,
1.,0.5,1.)) REPRESENTATION_ITEM('') );
#5944 = CARTESIAN_POINT('',(-55.49269270336,33.492595321113));
#5945 = CARTESIAN_POINT('',(-55.49269270336,70.375749870009));
#5946 = CARTESIAN_POINT('',(-23.55094389231,51.934172595561));
#5947 = CARTESIAN_POINT('',(8.390804918735,33.492595321113));
#5948 = CARTESIAN_POINT('',(-23.55094389231,15.051018046664));
#5949 = CARTESIAN_POINT('',(-55.49269270336,-3.390559227784));
#5950 = CARTESIAN_POINT('',(-55.49269270336,33.492595321113));
#5951 = ( GEOMETRIC_REPRESENTATION_CONTEXT(2) 
PARAMETRIC_REPRESENTATION_CONTEXT() REPRESENTATION_CONTEXT('2D SPACE',''
  ) );
#5952 = ORIENTED_EDGE('',*,*,#5953,.T.);
#5953 = EDGE_CURVE('',#4605,#4462,#5954,.T.);
#5954 = SURFACE_CURVE('',#5955,(#5959,#5966),.PCURVE_S1.);
#5955 = LINE('',#5956,#5957);
#5956 = CARTESIAN_POINT('',(-67.06422,148.19668513351,-60.00669868377));
#5957 = VECTOR('',#5958,1.);
#5958 = DIRECTION('',(0.997792053465,-5.790722134242E-03,
    -6.616256932476E-02));
#5959 = PCURVE('',#4498,#5960);
#5960 = DEFINITIONAL_REPRESENTATION('',(#5961),#5965);
#5961 = LINE('',#5962,#5963);
#5962 = CARTESIAN_POINT('',(41.26600370803,20.041441936671));
#5963 = VECTOR('',#5964,1.);
#5964 = DIRECTION('',(-0.997792053465,-6.641549549984E-02));
#5965 = ( GEOMETRIC_REPRESENTATION_CONTEXT(2) 
PARAMETRIC_REPRESENTATION_CONTEXT() REPRESENTATION_CONTEXT('2D SPACE',''
  ) );
#5966 = PCURVE('',#4625,#5967);
#5967 = DEFINITIONAL_REPRESENTATION('',(#5968),#5972);
#5968 = LINE('',#5969,#5970);
#5969 = CARTESIAN_POINT('',(41.26600370803,20.041441936671));
#5970 = VECTOR('',#5971,1.);
#5971 = DIRECTION('',(-0.997792053465,-6.641549549984E-02));
#5972 = ( GEOMETRIC_REPRESENTATION_CONTEXT(2) 
PARAMETRIC_REPRESENTATION_CONTEXT() REPRESENTATION_CONTEXT('2D SPACE',''
  ) );
#5973 = ADVANCED_FACE('',(#5974),#4558,.T.);
#5974 = FACE_BOUND('',#5975,.F.);
#5975 = EDGE_LOOP('',(#5976,#5999,#6000));
#5976 = ORIENTED_EDGE('',*,*,#5977,.T.);
#5977 = EDGE_CURVE('',#5978,#2935,#5980,.T.);
#5978 = VERTEX_POINT('',#5979);
#5979 = CARTESIAN_POINT('',(-9.62401,150.35819391298,-35.31012869608));
#5980 = SURFACE_CURVE('',#5981,(#5985,#5992),.PCURVE_S1.);
#5981 = LINE('',#5982,#5983);
#5982 = CARTESIAN_POINT('',(-9.62401,150.35819391298,-35.31012869608));
#5983 = VECTOR('',#5984,1.);
#5984 = DIRECTION('',(0.846415096421,-4.643038071147E-02,-0.530495715627
    ));
#5985 = PCURVE('',#4558,#5986);
#5986 = DEFINITIONAL_REPRESENTATION('',(#5987),#5991);
#5987 = LINE('',#5988,#5989);
#5988 = CARTESIAN_POINT('',(18.023987204031,11.339826615563));
#5989 = VECTOR('',#5990,1.);
#5990 = DIRECTION('',(-0.846415096421,-0.532523693887));
#5991 = ( GEOMETRIC_REPRESENTATION_CONTEXT(2) 
PARAMETRIC_REPRESENTATION_CONTEXT() REPRESENTATION_CONTEXT('2D SPACE',''
  ) );
#5992 = PCURVE('',#5911,#5993);
#5993 = DEFINITIONAL_REPRESENTATION('',(#5994),#5998);
#5994 = LINE('',#5995,#5996);
#5995 = CARTESIAN_POINT('',(18.023987204031,11.339826615563));
#5996 = VECTOR('',#5997,1.);
#5997 = DIRECTION('',(-0.846415096421,-0.532523693887));
#5998 = ( GEOMETRIC_REPRESENTATION_CONTEXT(2) 
PARAMETRIC_REPRESENTATION_CONTEXT() REPRESENTATION_CONTEXT('2D SPACE',''
  ) );
#5999 = ORIENTED_EDGE('',*,*,#4544,.F.);
#6000 = ORIENTED_EDGE('',*,*,#6001,.T.);
#6001 = EDGE_CURVE('',#4516,#5978,#6002,.T.);
#6002 = SURFACE_CURVE('',#6003,(#6008,#6019),.PCURVE_S1.);
#6003 = CIRCLE('',#6004,21.294499207368);
#6004 = AXIS2_PLACEMENT_3D('',#6005,#6006,#6007);
#6005 = CARTESIAN_POINT('',(8.399977204031,149.36947781395,
    -46.60677015036));
#6006 = DIRECTION('',(0.,-0.996191759571,8.718932367605E-02));
#6007 = DIRECTION('',(1.,0.,0.));
#6008 = PCURVE('',#4558,#6009);
#6009 = DEFINITIONAL_REPRESENTATION('',(#6010),#6018);
#6010 = ( BOUNDED_CURVE() B_SPLINE_CURVE(2,(#6011,#6012,#6013,#6014,
#6015,#6016,#6017),.UNSPECIFIED.,.T.,.F.) B_SPLINE_CURVE_WITH_KNOTS((1,2
    ,2,2,2,1),(-2.094395102393,0.,2.094395102393,4.188790204786,
6.28318530718,8.377580409573),.UNSPECIFIED.) CURVE() 
GEOMETRIC_REPRESENTATION_ITEM() RATIONAL_B_SPLINE_CURVE((1.,0.5,1.,0.5,
1.,0.5,1.)) REPRESENTATION_ITEM('') );
#6011 = CARTESIAN_POINT('',(-21.29449920736,0.));
#6012 = CARTESIAN_POINT('',(-21.29449920736,36.883154548897));
#6013 = CARTESIAN_POINT('',(10.647249603684,18.441577274448));
#6014 = CARTESIAN_POINT('',(42.588998414736,5.21564805875E-15));
#6015 = CARTESIAN_POINT('',(10.647249603684,-18.44157727444));
#6016 = CARTESIAN_POINT('',(-21.29449920736,-36.88315454889));
#6017 = CARTESIAN_POINT('',(-21.29449920736,0.));
#6018 = ( GEOMETRIC_REPRESENTATION_CONTEXT(2) 
PARAMETRIC_REPRESENTATION_CONTEXT() REPRESENTATION_CONTEXT('2D SPACE',''
  ) );
#6019 = PCURVE('',#6020,#6025);
#6020 = PLANE('',#6021);
#6021 = AXIS2_PLACEMENT_3D('',#6022,#6023,#6024);
#6022 = CARTESIAN_POINT('',(-21.0815438079,148.85987362376,
    -52.42936144598));
#6023 = DIRECTION('',(0.,0.996191759571,-8.718932367605E-02));
#6024 = DIRECTION('',(-1.,0.,0.));
#6025 = DEFINITIONAL_REPRESENTATION('',(#6026),#6034);
#6026 = ( BOUNDED_CURVE() B_SPLINE_CURVE(2,(#6027,#6028,#6029,#6030,
#6031,#6032,#6033),.UNSPECIFIED.,.T.,.F.) B_SPLINE_CURVE_WITH_KNOTS((1,2
    ,2,2,2,1),(-2.094395102393,0.,2.094395102393,4.188790204786,
6.28318530718,8.377580409573),.UNSPECIFIED.) CURVE() 
GEOMETRIC_REPRESENTATION_ITEM() RATIONAL_B_SPLINE_CURVE((1.,0.5,1.,0.5,
1.,0.5,1.)) REPRESENTATION_ITEM('') );
#6027 = CARTESIAN_POINT('',(-50.77602021929,5.844849512731));
#6028 = CARTESIAN_POINT('',(-50.77602021929,42.728004061627));
#6029 = CARTESIAN_POINT('',(-18.83427140824,24.286426787179));
#6030 = CARTESIAN_POINT('',(13.107477402805,5.844849512731));
#6031 = CARTESIAN_POINT('',(-18.83427140824,-12.59672776171));
#6032 = CARTESIAN_POINT('',(-50.77602021929,-31.03830503616));
#6033 = CARTESIAN_POINT('',(-50.77602021929,5.844849512731));
#6034 = ( GEOMETRIC_REPRESENTATION_CONTEXT(2) 
PARAMETRIC_REPRESENTATION_CONTEXT() REPRESENTATION_CONTEXT('2D SPACE',''
  ) );
#6035 = ADVANCED_FACE('',(#6036),#4589,.T.);
#6036 = FACE_BOUND('',#6037,.F.);
#6037 = EDGE_LOOP('',(#6038,#6070,#6071,#6072));
#6038 = ORIENTED_EDGE('',*,*,#6039,.F.);
#6039 = EDGE_CURVE('',#5838,#6040,#6042,.T.);
#6040 = VERTEX_POINT('',#6041);
#6041 = CARTESIAN_POINT('',(-38.54987868763,147.35205380935,
    -69.65710745445));
#6042 = SURFACE_CURVE('',#6043,(#6048,#6059),.PCURVE_S1.);
#6043 = CIRCLE('',#6044,21.294499207368);
#6044 = AXIS2_PLACEMENT_3D('',#6045,#6046,#6047);
#6045 = CARTESIAN_POINT('',(-57.65069841701,146.53129311601,
    -79.03477955592));
#6046 = DIRECTION('',(0.,-0.996191759571,8.718932367605E-02));
#6047 = DIRECTION('',(1.,0.,0.));
#6048 = PCURVE('',#4589,#6049);
#6049 = DEFINITIONAL_REPRESENTATION('',(#6050),#6058);
#6050 = ( BOUNDED_CURVE() B_SPLINE_CURVE(2,(#6051,#6052,#6053,#6054,
#6055,#6056,#6057),.UNSPECIFIED.,.T.,.F.) B_SPLINE_CURVE_WITH_KNOTS((1,2
    ,2,2,2,1),(-2.094395102393,0.,2.094395102393,4.188790204786,
6.28318530718,8.377580409573),.UNSPECIFIED.) CURVE() 
GEOMETRIC_REPRESENTATION_ITEM() RATIONAL_B_SPLINE_CURVE((1.,0.5,1.,0.5,
1.,0.5,1.)) REPRESENTATION_ITEM('') );
#6051 = CARTESIAN_POINT('',(10.557982917672,0.940620167726));
#6052 = CARTESIAN_POINT('',(10.557982917672,37.823774716622));
#6053 = CARTESIAN_POINT('',(42.499731728724,19.382197442174));
#6054 = CARTESIAN_POINT('',(74.441480539776,0.940620167726));
#6055 = CARTESIAN_POINT('',(42.499731728724,-17.50095710672));
#6056 = CARTESIAN_POINT('',(10.557982917672,-35.94253438117));
#6057 = CARTESIAN_POINT('',(10.557982917672,0.940620167726));
#6058 = ( GEOMETRIC_REPRESENTATION_CONTEXT(2) 
PARAMETRIC_REPRESENTATION_CONTEXT() REPRESENTATION_CONTEXT('2D SPACE',''
  ) );
#6059 = PCURVE('',#5575,#6060);
#6060 = DEFINITIONAL_REPRESENTATION('',(#6061),#6069);
#6061 = ( BOUNDED_CURVE() B_SPLINE_CURVE(2,(#6062,#6063,#6064,#6065,
#6066,#6067,#6068),.UNSPECIFIED.,.T.,.F.) B_SPLINE_CURVE_WITH_KNOTS((1,2
    ,2,2,2,1),(-2.094395102393,0.,2.094395102393,4.188790204786,
6.28318530718,8.377580409573),.UNSPECIFIED.) CURVE() 
GEOMETRIC_REPRESENTATION_ITEM() RATIONAL_B_SPLINE_CURVE((1.,0.5,1.,0.5,
1.,0.5,1.)) REPRESENTATION_ITEM('') );
#6062 = CARTESIAN_POINT('',(10.557982917672,0.940620167726));
#6063 = CARTESIAN_POINT('',(10.557982917672,37.823774716622));
#6064 = CARTESIAN_POINT('',(42.499731728724,19.382197442174));
#6065 = CARTESIAN_POINT('',(74.441480539776,0.940620167726));
#6066 = CARTESIAN_POINT('',(42.499731728724,-17.50095710672));
#6067 = CARTESIAN_POINT('',(10.557982917672,-35.94253438117));
#6068 = CARTESIAN_POINT('',(10.557982917672,0.940620167726));
#6069 = ( GEOMETRIC_REPRESENTATION_CONTEXT(2) 
PARAMETRIC_REPRESENTATION_CONTEXT() REPRESENTATION_CONTEXT('2D SPACE',''
  ) );
#6070 = ORIENTED_EDGE('',*,*,#5870,.T.);
#6071 = ORIENTED_EDGE('',*,*,#4573,.T.);
#6072 = ORIENTED_EDGE('',*,*,#6073,.T.);
#6073 = EDGE_CURVE('',#4574,#6040,#6074,.T.);
#6074 = SURFACE_CURVE('',#6075,(#6079,#6086),.PCURVE_S1.);
#6075 = LINE('',#6076,#6077);
#6076 = CARTESIAN_POINT('',(8.39998,149.36948180468,-46.60677389702));
#6077 = VECTOR('',#6078,1.);
#6078 = DIRECTION('',(-0.896983796339,-3.854321078962E-02,
    -0.440379938244));
#6079 = PCURVE('',#4589,#6080);
#6080 = DEFINITIONAL_REPRESENTATION('',(#6081),#6085);
#6081 = LINE('',#6082,#6083);
#6082 = CARTESIAN_POINT('',(-34.19819629197,33.49259193667));
#6083 = VECTOR('',#6084,1.);
#6084 = DIRECTION('',(0.896983796339,-0.44206342204));
#6085 = ( GEOMETRIC_REPRESENTATION_CONTEXT(2) 
PARAMETRIC_REPRESENTATION_CONTEXT() REPRESENTATION_CONTEXT('2D SPACE',''
  ) );
#6086 = PCURVE('',#6087,#6092);
#6087 = PLANE('',#6088);
#6088 = AXIS2_PLACEMENT_3D('',#6089,#6090,#6091);
#6089 = CARTESIAN_POINT('',(-28.16917619209,147.04090573697,
    -73.21219061985));
#6090 = DIRECTION('',(0.,0.996191759571,-8.718932367605E-02));
#6091 = DIRECTION('',(-1.,0.,0.));
#6092 = DEFINITIONAL_REPRESENTATION('',(#6093),#6097);
#6093 = LINE('',#6094,#6095);
#6094 = CARTESIAN_POINT('',(-36.56915619209,26.707123871704));
#6095 = VECTOR('',#6096,1.);
#6096 = DIRECTION('',(0.896983796339,-0.44206342204));
#6097 = ( GEOMETRIC_REPRESENTATION_CONTEXT(2) 
PARAMETRIC_REPRESENTATION_CONTEXT() REPRESENTATION_CONTEXT('2D SPACE',''
  ) );
#6098 = ADVANCED_FACE('',(#6099),#4625,.T.);
#6099 = FACE_BOUND('',#6100,.F.);
#6100 = EDGE_LOOP('',(#6101,#6102,#6103));
#6101 = ORIENTED_EDGE('',*,*,#4699,.T.);
#6102 = ORIENTED_EDGE('',*,*,#5953,.F.);
#6103 = ORIENTED_EDGE('',*,*,#4604,.T.);
#6104 = ADVANCED_FACE('',(#6105),#4657,.T.);
#6105 = FACE_BOUND('',#6106,.F.);
#6106 = EDGE_LOOP('',(#6107,#6133,#6134));
#6107 = ORIENTED_EDGE('',*,*,#6108,.T.);
#6108 = EDGE_CURVE('',#5896,#4642,#6109,.T.);
#6109 = SURFACE_CURVE('',#6110,(#6114,#6121),.PCURVE_S1.);
#6110 = LINE('',#6111,#6112);
#6111 = CARTESIAN_POINT('',(8.39998,149.36948180468,-46.60677389702));
#6112 = VECTOR('',#6113,1.);
#6113 = DIRECTION('',(-0.896983796339,-3.854321078962E-02,
    -0.440379938244));
#6114 = PCURVE('',#4657,#6115);
#6115 = DEFINITIONAL_REPRESENTATION('',(#6116),#6120);
#6116 = LINE('',#6117,#6118);
#6117 = CARTESIAN_POINT('',(-34.19819629197,33.49259193667));
#6118 = VECTOR('',#6119,1.);
#6119 = DIRECTION('',(0.896983796339,-0.44206342204));
#6120 = ( GEOMETRIC_REPRESENTATION_CONTEXT(2) 
PARAMETRIC_REPRESENTATION_CONTEXT() REPRESENTATION_CONTEXT('2D SPACE',''
  ) );
#6121 = PCURVE('',#6122,#6127);
#6122 = PLANE('',#6123);
#6123 = AXIS2_PLACEMENT_3D('',#6124,#6125,#6126);
#6124 = CARTESIAN_POINT('',(-17.66174035161,147.10219850237,
    -72.51188299917));
#6125 = DIRECTION('',(0.,0.996191759571,-8.718932367605E-02));
#6126 = DIRECTION('',(-1.,0.,0.));
#6127 = DEFINITIONAL_REPRESENTATION('',(#6128),#6132);
#6128 = LINE('',#6129,#6130);
#6129 = CARTESIAN_POINT('',(-26.06172035161,26.004139116057));
#6130 = VECTOR('',#6131,1.);
#6131 = DIRECTION('',(0.896983796339,-0.44206342204));
#6132 = ( GEOMETRIC_REPRESENTATION_CONTEXT(2) 
PARAMETRIC_REPRESENTATION_CONTEXT() REPRESENTATION_CONTEXT('2D SPACE',''
  ) );
#6133 = ORIENTED_EDGE('',*,*,#4641,.T.);
#6134 = ORIENTED_EDGE('',*,*,#5923,.F.);
#6135 = ADVANCED_FACE('',(#6136),#4683,.T.);
#6136 = FACE_BOUND('',#6137,.F.);
#6137 = EDGE_LOOP('',(#6138,#6161,#6182));
#6138 = ORIENTED_EDGE('',*,*,#6139,.F.);
#6139 = EDGE_CURVE('',#6140,#4642,#6142,.T.);
#6140 = VERTEX_POINT('',#6141);
#6141 = CARTESIAN_POINT('',(-26.90316728111,147.96360901699,
    -62.66973696458));
#6142 = SURFACE_CURVE('',#6143,(#6147,#6154),.PCURVE_S1.);
#6143 = LINE('',#6144,#6145);
#6144 = CARTESIAN_POINT('',(-67.06422,148.19668513351,-60.00669868377));
#6145 = VECTOR('',#6146,1.);
#6146 = DIRECTION('',(0.997792053465,-5.790722134242E-03,
    -6.616256932476E-02));
#6147 = PCURVE('',#4683,#6148);
#6148 = DEFINITIONAL_REPRESENTATION('',(#6149),#6153);
#6149 = LINE('',#6150,#6151);
#6150 = CARTESIAN_POINT('',(49.40247964839,12.552989116058));
#6151 = VECTOR('',#6152,1.);
#6152 = DIRECTION('',(-0.997792053465,-6.641549549984E-02));
#6153 = ( GEOMETRIC_REPRESENTATION_CONTEXT(2) 
PARAMETRIC_REPRESENTATION_CONTEXT() REPRESENTATION_CONTEXT('2D SPACE',''
  ) );
#6154 = PCURVE('',#6122,#6155);
#6155 = DEFINITIONAL_REPRESENTATION('',(#6156),#6160);
#6156 = LINE('',#6157,#6158);
#6157 = CARTESIAN_POINT('',(49.40247964839,12.552989116058));
#6158 = VECTOR('',#6159,1.);
#6159 = DIRECTION('',(-0.997792053465,-6.641549549984E-02));
#6160 = ( GEOMETRIC_REPRESENTATION_CONTEXT(2) 
PARAMETRIC_REPRESENTATION_CONTEXT() REPRESENTATION_CONTEXT('2D SPACE',''
  ) );
#6161 = ORIENTED_EDGE('',*,*,#6162,.F.);
#6162 = EDGE_CURVE('',#4574,#6140,#6163,.T.);
#6163 = SURFACE_CURVE('',#6164,(#6168,#6175),.PCURVE_S1.);
#6164 = LINE('',#6165,#6166);
#6165 = CARTESIAN_POINT('',(-56.59259,143.84918132492,-109.6796091529));
#6166 = VECTOR('',#6167,1.);
#6167 = DIRECTION('',(0.532523775277,7.379835534144E-02,0.843191693219)
  );
#6168 = PCURVE('',#4683,#6169);
#6169 = DEFINITIONAL_REPRESENTATION('',(#6170),#6174);
#6170 = LINE('',#6171,#6172);
#6171 = CARTESIAN_POINT('',(38.93084964839,-37.30981088394));
#6172 = VECTOR('',#6173,1.);
#6173 = DIRECTION('',(-0.532523775277,0.846415045214));
#6174 = ( GEOMETRIC_REPRESENTATION_CONTEXT(2) 
PARAMETRIC_REPRESENTATION_CONTEXT() REPRESENTATION_CONTEXT('2D SPACE',''
  ) );
#6175 = PCURVE('',#6087,#6176);
#6176 = DEFINITIONAL_REPRESENTATION('',(#6177),#6181);
#6177 = LINE('',#6178,#6179);
#6178 = CARTESIAN_POINT('',(28.42341380791,-36.60682612829));
#6179 = VECTOR('',#6180,1.);
#6180 = DIRECTION('',(-0.532523775277,0.846415045214));
#6181 = ( GEOMETRIC_REPRESENTATION_CONTEXT(2) 
PARAMETRIC_REPRESENTATION_CONTEXT() REPRESENTATION_CONTEXT('2D SPACE',''
  ) );
#6182 = ORIENTED_EDGE('',*,*,#4669,.F.);
#6183 = ADVANCED_FACE('',(#6184),#4764,.T.);
#6184 = FACE_BOUND('',#6185,.T.);
#6185 = EDGE_LOOP('',(#6186,#6214,#6241,#6242));
#6186 = ORIENTED_EDGE('',*,*,#6187,.T.);
#6187 = EDGE_CURVE('',#5037,#6188,#6190,.T.);
#6188 = VERTEX_POINT('',#6189);
#6189 = CARTESIAN_POINT('',(-48.23718,142.87352645945,-97.88847900651));
#6190 = SURFACE_CURVE('',#6191,(#6195,#6202),.PCURVE_S1.);
#6191 = LINE('',#6192,#6193);
#6192 = CARTESIAN_POINT('',(17.8135,145.71171070808,-65.46047473471));
#6193 = VECTOR('',#6194,1.);
#6194 = DIRECTION('',(-0.896983796339,-3.854321078962E-02,
    -0.440379938244));
#6195 = PCURVE('',#4764,#6196);
#6196 = DEFINITIONAL_REPRESENTATION('',(#6197),#6201);
#6197 = LINE('',#6198,#6199);
#6198 = CARTESIAN_POINT('',(43.61171629197,14.391771936676));
#6199 = VECTOR('',#6200,1.);
#6200 = DIRECTION('',(-0.896983796339,-0.44206342204));
#6201 = ( GEOMETRIC_REPRESENTATION_CONTEXT(2) 
PARAMETRIC_REPRESENTATION_CONTEXT() REPRESENTATION_CONTEXT('2D SPACE',''
  ) );
#6202 = PCURVE('',#6203,#6208);
#6203 = PLANE('',#6204);
#6204 = AXIS2_PLACEMENT_3D('',#6205,#6206,#6207);
#6205 = CARTESIAN_POINT('',(-25.79821629197,144.45690184642,
    -79.79743934365));
#6206 = DIRECTION('',(0.,-0.996191759571,8.718932367605E-02));
#6207 = DIRECTION('',(1.,0.,0.));
#6208 = DEFINITIONAL_REPRESENTATION('',(#6209),#6213);
#6209 = LINE('',#6210,#6211);
#6210 = CARTESIAN_POINT('',(43.61171629197,14.391771936676));
#6211 = VECTOR('',#6212,1.);
#6212 = DIRECTION('',(-0.896983796339,-0.44206342204));
#6213 = ( GEOMETRIC_REPRESENTATION_CONTEXT(2) 
PARAMETRIC_REPRESENTATION_CONTEXT() REPRESENTATION_CONTEXT('2D SPACE',''
  ) );
#6214 = ORIENTED_EDGE('',*,*,#6215,.F.);
#6215 = EDGE_CURVE('',#4749,#6188,#6216,.T.);
#6216 = SURFACE_CURVE('',#6217,(#6222,#6229),.PCURVE_S1.);
#6217 = CIRCLE('',#6218,21.294499207368);
#6218 = AXIS2_PLACEMENT_3D('',#6219,#6220,#6221);
#6219 = CARTESIAN_POINT('',(-57.65069841701,144.53890959687,
    -78.86040090856));
#6220 = DIRECTION('',(0.,-0.996191759571,8.718932367605E-02));
#6221 = DIRECTION('',(1.,0.,0.));
#6222 = PCURVE('',#4764,#6223);
#6223 = DEFINITIONAL_REPRESENTATION('',(#6224),#6228);
#6224 = CIRCLE('',#6225,21.294499207368);
#6225 = AXIS2_PLACEMENT_2D('',#6226,#6227);
#6226 = CARTESIAN_POINT('',(-31.85248212504,0.940620167736));
#6227 = DIRECTION('',(1.,0.));
#6228 = ( GEOMETRIC_REPRESENTATION_CONTEXT(2) 
PARAMETRIC_REPRESENTATION_CONTEXT() REPRESENTATION_CONTEXT('2D SPACE',''
  ) );
#6229 = PCURVE('',#6230,#6235);
#6230 = PLANE('',#6231);
#6231 = AXIS2_PLACEMENT_3D('',#6232,#6233,#6234);
#6232 = CARTESIAN_POINT('',(-25.79821629197,144.45690184642,
    -79.79743934365));
#6233 = DIRECTION('',(0.,-0.996191759571,8.718932367605E-02));
#6234 = DIRECTION('',(1.,0.,0.));
#6235 = DEFINITIONAL_REPRESENTATION('',(#6236),#6240);
#6236 = CIRCLE('',#6237,21.294499207368);
#6237 = AXIS2_PLACEMENT_2D('',#6238,#6239);
#6238 = CARTESIAN_POINT('',(-31.85248212504,0.940620167736));
#6239 = DIRECTION('',(1.,0.));
#6240 = ( GEOMETRIC_REPRESENTATION_CONTEXT(2) 
PARAMETRIC_REPRESENTATION_CONTEXT() REPRESENTATION_CONTEXT('2D SPACE',''
  ) );
#6241 = ORIENTED_EDGE('',*,*,#4748,.F.);
#6242 = ORIENTED_EDGE('',*,*,#5064,.T.);
#6243 = ADVANCED_FACE('',(#6244),#4791,.F.);
#6244 = FACE_BOUND('',#6245,.F.);
#6245 = EDGE_LOOP('',(#6246,#6247,#6268));
#6246 = ORIENTED_EDGE('',*,*,#4812,.T.);
#6247 = ORIENTED_EDGE('',*,*,#6248,.F.);
#6248 = EDGE_CURVE('',#4749,#4813,#6249,.T.);
#6249 = SURFACE_CURVE('',#6250,(#6254,#6261),.PCURVE_S1.);
#6250 = LINE('',#6251,#6252);
#6251 = CARTESIAN_POINT('',(-38.5686,140.86808569747,-120.8018757064));
#6252 = VECTOR('',#6253,1.);
#6253 = DIRECTION('',(-0.412815044182,7.941333307827E-02,0.907346274487)
  );
#6254 = PCURVE('',#4791,#6255);
#6255 = DEFINITIONAL_REPRESENTATION('',(#6256),#6260);
#6256 = LINE('',#6257,#6258);
#6257 = CARTESIAN_POINT('',(-19.08209841701,-42.10180823098));
#6258 = VECTOR('',#6259,1.);
#6259 = DIRECTION('',(0.412815044182,0.910814876524));
#6260 = ( GEOMETRIC_REPRESENTATION_CONTEXT(2) 
PARAMETRIC_REPRESENTATION_CONTEXT() REPRESENTATION_CONTEXT('2D SPACE',''
  ) );
#6261 = PCURVE('',#6230,#6262);
#6262 = DEFINITIONAL_REPRESENTATION('',(#6263),#6267);
#6263 = LINE('',#6264,#6265);
#6264 = CARTESIAN_POINT('',(-12.77038370803,-41.16118806324));
#6265 = VECTOR('',#6266,1.);
#6266 = DIRECTION('',(-0.412815044182,0.910814876524));
#6267 = ( GEOMETRIC_REPRESENTATION_CONTEXT(2) 
PARAMETRIC_REPRESENTATION_CONTEXT() REPRESENTATION_CONTEXT('2D SPACE',''
  ) );
#6268 = ORIENTED_EDGE('',*,*,#4776,.F.);
#6269 = ADVANCED_FACE('',(#6270),#4853,.F.);
#6270 = FACE_BOUND('',#6271,.F.);
#6271 = EDGE_LOOP('',(#6272,#6302,#6324,#6325));
#6272 = ORIENTED_EDGE('',*,*,#6273,.F.);
#6273 = EDGE_CURVE('',#6274,#6276,#6278,.T.);
#6274 = VERTEX_POINT('',#6275);
#6275 = CARTESIAN_POINT('',(-58.60913760698,144.70847548516,
    -76.92305547086));
#6276 = VERTEX_POINT('',#6277);
#6277 = CARTESIAN_POINT('',(-67.06422,146.20430161437,-59.83232003642));
#6278 = SURFACE_CURVE('',#6279,(#6283,#6290),.PCURVE_S1.);
#6279 = LINE('',#6280,#6281);
#6280 = CARTESIAN_POINT('',(-48.23718,142.87352645945,-97.88847900651));
#6281 = VECTOR('',#6282,1.);
#6282 = DIRECTION('',(-0.442063466418,7.820740864419E-02,0.893567844594)
  );
#6283 = PCURVE('',#4853,#6284);
#6284 = DEFINITIONAL_REPRESENTATION('',(#6285),#6289);
#6285 = LINE('',#6286,#6287);
#6286 = CARTESIAN_POINT('',(-9.41351841701,-19.10081823106));
#6287 = VECTOR('',#6288,1.);
#6288 = DIRECTION('',(0.442063466418,0.896983774468));
#6289 = ( GEOMETRIC_REPRESENTATION_CONTEXT(2) 
PARAMETRIC_REPRESENTATION_CONTEXT() REPRESENTATION_CONTEXT('2D SPACE',''
  ) );
#6290 = PCURVE('',#6291,#6296);
#6291 = PLANE('',#6292);
#6292 = AXIS2_PLACEMENT_3D('',#6293,#6294,#6295);
#6293 = CARTESIAN_POINT('',(-57.65069841701,144.53890959687,
    -78.86040090856));
#6294 = DIRECTION('',(0.,0.996191759571,-8.718932367605E-02));
#6295 = DIRECTION('',(-1.,0.,0.));
#6296 = DEFINITIONAL_REPRESENTATION('',(#6297),#6301);
#6297 = LINE('',#6298,#6299);
#6298 = CARTESIAN_POINT('',(-9.41351841701,-19.10081823106));
#6299 = VECTOR('',#6300,1.);
#6300 = DIRECTION('',(0.442063466418,0.896983774468));
#6301 = ( GEOMETRIC_REPRESENTATION_CONTEXT(2) 
PARAMETRIC_REPRESENTATION_CONTEXT() REPRESENTATION_CONTEXT('2D SPACE',''
  ) );
#6302 = ORIENTED_EDGE('',*,*,#6303,.F.);
#6303 = EDGE_CURVE('',#4838,#6274,#6304,.T.);
#6304 = SURFACE_CURVE('',#6305,(#6310,#6317),.PCURVE_S1.);
#6305 = CIRCLE('',#6306,2.025);
#6306 = AXIS2_PLACEMENT_3D('',#6307,#6308,#6309);
#6307 = CARTESIAN_POINT('',(-59.,144.53523297732,-78.90240855286));
#6308 = DIRECTION('',(0.,0.996191759571,-8.718932367606E-02));
#6309 = DIRECTION('',(1.,0.,0.));
#6310 = PCURVE('',#4853,#6311);
#6311 = DEFINITIONAL_REPRESENTATION('',(#6312),#6316);
#6312 = CIRCLE('',#6313,2.025);
#6313 = AXIS2_PLACEMENT_2D('',#6314,#6315);
#6314 = CARTESIAN_POINT('',(1.34930158299,-4.216823106263E-02));
#6315 = DIRECTION('',(-1.,0.));
#6316 = ( GEOMETRIC_REPRESENTATION_CONTEXT(2) 
PARAMETRIC_REPRESENTATION_CONTEXT() REPRESENTATION_CONTEXT('2D SPACE',''
  ) );
#6317 = PCURVE('',#4882,#6318);
#6318 = DEFINITIONAL_REPRESENTATION('',(#6319),#6323);
#6319 = LINE('',#6320,#6321);
#6320 = CARTESIAN_POINT('',(-4.138911435803E-13,9.999999996585E-03));
#6321 = VECTOR('',#6322,1.);
#6322 = DIRECTION('',(1.,-0.));
#6323 = ( GEOMETRIC_REPRESENTATION_CONTEXT(2) 
PARAMETRIC_REPRESENTATION_CONTEXT() REPRESENTATION_CONTEXT('2D SPACE',''
  ) );
#6324 = ORIENTED_EDGE('',*,*,#4837,.F.);
#6325 = ORIENTED_EDGE('',*,*,#6326,.F.);
#6326 = EDGE_CURVE('',#6276,#3444,#6327,.T.);
#6327 = SURFACE_CURVE('',#6328,(#6333,#6344),.PCURVE_S1.);
#6328 = CIRCLE('',#6329,21.294499207368);
#6329 = AXIS2_PLACEMENT_3D('',#6330,#6331,#6332);
#6330 = CARTESIAN_POINT('',(-57.65069841701,144.53890959687,
    -78.86040090856));
#6331 = DIRECTION('',(0.,-0.996191759571,8.718932367605E-02));
#6332 = DIRECTION('',(1.,0.,0.));
#6333 = PCURVE('',#4853,#6334);
#6334 = DEFINITIONAL_REPRESENTATION('',(#6335),#6343);
#6335 = ( BOUNDED_CURVE() B_SPLINE_CURVE(2,(#6336,#6337,#6338,#6339,
#6340,#6341,#6342),.UNSPECIFIED.,.T.,.F.) B_SPLINE_CURVE_WITH_KNOTS((1,2
    ,2,2,2,1),(-2.094395102393,0.,2.094395102393,4.188790204786,
6.28318530718,8.377580409573),.UNSPECIFIED.) CURVE() 
GEOMETRIC_REPRESENTATION_ITEM() RATIONAL_B_SPLINE_CURVE((1.,0.5,1.,0.5,
1.,0.5,1.)) REPRESENTATION_ITEM('') );
#6336 = CARTESIAN_POINT('',(-21.29449920736,0.));
#6337 = CARTESIAN_POINT('',(-21.29449920736,36.883154548897));
#6338 = CARTESIAN_POINT('',(10.647249603684,18.441577274448));
#6339 = CARTESIAN_POINT('',(42.588998414736,5.21564805875E-15));
#6340 = CARTESIAN_POINT('',(10.647249603684,-18.44157727444));
#6341 = CARTESIAN_POINT('',(-21.29449920736,-36.88315454889));
#6342 = CARTESIAN_POINT('',(-21.29449920736,0.));
#6343 = ( GEOMETRIC_REPRESENTATION_CONTEXT(2) 
PARAMETRIC_REPRESENTATION_CONTEXT() REPRESENTATION_CONTEXT('2D SPACE',''
  ) );
#6344 = PCURVE('',#5022,#6345);
#6345 = DEFINITIONAL_REPRESENTATION('',(#6346),#6349);
#6346 = B_SPLINE_CURVE_WITH_KNOTS('',1,(#6347,#6348),.UNSPECIFIED.,.F.,
  .F.,(2,2),(2.028694179699,3.5671350913),.PIECEWISE_BEZIER_KNOTS.);
#6347 = CARTESIAN_POINT('',(4.254491127481,0.));
#6348 = CARTESIAN_POINT('',(2.71605021588,0.));
#6349 = ( GEOMETRIC_REPRESENTATION_CONTEXT(2) 
PARAMETRIC_REPRESENTATION_CONTEXT() REPRESENTATION_CONTEXT('2D SPACE',''
  ) );
#6350 = ADVANCED_FACE('',(#6351),#4882,.F.);
#6351 = FACE_BOUND('',#6352,.F.);
#6352 = EDGE_LOOP('',(#6353,#6388,#6414,#6415,#6416,#6440,#6473,#6499,
    #6522,#6553));
#6353 = ORIENTED_EDGE('',*,*,#6354,.T.);
#6354 = EDGE_CURVE('',#6355,#6357,#6359,.T.);
#6355 = VERTEX_POINT('',#6356);
#6356 = CARTESIAN_POINT('',(-56.975,144.53523726313,-78.90240892796));
#6357 = VERTEX_POINT('',#6358);
#6358 = CARTESIAN_POINT('',(-57.18618028374,144.45673379349,
    -79.79935945178));
#6359 = SURFACE_CURVE('',#6360,(#6365,#6372),.PCURVE_S1.);
#6360 = CIRCLE('',#6361,2.025);
#6361 = AXIS2_PLACEMENT_3D('',#6362,#6363,#6364);
#6362 = CARTESIAN_POINT('',(-59.,144.53523726313,-78.90240892796));
#6363 = DIRECTION('',(0.,0.996191759571,-8.718932367606E-02));
#6364 = DIRECTION('',(1.,0.,0.));
#6365 = PCURVE('',#4882,#6366);
#6366 = DEFINITIONAL_REPRESENTATION('',(#6367),#6371);
#6367 = LINE('',#6368,#6369);
#6368 = CARTESIAN_POINT('',(-4.138911435803E-13,1.000430219129E-02));
#6369 = VECTOR('',#6370,1.);
#6370 = DIRECTION('',(1.,-0.));
#6371 = ( GEOMETRIC_REPRESENTATION_CONTEXT(2) 
PARAMETRIC_REPRESENTATION_CONTEXT() REPRESENTATION_CONTEXT('2D SPACE',''
  ) );
#6372 = PCURVE('',#6373,#6378);
#6373 = PLANE('',#6374);
#6374 = AXIS2_PLACEMENT_3D('',#6375,#6376,#6377);
#6375 = CARTESIAN_POINT('',(-25.79821629197,144.45690184642,
    -79.79743934365));
#6376 = DIRECTION('',(0.,-0.996191759571,8.718932367605E-02));
#6377 = DIRECTION('',(1.,0.,0.));
#6378 = DEFINITIONAL_REPRESENTATION('',(#6379),#6387);
#6379 = ( BOUNDED_CURVE() B_SPLINE_CURVE(2,(#6380,#6381,#6382,#6383,
#6384,#6385,#6386),.UNSPECIFIED.,.T.,.F.) B_SPLINE_CURVE_WITH_KNOTS((1,2
    ,2,2,2,1),(-2.094395102393,0.,2.094395102393,4.188790204786,
6.28318530718,8.377580409573),.UNSPECIFIED.) CURVE() 
GEOMETRIC_REPRESENTATION_ITEM() RATIONAL_B_SPLINE_CURVE((1.,0.5,1.,0.5,
1.,0.5,1.)) REPRESENTATION_ITEM('') );
#6380 = CARTESIAN_POINT('',(-31.17678370803,0.898451936679));
#6381 = CARTESIAN_POINT('',(-31.17678370803,-2.608950948648));
#6382 = CARTESIAN_POINT('',(-34.21428370803,-0.855249505985));
#6383 = CARTESIAN_POINT('',(-37.25178370803,0.898451936679));
#6384 = CARTESIAN_POINT('',(-34.21428370803,2.652153379342));
#6385 = CARTESIAN_POINT('',(-31.17678370803,4.405854822005));
#6386 = CARTESIAN_POINT('',(-31.17678370803,0.898451936679));
#6387 = ( GEOMETRIC_REPRESENTATION_CONTEXT(2) 
PARAMETRIC_REPRESENTATION_CONTEXT() REPRESENTATION_CONTEXT('2D SPACE',''
  ) );
#6388 = ORIENTED_EDGE('',*,*,#6389,.T.);
#6389 = EDGE_CURVE('',#6357,#4866,#6390,.T.);
#6390 = SURFACE_CURVE('',#6391,(#6396,#6403),.PCURVE_S1.);
#6391 = CIRCLE('',#6392,2.025);
#6392 = AXIS2_PLACEMENT_3D('',#6393,#6394,#6395);
#6393 = CARTESIAN_POINT('',(-59.,144.53523726313,-78.90240892796));
#6394 = DIRECTION('',(0.,0.996191759571,-8.718932367606E-02));
#6395 = DIRECTION('',(1.,0.,0.));
#6396 = PCURVE('',#4882,#6397);
#6397 = DEFINITIONAL_REPRESENTATION('',(#6398),#6402);
#6398 = LINE('',#6399,#6400);
#6399 = CARTESIAN_POINT('',(-4.138911435803E-13,1.000430219129E-02));
#6400 = VECTOR('',#6401,1.);
#6401 = DIRECTION('',(1.,-0.));
#6402 = ( GEOMETRIC_REPRESENTATION_CONTEXT(2) 
PARAMETRIC_REPRESENTATION_CONTEXT() REPRESENTATION_CONTEXT('2D SPACE',''
  ) );
#6403 = PCURVE('',#4908,#6404);
#6404 = DEFINITIONAL_REPRESENTATION('',(#6405),#6413);
#6405 = ( BOUNDED_CURVE() B_SPLINE_CURVE(2,(#6406,#6407,#6408,#6409,
#6410,#6411,#6412),.UNSPECIFIED.,.T.,.F.) B_SPLINE_CURVE_WITH_KNOTS((1,2
    ,2,2,2,1),(-2.094395102393,0.,2.094395102393,4.188790204786,
6.28318530718,8.377580409573),.UNSPECIFIED.) CURVE() 
GEOMETRIC_REPRESENTATION_ITEM() RATIONAL_B_SPLINE_CURVE((1.,0.5,1.,0.5,
1.,0.5,1.)) REPRESENTATION_ITEM('') );
#6406 = CARTESIAN_POINT('',(-31.17678370803,0.898451936679));
#6407 = CARTESIAN_POINT('',(-31.17678370803,-2.608950948648));
#6408 = CARTESIAN_POINT('',(-34.21428370803,-0.855249505985));
#6409 = CARTESIAN_POINT('',(-37.25178370803,0.898451936679));
#6410 = CARTESIAN_POINT('',(-34.21428370803,2.652153379342));
#6411 = CARTESIAN_POINT('',(-31.17678370803,4.405854822005));
#6412 = CARTESIAN_POINT('',(-31.17678370803,0.898451936679));
#6413 = ( GEOMETRIC_REPRESENTATION_CONTEXT(2) 
PARAMETRIC_REPRESENTATION_CONTEXT() REPRESENTATION_CONTEXT('2D SPACE',''
  ) );
#6414 = ORIENTED_EDGE('',*,*,#4865,.T.);
#6415 = ORIENTED_EDGE('',*,*,#6303,.T.);
#6416 = ORIENTED_EDGE('',*,*,#6417,.T.);
#6417 = EDGE_CURVE('',#6274,#6418,#6420,.T.);
#6418 = VERTEX_POINT('',#6419);
#6419 = CARTESIAN_POINT('',(-57.00713760384,144.56656778181,
    -78.5444384423));
#6420 = SURFACE_CURVE('',#6421,(#6426,#6433),.PCURVE_S1.);
#6421 = CIRCLE('',#6422,2.025);
#6422 = AXIS2_PLACEMENT_3D('',#6423,#6424,#6425);
#6423 = CARTESIAN_POINT('',(-59.,144.53523297732,-78.90240855286));
#6424 = DIRECTION('',(0.,0.996191759571,-8.718932367606E-02));
#6425 = DIRECTION('',(1.,0.,0.));
#6426 = PCURVE('',#4882,#6427);
#6427 = DEFINITIONAL_REPRESENTATION('',(#6428),#6432);
#6428 = LINE('',#6429,#6430);
#6429 = CARTESIAN_POINT('',(-4.138911435803E-13,9.999999996585E-03));
#6430 = VECTOR('',#6431,1.);
#6431 = DIRECTION('',(1.,-0.));
#6432 = ( GEOMETRIC_REPRESENTATION_CONTEXT(2) 
PARAMETRIC_REPRESENTATION_CONTEXT() REPRESENTATION_CONTEXT('2D SPACE',''
  ) );
#6433 = PCURVE('',#6291,#6434);
#6434 = DEFINITIONAL_REPRESENTATION('',(#6435),#6439);
#6435 = CIRCLE('',#6436,2.025);
#6436 = AXIS2_PLACEMENT_2D('',#6437,#6438);
#6437 = CARTESIAN_POINT('',(1.34930158299,-4.216823106263E-02));
#6438 = DIRECTION('',(-1.,0.));
#6439 = ( GEOMETRIC_REPRESENTATION_CONTEXT(2) 
PARAMETRIC_REPRESENTATION_CONTEXT() REPRESENTATION_CONTEXT('2D SPACE',''
  ) );
#6440 = ORIENTED_EDGE('',*,*,#6441,.T.);
#6441 = EDGE_CURVE('',#6418,#6442,#6444,.T.);
#6442 = VERTEX_POINT('',#6443);
#6443 = CARTESIAN_POINT('',(-57.00302319635,144.56450855732,
    -78.56796635137));
#6444 = SURFACE_CURVE('',#6445,(#6450,#6457),.PCURVE_S1.);
#6445 = CIRCLE('',#6446,2.025);
#6446 = AXIS2_PLACEMENT_3D('',#6447,#6448,#6449);
#6447 = CARTESIAN_POINT('',(-59.,144.53523726313,-78.90240892796));
#6448 = DIRECTION('',(0.,0.996191759571,-8.718932367606E-02));
#6449 = DIRECTION('',(1.,0.,0.));
#6450 = PCURVE('',#4882,#6451);
#6451 = DEFINITIONAL_REPRESENTATION('',(#6452),#6456);
#6452 = LINE('',#6453,#6454);
#6453 = CARTESIAN_POINT('',(-4.138911435803E-13,1.000430219129E-02));
#6454 = VECTOR('',#6455,1.);
#6455 = DIRECTION('',(1.,-0.));
#6456 = ( GEOMETRIC_REPRESENTATION_CONTEXT(2) 
PARAMETRIC_REPRESENTATION_CONTEXT() REPRESENTATION_CONTEXT('2D SPACE',''
  ) );
#6457 = PCURVE('',#6458,#6463);
#6458 = PLANE('',#6459);
#6459 = AXIS2_PLACEMENT_3D('',#6460,#6461,#6462);
#6460 = CARTESIAN_POINT('',(-25.79821629197,144.45690184642,
    -79.79743934365));
#6461 = DIRECTION('',(0.,-0.996191759571,8.718932367605E-02));
#6462 = DIRECTION('',(1.,0.,0.));
#6463 = DEFINITIONAL_REPRESENTATION('',(#6464),#6472);
#6464 = ( BOUNDED_CURVE() B_SPLINE_CURVE(2,(#6465,#6466,#6467,#6468,
#6469,#6470,#6471),.UNSPECIFIED.,.T.,.F.) B_SPLINE_CURVE_WITH_KNOTS((1,2
    ,2,2,2,1),(-2.094395102393,0.,2.094395102393,4.188790204786,
6.28318530718,8.377580409573),.UNSPECIFIED.) CURVE() 
GEOMETRIC_REPRESENTATION_ITEM() RATIONAL_B_SPLINE_CURVE((1.,0.5,1.,0.5,
1.,0.5,1.)) REPRESENTATION_ITEM('') );
#6465 = CARTESIAN_POINT('',(-31.17678370803,0.898451936679));
#6466 = CARTESIAN_POINT('',(-31.17678370803,-2.608950948648));
#6467 = CARTESIAN_POINT('',(-34.21428370803,-0.855249505985));
#6468 = CARTESIAN_POINT('',(-37.25178370803,0.898451936679));
#6469 = CARTESIAN_POINT('',(-34.21428370803,2.652153379342));
#6470 = CARTESIAN_POINT('',(-31.17678370803,4.405854822005));
#6471 = CARTESIAN_POINT('',(-31.17678370803,0.898451936679));
#6472 = ( GEOMETRIC_REPRESENTATION_CONTEXT(2) 
PARAMETRIC_REPRESENTATION_CONTEXT() REPRESENTATION_CONTEXT('2D SPACE',''
  ) );
#6473 = ORIENTED_EDGE('',*,*,#6474,.T.);
#6474 = EDGE_CURVE('',#6442,#6355,#6475,.T.);
#6475 = SURFACE_CURVE('',#6476,(#6481,#6488),.PCURVE_S1.);
#6476 = CIRCLE('',#6477,2.025);
#6477 = AXIS2_PLACEMENT_3D('',#6478,#6479,#6480);
#6478 = CARTESIAN_POINT('',(-59.,144.53523726313,-78.90240892796));
#6479 = DIRECTION('',(0.,0.996191759571,-8.718932367606E-02));
#6480 = DIRECTION('',(1.,0.,0.));
#6481 = PCURVE('',#4882,#6482);
#6482 = DEFINITIONAL_REPRESENTATION('',(#6483),#6487);
#6483 = LINE('',#6484,#6485);
#6484 = CARTESIAN_POINT('',(-4.138911435803E-13,1.000430219129E-02));
#6485 = VECTOR('',#6486,1.);
#6486 = DIRECTION('',(1.,-0.));
#6487 = ( GEOMETRIC_REPRESENTATION_CONTEXT(2) 
PARAMETRIC_REPRESENTATION_CONTEXT() REPRESENTATION_CONTEXT('2D SPACE',''
  ) );
#6488 = PCURVE('',#6373,#6489);
#6489 = DEFINITIONAL_REPRESENTATION('',(#6490),#6498);
#6490 = ( BOUNDED_CURVE() B_SPLINE_CURVE(2,(#6491,#6492,#6493,#6494,
#6495,#6496,#6497),.UNSPECIFIED.,.T.,.F.) B_SPLINE_CURVE_WITH_KNOTS((1,2
    ,2,2,2,1),(-2.094395102393,0.,2.094395102393,4.188790204786,
6.28318530718,8.377580409573),.UNSPECIFIED.) CURVE() 
GEOMETRIC_REPRESENTATION_ITEM() RATIONAL_B_SPLINE_CURVE((1.,0.5,1.,0.5,
1.,0.5,1.)) REPRESENTATION_ITEM('') );
#6491 = CARTESIAN_POINT('',(-31.17678370803,0.898451936679));
#6492 = CARTESIAN_POINT('',(-31.17678370803,-2.608950948648));
#6493 = CARTESIAN_POINT('',(-34.21428370803,-0.855249505985));
#6494 = CARTESIAN_POINT('',(-37.25178370803,0.898451936679));
#6495 = CARTESIAN_POINT('',(-34.21428370803,2.652153379342));
#6496 = CARTESIAN_POINT('',(-31.17678370803,4.405854822005));
#6497 = CARTESIAN_POINT('',(-31.17678370803,0.898451936679));
#6498 = ( GEOMETRIC_REPRESENTATION_CONTEXT(2) 
PARAMETRIC_REPRESENTATION_CONTEXT() REPRESENTATION_CONTEXT('2D SPACE',''
  ) );
#6499 = ORIENTED_EDGE('',*,*,#6500,.T.);
#6500 = EDGE_CURVE('',#6355,#6501,#6503,.T.);
#6501 = VERTEX_POINT('',#6502);
#6502 = CARTESIAN_POINT('',(-56.975,145.38199597296,-78.97651947798));
#6503 = SEAM_CURVE('',#6504,(#6508,#6515),.PCURVE_S1.);
#6504 = LINE('',#6505,#6506);
#6505 = CARTESIAN_POINT('',(-56.975,144.52527105973,-78.90153665962));
#6506 = VECTOR('',#6507,1.);
#6507 = DIRECTION('',(0.,0.996191759571,-8.718932367606E-02));
#6508 = PCURVE('',#4882,#6509);
#6509 = DEFINITIONAL_REPRESENTATION('',(#6510),#6514);
#6510 = LINE('',#6511,#6512);
#6511 = CARTESIAN_POINT('',(6.28318530718,0.));
#6512 = VECTOR('',#6513,1.);
#6513 = DIRECTION('',(-0.,1.));
#6514 = ( GEOMETRIC_REPRESENTATION_CONTEXT(2) 
PARAMETRIC_REPRESENTATION_CONTEXT() REPRESENTATION_CONTEXT('2D SPACE',''
  ) );
#6515 = PCURVE('',#4882,#6516);
#6516 = DEFINITIONAL_REPRESENTATION('',(#6517),#6521);
#6517 = LINE('',#6518,#6519);
#6518 = CARTESIAN_POINT('',(-4.138911435803E-13,0.));
#6519 = VECTOR('',#6520,1.);
#6520 = DIRECTION('',(-0.,1.));
#6521 = ( GEOMETRIC_REPRESENTATION_CONTEXT(2) 
PARAMETRIC_REPRESENTATION_CONTEXT() REPRESENTATION_CONTEXT('2D SPACE',''
  ) );
#6522 = ORIENTED_EDGE('',*,*,#6523,.T.);
#6523 = EDGE_CURVE('',#6501,#6501,#6524,.T.);
#6524 = SURFACE_CURVE('',#6525,(#6530,#6537),.PCURVE_S1.);
#6525 = CIRCLE('',#6526,2.025);
#6526 = AXIS2_PLACEMENT_3D('',#6527,#6528,#6529);
#6527 = CARTESIAN_POINT('',(-59.,145.38199597296,-78.97651947798));
#6528 = DIRECTION('',(0.,-0.996191759571,8.718932367606E-02));
#6529 = DIRECTION('',(1.,0.,0.));
#6530 = PCURVE('',#4882,#6531);
#6531 = DEFINITIONAL_REPRESENTATION('',(#6532),#6536);
#6532 = LINE('',#6533,#6534);
#6533 = CARTESIAN_POINT('',(6.28318530718,0.859999999999));
#6534 = VECTOR('',#6535,1.);
#6535 = DIRECTION('',(-1.,0.));
#6536 = ( GEOMETRIC_REPRESENTATION_CONTEXT(2) 
PARAMETRIC_REPRESENTATION_CONTEXT() REPRESENTATION_CONTEXT('2D SPACE',''
  ) );
#6537 = PCURVE('',#6538,#6543);
#6538 = PLANE('',#6539);
#6539 = AXIS2_PLACEMENT_3D('',#6540,#6541,#6542);
#6540 = CARTESIAN_POINT('',(-59.,145.38199597296,-78.97651947798));
#6541 = DIRECTION('',(0.,0.996191759571,-8.718932367606E-02));
#6542 = DIRECTION('',(-1.,0.,-0.));
#6543 = DEFINITIONAL_REPRESENTATION('',(#6544),#6552);
#6544 = ( BOUNDED_CURVE() B_SPLINE_CURVE(2,(#6545,#6546,#6547,#6548,
#6549,#6550,#6551),.UNSPECIFIED.,.T.,.F.) B_SPLINE_CURVE_WITH_KNOTS((1,2
    ,2,2,2,1),(-2.094395102393,0.,2.094395102393,4.188790204786,
6.28318530718,8.377580409573),.UNSPECIFIED.) CURVE() 
GEOMETRIC_REPRESENTATION_ITEM() RATIONAL_B_SPLINE_CURVE((1.,0.5,1.,0.5,
1.,0.5,1.)) REPRESENTATION_ITEM('') );
#6545 = CARTESIAN_POINT('',(-2.025,0.));
#6546 = CARTESIAN_POINT('',(-2.025,3.507402885327));
#6547 = CARTESIAN_POINT('',(1.0125,1.753701442663));
#6548 = CARTESIAN_POINT('',(4.05,4.959819536547E-16));
#6549 = CARTESIAN_POINT('',(1.0125,-1.753701442663));
#6550 = CARTESIAN_POINT('',(-2.025,-3.507402885327));
#6551 = CARTESIAN_POINT('',(-2.025,0.));
#6552 = ( GEOMETRIC_REPRESENTATION_CONTEXT(2) 
PARAMETRIC_REPRESENTATION_CONTEXT() REPRESENTATION_CONTEXT('2D SPACE',''
  ) );
#6553 = ORIENTED_EDGE('',*,*,#6500,.F.);
#6554 = ADVANCED_FACE('',(#6555),#4908,.T.);
#6555 = FACE_BOUND('',#6556,.T.);
#6556 = EDGE_LOOP('',(#6557,#6558,#6581,#6602));
#6557 = ORIENTED_EDGE('',*,*,#4894,.F.);
#6558 = ORIENTED_EDGE('',*,*,#6559,.T.);
#6559 = EDGE_CURVE('',#4813,#6560,#6562,.T.);
#6560 = VERTEX_POINT('',#6561);
#6561 = CARTESIAN_POINT('',(-48.68467455119,142.9526947054,
    -96.9839330036));
#6562 = SURFACE_CURVE('',#6563,(#6567,#6574),.PCURVE_S1.);
#6563 = LINE('',#6564,#6565);
#6564 = CARTESIAN_POINT('',(-56.59259,141.85679780577,-109.5052305055));
#6565 = VECTOR('',#6566,1.);
#6566 = DIRECTION('',(0.532523775277,7.379835534144E-02,0.843191693219)
  );
#6567 = PCURVE('',#4908,#6568);
#6568 = DEFINITIONAL_REPRESENTATION('',(#6569),#6573);
#6569 = LINE('',#6570,#6571);
#6570 = CARTESIAN_POINT('',(-30.79437370803,-29.82135806327));
#6571 = VECTOR('',#6572,1.);
#6572 = DIRECTION('',(0.532523775277,0.846415045214));
#6573 = ( GEOMETRIC_REPRESENTATION_CONTEXT(2) 
PARAMETRIC_REPRESENTATION_CONTEXT() REPRESENTATION_CONTEXT('2D SPACE',''
  ) );
#6574 = PCURVE('',#6230,#6575);
#6575 = DEFINITIONAL_REPRESENTATION('',(#6576),#6580);
#6576 = LINE('',#6577,#6578);
#6577 = CARTESIAN_POINT('',(-30.79437370803,-29.82135806327));
#6578 = VECTOR('',#6579,1.);
#6579 = DIRECTION('',(0.532523775277,0.846415045214));
#6580 = ( GEOMETRIC_REPRESENTATION_CONTEXT(2) 
PARAMETRIC_REPRESENTATION_CONTEXT() REPRESENTATION_CONTEXT('2D SPACE',''
  ) );
#6581 = ORIENTED_EDGE('',*,*,#6582,.T.);
#6582 = EDGE_CURVE('',#6560,#6357,#6583,.T.);
#6583 = SURFACE_CURVE('',#6584,(#6588,#6595),.PCURVE_S1.);
#6584 = LINE('',#6585,#6586);
#6585 = CARTESIAN_POINT('',(-48.23718,142.87352645945,-97.88847900651));
#6586 = VECTOR('',#6587,1.);
#6587 = DIRECTION('',(-0.442063466418,7.820740864419E-02,0.893567844594)
  );
#6588 = PCURVE('',#4908,#6589);
#6589 = DEFINITIONAL_REPRESENTATION('',(#6590),#6594);
#6590 = LINE('',#6591,#6592);
#6591 = CARTESIAN_POINT('',(-22.43896370803,-18.16019806332));
#6592 = VECTOR('',#6593,1.);
#6593 = DIRECTION('',(-0.442063466418,0.896983774468));
#6594 = ( GEOMETRIC_REPRESENTATION_CONTEXT(2) 
PARAMETRIC_REPRESENTATION_CONTEXT() REPRESENTATION_CONTEXT('2D SPACE',''
  ) );
#6595 = PCURVE('',#6373,#6596);
#6596 = DEFINITIONAL_REPRESENTATION('',(#6597),#6601);
#6597 = LINE('',#6598,#6599);
#6598 = CARTESIAN_POINT('',(-22.43896370803,-18.16019806332));
#6599 = VECTOR('',#6600,1.);
#6600 = DIRECTION('',(-0.442063466418,0.896983774468));
#6601 = ( GEOMETRIC_REPRESENTATION_CONTEXT(2) 
PARAMETRIC_REPRESENTATION_CONTEXT() REPRESENTATION_CONTEXT('2D SPACE',''
  ) );
#6602 = ORIENTED_EDGE('',*,*,#6389,.T.);
#6603 = ADVANCED_FACE('',(#6604),#5022,.T.);
#6604 = FACE_BOUND('',#6605,.T.);
#6605 = EDGE_LOOP('',(#6606,#6607,#6608,#6633));
#6606 = ORIENTED_EDGE('',*,*,#5008,.F.);
#6607 = ORIENTED_EDGE('',*,*,#6326,.F.);
#6608 = ORIENTED_EDGE('',*,*,#6609,.T.);
#6609 = EDGE_CURVE('',#6276,#5399,#6610,.T.);
#6610 = SURFACE_CURVE('',#6611,(#6615,#6621),.PCURVE_S1.);
#6611 = LINE('',#6612,#6613);
#6612 = CARTESIAN_POINT('',(-67.06422,146.20430161437,-59.83232003642));
#6613 = VECTOR('',#6614,1.);
#6614 = DIRECTION('',(0.,0.996191759571,-8.718932367605E-02));
#6615 = PCURVE('',#5022,#6616);
#6616 = DEFINITIONAL_REPRESENTATION('',(#6617),#6620);
#6617 = B_SPLINE_CURVE_WITH_KNOTS('',1,(#6618,#6619),.UNSPECIFIED.,.F.,
  .F.,(2,2),(0.,2.),.PIECEWISE_BEZIER_KNOTS.);
#6618 = CARTESIAN_POINT('',(4.254491127481,4.302194014372E-06));
#6619 = CARTESIAN_POINT('',(4.254491127481,2.000004302194));
#6620 = ( GEOMETRIC_REPRESENTATION_CONTEXT(2) 
PARAMETRIC_REPRESENTATION_CONTEXT() REPRESENTATION_CONTEXT('2D SPACE',''
  ) );
#6621 = PCURVE('',#6622,#6627);
#6622 = PLANE('',#6623);
#6623 = AXIS2_PLACEMENT_3D('',#6624,#6625,#6626);
#6624 = CARTESIAN_POINT('',(-34.48128239536,149.09190842496,
    -43.96571025812));
#6625 = DIRECTION('',(-0.44206342204,7.820741055119E-02,0.893567866381)
  );
#6626 = DIRECTION('',(-0.896983796339,-3.854321078964E-02,
    -0.440379938244));
#6627 = DEFINITIONAL_REPRESENTATION('',(#6628),#6632);
#6628 = LINE('',#6629,#6630);
#6629 = CARTESIAN_POINT('',(36.325001340765,1.493211133987));
#6630 = VECTOR('',#6631,1.);
#6631 = DIRECTION('',(-4.798939023942E-14,-1.));
#6632 = ( GEOMETRIC_REPRESENTATION_CONTEXT(2) 
PARAMETRIC_REPRESENTATION_CONTEXT() REPRESENTATION_CONTEXT('2D SPACE',''
  ) );
#6633 = ORIENTED_EDGE('',*,*,#5398,.T.);
#6634 = ADVANCED_FACE('',(#6635),#5052,.T.);
#6635 = FACE_BOUND('',#6636,.T.);
#6636 = EDGE_LOOP('',(#6637,#6665,#6694,#6715,#6716));
#6637 = ORIENTED_EDGE('',*,*,#6638,.F.);
#6638 = EDGE_CURVE('',#6639,#5117,#6641,.T.);
#6639 = VERTEX_POINT('',#6640);
#6640 = CARTESIAN_POINT('',(-36.400032656,144.41984479118,
    -80.22081436715));
#6641 = SURFACE_CURVE('',#6642,(#6646,#6653),.PCURVE_S1.);
#6642 = LINE('',#6643,#6644);
#6643 = CARTESIAN_POINT('',(-48.23718,142.87352645945,-97.88847900651));
#6644 = VECTOR('',#6645,1.);
#6645 = DIRECTION('',(0.555144209203,7.252007870803E-02,0.828586594855)
  );
#6646 = PCURVE('',#5052,#6647);
#6647 = DEFINITIONAL_REPRESENTATION('',(#6648),#6652);
#6648 = LINE('',#6649,#6650);
#6649 = CARTESIAN_POINT('',(-22.43896370803,-18.16019806332));
#6650 = VECTOR('',#6651,1.);
#6651 = DIRECTION('',(0.555144209203,0.831754114501));
#6652 = ( GEOMETRIC_REPRESENTATION_CONTEXT(2) 
PARAMETRIC_REPRESENTATION_CONTEXT() REPRESENTATION_CONTEXT('2D SPACE',''
  ) );
#6653 = PCURVE('',#6654,#6659);
#6654 = PLANE('',#6655);
#6655 = AXIS2_PLACEMENT_3D('',#6656,#6657,#6658);
#6656 = CARTESIAN_POINT('',(-25.79821629197,144.45690184642,
    -79.79743934365));
#6657 = DIRECTION('',(0.,-0.996191759571,8.718932367605E-02));
#6658 = DIRECTION('',(1.,0.,0.));
#6659 = DEFINITIONAL_REPRESENTATION('',(#6660),#6664);
#6660 = LINE('',#6661,#6662);
#6661 = CARTESIAN_POINT('',(-22.43896370803,-18.16019806332));
#6662 = VECTOR('',#6663,1.);
#6663 = DIRECTION('',(0.555144209203,0.831754114501));
#6664 = ( GEOMETRIC_REPRESENTATION_CONTEXT(2) 
PARAMETRIC_REPRESENTATION_CONTEXT() REPRESENTATION_CONTEXT('2D SPACE',''
  ) );
#6665 = ORIENTED_EDGE('',*,*,#6666,.F.);
#6666 = EDGE_CURVE('',#6667,#6639,#6669,.T.);
#6667 = VERTEX_POINT('',#6668);
#6668 = CARTESIAN_POINT('',(-47.30428194263,142.91614213005,
    -97.40154403351));
#6669 = SURFACE_CURVE('',#6670,(#6675,#6682),.PCURVE_S1.);
#6670 = CIRCLE('',#6671,21.294499207368);
#6671 = AXIS2_PLACEMENT_3D('',#6672,#6673,#6674);
#6672 = CARTESIAN_POINT('',(-57.65069841701,144.53890959687,
    -78.86040090856));
#6673 = DIRECTION('',(0.,-0.996191759571,8.718932367605E-02));
#6674 = DIRECTION('',(1.,0.,0.));
#6675 = PCURVE('',#5052,#6676);
#6676 = DEFINITIONAL_REPRESENTATION('',(#6677),#6681);
#6677 = CIRCLE('',#6678,21.294499207368);
#6678 = AXIS2_PLACEMENT_2D('',#6679,#6680);
#6679 = CARTESIAN_POINT('',(-31.85248212504,0.940620167736));
#6680 = DIRECTION('',(1.,0.));
#6681 = ( GEOMETRIC_REPRESENTATION_CONTEXT(2) 
PARAMETRIC_REPRESENTATION_CONTEXT() REPRESENTATION_CONTEXT('2D SPACE',''
  ) );
#6682 = PCURVE('',#6683,#6688);
#6683 = PLANE('',#6684);
#6684 = AXIS2_PLACEMENT_3D('',#6685,#6686,#6687);
#6685 = CARTESIAN_POINT('',(-25.79821629197,144.45690184642,
    -79.79743934365));
#6686 = DIRECTION('',(0.,-0.996191759571,8.718932367605E-02));
#6687 = DIRECTION('',(1.,0.,0.));
#6688 = DEFINITIONAL_REPRESENTATION('',(#6689),#6693);
#6689 = CIRCLE('',#6690,21.294499207368);
#6690 = AXIS2_PLACEMENT_2D('',#6691,#6692);
#6691 = CARTESIAN_POINT('',(-31.85248212504,0.940620167736));
#6692 = DIRECTION('',(1.,0.));
#6693 = ( GEOMETRIC_REPRESENTATION_CONTEXT(2) 
PARAMETRIC_REPRESENTATION_CONTEXT() REPRESENTATION_CONTEXT('2D SPACE',''
  ) );
#6694 = ORIENTED_EDGE('',*,*,#6695,.F.);
#6695 = EDGE_CURVE('',#5037,#6667,#6696,.T.);
#6696 = SURFACE_CURVE('',#6697,(#6701,#6708),.PCURVE_S1.);
#6697 = LINE('',#6698,#6699);
#6698 = CARTESIAN_POINT('',(-57.96395,140.10163138173,-129.5590886454));
#6699 = VECTOR('',#6700,1.);
#6700 = DIRECTION('',(0.313566080943,8.279205058891E-02,0.945950204419)
  );
#6701 = PCURVE('',#5052,#6702);
#6702 = DEFINITIONAL_REPRESENTATION('',(#6703),#6707);
#6703 = LINE('',#6704,#6705);
#6704 = CARTESIAN_POINT('',(-32.16573370803,-49.9518780633));
#6705 = VECTOR('',#6706,1.);
#6706 = DIRECTION('',(0.313566080943,0.949566381504));
#6707 = ( GEOMETRIC_REPRESENTATION_CONTEXT(2) 
PARAMETRIC_REPRESENTATION_CONTEXT() REPRESENTATION_CONTEXT('2D SPACE',''
  ) );
#6708 = PCURVE('',#6203,#6709);
#6709 = DEFINITIONAL_REPRESENTATION('',(#6710),#6714);
#6710 = LINE('',#6711,#6712);
#6711 = CARTESIAN_POINT('',(-32.16573370803,-49.9518780633));
#6712 = VECTOR('',#6713,1.);
#6713 = DIRECTION('',(0.313566080943,0.949566381504));
#6714 = ( GEOMETRIC_REPRESENTATION_CONTEXT(2) 
PARAMETRIC_REPRESENTATION_CONTEXT() REPRESENTATION_CONTEXT('2D SPACE',''
  ) );
#6715 = ORIENTED_EDGE('',*,*,#5036,.F.);
#6716 = ORIENTED_EDGE('',*,*,#5116,.F.);
#6717 = ADVANCED_FACE('',(#6718),#5155,.T.);
#6718 = FACE_BOUND('',#6719,.F.);
#6719 = EDGE_LOOP('',(#6720,#6748,#6749,#6772));
#6720 = ORIENTED_EDGE('',*,*,#6721,.T.);
#6721 = EDGE_CURVE('',#6722,#5140,#6724,.T.);
#6722 = VERTEX_POINT('',#6723);
#6723 = CARTESIAN_POINT('',(-28.06511030557,145.81020079213,
    -64.33516482298));
#6724 = SURFACE_CURVE('',#6725,(#6729,#6736),.PCURVE_S1.);
#6725 = LINE('',#6726,#6727);
#6726 = CARTESIAN_POINT('',(-57.6507,144.53891403691,-78.86039952146));
#6727 = VECTOR('',#6728,1.);
#6728 = DIRECTION('',(0.896983796339,3.854321078962E-02,0.440379938244)
  );
#6729 = PCURVE('',#5155,#6730);
#6730 = DEFINITIONAL_REPRESENTATION('',(#6731),#6735);
#6731 = LINE('',#6732,#6733);
#6732 = CARTESIAN_POINT('',(-31.85248370803,0.940621936677));
#6733 = VECTOR('',#6734,1.);
#6734 = DIRECTION('',(0.896983796339,0.44206342204));
#6735 = ( GEOMETRIC_REPRESENTATION_CONTEXT(2) 
PARAMETRIC_REPRESENTATION_CONTEXT() REPRESENTATION_CONTEXT('2D SPACE',''
  ) );
#6736 = PCURVE('',#6737,#6742);
#6737 = PLANE('',#6738);
#6738 = AXIS2_PLACEMENT_3D('',#6739,#6740,#6741);
#6739 = CARTESIAN_POINT('',(-26.40706233783,143.89786842536,
    -86.18474072299));
#6740 = DIRECTION('',(0.,-0.996191759571,8.718932367605E-02));
#6741 = DIRECTION('',(1.,0.,0.));
#6742 = DEFINITIONAL_REPRESENTATION('',(#6743),#6747);
#6743 = LINE('',#6744,#6745);
#6744 = CARTESIAN_POINT('',(-31.24363766217,7.352340682566));
#6745 = VECTOR('',#6746,1.);
#6746 = DIRECTION('',(0.896983796339,0.44206342204));
#6747 = ( GEOMETRIC_REPRESENTATION_CONTEXT(2) 
PARAMETRIC_REPRESENTATION_CONTEXT() REPRESENTATION_CONTEXT('2D SPACE',''
  ) );
#6748 = ORIENTED_EDGE('',*,*,#5139,.F.);
#6749 = ORIENTED_EDGE('',*,*,#6750,.F.);
#6750 = EDGE_CURVE('',#6751,#5117,#6753,.T.);
#6751 = VERTEX_POINT('',#6752);
#6752 = CARTESIAN_POINT('',(-35.5137064003,144.77795741274,
    -76.12918162523));
#6753 = SURFACE_CURVE('',#6754,(#6758,#6765),.PCURVE_S1.);
#6754 = LINE('',#6755,#6756);
#6755 = CARTESIAN_POINT('',(-38.25535,145.30536835266,-70.10318658252));
#6756 = VECTOR('',#6757,1.);
#6757 = DIRECTION('',(0.412814864713,-7.941334017031E-02,-0.90734635552)
  );
#6758 = PCURVE('',#5155,#6759);
#6759 = DEFINITIONAL_REPRESENTATION('',(#6760),#6764);
#6760 = LINE('',#6761,#6762);
#6761 = CARTESIAN_POINT('',(-12.45713370803,9.731311936676));
#6762 = VECTOR('',#6763,1.);
#6763 = DIRECTION('',(0.412814864713,-0.910814957866));
#6764 = ( GEOMETRIC_REPRESENTATION_CONTEXT(2) 
PARAMETRIC_REPRESENTATION_CONTEXT() REPRESENTATION_CONTEXT('2D SPACE',''
  ) );
#6765 = PCURVE('',#6654,#6766);
#6766 = DEFINITIONAL_REPRESENTATION('',(#6767),#6771);
#6767 = LINE('',#6768,#6769);
#6768 = CARTESIAN_POINT('',(-12.45713370803,9.731311936676));
#6769 = VECTOR('',#6770,1.);
#6770 = DIRECTION('',(0.412814864713,-0.910814957866));
#6771 = ( GEOMETRIC_REPRESENTATION_CONTEXT(2) 
PARAMETRIC_REPRESENTATION_CONTEXT() REPRESENTATION_CONTEXT('2D SPACE',''
  ) );
#6772 = ORIENTED_EDGE('',*,*,#6773,.T.);
#6773 = EDGE_CURVE('',#6751,#6722,#6774,.T.);
#6774 = SURFACE_CURVE('',#6775,(#6779,#6786),.PCURVE_S1.);
#6775 = LINE('',#6776,#6777);
#6776 = CARTESIAN_POINT('',(-56.59259,141.85679780577,-109.5052305055));
#6777 = VECTOR('',#6778,1.);
#6778 = DIRECTION('',(0.532523775277,7.379835534144E-02,0.843191693219)
  );
#6779 = PCURVE('',#5155,#6780);
#6780 = DEFINITIONAL_REPRESENTATION('',(#6781),#6785);
#6781 = LINE('',#6782,#6783);
#6782 = CARTESIAN_POINT('',(-30.79437370803,-29.82135806327));
#6783 = VECTOR('',#6784,1.);
#6784 = DIRECTION('',(0.532523775277,0.846415045214));
#6785 = ( GEOMETRIC_REPRESENTATION_CONTEXT(2) 
PARAMETRIC_REPRESENTATION_CONTEXT() REPRESENTATION_CONTEXT('2D SPACE',''
  ) );
#6786 = PCURVE('',#6787,#6792);
#6787 = PLANE('',#6788);
#6788 = AXIS2_PLACEMENT_3D('',#6789,#6790,#6791);
#6789 = CARTESIAN_POINT('',(-25.79821629197,144.45690184642,
    -79.79743934365));
#6790 = DIRECTION('',(0.,-0.996191759571,8.718932367605E-02));
#6791 = DIRECTION('',(1.,0.,0.));
#6792 = DEFINITIONAL_REPRESENTATION('',(#6793),#6797);
#6793 = LINE('',#6794,#6795);
#6794 = CARTESIAN_POINT('',(-30.79437370803,-29.82135806327));
#6795 = VECTOR('',#6796,1.);
#6796 = DIRECTION('',(0.532523775277,0.846415045214));
#6797 = ( GEOMETRIC_REPRESENTATION_CONTEXT(2) 
PARAMETRIC_REPRESENTATION_CONTEXT() REPRESENTATION_CONTEXT('2D SPACE',''
  ) );
#6798 = ADVANCED_FACE('',(#6799),#5181,.T.);
#6799 = FACE_BOUND('',#6800,.F.);
#6800 = EDGE_LOOP('',(#6801,#6824,#6825,#6848));
#6801 = ORIENTED_EDGE('',*,*,#6802,.F.);
#6802 = EDGE_CURVE('',#5093,#6803,#6805,.T.);
#6803 = VERTEX_POINT('',#6804);
#6804 = CARTESIAN_POINT('',(-11.68884140317,146.7612221138,
    -53.46913541734));
#6805 = SURFACE_CURVE('',#6806,(#6810,#6817),.PCURVE_S1.);
#6806 = LINE('',#6807,#6808);
#6807 = CARTESIAN_POINT('',(-20.54462,139.87937446106,-132.0985109455));
#6808 = VECTOR('',#6809,1.);
#6809 = DIRECTION('',(0.111498339761,8.664566512267E-02,0.989980125531)
  );
#6810 = PCURVE('',#5181,#6811);
#6811 = DEFINITIONAL_REPRESENTATION('',(#6812),#6816);
#6812 = LINE('',#6813,#6814);
#6813 = CARTESIAN_POINT('',(5.86244233783,-46.08928931743));
#6814 = VECTOR('',#6815,1.);
#6815 = DIRECTION('',(0.111498339761,0.993764620134));
#6816 = ( GEOMETRIC_REPRESENTATION_CONTEXT(2) 
PARAMETRIC_REPRESENTATION_CONTEXT() REPRESENTATION_CONTEXT('2D SPACE',''
  ) );
#6817 = PCURVE('',#5212,#6818);
#6818 = DEFINITIONAL_REPRESENTATION('',(#6819),#6823);
#6819 = LINE('',#6820,#6821);
#6820 = CARTESIAN_POINT('',(-16.78305233783,-51.24414068256));
#6821 = VECTOR('',#6822,1.);
#6822 = DIRECTION('',(0.111498339761,0.993764620134));
#6823 = ( GEOMETRIC_REPRESENTATION_CONTEXT(2) 
PARAMETRIC_REPRESENTATION_CONTEXT() REPRESENTATION_CONTEXT('2D SPACE',''
  ) );
#6824 = ORIENTED_EDGE('',*,*,#5167,.F.);
#6825 = ORIENTED_EDGE('',*,*,#6826,.T.);
#6826 = EDGE_CURVE('',#5140,#6827,#6829,.T.);
#6827 = VERTEX_POINT('',#6828);
#6828 = CARTESIAN_POINT('',(-12.85068880109,147.49616305511,
    -45.07198220367));
#6829 = SURFACE_CURVE('',#6830,(#6834,#6841),.PCURVE_S1.);
#6830 = LINE('',#6831,#6832);
#6831 = CARTESIAN_POINT('',(-48.23718,142.87352645945,-97.88847900651));
#6832 = VECTOR('',#6833,1.);
#6833 = DIRECTION('',(0.555144209203,7.252007870803E-02,0.828586594855)
  );
#6834 = PCURVE('',#5181,#6835);
#6835 = DEFINITIONAL_REPRESENTATION('',(#6836),#6840);
#6836 = LINE('',#6837,#6838);
#6837 = CARTESIAN_POINT('',(-21.83011766217,-11.74847931743));
#6838 = VECTOR('',#6839,1.);
#6839 = DIRECTION('',(0.555144209203,0.831754114501));
#6840 = ( GEOMETRIC_REPRESENTATION_CONTEXT(2) 
PARAMETRIC_REPRESENTATION_CONTEXT() REPRESENTATION_CONTEXT('2D SPACE',''
  ) );
#6841 = PCURVE('',#6737,#6842);
#6842 = DEFINITIONAL_REPRESENTATION('',(#6843),#6847);
#6843 = LINE('',#6844,#6845);
#6844 = CARTESIAN_POINT('',(-21.83011766217,-11.74847931743));
#6845 = VECTOR('',#6846,1.);
#6846 = DIRECTION('',(0.555144209203,0.831754114501));
#6847 = ( GEOMETRIC_REPRESENTATION_CONTEXT(2) 
PARAMETRIC_REPRESENTATION_CONTEXT() REPRESENTATION_CONTEXT('2D SPACE',''
  ) );
#6848 = ORIENTED_EDGE('',*,*,#6849,.T.);
#6849 = EDGE_CURVE('',#6827,#6803,#6850,.T.);
#6850 = SURFACE_CURVE('',#6851,(#6856,#6863),.PCURVE_S1.);
#6851 = CIRCLE('',#6852,21.294499207368);
#6852 = AXIS2_PLACEMENT_3D('',#6853,#6854,#6855);
#6853 = CARTESIAN_POINT('',(8.399977204031,147.37709429481,
    -46.43239150301));
#6854 = DIRECTION('',(0.,-0.996191759571,8.718932367605E-02));
#6855 = DIRECTION('',(1.,0.,0.));
#6856 = PCURVE('',#5181,#6857);
#6857 = DEFINITIONAL_REPRESENTATION('',(#6858),#6862);
#6858 = CIRCLE('',#6859,21.294499207368);
#6859 = AXIS2_PLACEMENT_2D('',#6860,#6861);
#6860 = CARTESIAN_POINT('',(34.807039541861,39.904314067001));
#6861 = DIRECTION('',(1.,0.));
#6862 = ( GEOMETRIC_REPRESENTATION_CONTEXT(2) 
PARAMETRIC_REPRESENTATION_CONTEXT() REPRESENTATION_CONTEXT('2D SPACE',''
  ) );
#6863 = PCURVE('',#6864,#6869);
#6864 = PLANE('',#6865);
#6865 = AXIS2_PLACEMENT_3D('',#6866,#6867,#6868);
#6866 = CARTESIAN_POINT('',(8.399977204031,147.37709429481,
    -46.43239150301));
#6867 = DIRECTION('',(0.,0.996191759571,-8.718932367605E-02));
#6868 = DIRECTION('',(-1.,0.,0.));
#6869 = DEFINITIONAL_REPRESENTATION('',(#6870),#6878);
#6870 = ( BOUNDED_CURVE() B_SPLINE_CURVE(2,(#6871,#6872,#6873,#6874,
#6875,#6876,#6877),.UNSPECIFIED.,.T.,.F.) B_SPLINE_CURVE_WITH_KNOTS((1,2
    ,2,2,2,1),(-2.094395102393,0.,2.094395102393,4.188790204786,
6.28318530718,8.377580409573),.UNSPECIFIED.) CURVE() 
GEOMETRIC_REPRESENTATION_ITEM() RATIONAL_B_SPLINE_CURVE((1.,0.5,1.,0.5,
1.,0.5,1.)) REPRESENTATION_ITEM('') );
#6871 = CARTESIAN_POINT('',(-21.29449920736,0.));
#6872 = CARTESIAN_POINT('',(-21.29449920736,36.883154548897));
#6873 = CARTESIAN_POINT('',(10.647249603684,18.441577274448));
#6874 = CARTESIAN_POINT('',(42.588998414736,5.21564805875E-15));
#6875 = CARTESIAN_POINT('',(10.647249603684,-18.44157727444));
#6876 = CARTESIAN_POINT('',(-21.29449920736,-36.88315454889));
#6877 = CARTESIAN_POINT('',(-21.29449920736,0.));
#6878 = ( GEOMETRIC_REPRESENTATION_CONTEXT(2) 
PARAMETRIC_REPRESENTATION_CONTEXT() REPRESENTATION_CONTEXT('2D SPACE',''
  ) );
#6879 = ADVANCED_FACE('',(#6880),#5212,.T.);
#6880 = FACE_BOUND('',#6881,.F.);
#6881 = EDGE_LOOP('',(#6882,#6913,#6914));
#6882 = ORIENTED_EDGE('',*,*,#6883,.T.);
#6883 = EDGE_CURVE('',#6803,#5197,#6884,.T.);
#6884 = SURFACE_CURVE('',#6885,(#6890,#6897),.PCURVE_S1.);
#6885 = CIRCLE('',#6886,21.294499207368);
#6886 = AXIS2_PLACEMENT_3D('',#6887,#6888,#6889);
#6887 = CARTESIAN_POINT('',(8.399977204031,147.37709429481,
    -46.43239150301));
#6888 = DIRECTION('',(0.,-0.996191759571,8.718932367605E-02));
#6889 = DIRECTION('',(1.,0.,0.));
#6890 = PCURVE('',#5212,#6891);
#6891 = DEFINITIONAL_REPRESENTATION('',(#6892),#6896);
#6892 = CIRCLE('',#6893,21.294499207368);
#6893 = AXIS2_PLACEMENT_2D('',#6894,#6895);
#6894 = CARTESIAN_POINT('',(12.161544866197,34.749462701876));
#6895 = DIRECTION('',(1.,0.));
#6896 = ( GEOMETRIC_REPRESENTATION_CONTEXT(2) 
PARAMETRIC_REPRESENTATION_CONTEXT() REPRESENTATION_CONTEXT('2D SPACE',''
  ) );
#6897 = PCURVE('',#6898,#6903);
#6898 = PLANE('',#6899);
#6899 = AXIS2_PLACEMENT_3D('',#6900,#6901,#6902);
#6900 = CARTESIAN_POINT('',(8.399977204031,147.37709429481,
    -46.43239150301));
#6901 = DIRECTION('',(0.,0.996191759571,-8.718932367605E-02));
#6902 = DIRECTION('',(-1.,0.,0.));
#6903 = DEFINITIONAL_REPRESENTATION('',(#6904),#6912);
#6904 = ( BOUNDED_CURVE() B_SPLINE_CURVE(2,(#6905,#6906,#6907,#6908,
#6909,#6910,#6911),.UNSPECIFIED.,.T.,.F.) B_SPLINE_CURVE_WITH_KNOTS((1,2
    ,2,2,2,1),(-2.094395102393,0.,2.094395102393,4.188790204786,
6.28318530718,8.377580409573),.UNSPECIFIED.) CURVE() 
GEOMETRIC_REPRESENTATION_ITEM() RATIONAL_B_SPLINE_CURVE((1.,0.5,1.,0.5,
1.,0.5,1.)) REPRESENTATION_ITEM('') );
#6905 = CARTESIAN_POINT('',(-21.29449920736,0.));
#6906 = CARTESIAN_POINT('',(-21.29449920736,36.883154548897));
#6907 = CARTESIAN_POINT('',(10.647249603684,18.441577274448));
#6908 = CARTESIAN_POINT('',(42.588998414736,5.21564805875E-15));
#6909 = CARTESIAN_POINT('',(10.647249603684,-18.44157727444));
#6910 = CARTESIAN_POINT('',(-21.29449920736,-36.88315454889));
#6911 = CARTESIAN_POINT('',(-21.29449920736,0.));
#6912 = ( GEOMETRIC_REPRESENTATION_CONTEXT(2) 
PARAMETRIC_REPRESENTATION_CONTEXT() REPRESENTATION_CONTEXT('2D SPACE',''
  ) );
#6913 = ORIENTED_EDGE('',*,*,#5196,.F.);
#6914 = ORIENTED_EDGE('',*,*,#6802,.T.);
#6915 = ADVANCED_FACE('',(#6916),#5239,.T.);
#6916 = FACE_BOUND('',#6917,.F.);
#6917 = EDGE_LOOP('',(#6918,#6919,#6940));
#6918 = ORIENTED_EDGE('',*,*,#5224,.F.);
#6919 = ORIENTED_EDGE('',*,*,#6920,.T.);
#6920 = EDGE_CURVE('',#5197,#3832,#6921,.T.);
#6921 = SURFACE_CURVE('',#6922,(#6926,#6933),.PCURVE_S1.);
#6922 = LINE('',#6923,#6924);
#6923 = CARTESIAN_POINT('',(-57.6507,144.53891403691,-78.86039952146));
#6924 = VECTOR('',#6925,1.);
#6925 = DIRECTION('',(0.896983796339,3.854321078962E-02,0.440379938244)
  );
#6926 = PCURVE('',#5239,#6927);
#6927 = DEFINITIONAL_REPRESENTATION('',(#6928),#6932);
#6928 = LINE('',#6929,#6930);
#6929 = CARTESIAN_POINT('',(-31.85248370803,0.940621936677));
#6930 = VECTOR('',#6931,1.);
#6931 = DIRECTION('',(0.896983796339,0.44206342204));
#6932 = ( GEOMETRIC_REPRESENTATION_CONTEXT(2) 
PARAMETRIC_REPRESENTATION_CONTEXT() REPRESENTATION_CONTEXT('2D SPACE',''
  ) );
#6933 = PCURVE('',#6898,#6934);
#6934 = DEFINITIONAL_REPRESENTATION('',(#6935),#6939);
#6935 = LINE('',#6936,#6937);
#6936 = CARTESIAN_POINT('',(66.050677204031,-32.55197338443));
#6937 = VECTOR('',#6938,1.);
#6938 = DIRECTION('',(-0.896983796339,0.44206342204));
#6939 = ( GEOMETRIC_REPRESENTATION_CONTEXT(2) 
PARAMETRIC_REPRESENTATION_CONTEXT() REPRESENTATION_CONTEXT('2D SPACE',''
  ) );
#6940 = ORIENTED_EDGE('',*,*,#5258,.T.);
#6941 = ADVANCED_FACE('',(#6942),#5299,.F.);
#6942 = FACE_BOUND('',#6943,.F.);
#6943 = EDGE_LOOP('',(#6944,#6972,#6973));
#6944 = ORIENTED_EDGE('',*,*,#6945,.T.);
#6945 = EDGE_CURVE('',#6946,#5284,#6948,.T.);
#6946 = VERTEX_POINT('',#6947);
#6947 = CARTESIAN_POINT('',(-7.208034718113,148.23328126882,
    -36.64997698244));
#6948 = SURFACE_CURVE('',#6949,(#6953,#6960),.PCURVE_S1.);
#6949 = LINE('',#6950,#6951);
#6950 = CARTESIAN_POINT('',(-48.23718,142.87352645945,-97.88847900651));
#6951 = VECTOR('',#6952,1.);
#6952 = DIRECTION('',(0.555144209203,7.252007870803E-02,0.828586594855)
  );
#6953 = PCURVE('',#5299,#6954);
#6954 = DEFINITIONAL_REPRESENTATION('',(#6955),#6959);
#6955 = LINE('',#6956,#6957);
#6956 = CARTESIAN_POINT('',(56.637157204031,-51.65279338443));
#6957 = VECTOR('',#6958,1.);
#6958 = DIRECTION('',(-0.555144209203,0.831754114501));
#6959 = ( GEOMETRIC_REPRESENTATION_CONTEXT(2) 
PARAMETRIC_REPRESENTATION_CONTEXT() REPRESENTATION_CONTEXT('2D SPACE',''
  ) );
#6960 = PCURVE('',#6961,#6966);
#6961 = PLANE('',#6962);
#6962 = AXIS2_PLACEMENT_3D('',#6963,#6964,#6965);
#6963 = CARTESIAN_POINT('',(8.399977204031,147.37709429481,
    -46.43239150301));
#6964 = DIRECTION('',(0.,0.996191759571,-8.718932367605E-02));
#6965 = DIRECTION('',(-1.,0.,0.));
#6966 = DEFINITIONAL_REPRESENTATION('',(#6967),#6971);
#6967 = LINE('',#6968,#6969);
#6968 = CARTESIAN_POINT('',(56.637157204031,-51.65279338443));
#6969 = VECTOR('',#6970,1.);
#6970 = DIRECTION('',(-0.555144209203,0.831754114501));
#6971 = ( GEOMETRIC_REPRESENTATION_CONTEXT(2) 
PARAMETRIC_REPRESENTATION_CONTEXT() REPRESENTATION_CONTEXT('2D SPACE',''
  ) );
#6972 = ORIENTED_EDGE('',*,*,#5283,.T.);
#6973 = ORIENTED_EDGE('',*,*,#6974,.F.);
#6974 = EDGE_CURVE('',#6946,#3832,#6975,.T.);
#6975 = SURFACE_CURVE('',#6976,(#6980,#6987),.PCURVE_S1.);
#6976 = LINE('',#6977,#6978);
#6977 = CARTESIAN_POINT('',(-9.62401,148.36581039384,-35.13575004873));
#6978 = VECTOR('',#6979,1.);
#6979 = DIRECTION('',(0.846415096421,-4.643038071147E-02,-0.530495715627
    ));
#6980 = PCURVE('',#5299,#6981);
#6981 = DEFINITIONAL_REPRESENTATION('',(#6982),#6986);
#6982 = LINE('',#6983,#6984);
#6983 = CARTESIAN_POINT('',(18.023987204031,11.339826615563));
#6984 = VECTOR('',#6985,1.);
#6985 = DIRECTION('',(-0.846415096421,-0.532523693887));
#6986 = ( GEOMETRIC_REPRESENTATION_CONTEXT(2) 
PARAMETRIC_REPRESENTATION_CONTEXT() REPRESENTATION_CONTEXT('2D SPACE',''
  ) );
#6987 = PCURVE('',#6898,#6988);
#6988 = DEFINITIONAL_REPRESENTATION('',(#6989),#6993);
#6989 = LINE('',#6990,#6991);
#6990 = CARTESIAN_POINT('',(18.023987204031,11.339826615563));
#6991 = VECTOR('',#6992,1.);
#6992 = DIRECTION('',(-0.846415096421,-0.532523693887));
#6993 = ( GEOMETRIC_REPRESENTATION_CONTEXT(2) 
PARAMETRIC_REPRESENTATION_CONTEXT() REPRESENTATION_CONTEXT('2D SPACE',''
  ) );
#6994 = ADVANCED_FACE('',(#6995),#5354,.T.);
#6995 = FACE_BOUND('',#6996,.F.);
#6996 = EDGE_LOOP('',(#6997,#6998,#7024));
#6997 = ORIENTED_EDGE('',*,*,#5341,.T.);
#6998 = ORIENTED_EDGE('',*,*,#6999,.F.);
#6999 = EDGE_CURVE('',#6276,#5284,#7000,.T.);
#7000 = SURFACE_CURVE('',#7001,(#7005,#7012),.PCURVE_S1.);
#7001 = LINE('',#7002,#7003);
#7002 = CARTESIAN_POINT('',(-67.06422,146.20430161437,-59.83232003642));
#7003 = VECTOR('',#7004,1.);
#7004 = DIRECTION('',(0.896983796339,3.854321078962E-02,0.440379938244)
  );
#7005 = PCURVE('',#5354,#7006);
#7006 = DEFINITIONAL_REPRESENTATION('',(#7007),#7011);
#7007 = LINE('',#7008,#7009);
#7008 = CARTESIAN_POINT('',(37.31142360875,0.506788866013));
#7009 = VECTOR('',#7010,1.);
#7010 = DIRECTION('',(-1.,9.971190539915E-15));
#7011 = ( GEOMETRIC_REPRESENTATION_CONTEXT(2) 
PARAMETRIC_REPRESENTATION_CONTEXT() REPRESENTATION_CONTEXT('2D SPACE',''
  ) );
#7012 = PCURVE('',#7013,#7018);
#7013 = PLANE('',#7014);
#7014 = AXIS2_PLACEMENT_3D('',#7015,#7016,#7017);
#7015 = CARTESIAN_POINT('',(-35.05649957682,146.26698911913,
    -59.11607665893));
#7016 = DIRECTION('',(0.,-0.996191759571,8.718932367605E-02));
#7017 = DIRECTION('',(1.,0.,0.));
#7018 = DEFINITIONAL_REPRESENTATION('',(#7019),#7023);
#7019 = LINE('',#7020,#7021);
#7020 = CARTESIAN_POINT('',(-32.00772042318,-0.718981431646));
#7021 = VECTOR('',#7022,1.);
#7022 = DIRECTION('',(0.896983796339,0.44206342204));
#7023 = ( GEOMETRIC_REPRESENTATION_CONTEXT(2) 
PARAMETRIC_REPRESENTATION_CONTEXT() REPRESENTATION_CONTEXT('2D SPACE',''
  ) );
#7024 = ORIENTED_EDGE('',*,*,#7025,.T.);
#7025 = EDGE_CURVE('',#6276,#4516,#7026,.T.);
#7026 = SURFACE_CURVE('',#7027,(#7031,#7038),.PCURVE_S1.);
#7027 = LINE('',#7028,#7029);
#7028 = CARTESIAN_POINT('',(-67.06422,146.20430161437,-59.83232003642));
#7029 = VECTOR('',#7030,1.);
#7030 = DIRECTION('',(0.896653130749,6.557606541315E-02,0.437850365722)
  );
#7031 = PCURVE('',#5354,#7032);
#7032 = DEFINITIONAL_REPRESENTATION('',(#7033),#7037);
#7033 = LINE('',#7034,#7035);
#7034 = CARTESIAN_POINT('',(37.31142360875,0.506788866013));
#7035 = VECTOR('',#7036,1.);
#7036 = DIRECTION('',(-0.999631358347,-2.7150458731E-02));
#7037 = ( GEOMETRIC_REPRESENTATION_CONTEXT(2) 
PARAMETRIC_REPRESENTATION_CONTEXT() REPRESENTATION_CONTEXT('2D SPACE',''
  ) );
#7038 = PCURVE('',#6622,#7039);
#7039 = DEFINITIONAL_REPRESENTATION('',(#7040),#7044);
#7040 = LINE('',#7041,#7042);
#7041 = CARTESIAN_POINT('',(36.325001340765,1.493211133987));
#7042 = VECTOR('',#7043,1.);
#7043 = DIRECTION('',(-0.999631358347,-2.7150458731E-02));
#7044 = ( GEOMETRIC_REPRESENTATION_CONTEXT(2) 
PARAMETRIC_REPRESENTATION_CONTEXT() REPRESENTATION_CONTEXT('2D SPACE',''
  ) );
#7045 = ADVANCED_FACE('',(#7046),#5441,.T.);
#7046 = FACE_BOUND('',#7047,.T.);
#7047 = EDGE_LOOP('',(#7048,#7080,#7101,#7102,#7103));
#7048 = ORIENTED_EDGE('',*,*,#7049,.F.);
#7049 = EDGE_CURVE('',#6040,#7050,#7052,.T.);
#7050 = VERTEX_POINT('',#7051);
#7051 = CARTESIAN_POINT('',(-45.78864808396,148.0732094424,
    -61.41745988375));
#7052 = SURFACE_CURVE('',#7053,(#7058,#7069),.PCURVE_S1.);
#7053 = CIRCLE('',#7054,21.294499207368);
#7054 = AXIS2_PLACEMENT_3D('',#7055,#7056,#7057);
#7055 = CARTESIAN_POINT('',(-57.65069841701,146.53129311601,
    -79.03477955592));
#7056 = DIRECTION('',(0.,-0.996191759571,8.718932367605E-02));
#7057 = DIRECTION('',(1.,0.,0.));
#7058 = PCURVE('',#5441,#7059);
#7059 = DEFINITIONAL_REPRESENTATION('',(#7060),#7068);
#7060 = ( BOUNDED_CURVE() B_SPLINE_CURVE(2,(#7061,#7062,#7063,#7064,
#7065,#7066,#7067),.UNSPECIFIED.,.T.,.F.) B_SPLINE_CURVE_WITH_KNOTS((1,2
    ,2,2,2,1),(-2.094395102393,0.,2.094395102393,4.188790204786,
6.28318530718,8.377580409573),.UNSPECIFIED.) CURVE() 
GEOMETRIC_REPRESENTATION_ITEM() RATIONAL_B_SPLINE_CURVE((1.,0.5,1.,0.5,
1.,0.5,1.)) REPRESENTATION_ITEM('') );
#7061 = CARTESIAN_POINT('',(-21.29449920736,0.));
#7062 = CARTESIAN_POINT('',(-21.29449920736,36.883154548897));
#7063 = CARTESIAN_POINT('',(10.647249603684,18.441577274448));
#7064 = CARTESIAN_POINT('',(42.588998414736,5.21564805875E-15));
#7065 = CARTESIAN_POINT('',(10.647249603684,-18.44157727444));
#7066 = CARTESIAN_POINT('',(-21.29449920736,-36.88315454889));
#7067 = CARTESIAN_POINT('',(-21.29449920736,0.));
#7068 = ( GEOMETRIC_REPRESENTATION_CONTEXT(2) 
PARAMETRIC_REPRESENTATION_CONTEXT() REPRESENTATION_CONTEXT('2D SPACE',''
  ) );
#7069 = PCURVE('',#6087,#7070);
#7070 = DEFINITIONAL_REPRESENTATION('',(#7071),#7079);
#7071 = ( BOUNDED_CURVE() B_SPLINE_CURVE(2,(#7072,#7073,#7074,#7075,
#7076,#7077,#7078),.UNSPECIFIED.,.T.,.F.) B_SPLINE_CURVE_WITH_KNOTS((1,2
    ,2,2,2,1),(-2.094395102393,0.,2.094395102393,4.188790204786,
6.28318530718,8.377580409573),.UNSPECIFIED.) CURVE() 
GEOMETRIC_REPRESENTATION_ITEM() RATIONAL_B_SPLINE_CURVE((1.,0.5,1.,0.5,
1.,0.5,1.)) REPRESENTATION_ITEM('') );
#7072 = CARTESIAN_POINT('',(8.187023017552,-5.84484789724));
#7073 = CARTESIAN_POINT('',(8.187023017552,31.038306651657));
#7074 = CARTESIAN_POINT('',(40.128771828604,12.596729377209));
#7075 = CARTESIAN_POINT('',(72.070520639656,-5.84484789724));
#7076 = CARTESIAN_POINT('',(40.128771828604,-24.28642517168));
#7077 = CARTESIAN_POINT('',(8.187023017552,-42.72800244613));
#7078 = CARTESIAN_POINT('',(8.187023017552,-5.84484789724));
#7079 = ( GEOMETRIC_REPRESENTATION_CONTEXT(2) 
PARAMETRIC_REPRESENTATION_CONTEXT() REPRESENTATION_CONTEXT('2D SPACE',''
  ) );
#7080 = ORIENTED_EDGE('',*,*,#7081,.T.);
#7081 = EDGE_CURVE('',#6040,#5535,#7082,.T.);
#7082 = SURFACE_CURVE('',#7083,(#7087,#7094),.PCURVE_S1.);
#7083 = LINE('',#7084,#7085);
#7084 = CARTESIAN_POINT('',(8.39998,149.36948180468,-46.60677389702));
#7085 = VECTOR('',#7086,1.);
#7086 = DIRECTION('',(-0.896983796339,-3.854321078962E-02,
    -0.440379938244));
#7087 = PCURVE('',#5441,#7088);
#7088 = DEFINITIONAL_REPRESENTATION('',(#7089),#7093);
#7089 = LINE('',#7090,#7091);
#7090 = CARTESIAN_POINT('',(-66.05067841701,32.551971768944));
#7091 = VECTOR('',#7092,1.);
#7092 = DIRECTION('',(0.896983796339,-0.44206342204));
#7093 = ( GEOMETRIC_REPRESENTATION_CONTEXT(2) 
PARAMETRIC_REPRESENTATION_CONTEXT() REPRESENTATION_CONTEXT('2D SPACE',''
  ) );
#7094 = PCURVE('',#5575,#7095);
#7095 = DEFINITIONAL_REPRESENTATION('',(#7096),#7100);
#7096 = LINE('',#7097,#7098);
#7097 = CARTESIAN_POINT('',(-34.19819629197,33.49259193667));
#7098 = VECTOR('',#7099,1.);
#7099 = DIRECTION('',(0.896983796339,-0.44206342204));
#7100 = ( GEOMETRIC_REPRESENTATION_CONTEXT(2) 
PARAMETRIC_REPRESENTATION_CONTEXT() REPRESENTATION_CONTEXT('2D SPACE',''
  ) );
#7101 = ORIENTED_EDGE('',*,*,#5534,.F.);
#7102 = ORIENTED_EDGE('',*,*,#5425,.T.);
#7103 = ORIENTED_EDGE('',*,*,#7104,.T.);
#7104 = EDGE_CURVE('',#5399,#7050,#7105,.T.);
#7105 = SURFACE_CURVE('',#7106,(#7110,#7117),.PCURVE_S1.);
#7106 = LINE('',#7107,#7108);
#7107 = CARTESIAN_POINT('',(-67.06422,148.19668513351,-60.00669868377));
#7108 = VECTOR('',#7109,1.);
#7109 = DIRECTION('',(0.997792053465,-5.790722134242E-03,
    -6.616256932476E-02));
#7110 = PCURVE('',#5441,#7111);
#7111 = DEFINITIONAL_REPRESENTATION('',(#7112),#7116);
#7112 = LINE('',#7113,#7114);
#7113 = CARTESIAN_POINT('',(9.41352158299,19.100821768945));
#7114 = VECTOR('',#7115,1.);
#7115 = DIRECTION('',(-0.997792053465,-6.641549549984E-02));
#7116 = ( GEOMETRIC_REPRESENTATION_CONTEXT(2) 
PARAMETRIC_REPRESENTATION_CONTEXT() REPRESENTATION_CONTEXT('2D SPACE',''
  ) );
#7117 = PCURVE('',#7118,#7123);
#7118 = PLANE('',#7119);
#7119 = AXIS2_PLACEMENT_3D('',#7120,#7121,#7122);
#7120 = CARTESIAN_POINT('',(-57.65069841701,146.53129311601,
    -79.03477955592));
#7121 = DIRECTION('',(0.,0.996191759571,-8.718932367605E-02));
#7122 = DIRECTION('',(-1.,0.,0.));
#7123 = DEFINITIONAL_REPRESENTATION('',(#7124),#7128);
#7124 = LINE('',#7125,#7126);
#7125 = CARTESIAN_POINT('',(9.41352158299,19.100821768945));
#7126 = VECTOR('',#7127,1.);
#7127 = DIRECTION('',(-0.997792053465,-6.641549549984E-02));
#7128 = ( GEOMETRIC_REPRESENTATION_CONTEXT(2) 
PARAMETRIC_REPRESENTATION_CONTEXT() REPRESENTATION_CONTEXT('2D SPACE',''
  ) );
#7129 = ADVANCED_FACE('',(#7130),#5498,.T.);
#7130 = FACE_BOUND('',#7131,.T.);
#7131 = EDGE_LOOP('',(#7132,#7133,#7154,#7175,#7196,#7197));
#7132 = ORIENTED_EDGE('',*,*,#5587,.F.);
#7133 = ORIENTED_EDGE('',*,*,#7134,.T.);
#7134 = EDGE_CURVE('',#5559,#5838,#7135,.T.);
#7135 = SURFACE_CURVE('',#7136,(#7140,#7147),.PCURVE_S1.);
#7136 = LINE('',#7137,#7138);
#7137 = CARTESIAN_POINT('',(-77.04605,145.76484324031,-87.79199110776));
#7138 = VECTOR('',#7139,1.);
#7139 = DIRECTION('',(0.91081489669,3.59930606261E-02,0.411242900916));
#7140 = PCURVE('',#5498,#7141);
#7141 = DEFINITIONAL_REPRESENTATION('',(#7142),#7146);
#7142 = LINE('',#7143,#7144);
#7143 = CARTESIAN_POINT('',(51.24783370803,-7.85006806333));
#7144 = VECTOR('',#7145,1.);
#7145 = DIRECTION('',(-0.91081489669,0.412814999688));
#7146 = ( GEOMETRIC_REPRESENTATION_CONTEXT(2) 
PARAMETRIC_REPRESENTATION_CONTEXT() REPRESENTATION_CONTEXT('2D SPACE',''
  ) );
#7147 = PCURVE('',#5575,#7148);
#7148 = DEFINITIONAL_REPRESENTATION('',(#7149),#7153);
#7149 = LINE('',#7150,#7151);
#7150 = CARTESIAN_POINT('',(51.24783370803,-7.85006806333));
#7151 = VECTOR('',#7152,1.);
#7152 = DIRECTION('',(-0.91081489669,0.412814999688));
#7153 = ( GEOMETRIC_REPRESENTATION_CONTEXT(2) 
PARAMETRIC_REPRESENTATION_CONTEXT() REPRESENTATION_CONTEXT('2D SPACE',''
  ) );
#7154 = ORIENTED_EDGE('',*,*,#7155,.F.);
#7155 = EDGE_CURVE('',#5786,#5838,#7156,.T.);
#7156 = SURFACE_CURVE('',#7157,(#7161,#7168),.PCURVE_S1.);
#7157 = LINE('',#7158,#7159);
#7158 = CARTESIAN_POINT('',(-57.96395,142.09401490087,-129.7334672927));
#7159 = VECTOR('',#7160,1.);
#7160 = DIRECTION('',(0.313566080943,8.279205058891E-02,0.945950204419)
  );
#7161 = PCURVE('',#5498,#7162);
#7162 = DEFINITIONAL_REPRESENTATION('',(#7163),#7167);
#7163 = LINE('',#7164,#7165);
#7164 = CARTESIAN_POINT('',(32.16573370803,-49.95187806325));
#7165 = VECTOR('',#7166,1.);
#7166 = DIRECTION('',(-0.313566080943,0.949566381504));
#7167 = ( GEOMETRIC_REPRESENTATION_CONTEXT(2) 
PARAMETRIC_REPRESENTATION_CONTEXT() REPRESENTATION_CONTEXT('2D SPACE',''
  ) );
#7168 = PCURVE('',#5801,#7169);
#7169 = DEFINITIONAL_REPRESENTATION('',(#7170),#7174);
#7170 = LINE('',#7171,#7172);
#7171 = CARTESIAN_POINT('',(32.16573370803,-49.95187806325));
#7172 = VECTOR('',#7173,1.);
#7173 = DIRECTION('',(-0.313566080943,0.949566381504));
#7174 = ( GEOMETRIC_REPRESENTATION_CONTEXT(2) 
PARAMETRIC_REPRESENTATION_CONTEXT() REPRESENTATION_CONTEXT('2D SPACE',''
  ) );
#7175 = ORIENTED_EDGE('',*,*,#7176,.F.);
#7176 = EDGE_CURVE('',#5668,#5786,#7177,.T.);
#7177 = SURFACE_CURVE('',#7178,(#7182,#7189),.PCURVE_S1.);
#7178 = LINE('',#7179,#7180);
#7179 = CARTESIAN_POINT('',(-56.59259,143.84918132492,-109.6796091529));
#7180 = VECTOR('',#7181,1.);
#7181 = DIRECTION('',(0.532523775277,7.379835534144E-02,0.843191693219)
  );
#7182 = PCURVE('',#5498,#7183);
#7183 = DEFINITIONAL_REPRESENTATION('',(#7184),#7188);
#7184 = LINE('',#7185,#7186);
#7185 = CARTESIAN_POINT('',(30.79437370803,-29.82135806332));
#7186 = VECTOR('',#7187,1.);
#7187 = DIRECTION('',(-0.532523775277,0.846415045214));
#7188 = ( GEOMETRIC_REPRESENTATION_CONTEXT(2) 
PARAMETRIC_REPRESENTATION_CONTEXT() REPRESENTATION_CONTEXT('2D SPACE',''
  ) );
#7189 = PCURVE('',#5733,#7190);
#7190 = DEFINITIONAL_REPRESENTATION('',(#7191),#7195);
#7191 = LINE('',#7192,#7193);
#7192 = CARTESIAN_POINT('',(30.79437370803,-29.82135806332));
#7193 = VECTOR('',#7194,1.);
#7194 = DIRECTION('',(-0.532523775277,0.846415045214));
#7195 = ( GEOMETRIC_REPRESENTATION_CONTEXT(2) 
PARAMETRIC_REPRESENTATION_CONTEXT() REPRESENTATION_CONTEXT('2D SPACE',''
  ) );
#7196 = ORIENTED_EDGE('',*,*,#5667,.T.);
#7197 = ORIENTED_EDGE('',*,*,#5479,.F.);
#7198 = ADVANCED_FACE('',(#7199),#5575,.T.);
#7199 = FACE_BOUND('',#7200,.T.);
#7200 = EDGE_LOOP('',(#7201,#7202,#7203,#7204));
#7201 = ORIENTED_EDGE('',*,*,#6039,.F.);
#7202 = ORIENTED_EDGE('',*,*,#7134,.F.);
#7203 = ORIENTED_EDGE('',*,*,#5558,.F.);
#7204 = ORIENTED_EDGE('',*,*,#7081,.F.);
#7205 = ADVANCED_FACE('',(#7206,#7209),#5647,.T.);
#7206 = FACE_BOUND('',#7207,.F.);
#7207 = EDGE_LOOP('',(#7208));
#7208 = ORIENTED_EDGE('',*,*,#5632,.T.);
#7209 = FACE_BOUND('',#7210,.F.);
#7210 = EDGE_LOOP('',(#7211));
#7211 = ORIENTED_EDGE('',*,*,#7212,.T.);
#7212 = EDGE_CURVE('',#7213,#7213,#7215,.T.);
#7213 = VERTEX_POINT('',#7214);
#7214 = CARTESIAN_POINT('',(-57.65,146.64715950761,-79.08724991905));
#7215 = SURFACE_CURVE('',#7216,(#7221,#7228),.PCURVE_S1.);
#7216 = CIRCLE('',#7217,1.35);
#7217 = AXIS2_PLACEMENT_3D('',#7218,#7219,#7220);
#7218 = CARTESIAN_POINT('',(-59.,146.64715950761,-79.08724991905));
#7219 = DIRECTION('',(0.,0.996191759571,-8.718932367606E-02));
#7220 = DIRECTION('',(1.,0.,0.));
#7221 = PCURVE('',#5647,#7222);
#7222 = DEFINITIONAL_REPRESENTATION('',(#7223),#7227);
#7223 = CIRCLE('',#7224,1.35);
#7224 = AXIS2_PLACEMENT_2D('',#7225,#7226);
#7225 = CARTESIAN_POINT('',(0.,0.));
#7226 = DIRECTION('',(-1.,0.));
#7227 = ( GEOMETRIC_REPRESENTATION_CONTEXT(2) 
PARAMETRIC_REPRESENTATION_CONTEXT() REPRESENTATION_CONTEXT('2D SPACE',''
  ) );
#7228 = PCURVE('',#7229,#7234);
#7229 = CYLINDRICAL_SURFACE('',#7230,1.35);
#7230 = AXIS2_PLACEMENT_3D('',#7231,#7232,#7233);
#7231 = CARTESIAN_POINT('',(-59.,143.53904121775,-78.81521922918));
#7232 = DIRECTION('',(0.,0.996191759571,-8.718932367606E-02));
#7233 = DIRECTION('',(1.,0.,0.));
#7234 = DEFINITIONAL_REPRESENTATION('',(#7235),#7239);
#7235 = LINE('',#7236,#7237);
#7236 = CARTESIAN_POINT('',(-4.138911435803E-13,3.12));
#7237 = VECTOR('',#7238,1.);
#7238 = DIRECTION('',(1.,-0.));
#7239 = ( GEOMETRIC_REPRESENTATION_CONTEXT(2) 
PARAMETRIC_REPRESENTATION_CONTEXT() REPRESENTATION_CONTEXT('2D SPACE',''
  ) );
#7240 = ADVANCED_FACE('',(#7241),#5733,.T.);
#7241 = FACE_BOUND('',#7242,.F.);
#7242 = EDGE_LOOP('',(#7243,#7244,#7245,#7246));
#7243 = ORIENTED_EDGE('',*,*,#7176,.F.);
#7244 = ORIENTED_EDGE('',*,*,#5719,.F.);
#7245 = ORIENTED_EDGE('',*,*,#5750,.T.);
#7246 = ORIENTED_EDGE('',*,*,#5813,.T.);
#7247 = ADVANCED_FACE('',(#7248),#5801,.T.);
#7248 = FACE_BOUND('',#7249,.T.);
#7249 = EDGE_LOOP('',(#7250,#7251,#7252));
#7250 = ORIENTED_EDGE('',*,*,#7155,.T.);
#7251 = ORIENTED_EDGE('',*,*,#5837,.F.);
#7252 = ORIENTED_EDGE('',*,*,#5785,.F.);
#7253 = ADVANCED_FACE('',(#7254),#5911,.T.);
#7254 = FACE_BOUND('',#7255,.F.);
#7255 = EDGE_LOOP('',(#7256,#7257,#7258));
#7256 = ORIENTED_EDGE('',*,*,#5895,.F.);
#7257 = ORIENTED_EDGE('',*,*,#5977,.F.);
#7258 = ORIENTED_EDGE('',*,*,#7259,.T.);
#7259 = EDGE_CURVE('',#5978,#5896,#7260,.T.);
#7260 = SURFACE_CURVE('',#7261,(#7266,#7277),.PCURVE_S1.);
#7261 = CIRCLE('',#7262,21.294499207368);
#7262 = AXIS2_PLACEMENT_3D('',#7263,#7264,#7265);
#7263 = CARTESIAN_POINT('',(8.399977204031,149.36947781395,
    -46.60677015036));
#7264 = DIRECTION('',(0.,-0.996191759571,8.718932367605E-02));
#7265 = DIRECTION('',(1.,0.,0.));
#7266 = PCURVE('',#5911,#7267);
#7267 = DEFINITIONAL_REPRESENTATION('',(#7268),#7276);
#7268 = ( BOUNDED_CURVE() B_SPLINE_CURVE(2,(#7269,#7270,#7271,#7272,
#7273,#7274,#7275),.UNSPECIFIED.,.T.,.F.) B_SPLINE_CURVE_WITH_KNOTS((1,2
    ,2,2,2,1),(-2.094395102393,0.,2.094395102393,4.188790204786,
6.28318530718,8.377580409573),.UNSPECIFIED.) CURVE() 
GEOMETRIC_REPRESENTATION_ITEM() RATIONAL_B_SPLINE_CURVE((1.,0.5,1.,0.5,
1.,0.5,1.)) REPRESENTATION_ITEM('') );
#7269 = CARTESIAN_POINT('',(-21.29449920736,0.));
#7270 = CARTESIAN_POINT('',(-21.29449920736,36.883154548897));
#7271 = CARTESIAN_POINT('',(10.647249603684,18.441577274448));
#7272 = CARTESIAN_POINT('',(42.588998414736,5.21564805875E-15));
#7273 = CARTESIAN_POINT('',(10.647249603684,-18.44157727444));
#7274 = CARTESIAN_POINT('',(-21.29449920736,-36.88315454889));
#7275 = CARTESIAN_POINT('',(-21.29449920736,0.));
#7276 = ( GEOMETRIC_REPRESENTATION_CONTEXT(2) 
PARAMETRIC_REPRESENTATION_CONTEXT() REPRESENTATION_CONTEXT('2D SPACE',''
  ) );
#7277 = PCURVE('',#6122,#7278);
#7278 = DEFINITIONAL_REPRESENTATION('',(#7279),#7287);
#7279 = ( BOUNDED_CURVE() B_SPLINE_CURVE(2,(#7280,#7281,#7282,#7283,
#7284,#7285,#7286),.UNSPECIFIED.,.T.,.F.) B_SPLINE_CURVE_WITH_KNOTS((1,2
    ,2,2,2,1),(-2.094395102393,0.,2.094395102393,4.188790204786,
6.28318530718,8.377580409573),.UNSPECIFIED.) CURVE() 
GEOMETRIC_REPRESENTATION_ITEM() RATIONAL_B_SPLINE_CURVE((1.,0.5,1.,0.5,
1.,0.5,1.)) REPRESENTATION_ITEM('') );
#7280 = CARTESIAN_POINT('',(-47.356216763,26.004142500499));
#7281 = CARTESIAN_POINT('',(-47.356216763,62.887297049396));
#7282 = CARTESIAN_POINT('',(-15.41446795195,44.445719774948));
#7283 = CARTESIAN_POINT('',(16.527280859095,26.004142500499));
#7284 = CARTESIAN_POINT('',(-15.41446795195,7.562565226051));
#7285 = CARTESIAN_POINT('',(-47.356216763,-10.87901204839));
#7286 = CARTESIAN_POINT('',(-47.356216763,26.004142500499));
#7287 = ( GEOMETRIC_REPRESENTATION_CONTEXT(2) 
PARAMETRIC_REPRESENTATION_CONTEXT() REPRESENTATION_CONTEXT('2D SPACE',''
  ) );
#7288 = ADVANCED_FACE('',(#7289),#6020,.T.);
#7289 = FACE_BOUND('',#7290,.T.);
#7290 = EDGE_LOOP('',(#7291,#7312,#7333,#7363,#7384));
#7291 = ORIENTED_EDGE('',*,*,#7292,.F.);
#7292 = EDGE_CURVE('',#6140,#5978,#7293,.T.);
#7293 = SURFACE_CURVE('',#7294,(#7298,#7305),.PCURVE_S1.);
#7294 = LINE('',#7295,#7296);
#7295 = CARTESIAN_POINT('',(-56.59259,143.84918132492,-109.6796091529));
#7296 = VECTOR('',#7297,1.);
#7297 = DIRECTION('',(0.532523775277,7.379835534144E-02,0.843191693219)
  );
#7298 = PCURVE('',#6020,#7299);
#7299 = DEFINITIONAL_REPRESENTATION('',(#7300),#7304);
#7300 = LINE('',#7301,#7302);
#7301 = CARTESIAN_POINT('',(35.5110461921,-57.46910387171));
#7302 = VECTOR('',#7303,1.);
#7303 = DIRECTION('',(-0.532523775277,0.846415045214));
#7304 = ( GEOMETRIC_REPRESENTATION_CONTEXT(2) 
PARAMETRIC_REPRESENTATION_CONTEXT() REPRESENTATION_CONTEXT('2D SPACE',''
  ) );
#7305 = PCURVE('',#6122,#7306);
#7306 = DEFINITIONAL_REPRESENTATION('',(#7307),#7311);
#7307 = LINE('',#7308,#7309);
#7308 = CARTESIAN_POINT('',(38.93084964839,-37.30981088394));
#7309 = VECTOR('',#7310,1.);
#7310 = DIRECTION('',(-0.532523775277,0.846415045214));
#7311 = ( GEOMETRIC_REPRESENTATION_CONTEXT(2) 
PARAMETRIC_REPRESENTATION_CONTEXT() REPRESENTATION_CONTEXT('2D SPACE',''
  ) );
#7312 = ORIENTED_EDGE('',*,*,#7313,.F.);
#7313 = EDGE_CURVE('',#7050,#6140,#7314,.T.);
#7314 = SURFACE_CURVE('',#7315,(#7319,#7326),.PCURVE_S1.);
#7315 = LINE('',#7316,#7317);
#7316 = CARTESIAN_POINT('',(-67.06422,148.19668513351,-60.00669868377));
#7317 = VECTOR('',#7318,1.);
#7318 = DIRECTION('',(0.997792053465,-5.790722134242E-03,
    -6.616256932476E-02));
#7319 = PCURVE('',#6020,#7320);
#7320 = DEFINITIONAL_REPRESENTATION('',(#7321),#7325);
#7321 = LINE('',#7322,#7323);
#7322 = CARTESIAN_POINT('',(45.9826761921,-7.606303871711));
#7323 = VECTOR('',#7324,1.);
#7324 = DIRECTION('',(-0.997792053465,-6.641549549984E-02));
#7325 = ( GEOMETRIC_REPRESENTATION_CONTEXT(2) 
PARAMETRIC_REPRESENTATION_CONTEXT() REPRESENTATION_CONTEXT('2D SPACE',''
  ) );
#7326 = PCURVE('',#6087,#7327);
#7327 = DEFINITIONAL_REPRESENTATION('',(#7328),#7332);
#7328 = LINE('',#7329,#7330);
#7329 = CARTESIAN_POINT('',(38.89504380791,13.255973871706));
#7330 = VECTOR('',#7331,1.);
#7331 = DIRECTION('',(-0.997792053465,-6.641549549984E-02));
#7332 = ( GEOMETRIC_REPRESENTATION_CONTEXT(2) 
PARAMETRIC_REPRESENTATION_CONTEXT() REPRESENTATION_CONTEXT('2D SPACE',''
  ) );
#7333 = ORIENTED_EDGE('',*,*,#7334,.T.);
#7334 = EDGE_CURVE('',#7050,#5399,#7335,.T.);
#7335 = SURFACE_CURVE('',#7336,(#7341,#7352),.PCURVE_S1.);
#7336 = CIRCLE('',#7337,21.294499207368);
#7337 = AXIS2_PLACEMENT_3D('',#7338,#7339,#7340);
#7338 = CARTESIAN_POINT('',(-57.65069841701,146.53129311601,
    -79.03477955592));
#7339 = DIRECTION('',(0.,-0.996191759571,8.718932367605E-02));
#7340 = DIRECTION('',(1.,0.,0.));
#7341 = PCURVE('',#6020,#7342);
#7342 = DEFINITIONAL_REPRESENTATION('',(#7343),#7351);
#7343 = ( BOUNDED_CURVE() B_SPLINE_CURVE(2,(#7344,#7345,#7346,#7347,
#7348,#7349,#7350),.UNSPECIFIED.,.T.,.F.) B_SPLINE_CURVE_WITH_KNOTS((1,2
    ,2,2,2,1),(-2.094395102393,0.,2.094395102393,4.188790204786,
6.28318530718,8.377580409573),.UNSPECIFIED.) CURVE() 
GEOMETRIC_REPRESENTATION_ITEM() RATIONAL_B_SPLINE_CURVE((1.,0.5,1.,0.5,
1.,0.5,1.)) REPRESENTATION_ITEM('') );
#7344 = CARTESIAN_POINT('',(15.274655401742,-26.70712564065));
#7345 = CARTESIAN_POINT('',(15.274655401742,10.176028908241));
#7346 = CARTESIAN_POINT('',(47.216404212794,-8.265548366208));
#7347 = CARTESIAN_POINT('',(79.158153023846,-26.70712564065));
#7348 = CARTESIAN_POINT('',(47.216404212794,-45.1487029151));
#7349 = CARTESIAN_POINT('',(15.274655401742,-63.59028018955));
#7350 = CARTESIAN_POINT('',(15.274655401742,-26.70712564065));
#7351 = ( GEOMETRIC_REPRESENTATION_CONTEXT(2) 
PARAMETRIC_REPRESENTATION_CONTEXT() REPRESENTATION_CONTEXT('2D SPACE',''
  ) );
#7352 = PCURVE('',#7118,#7353);
#7353 = DEFINITIONAL_REPRESENTATION('',(#7354),#7362);
#7354 = ( BOUNDED_CURVE() B_SPLINE_CURVE(2,(#7355,#7356,#7357,#7358,
#7359,#7360,#7361),.UNSPECIFIED.,.T.,.F.) B_SPLINE_CURVE_WITH_KNOTS((1,2
    ,2,2,2,1),(-2.094395102393,0.,2.094395102393,4.188790204786,
6.28318530718,8.377580409573),.UNSPECIFIED.) CURVE() 
GEOMETRIC_REPRESENTATION_ITEM() RATIONAL_B_SPLINE_CURVE((1.,0.5,1.,0.5,
1.,0.5,1.)) REPRESENTATION_ITEM('') );
#7355 = CARTESIAN_POINT('',(-21.29449920736,0.));
#7356 = CARTESIAN_POINT('',(-21.29449920736,36.883154548897));
#7357 = CARTESIAN_POINT('',(10.647249603684,18.441577274448));
#7358 = CARTESIAN_POINT('',(42.588998414736,5.21564805875E-15));
#7359 = CARTESIAN_POINT('',(10.647249603684,-18.44157727444));
#7360 = CARTESIAN_POINT('',(-21.29449920736,-36.88315454889));
#7361 = CARTESIAN_POINT('',(-21.29449920736,0.));
#7362 = ( GEOMETRIC_REPRESENTATION_CONTEXT(2) 
PARAMETRIC_REPRESENTATION_CONTEXT() REPRESENTATION_CONTEXT('2D SPACE',''
  ) );
#7363 = ORIENTED_EDGE('',*,*,#7364,.T.);
#7364 = EDGE_CURVE('',#5399,#4516,#7365,.T.);
#7365 = SURFACE_CURVE('',#7366,(#7370,#7377),.PCURVE_S1.);
#7366 = LINE('',#7367,#7368);
#7367 = CARTESIAN_POINT('',(-67.06422,148.19668513351,-60.00669868377));
#7368 = VECTOR('',#7369,1.);
#7369 = DIRECTION('',(0.896983796339,3.854321078962E-02,0.440379938244)
  );
#7370 = PCURVE('',#6020,#7371);
#7371 = DEFINITIONAL_REPRESENTATION('',(#7372),#7376);
#7372 = LINE('',#7373,#7374);
#7373 = CARTESIAN_POINT('',(45.9826761921,-7.606303871711));
#7374 = VECTOR('',#7375,1.);
#7375 = DIRECTION('',(-0.896983796339,0.44206342204));
#7376 = ( GEOMETRIC_REPRESENTATION_CONTEXT(2) 
PARAMETRIC_REPRESENTATION_CONTEXT() REPRESENTATION_CONTEXT('2D SPACE',''
  ) );
#7377 = PCURVE('',#6622,#7378);
#7378 = DEFINITIONAL_REPRESENTATION('',(#7379),#7383);
#7379 = LINE('',#7380,#7381);
#7380 = CARTESIAN_POINT('',(36.325001340765,-0.506788866011));
#7381 = VECTOR('',#7382,1.);
#7382 = DIRECTION('',(-1.,9.964251646011E-15));
#7383 = ( GEOMETRIC_REPRESENTATION_CONTEXT(2) 
PARAMETRIC_REPRESENTATION_CONTEXT() REPRESENTATION_CONTEXT('2D SPACE',''
  ) );
#7384 = ORIENTED_EDGE('',*,*,#6001,.T.);
#7385 = ADVANCED_FACE('',(#7386),#6087,.T.);
#7386 = FACE_BOUND('',#7387,.F.);
#7387 = EDGE_LOOP('',(#7388,#7389,#7390,#7391));
#7388 = ORIENTED_EDGE('',*,*,#7049,.F.);
#7389 = ORIENTED_EDGE('',*,*,#6073,.F.);
#7390 = ORIENTED_EDGE('',*,*,#6162,.T.);
#7391 = ORIENTED_EDGE('',*,*,#7313,.F.);
#7392 = ADVANCED_FACE('',(#7393),#6122,.T.);
#7393 = FACE_BOUND('',#7394,.F.);
#7394 = EDGE_LOOP('',(#7395,#7396,#7397,#7398));
#7395 = ORIENTED_EDGE('',*,*,#7259,.F.);
#7396 = ORIENTED_EDGE('',*,*,#7292,.F.);
#7397 = ORIENTED_EDGE('',*,*,#6139,.T.);
#7398 = ORIENTED_EDGE('',*,*,#6108,.F.);
#7399 = ADVANCED_FACE('',(#7400),#6203,.T.);
#7400 = FACE_BOUND('',#7401,.T.);
#7401 = EDGE_LOOP('',(#7402,#7429,#7430));
#7402 = ORIENTED_EDGE('',*,*,#7403,.F.);
#7403 = EDGE_CURVE('',#6188,#6667,#7404,.T.);
#7404 = SURFACE_CURVE('',#7405,(#7410,#7417),.PCURVE_S1.);
#7405 = CIRCLE('',#7406,21.294499207368);
#7406 = AXIS2_PLACEMENT_3D('',#7407,#7408,#7409);
#7407 = CARTESIAN_POINT('',(-57.65069841701,144.53890959687,
    -78.86040090856));
#7408 = DIRECTION('',(0.,-0.996191759571,8.718932367605E-02));
#7409 = DIRECTION('',(1.,0.,0.));
#7410 = PCURVE('',#6203,#7411);
#7411 = DEFINITIONAL_REPRESENTATION('',(#7412),#7416);
#7412 = CIRCLE('',#7413,21.294499207368);
#7413 = AXIS2_PLACEMENT_2D('',#7414,#7415);
#7414 = CARTESIAN_POINT('',(-31.85248212504,0.940620167736));
#7415 = DIRECTION('',(1.,0.));
#7416 = ( GEOMETRIC_REPRESENTATION_CONTEXT(2) 
PARAMETRIC_REPRESENTATION_CONTEXT() REPRESENTATION_CONTEXT('2D SPACE',''
  ) );
#7417 = PCURVE('',#7418,#7423);
#7418 = PLANE('',#7419);
#7419 = AXIS2_PLACEMENT_3D('',#7420,#7421,#7422);
#7420 = CARTESIAN_POINT('',(-25.79821629197,144.45690184642,
    -79.79743934365));
#7421 = DIRECTION('',(0.,-0.996191759571,8.718932367605E-02));
#7422 = DIRECTION('',(1.,0.,0.));
#7423 = DEFINITIONAL_REPRESENTATION('',(#7424),#7428);
#7424 = CIRCLE('',#7425,21.294499207368);
#7425 = AXIS2_PLACEMENT_2D('',#7426,#7427);
#7426 = CARTESIAN_POINT('',(-31.85248212504,0.940620167736));
#7427 = DIRECTION('',(1.,0.));
#7428 = ( GEOMETRIC_REPRESENTATION_CONTEXT(2) 
PARAMETRIC_REPRESENTATION_CONTEXT() REPRESENTATION_CONTEXT('2D SPACE',''
  ) );
#7429 = ORIENTED_EDGE('',*,*,#6187,.F.);
#7430 = ORIENTED_EDGE('',*,*,#6695,.T.);
#7431 = ADVANCED_FACE('',(#7432),#6230,.T.);
#7432 = FACE_BOUND('',#7433,.F.);
#7433 = EDGE_LOOP('',(#7434,#7435,#7436,#7437));
#7434 = ORIENTED_EDGE('',*,*,#6215,.F.);
#7435 = ORIENTED_EDGE('',*,*,#6248,.T.);
#7436 = ORIENTED_EDGE('',*,*,#6559,.T.);
#7437 = ORIENTED_EDGE('',*,*,#7438,.F.);
#7438 = EDGE_CURVE('',#6188,#6560,#7439,.T.);
#7439 = SURFACE_CURVE('',#7440,(#7444,#7451),.PCURVE_S1.);
#7440 = LINE('',#7441,#7442);
#7441 = CARTESIAN_POINT('',(-48.23718,142.87352645945,-97.88847900651));
#7442 = VECTOR('',#7443,1.);
#7443 = DIRECTION('',(-0.442063466418,7.820740864419E-02,0.893567844594)
  );
#7444 = PCURVE('',#6230,#7445);
#7445 = DEFINITIONAL_REPRESENTATION('',(#7446),#7450);
#7446 = LINE('',#7447,#7448);
#7447 = CARTESIAN_POINT('',(-22.43896370803,-18.16019806332));
#7448 = VECTOR('',#7449,1.);
#7449 = DIRECTION('',(-0.442063466418,0.896983774468));
#7450 = ( GEOMETRIC_REPRESENTATION_CONTEXT(2) 
PARAMETRIC_REPRESENTATION_CONTEXT() REPRESENTATION_CONTEXT('2D SPACE',''
  ) );
#7451 = PCURVE('',#7452,#7457);
#7452 = PLANE('',#7453);
#7453 = AXIS2_PLACEMENT_3D('',#7454,#7455,#7456);
#7454 = CARTESIAN_POINT('',(-25.79821629197,144.45690184642,
    -79.79743934365));
#7455 = DIRECTION('',(0.,-0.996191759571,8.718932367605E-02));
#7456 = DIRECTION('',(1.,0.,0.));
#7457 = DEFINITIONAL_REPRESENTATION('',(#7458),#7462);
#7458 = LINE('',#7459,#7460);
#7459 = CARTESIAN_POINT('',(-22.43896370803,-18.16019806332));
#7460 = VECTOR('',#7461,1.);
#7461 = DIRECTION('',(-0.442063466418,0.896983774468));
#7462 = ( GEOMETRIC_REPRESENTATION_CONTEXT(2) 
PARAMETRIC_REPRESENTATION_CONTEXT() REPRESENTATION_CONTEXT('2D SPACE',''
  ) );
#7463 = ADVANCED_FACE('',(#7464),#6291,.F.);
#7464 = FACE_BOUND('',#7465,.F.);
#7465 = EDGE_LOOP('',(#7466,#7494,#7515,#7516));
#7466 = ORIENTED_EDGE('',*,*,#7467,.F.);
#7467 = EDGE_CURVE('',#7468,#6276,#7470,.T.);
#7468 = VERTEX_POINT('',#7469);
#7469 = CARTESIAN_POINT('',(-38.54987868763,145.3596702902,
    -69.48272880709));
#7470 = SURFACE_CURVE('',#7471,(#7476,#7487),.PCURVE_S1.);
#7471 = CIRCLE('',#7472,21.294499207368);
#7472 = AXIS2_PLACEMENT_3D('',#7473,#7474,#7475);
#7473 = CARTESIAN_POINT('',(-57.65069841701,144.53890959687,
    -78.86040090856));
#7474 = DIRECTION('',(0.,-0.996191759571,8.718932367605E-02));
#7475 = DIRECTION('',(1.,0.,0.));
#7476 = PCURVE('',#6291,#7477);
#7477 = DEFINITIONAL_REPRESENTATION('',(#7478),#7486);
#7478 = ( BOUNDED_CURVE() B_SPLINE_CURVE(2,(#7479,#7480,#7481,#7482,
#7483,#7484,#7485),.UNSPECIFIED.,.T.,.F.) B_SPLINE_CURVE_WITH_KNOTS((1,2
    ,2,2,2,1),(-2.094395102393,0.,2.094395102393,4.188790204786,
6.28318530718,8.377580409573),.UNSPECIFIED.) CURVE() 
GEOMETRIC_REPRESENTATION_ITEM() RATIONAL_B_SPLINE_CURVE((1.,0.5,1.,0.5,
1.,0.5,1.)) REPRESENTATION_ITEM('') );
#7479 = CARTESIAN_POINT('',(-21.29449920736,0.));
#7480 = CARTESIAN_POINT('',(-21.29449920736,36.883154548897));
#7481 = CARTESIAN_POINT('',(10.647249603684,18.441577274448));
#7482 = CARTESIAN_POINT('',(42.588998414736,5.21564805875E-15));
#7483 = CARTESIAN_POINT('',(10.647249603684,-18.44157727444));
#7484 = CARTESIAN_POINT('',(-21.29449920736,-36.88315454889));
#7485 = CARTESIAN_POINT('',(-21.29449920736,0.));
#7486 = ( GEOMETRIC_REPRESENTATION_CONTEXT(2) 
PARAMETRIC_REPRESENTATION_CONTEXT() REPRESENTATION_CONTEXT('2D SPACE',''
  ) );
#7487 = PCURVE('',#7013,#7488);
#7488 = DEFINITIONAL_REPRESENTATION('',(#7489),#7493);
#7489 = CIRCLE('',#7490,21.294499207368);
#7490 = AXIS2_PLACEMENT_2D('',#7491,#7492);
#7491 = CARTESIAN_POINT('',(-22.59419884019,-19.81980320058));
#7492 = DIRECTION('',(1.,0.));
#7493 = ( GEOMETRIC_REPRESENTATION_CONTEXT(2) 
PARAMETRIC_REPRESENTATION_CONTEXT() REPRESENTATION_CONTEXT('2D SPACE',''
  ) );
#7494 = ORIENTED_EDGE('',*,*,#7495,.F.);
#7495 = EDGE_CURVE('',#6418,#7468,#7496,.T.);
#7496 = SURFACE_CURVE('',#7497,(#7501,#7508),.PCURVE_S1.);
#7497 = LINE('',#7498,#7499);
#7498 = CARTESIAN_POINT('',(-57.6507,144.53891403691,-78.86039952146));
#7499 = VECTOR('',#7500,1.);
#7500 = DIRECTION('',(0.896983796339,3.854321078962E-02,0.440379938244)
  );
#7501 = PCURVE('',#6291,#7502);
#7502 = DEFINITIONAL_REPRESENTATION('',(#7503),#7507);
#7503 = LINE('',#7504,#7505);
#7504 = CARTESIAN_POINT('',(1.582990002191E-06,1.768941670729E-06));
#7505 = VECTOR('',#7506,1.);
#7506 = DIRECTION('',(-0.896983796339,0.44206342204));
#7507 = ( GEOMETRIC_REPRESENTATION_CONTEXT(2) 
PARAMETRIC_REPRESENTATION_CONTEXT() REPRESENTATION_CONTEXT('2D SPACE',''
  ) );
#7508 = PCURVE('',#6458,#7509);
#7509 = DEFINITIONAL_REPRESENTATION('',(#7510),#7514);
#7510 = LINE('',#7511,#7512);
#7511 = CARTESIAN_POINT('',(-31.85248370803,0.940621936677));
#7512 = VECTOR('',#7513,1.);
#7513 = DIRECTION('',(0.896983796339,0.44206342204));
#7514 = ( GEOMETRIC_REPRESENTATION_CONTEXT(2) 
PARAMETRIC_REPRESENTATION_CONTEXT() REPRESENTATION_CONTEXT('2D SPACE',''
  ) );
#7515 = ORIENTED_EDGE('',*,*,#6417,.F.);
#7516 = ORIENTED_EDGE('',*,*,#6273,.T.);
#7517 = ADVANCED_FACE('',(#7518),#6373,.T.);
#7518 = FACE_BOUND('',#7519,.T.);
#7519 = EDGE_LOOP('',(#7520,#7521,#7544,#7572,#7593,#7594));
#7520 = ORIENTED_EDGE('',*,*,#6582,.F.);
#7521 = ORIENTED_EDGE('',*,*,#7522,.T.);
#7522 = EDGE_CURVE('',#6560,#7523,#7525,.T.);
#7523 = VERTEX_POINT('',#7524);
#7524 = CARTESIAN_POINT('',(-45.48805582474,143.39568939524,
    -91.92244564535));
#7525 = SURFACE_CURVE('',#7526,(#7530,#7537),.PCURVE_S1.);
#7526 = LINE('',#7527,#7528);
#7527 = CARTESIAN_POINT('',(-56.59259,141.85679780577,-109.5052305055));
#7528 = VECTOR('',#7529,1.);
#7529 = DIRECTION('',(0.532523775277,7.379835534144E-02,0.843191693219)
  );
#7530 = PCURVE('',#6373,#7531);
#7531 = DEFINITIONAL_REPRESENTATION('',(#7532),#7536);
#7532 = LINE('',#7533,#7534);
#7533 = CARTESIAN_POINT('',(-30.79437370803,-29.82135806327));
#7534 = VECTOR('',#7535,1.);
#7535 = DIRECTION('',(0.532523775277,0.846415045214));
#7536 = ( GEOMETRIC_REPRESENTATION_CONTEXT(2) 
PARAMETRIC_REPRESENTATION_CONTEXT() REPRESENTATION_CONTEXT('2D SPACE',''
  ) );
#7537 = PCURVE('',#7452,#7538);
#7538 = DEFINITIONAL_REPRESENTATION('',(#7539),#7543);
#7539 = LINE('',#7540,#7541);
#7540 = CARTESIAN_POINT('',(-30.79437370803,-29.82135806327));
#7541 = VECTOR('',#7542,1.);
#7542 = DIRECTION('',(0.532523775277,0.846415045214));
#7543 = ( GEOMETRIC_REPRESENTATION_CONTEXT(2) 
PARAMETRIC_REPRESENTATION_CONTEXT() REPRESENTATION_CONTEXT('2D SPACE',''
  ) );
#7544 = ORIENTED_EDGE('',*,*,#7545,.T.);
#7545 = EDGE_CURVE('',#7523,#7546,#7548,.T.);
#7546 = VERTEX_POINT('',#7547);
#7547 = CARTESIAN_POINT('',(-38.25535,145.30536835266,-70.10318658252));
#7548 = SURFACE_CURVE('',#7549,(#7553,#7560),.PCURVE_S1.);
#7549 = LINE('',#7550,#7551);
#7550 = CARTESIAN_POINT('',(-57.96395,140.10163138173,-129.5590886454));
#7551 = VECTOR('',#7552,1.);
#7552 = DIRECTION('',(0.313566080943,8.279205058891E-02,0.945950204419)
  );
#7553 = PCURVE('',#6373,#7554);
#7554 = DEFINITIONAL_REPRESENTATION('',(#7555),#7559);
#7555 = LINE('',#7556,#7557);
#7556 = CARTESIAN_POINT('',(-32.16573370803,-49.9518780633));
#7557 = VECTOR('',#7558,1.);
#7558 = DIRECTION('',(0.313566080943,0.949566381504));
#7559 = ( GEOMETRIC_REPRESENTATION_CONTEXT(2) 
PARAMETRIC_REPRESENTATION_CONTEXT() REPRESENTATION_CONTEXT('2D SPACE',''
  ) );
#7560 = PCURVE('',#7561,#7566);
#7561 = PLANE('',#7562);
#7562 = AXIS2_PLACEMENT_3D('',#7563,#7564,#7565);
#7563 = CARTESIAN_POINT('',(-25.79821629197,144.45690184642,
    -79.79743934365));
#7564 = DIRECTION('',(0.,-0.996191759571,8.718932367605E-02));
#7565 = DIRECTION('',(1.,0.,0.));
#7566 = DEFINITIONAL_REPRESENTATION('',(#7567),#7571);
#7567 = LINE('',#7568,#7569);
#7568 = CARTESIAN_POINT('',(-32.16573370803,-49.9518780633));
#7569 = VECTOR('',#7570,1.);
#7570 = DIRECTION('',(0.313566080943,0.949566381504));
#7571 = ( GEOMETRIC_REPRESENTATION_CONTEXT(2) 
PARAMETRIC_REPRESENTATION_CONTEXT() REPRESENTATION_CONTEXT('2D SPACE',''
  ) );
#7572 = ORIENTED_EDGE('',*,*,#7573,.F.);
#7573 = EDGE_CURVE('',#6442,#7546,#7574,.T.);
#7574 = SURFACE_CURVE('',#7575,(#7579,#7586),.PCURVE_S1.);
#7575 = LINE('',#7576,#7577);
#7576 = CARTESIAN_POINT('',(-77.04605,143.77245972117,-87.6176124604));
#7577 = VECTOR('',#7578,1.);
#7578 = DIRECTION('',(0.91081489669,3.59930606261E-02,0.411242900916));
#7579 = PCURVE('',#6373,#7580);
#7580 = DEFINITIONAL_REPRESENTATION('',(#7581),#7585);
#7581 = LINE('',#7582,#7583);
#7582 = CARTESIAN_POINT('',(-51.24783370803,-7.85006806332));
#7583 = VECTOR('',#7584,1.);
#7584 = DIRECTION('',(0.91081489669,0.412814999688));
#7585 = ( GEOMETRIC_REPRESENTATION_CONTEXT(2) 
PARAMETRIC_REPRESENTATION_CONTEXT() REPRESENTATION_CONTEXT('2D SPACE',''
  ) );
#7586 = PCURVE('',#6458,#7587);
#7587 = DEFINITIONAL_REPRESENTATION('',(#7588),#7592);
#7588 = LINE('',#7589,#7590);
#7589 = CARTESIAN_POINT('',(-51.24783370803,-7.85006806332));
#7590 = VECTOR('',#7591,1.);
#7591 = DIRECTION('',(0.91081489669,0.412814999688));
#7592 = ( GEOMETRIC_REPRESENTATION_CONTEXT(2) 
PARAMETRIC_REPRESENTATION_CONTEXT() REPRESENTATION_CONTEXT('2D SPACE',''
  ) );
#7593 = ORIENTED_EDGE('',*,*,#6474,.T.);
#7594 = ORIENTED_EDGE('',*,*,#6354,.T.);
#7595 = ADVANCED_FACE('',(#7596),#6458,.T.);
#7596 = FACE_BOUND('',#7597,.T.);
#7597 = EDGE_LOOP('',(#7598,#7599,#7600,#7601));
#7598 = ORIENTED_EDGE('',*,*,#7495,.F.);
#7599 = ORIENTED_EDGE('',*,*,#6441,.T.);
#7600 = ORIENTED_EDGE('',*,*,#7573,.T.);
#7601 = ORIENTED_EDGE('',*,*,#7602,.T.);
#7602 = EDGE_CURVE('',#7546,#7468,#7603,.T.);
#7603 = SURFACE_CURVE('',#7604,(#7609,#7616),.PCURVE_S1.);
#7604 = CIRCLE('',#7605,21.294499207368);
#7605 = AXIS2_PLACEMENT_3D('',#7606,#7607,#7608);
#7606 = CARTESIAN_POINT('',(-57.65069841701,144.53890959687,
    -78.86040090856));
#7607 = DIRECTION('',(0.,-0.996191759571,8.718932367605E-02));
#7608 = DIRECTION('',(1.,0.,0.));
#7609 = PCURVE('',#6458,#7610);
#7610 = DEFINITIONAL_REPRESENTATION('',(#7611),#7615);
#7611 = CIRCLE('',#7612,21.294499207368);
#7612 = AXIS2_PLACEMENT_2D('',#7613,#7614);
#7613 = CARTESIAN_POINT('',(-31.85248212504,0.940620167736));
#7614 = DIRECTION('',(1.,0.));
#7615 = ( GEOMETRIC_REPRESENTATION_CONTEXT(2) 
PARAMETRIC_REPRESENTATION_CONTEXT() REPRESENTATION_CONTEXT('2D SPACE',''
  ) );
#7616 = PCURVE('',#6787,#7617);
#7617 = DEFINITIONAL_REPRESENTATION('',(#7618),#7622);
#7618 = CIRCLE('',#7619,21.294499207368);
#7619 = AXIS2_PLACEMENT_2D('',#7620,#7621);
#7620 = CARTESIAN_POINT('',(-31.85248212504,0.940620167736));
#7621 = DIRECTION('',(1.,0.));
#7622 = ( GEOMETRIC_REPRESENTATION_CONTEXT(2) 
PARAMETRIC_REPRESENTATION_CONTEXT() REPRESENTATION_CONTEXT('2D SPACE',''
  ) );
#7623 = ADVANCED_FACE('',(#7624,#7627),#6538,.F.);
#7624 = FACE_BOUND('',#7625,.T.);
#7625 = EDGE_LOOP('',(#7626));
#7626 = ORIENTED_EDGE('',*,*,#6523,.T.);
#7627 = FACE_BOUND('',#7628,.T.);
#7628 = EDGE_LOOP('',(#7629));
#7629 = ORIENTED_EDGE('',*,*,#7630,.T.);
#7630 = EDGE_CURVE('',#7631,#7631,#7633,.T.);
#7631 = VERTEX_POINT('',#7632);
#7632 = CARTESIAN_POINT('',(-57.65,145.38199597296,-78.97651947798));
#7633 = SURFACE_CURVE('',#7634,(#7639,#7646),.PCURVE_S1.);
#7634 = CIRCLE('',#7635,1.35);
#7635 = AXIS2_PLACEMENT_3D('',#7636,#7637,#7638);
#7636 = CARTESIAN_POINT('',(-59.,145.38199597296,-78.97651947798));
#7637 = DIRECTION('',(0.,0.996191759571,-8.718932367606E-02));
#7638 = DIRECTION('',(1.,0.,0.));
#7639 = PCURVE('',#6538,#7640);
#7640 = DEFINITIONAL_REPRESENTATION('',(#7641),#7645);
#7641 = CIRCLE('',#7642,1.35);
#7642 = AXIS2_PLACEMENT_2D('',#7643,#7644);
#7643 = CARTESIAN_POINT('',(0.,0.));
#7644 = DIRECTION('',(-1.,0.));
#7645 = ( GEOMETRIC_REPRESENTATION_CONTEXT(2) 
PARAMETRIC_REPRESENTATION_CONTEXT() REPRESENTATION_CONTEXT('2D SPACE',''
  ) );
#7646 = PCURVE('',#7229,#7647);
#7647 = DEFINITIONAL_REPRESENTATION('',(#7648),#7652);
#7648 = LINE('',#7649,#7650);
#7649 = CARTESIAN_POINT('',(-4.138911435803E-13,1.85));
#7650 = VECTOR('',#7651,1.);
#7651 = DIRECTION('',(1.,-0.));
#7652 = ( GEOMETRIC_REPRESENTATION_CONTEXT(2) 
PARAMETRIC_REPRESENTATION_CONTEXT() REPRESENTATION_CONTEXT('2D SPACE',''
  ) );
#7653 = ADVANCED_FACE('',(#7654),#6622,.T.);
#7654 = FACE_BOUND('',#7655,.F.);
#7655 = EDGE_LOOP('',(#7656,#7657,#7658));
#7656 = ORIENTED_EDGE('',*,*,#6609,.T.);
#7657 = ORIENTED_EDGE('',*,*,#7364,.T.);
#7658 = ORIENTED_EDGE('',*,*,#7025,.F.);
#7659 = ADVANCED_FACE('',(#7660),#6654,.T.);
#7660 = FACE_BOUND('',#7661,.T.);
#7661 = EDGE_LOOP('',(#7662,#7690,#7719,#7741,#7742));
#7662 = ORIENTED_EDGE('',*,*,#7663,.F.);
#7663 = EDGE_CURVE('',#7664,#6751,#7666,.T.);
#7664 = VERTEX_POINT('',#7665);
#7665 = CARTESIAN_POINT('',(-36.39814399379,144.65538789758,
    -77.52958920654));
#7666 = SURFACE_CURVE('',#7667,(#7671,#7678),.PCURVE_S1.);
#7667 = LINE('',#7668,#7669);
#7668 = CARTESIAN_POINT('',(-56.59259,141.85679780577,-109.5052305055));
#7669 = VECTOR('',#7670,1.);
#7670 = DIRECTION('',(0.532523775277,7.379835534144E-02,0.843191693219)
  );
#7671 = PCURVE('',#6654,#7672);
#7672 = DEFINITIONAL_REPRESENTATION('',(#7673),#7677);
#7673 = LINE('',#7674,#7675);
#7674 = CARTESIAN_POINT('',(-30.79437370803,-29.82135806327));
#7675 = VECTOR('',#7676,1.);
#7676 = DIRECTION('',(0.532523775277,0.846415045214));
#7677 = ( GEOMETRIC_REPRESENTATION_CONTEXT(2) 
PARAMETRIC_REPRESENTATION_CONTEXT() REPRESENTATION_CONTEXT('2D SPACE',''
  ) );
#7678 = PCURVE('',#7679,#7684);
#7679 = PLANE('',#7680);
#7680 = AXIS2_PLACEMENT_3D('',#7681,#7682,#7683);
#7681 = CARTESIAN_POINT('',(-25.79821629197,144.45690184642,
    -79.79743934365));
#7682 = DIRECTION('',(0.,-0.996191759571,8.718932367605E-02));
#7683 = DIRECTION('',(1.,0.,0.));
#7684 = DEFINITIONAL_REPRESENTATION('',(#7685),#7689);
#7685 = LINE('',#7686,#7687);
#7686 = CARTESIAN_POINT('',(-30.79437370803,-29.82135806327));
#7687 = VECTOR('',#7688,1.);
#7688 = DIRECTION('',(0.532523775277,0.846415045214));
#7689 = ( GEOMETRIC_REPRESENTATION_CONTEXT(2) 
PARAMETRIC_REPRESENTATION_CONTEXT() REPRESENTATION_CONTEXT('2D SPACE',''
  ) );
#7690 = ORIENTED_EDGE('',*,*,#7691,.F.);
#7691 = EDGE_CURVE('',#7692,#7664,#7694,.T.);
#7692 = VERTEX_POINT('',#7693);
#7693 = CARTESIAN_POINT('',(-36.35619920964,144.53890959687,
    -78.86040090856));
#7694 = SURFACE_CURVE('',#7695,(#7700,#7707),.PCURVE_S1.);
#7695 = CIRCLE('',#7696,21.294499207368);
#7696 = AXIS2_PLACEMENT_3D('',#7697,#7698,#7699);
#7697 = CARTESIAN_POINT('',(-57.65069841701,144.53890959687,
    -78.86040090856));
#7698 = DIRECTION('',(0.,-0.996191759571,8.718932367605E-02));
#7699 = DIRECTION('',(1.,0.,0.));
#7700 = PCURVE('',#6654,#7701);
#7701 = DEFINITIONAL_REPRESENTATION('',(#7702),#7706);
#7702 = CIRCLE('',#7703,21.294499207368);
#7703 = AXIS2_PLACEMENT_2D('',#7704,#7705);
#7704 = CARTESIAN_POINT('',(-31.85248212504,0.940620167736));
#7705 = DIRECTION('',(1.,0.));
#7706 = ( GEOMETRIC_REPRESENTATION_CONTEXT(2) 
PARAMETRIC_REPRESENTATION_CONTEXT() REPRESENTATION_CONTEXT('2D SPACE',''
  ) );
#7707 = PCURVE('',#7708,#7713);
#7708 = PLANE('',#7709);
#7709 = AXIS2_PLACEMENT_3D('',#7710,#7711,#7712);
#7710 = CARTESIAN_POINT('',(-25.79821629197,144.45690184642,
    -79.79743934365));
#7711 = DIRECTION('',(0.,-0.996191759571,8.718932367605E-02));
#7712 = DIRECTION('',(1.,0.,0.));
#7713 = DEFINITIONAL_REPRESENTATION('',(#7714),#7718);
#7714 = CIRCLE('',#7715,21.294499207368);
#7715 = AXIS2_PLACEMENT_2D('',#7716,#7717);
#7716 = CARTESIAN_POINT('',(-31.85248212504,0.940620167736));
#7717 = DIRECTION('',(1.,0.));
#7718 = ( GEOMETRIC_REPRESENTATION_CONTEXT(2) 
PARAMETRIC_REPRESENTATION_CONTEXT() REPRESENTATION_CONTEXT('2D SPACE',''
  ) );
#7719 = ORIENTED_EDGE('',*,*,#7720,.F.);
#7720 = EDGE_CURVE('',#6639,#7692,#7721,.T.);
#7721 = SURFACE_CURVE('',#7722,(#7727,#7734),.PCURVE_S1.);
#7722 = CIRCLE('',#7723,21.294499207368);
#7723 = AXIS2_PLACEMENT_3D('',#7724,#7725,#7726);
#7724 = CARTESIAN_POINT('',(-57.65069841701,144.53890959687,
    -78.86040090856));
#7725 = DIRECTION('',(0.,-0.996191759571,8.718932367605E-02));
#7726 = DIRECTION('',(1.,0.,0.));
#7727 = PCURVE('',#6654,#7728);
#7728 = DEFINITIONAL_REPRESENTATION('',(#7729),#7733);
#7729 = CIRCLE('',#7730,21.294499207368);
#7730 = AXIS2_PLACEMENT_2D('',#7731,#7732);
#7731 = CARTESIAN_POINT('',(-31.85248212504,0.940620167736));
#7732 = DIRECTION('',(1.,0.));
#7733 = ( GEOMETRIC_REPRESENTATION_CONTEXT(2) 
PARAMETRIC_REPRESENTATION_CONTEXT() REPRESENTATION_CONTEXT('2D SPACE',''
  ) );
#7734 = PCURVE('',#7708,#7735);
#7735 = DEFINITIONAL_REPRESENTATION('',(#7736),#7740);
#7736 = CIRCLE('',#7737,21.294499207368);
#7737 = AXIS2_PLACEMENT_2D('',#7738,#7739);
#7738 = CARTESIAN_POINT('',(-31.85248212504,0.940620167736));
#7739 = DIRECTION('',(1.,0.));
#7740 = ( GEOMETRIC_REPRESENTATION_CONTEXT(2) 
PARAMETRIC_REPRESENTATION_CONTEXT() REPRESENTATION_CONTEXT('2D SPACE',''
  ) );
#7741 = ORIENTED_EDGE('',*,*,#6638,.T.);
#7742 = ORIENTED_EDGE('',*,*,#6750,.F.);
#7743 = ADVANCED_FACE('',(#7744),#6683,.T.);
#7744 = FACE_BOUND('',#7745,.F.);
#7745 = EDGE_LOOP('',(#7746,#7747,#7770));
#7746 = ORIENTED_EDGE('',*,*,#6666,.F.);
#7747 = ORIENTED_EDGE('',*,*,#7748,.T.);
#7748 = EDGE_CURVE('',#6667,#7749,#7751,.T.);
#7749 = VERTEX_POINT('',#7750);
#7750 = CARTESIAN_POINT('',(-46.71021324068,143.07299850245,
    -95.60938797649));
#7751 = SURFACE_CURVE('',#7752,(#7756,#7763),.PCURVE_S1.);
#7752 = LINE('',#7753,#7754);
#7753 = CARTESIAN_POINT('',(-57.96395,140.10163138173,-129.5590886454));
#7754 = VECTOR('',#7755,1.);
#7755 = DIRECTION('',(0.313566080943,8.279205058891E-02,0.945950204419)
  );
#7756 = PCURVE('',#6683,#7757);
#7757 = DEFINITIONAL_REPRESENTATION('',(#7758),#7762);
#7758 = LINE('',#7759,#7760);
#7759 = CARTESIAN_POINT('',(-32.16573370803,-49.9518780633));
#7760 = VECTOR('',#7761,1.);
#7761 = DIRECTION('',(0.313566080943,0.949566381504));
#7762 = ( GEOMETRIC_REPRESENTATION_CONTEXT(2) 
PARAMETRIC_REPRESENTATION_CONTEXT() REPRESENTATION_CONTEXT('2D SPACE',''
  ) );
#7763 = PCURVE('',#7418,#7764);
#7764 = DEFINITIONAL_REPRESENTATION('',(#7765),#7769);
#7765 = LINE('',#7766,#7767);
#7766 = CARTESIAN_POINT('',(-32.16573370803,-49.9518780633));
#7767 = VECTOR('',#7768,1.);
#7768 = DIRECTION('',(0.313566080943,0.949566381504));
#7769 = ( GEOMETRIC_REPRESENTATION_CONTEXT(2) 
PARAMETRIC_REPRESENTATION_CONTEXT() REPRESENTATION_CONTEXT('2D SPACE',''
  ) );
#7770 = ORIENTED_EDGE('',*,*,#7771,.T.);
#7771 = EDGE_CURVE('',#7749,#6639,#7772,.T.);
#7772 = SURFACE_CURVE('',#7773,(#7777,#7784),.PCURVE_S1.);
#7773 = LINE('',#7774,#7775);
#7774 = CARTESIAN_POINT('',(-48.23718,142.87352645945,-97.88847900651));
#7775 = VECTOR('',#7776,1.);
#7776 = DIRECTION('',(0.555144209203,7.252007870803E-02,0.828586594855)
  );
#7777 = PCURVE('',#6683,#7778);
#7778 = DEFINITIONAL_REPRESENTATION('',(#7779),#7783);
#7779 = LINE('',#7780,#7781);
#7780 = CARTESIAN_POINT('',(-22.43896370803,-18.16019806332));
#7781 = VECTOR('',#7782,1.);
#7782 = DIRECTION('',(0.555144209203,0.831754114501));
#7783 = ( GEOMETRIC_REPRESENTATION_CONTEXT(2) 
PARAMETRIC_REPRESENTATION_CONTEXT() REPRESENTATION_CONTEXT('2D SPACE',''
  ) );
#7784 = PCURVE('',#7708,#7785);
#7785 = DEFINITIONAL_REPRESENTATION('',(#7786),#7790);
#7786 = LINE('',#7787,#7788);
#7787 = CARTESIAN_POINT('',(-22.43896370803,-18.16019806332));
#7788 = VECTOR('',#7789,1.);
#7789 = DIRECTION('',(0.555144209203,0.831754114501));
#7790 = ( GEOMETRIC_REPRESENTATION_CONTEXT(2) 
PARAMETRIC_REPRESENTATION_CONTEXT() REPRESENTATION_CONTEXT('2D SPACE',''
  ) );
#7791 = ADVANCED_FACE('',(#7792),#6737,.T.);
#7792 = FACE_BOUND('',#7793,.F.);
#7793 = EDGE_LOOP('',(#7794,#7795,#7796,#7819));
#7794 = ORIENTED_EDGE('',*,*,#6826,.F.);
#7795 = ORIENTED_EDGE('',*,*,#6721,.F.);
#7796 = ORIENTED_EDGE('',*,*,#7797,.T.);
#7797 = EDGE_CURVE('',#6722,#7798,#7800,.T.);
#7798 = VERTEX_POINT('',#7799);
#7799 = CARTESIAN_POINT('',(-9.62401,148.36581039384,-35.13575004873));
#7800 = SURFACE_CURVE('',#7801,(#7805,#7812),.PCURVE_S1.);
#7801 = LINE('',#7802,#7803);
#7802 = CARTESIAN_POINT('',(-56.59259,141.85679780577,-109.5052305055));
#7803 = VECTOR('',#7804,1.);
#7804 = DIRECTION('',(0.532523775277,7.379835534144E-02,0.843191693219)
  );
#7805 = PCURVE('',#6737,#7806);
#7806 = DEFINITIONAL_REPRESENTATION('',(#7807),#7811);
#7807 = LINE('',#7808,#7809);
#7808 = CARTESIAN_POINT('',(-30.18552766217,-23.40963931739));
#7809 = VECTOR('',#7810,1.);
#7810 = DIRECTION('',(0.532523775277,0.846415045214));
#7811 = ( GEOMETRIC_REPRESENTATION_CONTEXT(2) 
PARAMETRIC_REPRESENTATION_CONTEXT() REPRESENTATION_CONTEXT('2D SPACE',''
  ) );
#7812 = PCURVE('',#7013,#7813);
#7813 = DEFINITIONAL_REPRESENTATION('',(#7814),#7818);
#7814 = LINE('',#7815,#7816);
#7815 = CARTESIAN_POINT('',(-21.53609042318,-50.58178143159));
#7816 = VECTOR('',#7817,1.);
#7817 = DIRECTION('',(0.532523775277,0.846415045214));
#7818 = ( GEOMETRIC_REPRESENTATION_CONTEXT(2) 
PARAMETRIC_REPRESENTATION_CONTEXT() REPRESENTATION_CONTEXT('2D SPACE',''
  ) );
#7819 = ORIENTED_EDGE('',*,*,#7820,.T.);
#7820 = EDGE_CURVE('',#7798,#6827,#7821,.T.);
#7821 = SURFACE_CURVE('',#7822,(#7827,#7834),.PCURVE_S1.);
#7822 = CIRCLE('',#7823,21.294499207368);
#7823 = AXIS2_PLACEMENT_3D('',#7824,#7825,#7826);
#7824 = CARTESIAN_POINT('',(8.399977204031,147.37709429481,
    -46.43239150301));
#7825 = DIRECTION('',(0.,-0.996191759571,8.718932367605E-02));
#7826 = DIRECTION('',(1.,0.,0.));
#7827 = PCURVE('',#6737,#7828);
#7828 = DEFINITIONAL_REPRESENTATION('',(#7829),#7833);
#7829 = CIRCLE('',#7830,21.294499207368);
#7830 = AXIS2_PLACEMENT_2D('',#7831,#7832);
#7831 = CARTESIAN_POINT('',(34.807039541861,39.904314067001));
#7832 = DIRECTION('',(1.,0.));
#7833 = ( GEOMETRIC_REPRESENTATION_CONTEXT(2) 
PARAMETRIC_REPRESENTATION_CONTEXT() REPRESENTATION_CONTEXT('2D SPACE',''
  ) );
#7834 = PCURVE('',#7835,#7840);
#7835 = PLANE('',#7836);
#7836 = AXIS2_PLACEMENT_3D('',#7837,#7838,#7839);
#7837 = CARTESIAN_POINT('',(8.399977204031,147.37709429481,
    -46.43239150301));
#7838 = DIRECTION('',(0.,0.996191759571,-8.718932367605E-02));
#7839 = DIRECTION('',(-1.,0.,0.));
#7840 = DEFINITIONAL_REPRESENTATION('',(#7841),#7849);
#7841 = ( BOUNDED_CURVE() B_SPLINE_CURVE(2,(#7842,#7843,#7844,#7845,
#7846,#7847,#7848),.UNSPECIFIED.,.T.,.F.) B_SPLINE_CURVE_WITH_KNOTS((1,2
    ,2,2,2,1),(-2.094395102393,0.,2.094395102393,4.188790204786,
6.28318530718,8.377580409573),.UNSPECIFIED.) CURVE() 
GEOMETRIC_REPRESENTATION_ITEM() RATIONAL_B_SPLINE_CURVE((1.,0.5,1.,0.5,
1.,0.5,1.)) REPRESENTATION_ITEM('') );
#7842 = CARTESIAN_POINT('',(-21.29449920736,0.));
#7843 = CARTESIAN_POINT('',(-21.29449920736,36.883154548897));
#7844 = CARTESIAN_POINT('',(10.647249603684,18.441577274448));
#7845 = CARTESIAN_POINT('',(42.588998414736,5.21564805875E-15));
#7846 = CARTESIAN_POINT('',(10.647249603684,-18.44157727444));
#7847 = CARTESIAN_POINT('',(-21.29449920736,-36.88315454889));
#7848 = CARTESIAN_POINT('',(-21.29449920736,0.));
#7849 = ( GEOMETRIC_REPRESENTATION_CONTEXT(2) 
PARAMETRIC_REPRESENTATION_CONTEXT() REPRESENTATION_CONTEXT('2D SPACE',''
  ) );
#7850 = ADVANCED_FACE('',(#7851),#6787,.T.);
#7851 = FACE_BOUND('',#7852,.T.);
#7852 = EDGE_LOOP('',(#7853,#7874,#7875,#7896));
#7853 = ORIENTED_EDGE('',*,*,#7854,.F.);
#7854 = EDGE_CURVE('',#7468,#6722,#7855,.T.);
#7855 = SURFACE_CURVE('',#7856,(#7860,#7867),.PCURVE_S1.);
#7856 = LINE('',#7857,#7858);
#7857 = CARTESIAN_POINT('',(-57.6507,144.53891403691,-78.86039952146));
#7858 = VECTOR('',#7859,1.);
#7859 = DIRECTION('',(0.896983796339,3.854321078962E-02,0.440379938244)
  );
#7860 = PCURVE('',#6787,#7861);
#7861 = DEFINITIONAL_REPRESENTATION('',(#7862),#7866);
#7862 = LINE('',#7863,#7864);
#7863 = CARTESIAN_POINT('',(-31.85248370803,0.940621936677));
#7864 = VECTOR('',#7865,1.);
#7865 = DIRECTION('',(0.896983796339,0.44206342204));
#7866 = ( GEOMETRIC_REPRESENTATION_CONTEXT(2) 
PARAMETRIC_REPRESENTATION_CONTEXT() REPRESENTATION_CONTEXT('2D SPACE',''
  ) );
#7867 = PCURVE('',#7013,#7868);
#7868 = DEFINITIONAL_REPRESENTATION('',(#7869),#7873);
#7869 = LINE('',#7870,#7871);
#7870 = CARTESIAN_POINT('',(-22.59420042318,-19.81980143163));
#7871 = VECTOR('',#7872,1.);
#7872 = DIRECTION('',(0.896983796339,0.44206342204));
#7873 = ( GEOMETRIC_REPRESENTATION_CONTEXT(2) 
PARAMETRIC_REPRESENTATION_CONTEXT() REPRESENTATION_CONTEXT('2D SPACE',''
  ) );
#7874 = ORIENTED_EDGE('',*,*,#7602,.F.);
#7875 = ORIENTED_EDGE('',*,*,#7876,.T.);
#7876 = EDGE_CURVE('',#7546,#6751,#7877,.T.);
#7877 = SURFACE_CURVE('',#7878,(#7882,#7889),.PCURVE_S1.);
#7878 = LINE('',#7879,#7880);
#7879 = CARTESIAN_POINT('',(-38.25535,145.30536835266,-70.10318658252));
#7880 = VECTOR('',#7881,1.);
#7881 = DIRECTION('',(0.412814864713,-7.941334017031E-02,-0.90734635552)
  );
#7882 = PCURVE('',#6787,#7883);
#7883 = DEFINITIONAL_REPRESENTATION('',(#7884),#7888);
#7884 = LINE('',#7885,#7886);
#7885 = CARTESIAN_POINT('',(-12.45713370803,9.731311936676));
#7886 = VECTOR('',#7887,1.);
#7887 = DIRECTION('',(0.412814864713,-0.910814957866));
#7888 = ( GEOMETRIC_REPRESENTATION_CONTEXT(2) 
PARAMETRIC_REPRESENTATION_CONTEXT() REPRESENTATION_CONTEXT('2D SPACE',''
  ) );
#7889 = PCURVE('',#7679,#7890);
#7890 = DEFINITIONAL_REPRESENTATION('',(#7891),#7895);
#7891 = LINE('',#7892,#7893);
#7892 = CARTESIAN_POINT('',(-12.45713370803,9.731311936676));
#7893 = VECTOR('',#7894,1.);
#7894 = DIRECTION('',(0.412814864713,-0.910814957866));
#7895 = ( GEOMETRIC_REPRESENTATION_CONTEXT(2) 
PARAMETRIC_REPRESENTATION_CONTEXT() REPRESENTATION_CONTEXT('2D SPACE',''
  ) );
#7896 = ORIENTED_EDGE('',*,*,#6773,.T.);
#7897 = ADVANCED_FACE('',(#7898),#6864,.F.);
#7898 = FACE_BOUND('',#7899,.T.);
#7899 = EDGE_LOOP('',(#7900,#7901,#7924));
#7900 = ORIENTED_EDGE('',*,*,#6849,.T.);
#7901 = ORIENTED_EDGE('',*,*,#7902,.T.);
#7902 = EDGE_CURVE('',#6803,#7903,#7905,.T.);
#7903 = VERTEX_POINT('',#7904);
#7904 = CARTESIAN_POINT('',(-10.31721306709,147.82712039234,
    -41.29061532158));
#7905 = SURFACE_CURVE('',#7906,(#7910,#7917),.PCURVE_S1.);
#7906 = LINE('',#7907,#7908);
#7907 = CARTESIAN_POINT('',(-20.54462,139.87937446106,-132.0985109455));
#7908 = VECTOR('',#7909,1.);
#7909 = DIRECTION('',(0.111498339761,8.664566512267E-02,0.989980125531)
  );
#7910 = PCURVE('',#6864,#7911);
#7911 = DEFINITIONAL_REPRESENTATION('',(#7912),#7916);
#7912 = LINE('',#7913,#7914);
#7913 = CARTESIAN_POINT('',(28.944597204031,-85.99360338444));
#7914 = VECTOR('',#7915,1.);
#7915 = DIRECTION('',(-0.111498339761,0.993764620134));
#7916 = ( GEOMETRIC_REPRESENTATION_CONTEXT(2) 
PARAMETRIC_REPRESENTATION_CONTEXT() REPRESENTATION_CONTEXT('2D SPACE',''
  ) );
#7917 = PCURVE('',#6898,#7918);
#7918 = DEFINITIONAL_REPRESENTATION('',(#7919),#7923);
#7919 = LINE('',#7920,#7921);
#7920 = CARTESIAN_POINT('',(28.944597204031,-85.99360338444));
#7921 = VECTOR('',#7922,1.);
#7922 = DIRECTION('',(-0.111498339761,0.993764620134));
#7923 = ( GEOMETRIC_REPRESENTATION_CONTEXT(2) 
PARAMETRIC_REPRESENTATION_CONTEXT() REPRESENTATION_CONTEXT('2D SPACE',''
  ) );
#7924 = ORIENTED_EDGE('',*,*,#7925,.F.);
#7925 = EDGE_CURVE('',#6827,#7903,#7926,.T.);
#7926 = SURFACE_CURVE('',#7927,(#7931,#7938),.PCURVE_S1.);
#7927 = LINE('',#7928,#7929);
#7928 = CARTESIAN_POINT('',(-48.23718,142.87352645945,-97.88847900651));
#7929 = VECTOR('',#7930,1.);
#7930 = DIRECTION('',(0.555144209203,7.252007870803E-02,0.828586594855)
  );
#7931 = PCURVE('',#6864,#7932);
#7932 = DEFINITIONAL_REPRESENTATION('',(#7933),#7937);
#7933 = LINE('',#7934,#7935);
#7934 = CARTESIAN_POINT('',(56.637157204031,-51.65279338443));
#7935 = VECTOR('',#7936,1.);
#7936 = DIRECTION('',(-0.555144209203,0.831754114501));
#7937 = ( GEOMETRIC_REPRESENTATION_CONTEXT(2) 
PARAMETRIC_REPRESENTATION_CONTEXT() REPRESENTATION_CONTEXT('2D SPACE',''
  ) );
#7938 = PCURVE('',#7835,#7939);
#7939 = DEFINITIONAL_REPRESENTATION('',(#7940),#7944);
#7940 = LINE('',#7941,#7942);
#7941 = CARTESIAN_POINT('',(56.637157204031,-51.65279338443));
#7942 = VECTOR('',#7943,1.);
#7943 = DIRECTION('',(-0.555144209203,0.831754114501));
#7944 = ( GEOMETRIC_REPRESENTATION_CONTEXT(2) 
PARAMETRIC_REPRESENTATION_CONTEXT() REPRESENTATION_CONTEXT('2D SPACE',''
  ) );
#7945 = ADVANCED_FACE('',(#7946),#6898,.F.);
#7946 = FACE_BOUND('',#7947,.F.);
#7947 = EDGE_LOOP('',(#7948,#7949,#7975,#7976,#7977));
#7948 = ORIENTED_EDGE('',*,*,#7902,.T.);
#7949 = ORIENTED_EDGE('',*,*,#7950,.T.);
#7950 = EDGE_CURVE('',#7903,#6946,#7951,.T.);
#7951 = SURFACE_CURVE('',#7952,(#7956,#7963),.PCURVE_S1.);
#7952 = LINE('',#7953,#7954);
#7953 = CARTESIAN_POINT('',(-48.23718,142.87352645945,-97.88847900651));
#7954 = VECTOR('',#7955,1.);
#7955 = DIRECTION('',(0.555144209203,7.252007870803E-02,0.828586594855)
  );
#7956 = PCURVE('',#6898,#7957);
#7957 = DEFINITIONAL_REPRESENTATION('',(#7958),#7962);
#7958 = LINE('',#7959,#7960);
#7959 = CARTESIAN_POINT('',(56.637157204031,-51.65279338443));
#7960 = VECTOR('',#7961,1.);
#7961 = DIRECTION('',(-0.555144209203,0.831754114501));
#7962 = ( GEOMETRIC_REPRESENTATION_CONTEXT(2) 
PARAMETRIC_REPRESENTATION_CONTEXT() REPRESENTATION_CONTEXT('2D SPACE',''
  ) );
#7963 = PCURVE('',#7964,#7969);
#7964 = PLANE('',#7965);
#7965 = AXIS2_PLACEMENT_3D('',#7966,#7967,#7968);
#7966 = CARTESIAN_POINT('',(8.399977204031,147.37709429481,
    -46.43239150301));
#7967 = DIRECTION('',(0.,0.996191759571,-8.718932367605E-02));
#7968 = DIRECTION('',(-1.,0.,0.));
#7969 = DEFINITIONAL_REPRESENTATION('',(#7970),#7974);
#7970 = LINE('',#7971,#7972);
#7971 = CARTESIAN_POINT('',(56.637157204031,-51.65279338443));
#7972 = VECTOR('',#7973,1.);
#7973 = DIRECTION('',(-0.555144209203,0.831754114501));
#7974 = ( GEOMETRIC_REPRESENTATION_CONTEXT(2) 
PARAMETRIC_REPRESENTATION_CONTEXT() REPRESENTATION_CONTEXT('2D SPACE',''
  ) );
#7975 = ORIENTED_EDGE('',*,*,#6974,.T.);
#7976 = ORIENTED_EDGE('',*,*,#6920,.F.);
#7977 = ORIENTED_EDGE('',*,*,#6883,.F.);
#7978 = ADVANCED_FACE('',(#7979),#6961,.F.);
#7979 = FACE_BOUND('',#7980,.T.);
#7980 = EDGE_LOOP('',(#7981,#8002,#8003));
#7981 = ORIENTED_EDGE('',*,*,#7982,.T.);
#7982 = EDGE_CURVE('',#7798,#6946,#7983,.T.);
#7983 = SURFACE_CURVE('',#7984,(#7988,#7995),.PCURVE_S1.);
#7984 = LINE('',#7985,#7986);
#7985 = CARTESIAN_POINT('',(-9.62401,148.36581039384,-35.13575004873));
#7986 = VECTOR('',#7987,1.);
#7987 = DIRECTION('',(0.846415096421,-4.643038071147E-02,-0.530495715627
    ));
#7988 = PCURVE('',#6961,#7989);
#7989 = DEFINITIONAL_REPRESENTATION('',(#7990),#7994);
#7990 = LINE('',#7991,#7992);
#7991 = CARTESIAN_POINT('',(18.023987204031,11.339826615563));
#7992 = VECTOR('',#7993,1.);
#7993 = DIRECTION('',(-0.846415096421,-0.532523693887));
#7994 = ( GEOMETRIC_REPRESENTATION_CONTEXT(2) 
PARAMETRIC_REPRESENTATION_CONTEXT() REPRESENTATION_CONTEXT('2D SPACE',''
  ) );
#7995 = PCURVE('',#7964,#7996);
#7996 = DEFINITIONAL_REPRESENTATION('',(#7997),#8001);
#7997 = LINE('',#7998,#7999);
#7998 = CARTESIAN_POINT('',(18.023987204031,11.339826615563));
#7999 = VECTOR('',#8000,1.);
#8000 = DIRECTION('',(-0.846415096421,-0.532523693887));
#8001 = ( GEOMETRIC_REPRESENTATION_CONTEXT(2) 
PARAMETRIC_REPRESENTATION_CONTEXT() REPRESENTATION_CONTEXT('2D SPACE',''
  ) );
#8002 = ORIENTED_EDGE('',*,*,#6945,.T.);
#8003 = ORIENTED_EDGE('',*,*,#8004,.T.);
#8004 = EDGE_CURVE('',#5284,#7798,#8005,.T.);
#8005 = SURFACE_CURVE('',#8006,(#8011,#8022),.PCURVE_S1.);
#8006 = CIRCLE('',#8007,21.294499207368);
#8007 = AXIS2_PLACEMENT_3D('',#8008,#8009,#8010);
#8008 = CARTESIAN_POINT('',(8.399977204031,147.37709429481,
    -46.43239150301));
#8009 = DIRECTION('',(0.,-0.996191759571,8.718932367605E-02));
#8010 = DIRECTION('',(1.,0.,0.));
#8011 = PCURVE('',#6961,#8012);
#8012 = DEFINITIONAL_REPRESENTATION('',(#8013),#8021);
#8013 = ( BOUNDED_CURVE() B_SPLINE_CURVE(2,(#8014,#8015,#8016,#8017,
#8018,#8019,#8020),.UNSPECIFIED.,.T.,.F.) B_SPLINE_CURVE_WITH_KNOTS((1,2
    ,2,2,2,1),(-2.094395102393,0.,2.094395102393,4.188790204786,
6.28318530718,8.377580409573),.UNSPECIFIED.) CURVE() 
GEOMETRIC_REPRESENTATION_ITEM() RATIONAL_B_SPLINE_CURVE((1.,0.5,1.,0.5,
1.,0.5,1.)) REPRESENTATION_ITEM('') );
#8014 = CARTESIAN_POINT('',(-21.29449920736,0.));
#8015 = CARTESIAN_POINT('',(-21.29449920736,36.883154548897));
#8016 = CARTESIAN_POINT('',(10.647249603684,18.441577274448));
#8017 = CARTESIAN_POINT('',(42.588998414736,5.21564805875E-15));
#8018 = CARTESIAN_POINT('',(10.647249603684,-18.44157727444));
#8019 = CARTESIAN_POINT('',(-21.29449920736,-36.88315454889));
#8020 = CARTESIAN_POINT('',(-21.29449920736,0.));
#8021 = ( GEOMETRIC_REPRESENTATION_CONTEXT(2) 
PARAMETRIC_REPRESENTATION_CONTEXT() REPRESENTATION_CONTEXT('2D SPACE',''
  ) );
#8022 = PCURVE('',#7013,#8023);
#8023 = DEFINITIONAL_REPRESENTATION('',(#8024),#8028);
#8024 = CIRCLE('',#8025,21.294499207368);
#8025 = AXIS2_PLACEMENT_2D('',#8026,#8027);
#8026 = CARTESIAN_POINT('',(43.456476780851,12.732171952796));
#8027 = DIRECTION('',(1.,0.));
#8028 = ( GEOMETRIC_REPRESENTATION_CONTEXT(2) 
PARAMETRIC_REPRESENTATION_CONTEXT() REPRESENTATION_CONTEXT('2D SPACE',''
  ) );
#8029 = ADVANCED_FACE('',(#8030),#7013,.T.);
#8030 = FACE_BOUND('',#8031,.T.);
#8031 = EDGE_LOOP('',(#8032,#8033,#8034,#8035,#8036));
#8032 = ORIENTED_EDGE('',*,*,#7854,.T.);
#8033 = ORIENTED_EDGE('',*,*,#7797,.T.);
#8034 = ORIENTED_EDGE('',*,*,#8004,.F.);
#8035 = ORIENTED_EDGE('',*,*,#6999,.F.);
#8036 = ORIENTED_EDGE('',*,*,#7467,.F.);
#8037 = ADVANCED_FACE('',(#8038),#7118,.T.);
#8038 = FACE_BOUND('',#8039,.T.);
#8039 = EDGE_LOOP('',(#8040,#8041));
#8040 = ORIENTED_EDGE('',*,*,#7334,.F.);
#8041 = ORIENTED_EDGE('',*,*,#7104,.F.);
#8042 = ADVANCED_FACE('',(#8043),#7229,.F.);
#8043 = FACE_BOUND('',#8044,.F.);
#8044 = EDGE_LOOP('',(#8045,#8046,#8067,#8068));
#8045 = ORIENTED_EDGE('',*,*,#7630,.T.);
#8046 = ORIENTED_EDGE('',*,*,#8047,.T.);
#8047 = EDGE_CURVE('',#7631,#7213,#8048,.T.);
#8048 = SEAM_CURVE('',#8049,(#8053,#8060),.PCURVE_S1.);
#8049 = LINE('',#8050,#8051);
#8050 = CARTESIAN_POINT('',(-57.65,143.53904121775,-78.81521922918));
#8051 = VECTOR('',#8052,1.);
#8052 = DIRECTION('',(0.,0.996191759571,-8.718932367606E-02));
#8053 = PCURVE('',#7229,#8054);
#8054 = DEFINITIONAL_REPRESENTATION('',(#8055),#8059);
#8055 = LINE('',#8056,#8057);
#8056 = CARTESIAN_POINT('',(6.28318530718,0.));
#8057 = VECTOR('',#8058,1.);
#8058 = DIRECTION('',(-0.,1.));
#8059 = ( GEOMETRIC_REPRESENTATION_CONTEXT(2) 
PARAMETRIC_REPRESENTATION_CONTEXT() REPRESENTATION_CONTEXT('2D SPACE',''
  ) );
#8060 = PCURVE('',#7229,#8061);
#8061 = DEFINITIONAL_REPRESENTATION('',(#8062),#8066);
#8062 = LINE('',#8063,#8064);
#8063 = CARTESIAN_POINT('',(-4.138911435803E-13,0.));
#8064 = VECTOR('',#8065,1.);
#8065 = DIRECTION('',(-0.,1.));
#8066 = ( GEOMETRIC_REPRESENTATION_CONTEXT(2) 
PARAMETRIC_REPRESENTATION_CONTEXT() REPRESENTATION_CONTEXT('2D SPACE',''
  ) );
#8067 = ORIENTED_EDGE('',*,*,#7212,.F.);
#8068 = ORIENTED_EDGE('',*,*,#8047,.F.);
#8069 = ADVANCED_FACE('',(#8070),#7418,.T.);
#8070 = FACE_BOUND('',#8071,.F.);
#8071 = EDGE_LOOP('',(#8072,#8073,#8094));
#8072 = ORIENTED_EDGE('',*,*,#7403,.F.);
#8073 = ORIENTED_EDGE('',*,*,#8074,.T.);
#8074 = EDGE_CURVE('',#6188,#7749,#8075,.T.);
#8075 = SURFACE_CURVE('',#8076,(#8080,#8087),.PCURVE_S1.);
#8076 = LINE('',#8077,#8078);
#8077 = CARTESIAN_POINT('',(-48.23718,142.87352645945,-97.88847900651));
#8078 = VECTOR('',#8079,1.);
#8079 = DIRECTION('',(0.555144209203,7.252007870803E-02,0.828586594855)
  );
#8080 = PCURVE('',#7418,#8081);
#8081 = DEFINITIONAL_REPRESENTATION('',(#8082),#8086);
#8082 = LINE('',#8083,#8084);
#8083 = CARTESIAN_POINT('',(-22.43896370803,-18.16019806332));
#8084 = VECTOR('',#8085,1.);
#8085 = DIRECTION('',(0.555144209203,0.831754114501));
#8086 = ( GEOMETRIC_REPRESENTATION_CONTEXT(2) 
PARAMETRIC_REPRESENTATION_CONTEXT() REPRESENTATION_CONTEXT('2D SPACE',''
  ) );
#8087 = PCURVE('',#7452,#8088);
#8088 = DEFINITIONAL_REPRESENTATION('',(#8089),#8093);
#8089 = LINE('',#8090,#8091);
#8090 = CARTESIAN_POINT('',(-22.43896370803,-18.16019806332));
#8091 = VECTOR('',#8092,1.);
#8092 = DIRECTION('',(0.555144209203,0.831754114501));
#8093 = ( GEOMETRIC_REPRESENTATION_CONTEXT(2) 
PARAMETRIC_REPRESENTATION_CONTEXT() REPRESENTATION_CONTEXT('2D SPACE',''
  ) );
#8094 = ORIENTED_EDGE('',*,*,#7748,.F.);
#8095 = ADVANCED_FACE('',(#8096),#7452,.T.);
#8096 = FACE_BOUND('',#8097,.F.);
#8097 = EDGE_LOOP('',(#8098,#8099,#8100,#8101));
#8098 = ORIENTED_EDGE('',*,*,#8074,.F.);
#8099 = ORIENTED_EDGE('',*,*,#7438,.T.);
#8100 = ORIENTED_EDGE('',*,*,#7522,.T.);
#8101 = ORIENTED_EDGE('',*,*,#8102,.F.);
#8102 = EDGE_CURVE('',#7749,#7523,#8103,.T.);
#8103 = SURFACE_CURVE('',#8104,(#8108,#8115),.PCURVE_S1.);
#8104 = LINE('',#8105,#8106);
#8105 = CARTESIAN_POINT('',(-57.96395,140.10163138173,-129.5590886454));
#8106 = VECTOR('',#8107,1.);
#8107 = DIRECTION('',(0.313566080943,8.279205058891E-02,0.945950204419)
  );
#8108 = PCURVE('',#7452,#8109);
#8109 = DEFINITIONAL_REPRESENTATION('',(#8110),#8114);
#8110 = LINE('',#8111,#8112);
#8111 = CARTESIAN_POINT('',(-32.16573370803,-49.9518780633));
#8112 = VECTOR('',#8113,1.);
#8113 = DIRECTION('',(0.313566080943,0.949566381504));
#8114 = ( GEOMETRIC_REPRESENTATION_CONTEXT(2) 
PARAMETRIC_REPRESENTATION_CONTEXT() REPRESENTATION_CONTEXT('2D SPACE',''
  ) );
#8115 = PCURVE('',#7708,#8116);
#8116 = DEFINITIONAL_REPRESENTATION('',(#8117),#8121);
#8117 = LINE('',#8118,#8119);
#8118 = CARTESIAN_POINT('',(-32.16573370803,-49.9518780633));
#8119 = VECTOR('',#8120,1.);
#8120 = DIRECTION('',(0.313566080943,0.949566381504));
#8121 = ( GEOMETRIC_REPRESENTATION_CONTEXT(2) 
PARAMETRIC_REPRESENTATION_CONTEXT() REPRESENTATION_CONTEXT('2D SPACE',''
  ) );
#8122 = ADVANCED_FACE('',(#8123),#7561,.T.);
#8123 = FACE_BOUND('',#8124,.T.);
#8124 = EDGE_LOOP('',(#8125,#8147,#8148));
#8125 = ORIENTED_EDGE('',*,*,#8126,.T.);
#8126 = EDGE_CURVE('',#7664,#7546,#8127,.T.);
#8127 = SURFACE_CURVE('',#8128,(#8133,#8140),.PCURVE_S1.);
#8128 = CIRCLE('',#8129,21.294499207368);
#8129 = AXIS2_PLACEMENT_3D('',#8130,#8131,#8132);
#8130 = CARTESIAN_POINT('',(-57.65069841701,144.53890959687,
    -78.86040090856));
#8131 = DIRECTION('',(0.,-0.996191759571,8.718932367605E-02));
#8132 = DIRECTION('',(1.,0.,0.));
#8133 = PCURVE('',#7561,#8134);
#8134 = DEFINITIONAL_REPRESENTATION('',(#8135),#8139);
#8135 = CIRCLE('',#8136,21.294499207368);
#8136 = AXIS2_PLACEMENT_2D('',#8137,#8138);
#8137 = CARTESIAN_POINT('',(-31.85248212504,0.940620167736));
#8138 = DIRECTION('',(1.,0.));
#8139 = ( GEOMETRIC_REPRESENTATION_CONTEXT(2) 
PARAMETRIC_REPRESENTATION_CONTEXT() REPRESENTATION_CONTEXT('2D SPACE',''
  ) );
#8140 = PCURVE('',#7679,#8141);
#8141 = DEFINITIONAL_REPRESENTATION('',(#8142),#8146);
#8142 = CIRCLE('',#8143,21.294499207368);
#8143 = AXIS2_PLACEMENT_2D('',#8144,#8145);
#8144 = CARTESIAN_POINT('',(-31.85248212504,0.940620167736));
#8145 = DIRECTION('',(1.,0.));
#8146 = ( GEOMETRIC_REPRESENTATION_CONTEXT(2) 
PARAMETRIC_REPRESENTATION_CONTEXT() REPRESENTATION_CONTEXT('2D SPACE',''
  ) );
#8147 = ORIENTED_EDGE('',*,*,#7545,.F.);
#8148 = ORIENTED_EDGE('',*,*,#8149,.T.);
#8149 = EDGE_CURVE('',#7523,#7664,#8150,.T.);
#8150 = SURFACE_CURVE('',#8151,(#8155,#8162),.PCURVE_S1.);
#8151 = LINE('',#8152,#8153);
#8152 = CARTESIAN_POINT('',(-56.59259,141.85679780577,-109.5052305055));
#8153 = VECTOR('',#8154,1.);
#8154 = DIRECTION('',(0.532523775277,7.379835534144E-02,0.843191693219)
  );
#8155 = PCURVE('',#7561,#8156);
#8156 = DEFINITIONAL_REPRESENTATION('',(#8157),#8161);
#8157 = LINE('',#8158,#8159);
#8158 = CARTESIAN_POINT('',(-30.79437370803,-29.82135806327));
#8159 = VECTOR('',#8160,1.);
#8160 = DIRECTION('',(0.532523775277,0.846415045214));
#8161 = ( GEOMETRIC_REPRESENTATION_CONTEXT(2) 
PARAMETRIC_REPRESENTATION_CONTEXT() REPRESENTATION_CONTEXT('2D SPACE',''
  ) );
#8162 = PCURVE('',#7708,#8163);
#8163 = DEFINITIONAL_REPRESENTATION('',(#8164),#8168);
#8164 = LINE('',#8165,#8166);
#8165 = CARTESIAN_POINT('',(-30.79437370803,-29.82135806327));
#8166 = VECTOR('',#8167,1.);
#8167 = DIRECTION('',(0.532523775277,0.846415045214));
#8168 = ( GEOMETRIC_REPRESENTATION_CONTEXT(2) 
PARAMETRIC_REPRESENTATION_CONTEXT() REPRESENTATION_CONTEXT('2D SPACE',''
  ) );
#8169 = ADVANCED_FACE('',(#8170),#7679,.T.);
#8170 = FACE_BOUND('',#8171,.F.);
#8171 = EDGE_LOOP('',(#8172,#8173,#8174));
#8172 = ORIENTED_EDGE('',*,*,#7876,.T.);
#8173 = ORIENTED_EDGE('',*,*,#7663,.F.);
#8174 = ORIENTED_EDGE('',*,*,#8126,.T.);
#8175 = ADVANCED_FACE('',(#8176),#7708,.T.);
#8176 = FACE_BOUND('',#8177,.F.);
#8177 = EDGE_LOOP('',(#8178,#8179,#8180,#8181,#8182));
#8178 = ORIENTED_EDGE('',*,*,#7720,.F.);
#8179 = ORIENTED_EDGE('',*,*,#7771,.F.);
#8180 = ORIENTED_EDGE('',*,*,#8102,.T.);
#8181 = ORIENTED_EDGE('',*,*,#8149,.T.);
#8182 = ORIENTED_EDGE('',*,*,#7691,.F.);
#8183 = ADVANCED_FACE('',(#8184),#7835,.F.);
#8184 = FACE_BOUND('',#8185,.F.);
#8185 = EDGE_LOOP('',(#8186,#8187,#8208));
#8186 = ORIENTED_EDGE('',*,*,#7820,.F.);
#8187 = ORIENTED_EDGE('',*,*,#8188,.F.);
#8188 = EDGE_CURVE('',#7903,#7798,#8189,.T.);
#8189 = SURFACE_CURVE('',#8190,(#8194,#8201),.PCURVE_S1.);
#8190 = LINE('',#8191,#8192);
#8191 = CARTESIAN_POINT('',(-20.54462,139.87937446106,-132.0985109455));
#8192 = VECTOR('',#8193,1.);
#8193 = DIRECTION('',(0.111498339761,8.664566512267E-02,0.989980125531)
  );
#8194 = PCURVE('',#7835,#8195);
#8195 = DEFINITIONAL_REPRESENTATION('',(#8196),#8200);
#8196 = LINE('',#8197,#8198);
#8197 = CARTESIAN_POINT('',(28.944597204031,-85.99360338444));
#8198 = VECTOR('',#8199,1.);
#8199 = DIRECTION('',(-0.111498339761,0.993764620134));
#8200 = ( GEOMETRIC_REPRESENTATION_CONTEXT(2) 
PARAMETRIC_REPRESENTATION_CONTEXT() REPRESENTATION_CONTEXT('2D SPACE',''
  ) );
#8201 = PCURVE('',#7964,#8202);
#8202 = DEFINITIONAL_REPRESENTATION('',(#8203),#8207);
#8203 = LINE('',#8204,#8205);
#8204 = CARTESIAN_POINT('',(28.944597204031,-85.99360338444));
#8205 = VECTOR('',#8206,1.);
#8206 = DIRECTION('',(-0.111498339761,0.993764620134));
#8207 = ( GEOMETRIC_REPRESENTATION_CONTEXT(2) 
PARAMETRIC_REPRESENTATION_CONTEXT() REPRESENTATION_CONTEXT('2D SPACE',''
  ) );
#8208 = ORIENTED_EDGE('',*,*,#7925,.F.);
#8209 = ADVANCED_FACE('',(#8210),#7964,.F.);
#8210 = FACE_BOUND('',#8211,.T.);
#8211 = EDGE_LOOP('',(#8212,#8213,#8214));
#8212 = ORIENTED_EDGE('',*,*,#7950,.T.);
#8213 = ORIENTED_EDGE('',*,*,#7982,.F.);
#8214 = ORIENTED_EDGE('',*,*,#8188,.F.);
#8215 = ( GEOMETRIC_REPRESENTATION_CONTEXT(3) 
GLOBAL_UNCERTAINTY_ASSIGNED_CONTEXT((#8219)) 
GLOBAL_UNIT_ASSIGNED_CONTEXT((#8216,#8217,#8218)) REPRESENTATION_CONTEXT
('Context #1','3D Context with UNIT and UNCERTAINTY') );
#8216 = ( LENGTH_UNIT() NAMED_UNIT(*) SI_UNIT(.MILLI.,.METRE.) );
#8217 = ( NAMED_UNIT(*) PLANE_ANGLE_UNIT() SI_UNIT($,.RADIAN.) );
#8218 = ( NAMED_UNIT(*) SI_UNIT($,.STERADIAN.) SOLID_ANGLE_UNIT() );
#8219 = UNCERTAINTY_MEASURE_WITH_UNIT(LENGTH_MEASURE(5.E-04),#8216,
  'distance_accuracy_value','confusion accuracy');
#8220 = PRODUCT_RELATED_PRODUCT_CATEGORY('part',$,(#7));
ENDSEC;
END-ISO-10303-21;
