ISO-10303-21;
HEADER;
FILE_DESCRIPTION(('Open CASCADE Model'),'2;1');
FILE_NAME('Open CASCADE Shape Model','2026-09-24T23:30:46',('Author'),(
    'Open CASCADE'),'Open CASCADE STEP processor 7.9','Open CASCADE 7.9'
  ,'Unknown');
FILE_SCHEMA(('AUTOMOTIVE_DESIGN { 1 0 10303 214 1 1 1 1 }'));
ENDSEC;
DATA;
#1 = APPLICATION_PROTOCOL_DEFINITION('international standard',
  'automotive_design',2000,#2);
#2 = APPLICATION_CONTEXT(
  'core data for automotive mechanical design processes');
#3 = SHAPE_DEFINITION_REPRESENTATION(#4,#10);
#4 = PRODUCT_DEFINITION_SHAPE('','',#5);
#5 = PRODUCT_DEFINITION('design','',#6,#9);
#6 = PRODUCT_DEFINITION_FORMATION('','',#7);
#7 = PRODUCT('Open CASCADE STEP translator 7.9 3',
  'Open CASCADE STEP translator 7.9 3','',(#8));
#8 = PRODUCT_CONTEXT('',#2,'mechanical');
#9 = PRODUCT_DEFINITION_CONTEXT('part definition',#2,'design');
#10 = ADVANCED_BREP_SHAPE_REPRESENTATION('',(#11,#15),#8103);
#11 = AXIS2_PLACEMENT_3D('',#12,#13,#14);
#12 = CARTESIAN_POINT('',(0.,0.,0.));
#13 = DIRECTION('',(0.,0.,1.));
#14 = DIRECTION('',(1.,0.,-0.));
#15 = MANIFOLD_SOLID_BREP('',#16);
#16 = CLOSED_SHELL('',(#17,#302,#341,#419,#502,#584,#671,#725,#812,#871,
    #919,#978,#1027,#1080,#1135,#1221,#1402,#1534,#1715,#1750,#1860,
    #1886,#1918,#1944,#2094,#2149,#2231,#2285,#2311,#2371,#2424,#2478,
    #2560,#2642,#2734,#2787,#2838,#2864,#2870,#2977,#3116,#3193,#3220,
    #3254,#3341,#3400,#3482,#3528,#3643,#3696,#3777,#3830,#3885,#3933,
    #3964,#4017,#4098,#4124,#4187,#4213,#4267,#4341,#4379,#4438,#4465,
    #4582,#4631,#4700,#4706,#4826,#4852,#4934,#4965,#5024,#5228,#5277,
    #5303,#5352,#5384,#5438,#5494,#5598,#5667,#5693,#5747,#5778,#5804,
    #5831,#5886,#5912,#5966,#6014,#6095,#6126,#6203,#6363,#6426,#6457,
    #6486,#6525,#6552,#6608,#6640,#6694,#6785,#6866,#6947,#6983,#7009,
    #7062,#7113,#7140,#7188,#7242,#7274,#7352,#7386,#7422,#7462,#7488,
    #7515,#7541,#7547,#7555,#7608,#7703,#7762,#7809,#7857,#7890,#7941,
    #7949,#7996,#8051,#8057,#8065,#8071,#8097));
#17 = ADVANCED_FACE('',(#18),#32,.T.);
#18 = FACE_BOUND('',#19,.T.);
#19 = EDGE_LOOP('',(#20,#50,#77,#78,#111,#144,#177,#210,#243,#276));
#20 = ORIENTED_EDGE('',*,*,#21,.T.);
#21 = EDGE_CURVE('',#22,#24,#26,.T.);
#22 = VERTEX_POINT('',#23);
#23 = CARTESIAN_POINT('',(-34.5,-143.2144221967,-116.9320740639));
#24 = VERTEX_POINT('',#25);
#25 = CARTESIAN_POINT('',(-34.5,-143.3339652079,-116.9425367827));
#26 = SEAM_CURVE('',#27,(#31,#43),.PCURVE_S1.);
#27 = LINE('',#28,#29);
#28 = CARTESIAN_POINT('',(-34.5,-143.0151838448,-116.9146361991));
#29 = VECTOR('',#30,1.);
#30 = DIRECTION('',(-0.,-0.996191759571,-8.718932367606E-02));
#31 = PCURVE('',#32,#37);
#32 = CYLINDRICAL_SURFACE('',#33,4.5);
#33 = AXIS2_PLACEMENT_3D('',#34,#35,#36);
#34 = CARTESIAN_POINT('',(-39.,-143.0151838448,-116.9146361991));
#35 = DIRECTION('',(-0.,-0.996191759571,-8.718932367606E-02));
#36 = DIRECTION('',(1.,-0.,0.));
#37 = DEFINITIONAL_REPRESENTATION('',(#38),#42);
#38 = LINE('',#39,#40);
#39 = CARTESIAN_POINT('',(6.28318530718,0.));
#40 = VECTOR('',#41,1.);
#41 = DIRECTION('',(0.,1.));
#42 = ( GEOMETRIC_REPRESENTATION_CONTEXT(2) 
PARAMETRIC_REPRESENTATION_CONTEXT() REPRESENTATION_CONTEXT('2D SPACE',''
  ) );
#43 = PCURVE('',#32,#44);
#44 = DEFINITIONAL_REPRESENTATION('',(#45),#49);
#45 = LINE('',#46,#47);
#46 = CARTESIAN_POINT('',(4.138911435803E-13,0.));
#47 = VECTOR('',#48,1.);
#48 = DIRECTION('',(0.,1.));
#49 = ( GEOMETRIC_REPRESENTATION_CONTEXT(2) 
PARAMETRIC_REPRESENTATION_CONTEXT() REPRESENTATION_CONTEXT('2D SPACE',''
  ) );
#50 = ORIENTED_EDGE('',*,*,#51,.F.);
#51 = EDGE_CURVE('',#24,#24,#52,.T.);
#52 = SURFACE_CURVE('',#53,(#58,#65),.PCURVE_S1.);
#53 = CIRCLE('',#54,4.5);
#54 = AXIS2_PLACEMENT_3D('',#55,#56,#57);
#55 = CARTESIAN_POINT('',(-39.,-143.3339652079,-116.9425367827));
#56 = DIRECTION('',(0.,-0.996191759571,-8.718932367606E-02));
#57 = DIRECTION('',(1.,0.,0.));
#58 = PCURVE('',#32,#59);
#59 = DEFINITIONAL_REPRESENTATION('',(#60),#64);
#60 = LINE('',#61,#62);
#61 = CARTESIAN_POINT('',(0.,0.32));
#62 = VECTOR('',#63,1.);
#63 = DIRECTION('',(1.,0.));
#64 = ( GEOMETRIC_REPRESENTATION_CONTEXT(2) 
PARAMETRIC_REPRESENTATION_CONTEXT() REPRESENTATION_CONTEXT('2D SPACE',''
  ) );
#65 = PCURVE('',#66,#71);
#66 = PLANE('',#67);
#67 = AXIS2_PLACEMENT_3D('',#68,#69,#70);
#68 = CARTESIAN_POINT('',(-39.,-143.3339652079,-116.9425367827));
#69 = DIRECTION('',(-0.,-0.996191759571,-8.718932367606E-02));
#70 = DIRECTION('',(1.,-0.,0.));
#71 = DEFINITIONAL_REPRESENTATION('',(#72),#76);
#72 = CIRCLE('',#73,4.5);
#73 = AXIS2_PLACEMENT_2D('',#74,#75);
#74 = CARTESIAN_POINT('',(0.,0.));
#75 = DIRECTION('',(1.,0.));
#76 = ( GEOMETRIC_REPRESENTATION_CONTEXT(2) 
PARAMETRIC_REPRESENTATION_CONTEXT() REPRESENTATION_CONTEXT('2D SPACE',''
  ) );
#77 = ORIENTED_EDGE('',*,*,#21,.F.);
#78 = ORIENTED_EDGE('',*,*,#79,.F.);
#79 = EDGE_CURVE('',#80,#22,#82,.T.);
#80 = VERTEX_POINT('',#81);
#81 = CARTESIAN_POINT('',(-34.87827070374,-143.3718834395,
    -115.1330316615));
#82 = SURFACE_CURVE('',#83,(#88,#95),.PCURVE_S1.);
#83 = CIRCLE('',#84,4.5);
#84 = AXIS2_PLACEMENT_3D('',#85,#86,#87);
#85 = CARTESIAN_POINT('',(-39.,-143.2144221967,-116.9320740639));
#86 = DIRECTION('',(0.,0.996191759571,8.718932367606E-02));
#87 = DIRECTION('',(1.,0.,-0.));
#88 = PCURVE('',#32,#89);
#89 = DEFINITIONAL_REPRESENTATION('',(#90),#94);
#90 = LINE('',#91,#92);
#91 = CARTESIAN_POINT('',(6.28318530718,0.199999999972));
#92 = VECTOR('',#93,1.);
#93 = DIRECTION('',(-1.,0.));
#94 = ( GEOMETRIC_REPRESENTATION_CONTEXT(2) 
PARAMETRIC_REPRESENTATION_CONTEXT() REPRESENTATION_CONTEXT('2D SPACE',''
  ) );
#95 = PCURVE('',#96,#101);
#96 = PLANE('',#97);
#97 = AXIS2_PLACEMENT_3D('',#98,#99,#100);
#98 = CARTESIAN_POINT('',(-38.56860247428,-142.8604652236,
    -120.9762506331));
#99 = DIRECTION('',(-0.,-0.996191759571,-8.718932367605E-02));
#100 = DIRECTION('',(1.,-0.,0.));
#101 = DEFINITIONAL_REPRESENTATION('',(#102),#110);
#102 = ( BOUNDED_CURVE() B_SPLINE_CURVE(2,(#103,#104,#105,#106,#107,#108
,#109),.UNSPECIFIED.,.T.,.F.) B_SPLINE_CURVE_WITH_KNOTS((1,2,2,2,2,1),(
    -2.094395102393,0.,2.094395102393,4.188790204786,6.28318530718,
8.377580409573),.UNSPECIFIED.) CURVE() GEOMETRIC_REPRESENTATION_ITEM() 
RATIONAL_B_SPLINE_CURVE((1.,0.5,1.,0.5,1.,0.5,1.)) REPRESENTATION_ITEM(
  '') );
#103 = CARTESIAN_POINT('',(4.06860247428,4.059636641582));
#104 = CARTESIAN_POINT('',(4.06860247428,-3.734591992478));
#105 = CARTESIAN_POINT('',(-2.68139752572,0.162522324552));
#106 = CARTESIAN_POINT('',(-9.43139752572,4.059636641582));
#107 = CARTESIAN_POINT('',(-2.68139752572,7.956750958612));
#108 = CARTESIAN_POINT('',(4.06860247428,11.853865275642));
#109 = CARTESIAN_POINT('',(4.06860247428,4.059636641582));
#110 = ( GEOMETRIC_REPRESENTATION_CONTEXT(2) 
PARAMETRIC_REPRESENTATION_CONTEXT() REPRESENTATION_CONTEXT('2D SPACE',''
  ) );
#111 = ORIENTED_EDGE('',*,*,#112,.F.);
#112 = EDGE_CURVE('',#113,#80,#115,.T.);
#113 = VERTEX_POINT('',#114);
#114 = CARTESIAN_POINT('',(-41.94910419057,-143.5107776513,
    -113.5460796874));
#115 = SURFACE_CURVE('',#116,(#121,#128),.PCURVE_S1.);
#116 = CIRCLE('',#117,4.5);
#117 = AXIS2_PLACEMENT_3D('',#118,#119,#120);
#118 = CARTESIAN_POINT('',(-39.,-143.2144264825,-116.932074439));
#119 = DIRECTION('',(0.,0.996191759571,8.718932367606E-02));
#120 = DIRECTION('',(1.,0.,-0.));
#121 = PCURVE('',#32,#122);
#122 = DEFINITIONAL_REPRESENTATION('',(#123),#127);
#123 = LINE('',#124,#125);
#124 = CARTESIAN_POINT('',(6.28318530718,0.20000430213));
#125 = VECTOR('',#126,1.);
#126 = DIRECTION('',(-1.,0.));
#127 = ( GEOMETRIC_REPRESENTATION_CONTEXT(2) 
PARAMETRIC_REPRESENTATION_CONTEXT() REPRESENTATION_CONTEXT('2D SPACE',''
  ) );
#128 = PCURVE('',#129,#134);
#129 = PLANE('',#130);
#130 = AXIS2_PLACEMENT_3D('',#131,#132,#133);
#131 = CARTESIAN_POINT('',(-25.79821629197,-146.4492853655,-79.971817991
    ));
#132 = DIRECTION('',(-0.,-0.996191759571,-8.718932367605E-02));
#133 = DIRECTION('',(1.,-0.,0.));
#134 = DEFINITIONAL_REPRESENTATION('',(#135),#143);
#135 = ( BOUNDED_CURVE() B_SPLINE_CURVE(2,(#136,#137,#138,#139,#140,#141
,#142),.UNSPECIFIED.,.T.,.F.) B_SPLINE_CURVE_WITH_KNOTS((1,2,2,2,2,1),(
    -2.094395102393,0.,2.094395102393,4.188790204786,6.28318530718,
8.377580409573),.UNSPECIFIED.) CURVE() GEOMETRIC_REPRESENTATION_ITEM() 
RATIONAL_B_SPLINE_CURVE((1.,0.5,1.,0.5,1.,0.5,1.)) REPRESENTATION_ITEM(
  '') );
#136 = CARTESIAN_POINT('',(-8.70178370803,-37.10154806332));
#137 = CARTESIAN_POINT('',(-8.70178370803,-44.89577669738));
#138 = CARTESIAN_POINT('',(-15.45178370803,-40.99866238035));
#139 = CARTESIAN_POINT('',(-22.20178370803,-37.10154806332));
#140 = CARTESIAN_POINT('',(-15.45178370803,-33.20443374629));
#141 = CARTESIAN_POINT('',(-8.70178370803,-29.30731942926));
#142 = CARTESIAN_POINT('',(-8.70178370803,-37.10154806332));
#143 = ( GEOMETRIC_REPRESENTATION_CONTEXT(2) 
PARAMETRIC_REPRESENTATION_CONTEXT() REPRESENTATION_CONTEXT('2D SPACE',''
  ) );
#144 = ORIENTED_EDGE('',*,*,#145,.F.);
#145 = EDGE_CURVE('',#146,#113,#148,.T.);
#146 = VERTEX_POINT('',#147);
#147 = CARTESIAN_POINT('',(-43.37992873302,-143.1243964109,
    -117.9607234947));
#148 = SURFACE_CURVE('',#149,(#154,#161),.PCURVE_S1.);
#149 = CIRCLE('',#150,4.5);
#150 = AXIS2_PLACEMENT_3D('',#151,#152,#153);
#151 = CARTESIAN_POINT('',(-39.,-143.2144221967,-116.9320740639));
#152 = DIRECTION('',(0.,0.996191759571,8.718932367606E-02));
#153 = DIRECTION('',(1.,0.,-0.));
#154 = PCURVE('',#32,#155);
#155 = DEFINITIONAL_REPRESENTATION('',(#156),#160);
#156 = LINE('',#157,#158);
#157 = CARTESIAN_POINT('',(6.28318530718,0.199999999972));
#158 = VECTOR('',#159,1.);
#159 = DIRECTION('',(-1.,0.));
#160 = ( GEOMETRIC_REPRESENTATION_CONTEXT(2) 
PARAMETRIC_REPRESENTATION_CONTEXT() REPRESENTATION_CONTEXT('2D SPACE',''
  ) );
#161 = PCURVE('',#162,#167);
#162 = PLANE('',#163);
#163 = AXIS2_PLACEMENT_3D('',#164,#165,#166);
#164 = CARTESIAN_POINT('',(-38.56860247428,-142.8604652236,
    -120.9762506331));
#165 = DIRECTION('',(-0.,-0.996191759571,-8.718932367605E-02));
#166 = DIRECTION('',(1.,-0.,0.));
#167 = DEFINITIONAL_REPRESENTATION('',(#168),#176);
#168 = ( BOUNDED_CURVE() B_SPLINE_CURVE(2,(#169,#170,#171,#172,#173,#174
,#175),.UNSPECIFIED.,.T.,.F.) B_SPLINE_CURVE_WITH_KNOTS((1,2,2,2,2,1),(
    -2.094395102393,0.,2.094395102393,4.188790204786,6.28318530718,
8.377580409573),.UNSPECIFIED.) CURVE() GEOMETRIC_REPRESENTATION_ITEM() 
RATIONAL_B_SPLINE_CURVE((1.,0.5,1.,0.5,1.,0.5,1.)) REPRESENTATION_ITEM(
  '') );
#169 = CARTESIAN_POINT('',(4.06860247428,4.059636641582));
#170 = CARTESIAN_POINT('',(4.06860247428,-3.734591992478));
#171 = CARTESIAN_POINT('',(-2.68139752572,0.162522324552));
#172 = CARTESIAN_POINT('',(-9.43139752572,4.059636641582));
#173 = CARTESIAN_POINT('',(-2.68139752572,7.956750958612));
#174 = CARTESIAN_POINT('',(4.06860247428,11.853865275642));
#175 = CARTESIAN_POINT('',(4.06860247428,4.059636641582));
#176 = ( GEOMETRIC_REPRESENTATION_CONTEXT(2) 
PARAMETRIC_REPRESENTATION_CONTEXT() REPRESENTATION_CONTEXT('2D SPACE',''
  ) );
#177 = ORIENTED_EDGE('',*,*,#178,.F.);
#178 = EDGE_CURVE('',#179,#146,#181,.T.);
#179 = VERTEX_POINT('',#180);
#180 = CARTESIAN_POINT('',(-39.48286843739,-142.8243398691,
    -121.3890544149));
#181 = SURFACE_CURVE('',#182,(#187,#194),.PCURVE_S1.);
#182 = CIRCLE('',#183,4.5);
#183 = AXIS2_PLACEMENT_3D('',#184,#185,#186);
#184 = CARTESIAN_POINT('',(-39.,-143.2144221967,-116.9320740639));
#185 = DIRECTION('',(0.,0.996191759571,8.718932367606E-02));
#186 = DIRECTION('',(1.,0.,-0.));
#187 = PCURVE('',#32,#188);
#188 = DEFINITIONAL_REPRESENTATION('',(#189),#193);
#189 = LINE('',#190,#191);
#190 = CARTESIAN_POINT('',(6.28318530718,0.199999999972));
#191 = VECTOR('',#192,1.);
#192 = DIRECTION('',(-1.,0.));
#193 = ( GEOMETRIC_REPRESENTATION_CONTEXT(2) 
PARAMETRIC_REPRESENTATION_CONTEXT() REPRESENTATION_CONTEXT('2D SPACE',''
  ) );
#194 = PCURVE('',#195,#200);
#195 = PLANE('',#196);
#196 = AXIS2_PLACEMENT_3D('',#197,#198,#199);
#197 = CARTESIAN_POINT('',(-38.56860247428,-142.8604652236,
    -120.9762506331));
#198 = DIRECTION('',(-0.,-0.996191759571,-8.718932367605E-02));
#199 = DIRECTION('',(1.,-0.,0.));
#200 = DEFINITIONAL_REPRESENTATION('',(#201),#209);
#201 = ( BOUNDED_CURVE() B_SPLINE_CURVE(2,(#202,#203,#204,#205,#206,#207
,#208),.UNSPECIFIED.,.T.,.F.) B_SPLINE_CURVE_WITH_KNOTS((1,2,2,2,2,1),(
    -2.094395102393,0.,2.094395102393,4.188790204786,6.28318530718,
8.377580409573),.UNSPECIFIED.) CURVE() GEOMETRIC_REPRESENTATION_ITEM() 
RATIONAL_B_SPLINE_CURVE((1.,0.5,1.,0.5,1.,0.5,1.)) REPRESENTATION_ITEM(
  '') );
#202 = CARTESIAN_POINT('',(4.06860247428,4.059636641582));
#203 = CARTESIAN_POINT('',(4.06860247428,-3.734591992478));
#204 = CARTESIAN_POINT('',(-2.68139752572,0.162522324552));
#205 = CARTESIAN_POINT('',(-9.43139752572,4.059636641582));
#206 = CARTESIAN_POINT('',(-2.68139752572,7.956750958612));
#207 = CARTESIAN_POINT('',(4.06860247428,11.853865275642));
#208 = CARTESIAN_POINT('',(4.06860247428,4.059636641582));
#209 = ( GEOMETRIC_REPRESENTATION_CONTEXT(2) 
PARAMETRIC_REPRESENTATION_CONTEXT() REPRESENTATION_CONTEXT('2D SPACE',''
  ) );
#210 = ORIENTED_EDGE('',*,*,#211,.F.);
#211 = EDGE_CURVE('',#212,#179,#214,.T.);
#212 = VERTEX_POINT('',#213);
#213 = CARTESIAN_POINT('',(-38.03504804143,-142.8312012087,
    -121.3106593824));
#214 = SURFACE_CURVE('',#215,(#220,#227),.PCURVE_S1.);
#215 = CIRCLE('',#216,4.5);
#216 = AXIS2_PLACEMENT_3D('',#217,#218,#219);
#217 = CARTESIAN_POINT('',(-39.,-143.2144221967,-116.9320740639));
#218 = DIRECTION('',(0.,0.996191759571,8.718932367606E-02));
#219 = DIRECTION('',(1.,0.,-0.));
#220 = PCURVE('',#32,#221);
#221 = DEFINITIONAL_REPRESENTATION('',(#222),#226);
#222 = LINE('',#223,#224);
#223 = CARTESIAN_POINT('',(6.28318530718,0.199999999972));
#224 = VECTOR('',#225,1.);
#225 = DIRECTION('',(-1.,0.));
#226 = ( GEOMETRIC_REPRESENTATION_CONTEXT(2) 
PARAMETRIC_REPRESENTATION_CONTEXT() REPRESENTATION_CONTEXT('2D SPACE',''
  ) );
#227 = PCURVE('',#228,#233);
#228 = PLANE('',#229);
#229 = AXIS2_PLACEMENT_3D('',#230,#231,#232);
#230 = CARTESIAN_POINT('',(-38.56860247428,-142.8604652236,
    -120.9762506331));
#231 = DIRECTION('',(-0.,-0.996191759571,-8.718932367605E-02));
#232 = DIRECTION('',(1.,-0.,0.));
#233 = DEFINITIONAL_REPRESENTATION('',(#234),#242);
#234 = ( BOUNDED_CURVE() B_SPLINE_CURVE(2,(#235,#236,#237,#238,#239,#240
,#241),.UNSPECIFIED.,.T.,.F.) B_SPLINE_CURVE_WITH_KNOTS((1,2,2,2,2,1),(
    -2.094395102393,0.,2.094395102393,4.188790204786,6.28318530718,
8.377580409573),.UNSPECIFIED.) CURVE() GEOMETRIC_REPRESENTATION_ITEM() 
RATIONAL_B_SPLINE_CURVE((1.,0.5,1.,0.5,1.,0.5,1.)) REPRESENTATION_ITEM(
  '') );
#235 = CARTESIAN_POINT('',(4.06860247428,4.059636641582));
#236 = CARTESIAN_POINT('',(4.06860247428,-3.734591992478));
#237 = CARTESIAN_POINT('',(-2.68139752572,0.162522324552));
#238 = CARTESIAN_POINT('',(-9.43139752572,4.059636641582));
#239 = CARTESIAN_POINT('',(-2.68139752572,7.956750958612));
#240 = CARTESIAN_POINT('',(4.06860247428,11.853865275642));
#241 = CARTESIAN_POINT('',(4.06860247428,4.059636641582));
#242 = ( GEOMETRIC_REPRESENTATION_CONTEXT(2) 
PARAMETRIC_REPRESENTATION_CONTEXT() REPRESENTATION_CONTEXT('2D SPACE',''
  ) );
#243 = ORIENTED_EDGE('',*,*,#244,.F.);
#244 = EDGE_CURVE('',#245,#212,#247,.T.);
#245 = VERTEX_POINT('',#246);
#246 = CARTESIAN_POINT('',(-35.31726410923,-142.9889538739,
    -119.508237955));
#247 = SURFACE_CURVE('',#248,(#253,#260),.PCURVE_S1.);
#248 = CIRCLE('',#249,4.5);
#249 = AXIS2_PLACEMENT_3D('',#250,#251,#252);
#250 = CARTESIAN_POINT('',(-39.,-143.2144221967,-116.9320740639));
#251 = DIRECTION('',(0.,0.996191759571,8.718932367606E-02));
#252 = DIRECTION('',(1.,0.,-0.));
#253 = PCURVE('',#32,#254);
#254 = DEFINITIONAL_REPRESENTATION('',(#255),#259);
#255 = LINE('',#256,#257);
#256 = CARTESIAN_POINT('',(6.28318530718,0.199999999972));
#257 = VECTOR('',#258,1.);
#258 = DIRECTION('',(-1.,0.));
#259 = ( GEOMETRIC_REPRESENTATION_CONTEXT(2) 
PARAMETRIC_REPRESENTATION_CONTEXT() REPRESENTATION_CONTEXT('2D SPACE',''
  ) );
#260 = PCURVE('',#261,#266);
#261 = PLANE('',#262);
#262 = AXIS2_PLACEMENT_3D('',#263,#264,#265);
#263 = CARTESIAN_POINT('',(-38.56860247428,-142.8604652236,
    -120.9762506331));
#264 = DIRECTION('',(-0.,-0.996191759571,-8.718932367605E-02));
#265 = DIRECTION('',(1.,-0.,0.));
#266 = DEFINITIONAL_REPRESENTATION('',(#267),#275);
#267 = ( BOUNDED_CURVE() B_SPLINE_CURVE(2,(#268,#269,#270,#271,#272,#273
,#274),.UNSPECIFIED.,.T.,.F.) B_SPLINE_CURVE_WITH_KNOTS((1,2,2,2,2,1),(
    -2.094395102393,0.,2.094395102393,4.188790204786,6.28318530718,
8.377580409573),.UNSPECIFIED.) CURVE() GEOMETRIC_REPRESENTATION_ITEM() 
RATIONAL_B_SPLINE_CURVE((1.,0.5,1.,0.5,1.,0.5,1.)) REPRESENTATION_ITEM(
  '') );
#268 = CARTESIAN_POINT('',(4.06860247428,4.059636641582));
#269 = CARTESIAN_POINT('',(4.06860247428,-3.734591992478));
#270 = CARTESIAN_POINT('',(-2.68139752572,0.162522324552));
#271 = CARTESIAN_POINT('',(-9.43139752572,4.059636641582));
#272 = CARTESIAN_POINT('',(-2.68139752572,7.956750958612));
#273 = CARTESIAN_POINT('',(4.06860247428,11.853865275642));
#274 = CARTESIAN_POINT('',(4.06860247428,4.059636641582));
#275 = ( GEOMETRIC_REPRESENTATION_CONTEXT(2) 
PARAMETRIC_REPRESENTATION_CONTEXT() REPRESENTATION_CONTEXT('2D SPACE',''
  ) );
#276 = ORIENTED_EDGE('',*,*,#277,.F.);
#277 = EDGE_CURVE('',#22,#245,#278,.T.);
#278 = SURFACE_CURVE('',#279,(#284,#291),.PCURVE_S1.);
#279 = CIRCLE('',#280,4.5);
#280 = AXIS2_PLACEMENT_3D('',#281,#282,#283);
#281 = CARTESIAN_POINT('',(-39.,-143.2144221967,-116.9320740639));
#282 = DIRECTION('',(0.,0.996191759571,8.718932367606E-02));
#283 = DIRECTION('',(1.,0.,-0.));
#284 = PCURVE('',#32,#285);
#285 = DEFINITIONAL_REPRESENTATION('',(#286),#290);
#286 = LINE('',#287,#288);
#287 = CARTESIAN_POINT('',(6.28318530718,0.199999999972));
#288 = VECTOR('',#289,1.);
#289 = DIRECTION('',(-1.,0.));
#290 = ( GEOMETRIC_REPRESENTATION_CONTEXT(2) 
PARAMETRIC_REPRESENTATION_CONTEXT() REPRESENTATION_CONTEXT('2D SPACE',''
  ) );
#291 = PCURVE('',#96,#292);
#292 = DEFINITIONAL_REPRESENTATION('',(#293),#301);
#293 = ( BOUNDED_CURVE() B_SPLINE_CURVE(2,(#294,#295,#296,#297,#298,#299
,#300),.UNSPECIFIED.,.T.,.F.) B_SPLINE_CURVE_WITH_KNOTS((1,2,2,2,2,1),(
    -2.094395102393,0.,2.094395102393,4.188790204786,6.28318530718,
8.377580409573),.UNSPECIFIED.) CURVE() GEOMETRIC_REPRESENTATION_ITEM() 
RATIONAL_B_SPLINE_CURVE((1.,0.5,1.,0.5,1.,0.5,1.)) REPRESENTATION_ITEM(
  '') );
#294 = CARTESIAN_POINT('',(4.06860247428,4.059636641582));
#295 = CARTESIAN_POINT('',(4.06860247428,-3.734591992478));
#296 = CARTESIAN_POINT('',(-2.68139752572,0.162522324552));
#297 = CARTESIAN_POINT('',(-9.43139752572,4.059636641582));
#298 = CARTESIAN_POINT('',(-2.68139752572,7.956750958612));
#299 = CARTESIAN_POINT('',(4.06860247428,11.853865275642));
#300 = CARTESIAN_POINT('',(4.06860247428,4.059636641582));
#301 = ( GEOMETRIC_REPRESENTATION_CONTEXT(2) 
PARAMETRIC_REPRESENTATION_CONTEXT() REPRESENTATION_CONTEXT('2D SPACE',''
  ) );
#302 = ADVANCED_FACE('',(#303,#306),#66,.T.);
#303 = FACE_BOUND('',#304,.T.);
#304 = EDGE_LOOP('',(#305));
#305 = ORIENTED_EDGE('',*,*,#51,.T.);
#306 = FACE_BOUND('',#307,.T.);
#307 = EDGE_LOOP('',(#308));
#308 = ORIENTED_EDGE('',*,*,#309,.T.);
#309 = EDGE_CURVE('',#310,#310,#312,.T.);
#310 = VERTEX_POINT('',#311);
#311 = CARTESIAN_POINT('',(-37.65,-143.3339652079,-116.9425367827));
#312 = SURFACE_CURVE('',#313,(#318,#329),.PCURVE_S1.);
#313 = CIRCLE('',#314,1.35);
#314 = AXIS2_PLACEMENT_3D('',#315,#316,#317);
#315 = CARTESIAN_POINT('',(-39.,-143.3339652079,-116.9425367827));
#316 = DIRECTION('',(0.,0.996191759571,8.718932367606E-02));
#317 = DIRECTION('',(1.,0.,-0.));
#318 = PCURVE('',#66,#319);
#319 = DEFINITIONAL_REPRESENTATION('',(#320),#328);
#320 = ( BOUNDED_CURVE() B_SPLINE_CURVE(2,(#321,#322,#323,#324,#325,#326
,#327),.UNSPECIFIED.,.T.,.F.) B_SPLINE_CURVE_WITH_KNOTS((1,2,2,2,2,1),(
    -2.094395102393,0.,2.094395102393,4.188790204786,6.28318530718,
8.377580409573),.UNSPECIFIED.) CURVE() GEOMETRIC_REPRESENTATION_ITEM() 
RATIONAL_B_SPLINE_CURVE((1.,0.5,1.,0.5,1.,0.5,1.)) REPRESENTATION_ITEM(
  '') );
#321 = CARTESIAN_POINT('',(1.35,0.));
#322 = CARTESIAN_POINT('',(1.35,-2.338268590218));
#323 = CARTESIAN_POINT('',(-0.675,-1.169134295109));
#324 = CARTESIAN_POINT('',(-2.7,-3.306546357698E-16));
#325 = CARTESIAN_POINT('',(-0.675,1.169134295109));
#326 = CARTESIAN_POINT('',(1.35,2.338268590218));
#327 = CARTESIAN_POINT('',(1.35,0.));
#328 = ( GEOMETRIC_REPRESENTATION_CONTEXT(2) 
PARAMETRIC_REPRESENTATION_CONTEXT() REPRESENTATION_CONTEXT('2D SPACE',''
  ) );
#329 = PCURVE('',#330,#335);
#330 = CYLINDRICAL_SURFACE('',#331,1.35);
#331 = AXIS2_PLACEMENT_3D('',#332,#333,#334);
#332 = CARTESIAN_POINT('',(-39.,-140.225846918,-116.6705060928));
#333 = DIRECTION('',(-0.,-0.996191759571,-8.718932367606E-02));
#334 = DIRECTION('',(1.,-0.,0.));
#335 = DEFINITIONAL_REPRESENTATION('',(#336),#340);
#336 = LINE('',#337,#338);
#337 = CARTESIAN_POINT('',(6.28318530718,3.12));
#338 = VECTOR('',#339,1.);
#339 = DIRECTION('',(-1.,0.));
#340 = ( GEOMETRIC_REPRESENTATION_CONTEXT(2) 
PARAMETRIC_REPRESENTATION_CONTEXT() REPRESENTATION_CONTEXT('2D SPACE',''
  ) );
#341 = ADVANCED_FACE('',(#342),#96,.T.);
#342 = FACE_BOUND('',#343,.T.);
#343 = EDGE_LOOP('',(#344,#367,#368,#369,#392));
#344 = ORIENTED_EDGE('',*,*,#345,.F.);
#345 = EDGE_CURVE('',#80,#346,#348,.T.);
#346 = VERTEX_POINT('',#347);
#347 = CARTESIAN_POINT('',(-27.22877207737,-144.4319662055,
    -103.0209080375));
#348 = SURFACE_CURVE('',#349,(#353,#360),.PCURVE_S1.);
#349 = LINE('',#350,#351);
#350 = CARTESIAN_POINT('',(-38.5686,-142.8604692166,-120.9762543538));
#351 = VECTOR('',#352,1.);
#352 = DIRECTION('',(0.532523775277,-7.379835534144E-02,0.843191693219)
  );
#353 = PCURVE('',#96,#354);
#354 = DEFINITIONAL_REPRESENTATION('',(#355),#359);
#355 = LINE('',#356,#357);
#356 = CARTESIAN_POINT('',(2.474279995113E-06,-3.358383712716E-06));
#357 = VECTOR('',#358,1.);
#358 = DIRECTION('',(0.532523775277,0.846415045214));
#359 = ( GEOMETRIC_REPRESENTATION_CONTEXT(2) 
PARAMETRIC_REPRESENTATION_CONTEXT() REPRESENTATION_CONTEXT('2D SPACE',''
  ) );
#360 = PCURVE('',#129,#361);
#361 = DEFINITIONAL_REPRESENTATION('',(#362),#366);
#362 = LINE('',#363,#364);
#363 = CARTESIAN_POINT('',(-12.77038370803,-41.16118806329));
#364 = VECTOR('',#365,1.);
#365 = DIRECTION('',(0.532523775277,0.846415045214));
#366 = ( GEOMETRIC_REPRESENTATION_CONTEXT(2) 
PARAMETRIC_REPRESENTATION_CONTEXT() REPRESENTATION_CONTEXT('2D SPACE',''
  ) );
#367 = ORIENTED_EDGE('',*,*,#79,.T.);
#368 = ORIENTED_EDGE('',*,*,#277,.T.);
#369 = ORIENTED_EDGE('',*,*,#370,.T.);
#370 = EDGE_CURVE('',#245,#371,#373,.T.);
#371 = VERTEX_POINT('',#372);
#372 = CARTESIAN_POINT('',(-19.17326,-143.6269235323,-112.2190414148));
#373 = SURFACE_CURVE('',#374,(#378,#385),.PCURVE_S1.);
#374 = LINE('',#375,#376);
#375 = CARTESIAN_POINT('',(-57.96395,-142.0940149008,-129.7334672927));
#376 = VECTOR('',#377,1.);
#377 = DIRECTION('',(0.910814856676,-3.599306832363E-02,0.411242988865)
  );
#378 = PCURVE('',#96,#379);
#379 = DEFINITIONAL_REPRESENTATION('',(#380),#384);
#380 = LINE('',#381,#382);
#381 = CARTESIAN_POINT('',(-19.39534752572,-8.790693358347));
#382 = VECTOR('',#383,1.);
#383 = DIRECTION('',(0.910814856676,0.412815087973));
#384 = ( GEOMETRIC_REPRESENTATION_CONTEXT(2) 
PARAMETRIC_REPRESENTATION_CONTEXT() REPRESENTATION_CONTEXT('2D SPACE',''
  ) );
#385 = PCURVE('',#261,#386);
#386 = DEFINITIONAL_REPRESENTATION('',(#387),#391);
#387 = LINE('',#388,#389);
#388 = CARTESIAN_POINT('',(-19.39534752572,-8.790693358347));
#389 = VECTOR('',#390,1.);
#390 = DIRECTION('',(0.910814856676,0.412815087973));
#391 = ( GEOMETRIC_REPRESENTATION_CONTEXT(2) 
PARAMETRIC_REPRESENTATION_CONTEXT() REPRESENTATION_CONTEXT('2D SPACE',''
  ) );
#392 = ORIENTED_EDGE('',*,*,#393,.T.);
#393 = EDGE_CURVE('',#371,#346,#394,.T.);
#394 = SURFACE_CURVE('',#395,(#400,#407),.PCURVE_S1.);
#395 = CIRCLE('',#396,21.294499207368);
#396 = AXIS2_PLACEMENT_3D('',#397,#398,#399);
#397 = CARTESIAN_POINT('',(-38.56860247428,-142.8604652236,
    -120.9762506331));
#398 = DIRECTION('',(0.,-0.996191759571,-8.718932367605E-02));
#399 = DIRECTION('',(1.,-0.,0.));
#400 = PCURVE('',#96,#401);
#401 = DEFINITIONAL_REPRESENTATION('',(#402),#406);
#402 = CIRCLE('',#403,21.294499207368);
#403 = AXIS2_PLACEMENT_2D('',#404,#405);
#404 = CARTESIAN_POINT('',(0.,0.));
#405 = DIRECTION('',(1.,0.));
#406 = ( GEOMETRIC_REPRESENTATION_CONTEXT(2) 
PARAMETRIC_REPRESENTATION_CONTEXT() REPRESENTATION_CONTEXT('2D SPACE',''
  ) );
#407 = PCURVE('',#408,#413);
#408 = PLANE('',#409);
#409 = AXIS2_PLACEMENT_3D('',#410,#411,#412);
#410 = CARTESIAN_POINT('',(-39.51921649559,-144.4140833088,
    -103.2252558257));
#411 = DIRECTION('',(-0.,-0.996191759571,-8.718932367605E-02));
#412 = DIRECTION('',(1.,-0.,0.));
#413 = DEFINITIONAL_REPRESENTATION('',(#414),#418);
#414 = CIRCLE('',#415,21.294499207368);
#415 = AXIS2_PLACEMENT_2D('',#416,#417);
#416 = CARTESIAN_POINT('',(0.95061402131,-17.81885366141));
#417 = DIRECTION('',(1.,0.));
#418 = ( GEOMETRIC_REPRESENTATION_CONTEXT(2) 
PARAMETRIC_REPRESENTATION_CONTEXT() REPRESENTATION_CONTEXT('2D SPACE',''
  ) );
#419 = ADVANCED_FACE('',(#420),#129,.T.);
#420 = FACE_BOUND('',#421,.T.);
#421 = EDGE_LOOP('',(#422,#423,#424,#453,#481));
#422 = ORIENTED_EDGE('',*,*,#112,.T.);
#423 = ORIENTED_EDGE('',*,*,#345,.T.);
#424 = ORIENTED_EDGE('',*,*,#425,.T.);
#425 = EDGE_CURVE('',#346,#426,#428,.T.);
#426 = VERTEX_POINT('',#427);
#427 = CARTESIAN_POINT('',(-40.89610288817,-144.7059966738,
    -99.88994104655));
#428 = SURFACE_CURVE('',#429,(#434,#441),.PCURVE_S1.);
#429 = CIRCLE('',#430,21.294499207368);
#430 = AXIS2_PLACEMENT_3D('',#431,#432,#433);
#431 = CARTESIAN_POINT('',(-38.56860247428,-142.8604652236,
    -120.9762506331));
#432 = DIRECTION('',(0.,-0.996191759571,-8.718932367605E-02));
#433 = DIRECTION('',(1.,-0.,0.));
#434 = PCURVE('',#129,#435);
#435 = DEFINITIONAL_REPRESENTATION('',(#436),#440);
#436 = CIRCLE('',#437,21.294499207368);
#437 = AXIS2_PLACEMENT_2D('',#438,#439);
#438 = CARTESIAN_POINT('',(-12.77038618231,-41.1611847049));
#439 = DIRECTION('',(1.,0.));
#440 = ( GEOMETRIC_REPRESENTATION_CONTEXT(2) 
PARAMETRIC_REPRESENTATION_CONTEXT() REPRESENTATION_CONTEXT('2D SPACE',''
  ) );
#441 = PCURVE('',#442,#447);
#442 = PLANE('',#443);
#443 = AXIS2_PLACEMENT_3D('',#444,#445,#446);
#444 = CARTESIAN_POINT('',(-25.79821629197,-146.4492853655,-79.971817991
    ));
#445 = DIRECTION('',(-0.,-0.996191759571,-8.718932367605E-02));
#446 = DIRECTION('',(1.,-0.,0.));
#447 = DEFINITIONAL_REPRESENTATION('',(#448),#452);
#448 = CIRCLE('',#449,21.294499207368);
#449 = AXIS2_PLACEMENT_2D('',#450,#451);
#450 = CARTESIAN_POINT('',(-12.77038618231,-41.1611847049));
#451 = DIRECTION('',(1.,0.));
#452 = ( GEOMETRIC_REPRESENTATION_CONTEXT(2) 
PARAMETRIC_REPRESENTATION_CONTEXT() REPRESENTATION_CONTEXT('2D SPACE',''
  ) );
#453 = ORIENTED_EDGE('',*,*,#454,.T.);
#454 = EDGE_CURVE('',#426,#455,#457,.T.);
#455 = VERTEX_POINT('',#456);
#456 = CARTESIAN_POINT('',(-46.55615007878,-144.3970362187,
    -103.4200293363));
#457 = SURFACE_CURVE('',#458,(#462,#469),.PCURVE_S1.);
#458 = LINE('',#459,#460);
#459 = CARTESIAN_POINT('',(26.42396,-148.3807705682,-57.90340913603));
#460 = VECTOR('',#461,1.);
#461 = DIRECTION('',(-0.847590638314,4.626707107615E-02,-0.528629802392)
  );
#462 = PCURVE('',#129,#463);
#463 = DEFINITIONAL_REPRESENTATION('',(#464),#468);
#464 = LINE('',#465,#466);
#465 = CARTESIAN_POINT('',(52.22217629197,22.152771936676));
#466 = VECTOR('',#467,1.);
#467 = DIRECTION('',(-0.847590638314,-0.530650647642));
#468 = ( GEOMETRIC_REPRESENTATION_CONTEXT(2) 
PARAMETRIC_REPRESENTATION_CONTEXT() REPRESENTATION_CONTEXT('2D SPACE',''
  ) );
#469 = PCURVE('',#470,#475);
#470 = PLANE('',#471);
#471 = AXIS2_PLACEMENT_3D('',#472,#473,#474);
#472 = CARTESIAN_POINT('',(-25.79821629197,-146.4492853655,-79.971817991
    ));
#473 = DIRECTION('',(-0.,-0.996191759571,-8.718932367605E-02));
#474 = DIRECTION('',(1.,-0.,0.));
#475 = DEFINITIONAL_REPRESENTATION('',(#476),#480);
#476 = LINE('',#477,#478);
#477 = CARTESIAN_POINT('',(52.22217629197,22.152771936676));
#478 = VECTOR('',#479,1.);
#479 = DIRECTION('',(-0.847590638314,-0.530650647642));
#480 = ( GEOMETRIC_REPRESENTATION_CONTEXT(2) 
PARAMETRIC_REPRESENTATION_CONTEXT() REPRESENTATION_CONTEXT('2D SPACE',''
  ) );
#481 = ORIENTED_EDGE('',*,*,#482,.T.);
#482 = EDGE_CURVE('',#455,#113,#483,.T.);
#483 = SURFACE_CURVE('',#484,(#488,#495),.PCURVE_S1.);
#484 = LINE('',#485,#486);
#485 = CARTESIAN_POINT('',(-57.6507,-146.531297556,-79.03477816881));
#486 = VECTOR('',#487,1.);
#487 = DIRECTION('',(0.412815044182,7.941333307827E-02,-0.907346274487)
  );
#488 = PCURVE('',#129,#489);
#489 = DEFINITIONAL_REPRESENTATION('',(#490),#494);
#490 = LINE('',#491,#492);
#491 = CARTESIAN_POINT('',(-31.85248370803,0.940621936678));
#492 = VECTOR('',#493,1.);
#493 = DIRECTION('',(0.412815044182,-0.910814876524));
#494 = ( GEOMETRIC_REPRESENTATION_CONTEXT(2) 
PARAMETRIC_REPRESENTATION_CONTEXT() REPRESENTATION_CONTEXT('2D SPACE',''
  ) );
#495 = PCURVE('',#162,#496);
#496 = DEFINITIONAL_REPRESENTATION('',(#497),#501);
#497 = LINE('',#498,#499);
#498 = CARTESIAN_POINT('',(-19.08209752572,42.101806641585));
#499 = VECTOR('',#500,1.);
#500 = DIRECTION('',(0.412815044182,-0.910814876524));
#501 = ( GEOMETRIC_REPRESENTATION_CONTEXT(2) 
PARAMETRIC_REPRESENTATION_CONTEXT() REPRESENTATION_CONTEXT('2D SPACE',''
  ) );
#502 = ADVANCED_FACE('',(#503),#162,.T.);
#503 = FACE_BOUND('',#504,.T.);
#504 = EDGE_LOOP('',(#505,#535,#556,#557,#558));
#505 = ORIENTED_EDGE('',*,*,#506,.F.);
#506 = EDGE_CURVE('',#507,#509,#511,.T.);
#507 = VERTEX_POINT('',#508);
#508 = CARTESIAN_POINT('',(-52.22404691708,-143.6095434458,
    -112.4176196146));
#509 = VERTEX_POINT('',#510);
#510 = CARTESIAN_POINT('',(-49.94136380271,-144.2122489914,
    -105.5313372968));
#511 = SURFACE_CURVE('',#512,(#516,#523),.PCURVE_S1.);
#512 = LINE('',#513,#514);
#513 = CARTESIAN_POINT('',(-57.96395,-142.0940149008,-129.7334672927));
#514 = VECTOR('',#515,1.);
#515 = DIRECTION('',(0.313566080943,-8.279205058891E-02,0.945950204419)
  );
#516 = PCURVE('',#162,#517);
#517 = DEFINITIONAL_REPRESENTATION('',(#518),#522);
#518 = LINE('',#519,#520);
#519 = CARTESIAN_POINT('',(-19.39534752572,-8.790693358347));
#520 = VECTOR('',#521,1.);
#521 = DIRECTION('',(0.313566080943,0.949566381504));
#522 = ( GEOMETRIC_REPRESENTATION_CONTEXT(2) 
PARAMETRIC_REPRESENTATION_CONTEXT() REPRESENTATION_CONTEXT('2D SPACE',''
  ) );
#523 = PCURVE('',#524,#529);
#524 = PLANE('',#525);
#525 = AXIS2_PLACEMENT_3D('',#526,#527,#528);
#526 = CARTESIAN_POINT('',(-38.56860247428,-142.8604652236,
    -120.9762506331));
#527 = DIRECTION('',(-0.,-0.996191759571,-8.718932367605E-02));
#528 = DIRECTION('',(1.,-0.,0.));
#529 = DEFINITIONAL_REPRESENTATION('',(#530),#534);
#530 = LINE('',#531,#532);
#531 = CARTESIAN_POINT('',(-19.39534752572,-8.790693358347));
#532 = VECTOR('',#533,1.);
#533 = DIRECTION('',(0.313566080943,0.949566381504));
#534 = ( GEOMETRIC_REPRESENTATION_CONTEXT(2) 
PARAMETRIC_REPRESENTATION_CONTEXT() REPRESENTATION_CONTEXT('2D SPACE',''
  ) );
#535 = ORIENTED_EDGE('',*,*,#536,.F.);
#536 = EDGE_CURVE('',#146,#507,#537,.T.);
#537 = SURFACE_CURVE('',#538,(#542,#549),.PCURVE_S1.);
#538 = LINE('',#539,#540);
#539 = CARTESIAN_POINT('',(-20.54462,-141.8717579802,-132.2728895928));
#540 = VECTOR('',#541,1.);
#541 = DIRECTION('',(-0.846415096421,-4.643038071147E-02,0.530495715627)
  );
#542 = PCURVE('',#162,#543);
#543 = DEFINITIONAL_REPRESENTATION('',(#544),#548);
#544 = LINE('',#545,#546);
#545 = CARTESIAN_POINT('',(18.02398247428,-11.33982335836));
#546 = VECTOR('',#547,1.);
#547 = DIRECTION('',(-0.846415096421,0.532523693887));
#548 = ( GEOMETRIC_REPRESENTATION_CONTEXT(2) 
PARAMETRIC_REPRESENTATION_CONTEXT() REPRESENTATION_CONTEXT('2D SPACE',''
  ) );
#549 = PCURVE('',#195,#550);
#550 = DEFINITIONAL_REPRESENTATION('',(#551),#555);
#551 = LINE('',#552,#553);
#552 = CARTESIAN_POINT('',(18.02398247428,-11.33982335836));
#553 = VECTOR('',#554,1.);
#554 = DIRECTION('',(-0.846415096421,0.532523693887));
#555 = ( GEOMETRIC_REPRESENTATION_CONTEXT(2) 
PARAMETRIC_REPRESENTATION_CONTEXT() REPRESENTATION_CONTEXT('2D SPACE',''
  ) );
#556 = ORIENTED_EDGE('',*,*,#145,.T.);
#557 = ORIENTED_EDGE('',*,*,#482,.F.);
#558 = ORIENTED_EDGE('',*,*,#559,.T.);
#559 = EDGE_CURVE('',#455,#509,#560,.T.);
#560 = SURFACE_CURVE('',#561,(#565,#572),.PCURVE_S1.);
#561 = LINE('',#562,#563);
#562 = CARTESIAN_POINT('',(26.42396,-148.3807705682,-57.90340913603));
#563 = VECTOR('',#564,1.);
#564 = DIRECTION('',(-0.847590638314,4.626707107615E-02,-0.528629802392)
  );
#565 = PCURVE('',#162,#566);
#566 = DEFINITIONAL_REPRESENTATION('',(#567),#571);
#567 = LINE('',#568,#569);
#568 = CARTESIAN_POINT('',(64.99256247428,63.313956641582));
#569 = VECTOR('',#570,1.);
#570 = DIRECTION('',(-0.847590638314,-0.530650647642));
#571 = ( GEOMETRIC_REPRESENTATION_CONTEXT(2) 
PARAMETRIC_REPRESENTATION_CONTEXT() REPRESENTATION_CONTEXT('2D SPACE',''
  ) );
#572 = PCURVE('',#573,#578);
#573 = PLANE('',#574);
#574 = AXIS2_PLACEMENT_3D('',#575,#576,#577);
#575 = CARTESIAN_POINT('',(-38.56860247428,-142.8604652236,
    -120.9762506331));
#576 = DIRECTION('',(-0.,-0.996191759571,-8.718932367605E-02));
#577 = DIRECTION('',(1.,-0.,0.));
#578 = DEFINITIONAL_REPRESENTATION('',(#579),#583);
#579 = LINE('',#580,#581);
#580 = CARTESIAN_POINT('',(64.99256247428,63.313956641582));
#581 = VECTOR('',#582,1.);
#582 = DIRECTION('',(-0.847590638314,-0.530650647642));
#583 = ( GEOMETRIC_REPRESENTATION_CONTEXT(2) 
PARAMETRIC_REPRESENTATION_CONTEXT() REPRESENTATION_CONTEXT('2D SPACE',''
  ) );
#584 = ADVANCED_FACE('',(#585),#195,.T.);
#585 = FACE_BOUND('',#586,.T.);
#586 = EDGE_LOOP('',(#587,#615,#648,#669,#670));
#587 = ORIENTED_EDGE('',*,*,#588,.F.);
#588 = EDGE_CURVE('',#589,#507,#591,.T.);
#589 = VERTEX_POINT('',#590);
#590 = CARTESIAN_POINT('',(-54.14579505829,-143.1021369404,
    -118.2150516632));
#591 = SURFACE_CURVE('',#592,(#596,#603),.PCURVE_S1.);
#592 = LINE('',#593,#594);
#593 = CARTESIAN_POINT('',(-57.96395,-142.0940149008,-129.7334672927));
#594 = VECTOR('',#595,1.);
#595 = DIRECTION('',(0.313566080943,-8.279205058891E-02,0.945950204419)
  );
#596 = PCURVE('',#195,#597);
#597 = DEFINITIONAL_REPRESENTATION('',(#598),#602);
#598 = LINE('',#599,#600);
#599 = CARTESIAN_POINT('',(-19.39534752572,-8.790693358347));
#600 = VECTOR('',#601,1.);
#601 = DIRECTION('',(0.313566080943,0.949566381504));
#602 = ( GEOMETRIC_REPRESENTATION_CONTEXT(2) 
PARAMETRIC_REPRESENTATION_CONTEXT() REPRESENTATION_CONTEXT('2D SPACE',''
  ) );
#603 = PCURVE('',#604,#609);
#604 = PLANE('',#605);
#605 = AXIS2_PLACEMENT_3D('',#606,#607,#608);
#606 = CARTESIAN_POINT('',(-38.56860247428,-142.8604652236,
    -120.9762506331));
#607 = DIRECTION('',(-0.,-0.996191759571,-8.718932367605E-02));
#608 = DIRECTION('',(1.,-0.,0.));
#609 = DEFINITIONAL_REPRESENTATION('',(#610),#614);
#610 = LINE('',#611,#612);
#611 = CARTESIAN_POINT('',(-19.39534752572,-8.790693358347));
#612 = VECTOR('',#613,1.);
#613 = DIRECTION('',(0.313566080943,0.949566381504));
#614 = ( GEOMETRIC_REPRESENTATION_CONTEXT(2) 
PARAMETRIC_REPRESENTATION_CONTEXT() REPRESENTATION_CONTEXT('2D SPACE',''
  ) );
#615 = ORIENTED_EDGE('',*,*,#616,.F.);
#616 = EDGE_CURVE('',#617,#589,#619,.T.);
#617 = VERTEX_POINT('',#618);
#618 = CARTESIAN_POINT('',(-45.1217779697,-142.6015046193,
    -123.9350844813));
#619 = SURFACE_CURVE('',#620,(#625,#636),.PCURVE_S1.);
#620 = CIRCLE('',#621,21.294499207368);
#621 = AXIS2_PLACEMENT_3D('',#622,#623,#624);
#622 = CARTESIAN_POINT('',(-38.56860247428,-144.3680506791,
    -103.7511576474));
#623 = DIRECTION('',(0.,0.996191759571,8.718932367607E-02));
#624 = DIRECTION('',(-0.79267314586,5.315469668418E-02,-0.607325169949)
  );
#625 = PCURVE('',#195,#626);
#626 = DEFINITIONAL_REPRESENTATION('',(#627),#635);
#627 = ( BOUNDED_CURVE() B_SPLINE_CURVE(2,(#628,#629,#630,#631,#632,#633
,#634),.UNSPECIFIED.,.T.,.F.) B_SPLINE_CURVE_WITH_KNOTS((1,2,2,2,2,1),(
    -2.094395102393,0.,2.094395102393,4.188790204786,6.28318530718,
8.377580409573),.UNSPECIFIED.) CURVE() GEOMETRIC_REPRESENTATION_ITEM() 
RATIONAL_B_SPLINE_CURVE((1.,0.5,1.,0.5,1.,0.5,1.)) REPRESENTATION_ITEM(
  '') );
#628 = CARTESIAN_POINT('',(-16.87957767621,4.308816645336));
#629 = CARTESIAN_POINT('',(-39.36527672907,33.545102790845));
#630 = CARTESIAN_POINT('',(-2.803060688327,38.400146319719));
#631 = CARTESIAN_POINT('',(33.759155352424,43.255189848593));
#632 = CARTESIAN_POINT('',(19.682638364532,9.16386017421));
#633 = CARTESIAN_POINT('',(5.60612137664,-24.92746950017));
#634 = CARTESIAN_POINT('',(-16.87957767621,4.308816645336));
#635 = ( GEOMETRIC_REPRESENTATION_CONTEXT(2) 
PARAMETRIC_REPRESENTATION_CONTEXT() REPRESENTATION_CONTEXT('2D SPACE',''
  ) );
#636 = PCURVE('',#637,#642);
#637 = CYLINDRICAL_SURFACE('',#638,21.294499207368);
#638 = AXIS2_PLACEMENT_3D('',#639,#640,#641);
#639 = CARTESIAN_POINT('',(-38.56860247428,-140.3832836409,
    -103.4024003527));
#640 = DIRECTION('',(-0.,0.996191759571,8.718932367607E-02));
#641 = DIRECTION('',(-0.79267314586,5.315469668418E-02,-0.607325169949)
  );
#642 = DEFINITIONAL_REPRESENTATION('',(#643),#647);
#643 = LINE('',#644,#645);
#644 = CARTESIAN_POINT('',(-6.28318530718,-3.999999999972));
#645 = VECTOR('',#646,1.);
#646 = DIRECTION('',(1.,-0.));
#647 = ( GEOMETRIC_REPRESENTATION_CONTEXT(2) 
PARAMETRIC_REPRESENTATION_CONTEXT() REPRESENTATION_CONTEXT('2D SPACE',''
  ) );
#648 = ORIENTED_EDGE('',*,*,#649,.T.);
#649 = EDGE_CURVE('',#617,#179,#650,.T.);
#650 = SURFACE_CURVE('',#651,(#655,#662),.PCURVE_S1.);
#651 = LINE('',#652,#653);
#652 = CARTESIAN_POINT('',(-57.96395,-142.0940149008,-129.7334672927));
#653 = VECTOR('',#654,1.);
#654 = DIRECTION('',(0.910814856676,-3.599306832363E-02,0.411242988865)
  );
#655 = PCURVE('',#195,#656);
#656 = DEFINITIONAL_REPRESENTATION('',(#657),#661);
#657 = LINE('',#658,#659);
#658 = CARTESIAN_POINT('',(-19.39534752572,-8.790693358347));
#659 = VECTOR('',#660,1.);
#660 = DIRECTION('',(0.910814856676,0.412815087973));
#661 = ( GEOMETRIC_REPRESENTATION_CONTEXT(2) 
PARAMETRIC_REPRESENTATION_CONTEXT() REPRESENTATION_CONTEXT('2D SPACE',''
  ) );
#662 = PCURVE('',#228,#663);
#663 = DEFINITIONAL_REPRESENTATION('',(#664),#668);
#664 = LINE('',#665,#666);
#665 = CARTESIAN_POINT('',(-19.39534752572,-8.790693358347));
#666 = VECTOR('',#667,1.);
#667 = DIRECTION('',(0.910814856676,0.412815087973));
#668 = ( GEOMETRIC_REPRESENTATION_CONTEXT(2) 
PARAMETRIC_REPRESENTATION_CONTEXT() REPRESENTATION_CONTEXT('2D SPACE',''
  ) );
#669 = ORIENTED_EDGE('',*,*,#178,.T.);
#670 = ORIENTED_EDGE('',*,*,#536,.T.);
#671 = ADVANCED_FACE('',(#672),#228,.T.);
#672 = FACE_BOUND('',#673,.T.);
#673 = EDGE_LOOP('',(#674,#675,#703,#724));
#674 = ORIENTED_EDGE('',*,*,#649,.F.);
#675 = ORIENTED_EDGE('',*,*,#676,.F.);
#676 = EDGE_CURVE('',#677,#617,#679,.T.);
#677 = VERTEX_POINT('',#678);
#678 = CARTESIAN_POINT('',(-33.26978809203,-142.5698012944,
    -124.2973145091));
#679 = SURFACE_CURVE('',#680,(#685,#696),.PCURVE_S1.);
#680 = CIRCLE('',#681,21.294499207368);
#681 = AXIS2_PLACEMENT_3D('',#682,#683,#684);
#682 = CARTESIAN_POINT('',(-38.56860247428,-144.3680506791,
    -103.7511576474));
#683 = DIRECTION('',(0.,0.996191759571,8.718932367607E-02));
#684 = DIRECTION('',(-0.79267314586,5.315469668418E-02,-0.607325169949)
  );
#685 = PCURVE('',#228,#686);
#686 = DEFINITIONAL_REPRESENTATION('',(#687),#695);
#687 = ( BOUNDED_CURVE() B_SPLINE_CURVE(2,(#688,#689,#690,#691,#692,#693
,#694),.UNSPECIFIED.,.T.,.F.) B_SPLINE_CURVE_WITH_KNOTS((1,2,2,2,2,1),(
    -2.094395102393,0.,2.094395102393,4.188790204786,6.28318530718,
8.377580409573),.UNSPECIFIED.) CURVE() GEOMETRIC_REPRESENTATION_ITEM() 
RATIONAL_B_SPLINE_CURVE((1.,0.5,1.,0.5,1.,0.5,1.)) REPRESENTATION_ITEM(
  '') );
#688 = CARTESIAN_POINT('',(-16.87957767621,4.308816645336));
#689 = CARTESIAN_POINT('',(-39.36527672907,33.545102790845));
#690 = CARTESIAN_POINT('',(-2.803060688327,38.400146319719));
#691 = CARTESIAN_POINT('',(33.759155352424,43.255189848593));
#692 = CARTESIAN_POINT('',(19.682638364532,9.16386017421));
#693 = CARTESIAN_POINT('',(5.60612137664,-24.92746950017));
#694 = CARTESIAN_POINT('',(-16.87957767621,4.308816645336));
#695 = ( GEOMETRIC_REPRESENTATION_CONTEXT(2) 
PARAMETRIC_REPRESENTATION_CONTEXT() REPRESENTATION_CONTEXT('2D SPACE',''
  ) );
#696 = PCURVE('',#637,#697);
#697 = DEFINITIONAL_REPRESENTATION('',(#698),#702);
#698 = LINE('',#699,#700);
#699 = CARTESIAN_POINT('',(-6.28318530718,-3.999999999972));
#700 = VECTOR('',#701,1.);
#701 = DIRECTION('',(1.,-0.));
#702 = ( GEOMETRIC_REPRESENTATION_CONTEXT(2) 
PARAMETRIC_REPRESENTATION_CONTEXT() REPRESENTATION_CONTEXT('2D SPACE',''
  ) );
#703 = ORIENTED_EDGE('',*,*,#704,.T.);
#704 = EDGE_CURVE('',#677,#212,#705,.T.);
#705 = SURFACE_CURVE('',#706,(#710,#717),.PCURVE_S1.);
#706 = LINE('',#707,#708);
#707 = CARTESIAN_POINT('',(-20.54462,-141.8717579802,-132.2728895928));
#708 = VECTOR('',#709,1.);
#709 = DIRECTION('',(-0.846415096421,-4.643038071147E-02,0.530495715627)
  );
#710 = PCURVE('',#228,#711);
#711 = DEFINITIONAL_REPRESENTATION('',(#712),#716);
#712 = LINE('',#713,#714);
#713 = CARTESIAN_POINT('',(18.02398247428,-11.33982335836));
#714 = VECTOR('',#715,1.);
#715 = DIRECTION('',(-0.846415096421,0.532523693887));
#716 = ( GEOMETRIC_REPRESENTATION_CONTEXT(2) 
PARAMETRIC_REPRESENTATION_CONTEXT() REPRESENTATION_CONTEXT('2D SPACE',''
  ) );
#717 = PCURVE('',#261,#718);
#718 = DEFINITIONAL_REPRESENTATION('',(#719),#723);
#719 = LINE('',#720,#721);
#720 = CARTESIAN_POINT('',(18.02398247428,-11.33982335836));
#721 = VECTOR('',#722,1.);
#722 = DIRECTION('',(-0.846415096421,0.532523693887));
#723 = ( GEOMETRIC_REPRESENTATION_CONTEXT(2) 
PARAMETRIC_REPRESENTATION_CONTEXT() REPRESENTATION_CONTEXT('2D SPACE',''
  ) );
#724 = ORIENTED_EDGE('',*,*,#211,.T.);
#725 = ADVANCED_FACE('',(#726),#261,.T.);
#726 = FACE_BOUND('',#727,.T.);
#727 = EDGE_LOOP('',(#728,#729,#730,#731,#759,#785));
#728 = ORIENTED_EDGE('',*,*,#370,.F.);
#729 = ORIENTED_EDGE('',*,*,#244,.T.);
#730 = ORIENTED_EDGE('',*,*,#704,.F.);
#731 = ORIENTED_EDGE('',*,*,#732,.F.);
#732 = EDGE_CURVE('',#733,#677,#735,.T.);
#733 = VERTEX_POINT('',#734);
#734 = CARTESIAN_POINT('',(-22.09254636782,-143.1918176746,
    -117.1903446611));
#735 = SURFACE_CURVE('',#736,(#741,#752),.PCURVE_S1.);
#736 = CIRCLE('',#737,21.294499207368);
#737 = AXIS2_PLACEMENT_3D('',#738,#739,#740);
#738 = CARTESIAN_POINT('',(-38.56860247428,-144.3680506791,
    -103.7511576474));
#739 = DIRECTION('',(0.,0.996191759571,8.718932367607E-02));
#740 = DIRECTION('',(-0.79267314586,5.315469668418E-02,-0.607325169949)
  );
#741 = PCURVE('',#261,#742);
#742 = DEFINITIONAL_REPRESENTATION('',(#743),#751);
#743 = ( BOUNDED_CURVE() B_SPLINE_CURVE(2,(#744,#745,#746,#747,#748,#749
,#750),.UNSPECIFIED.,.T.,.F.) B_SPLINE_CURVE_WITH_KNOTS((1,2,2,2,2,1),(
    -2.094395102393,0.,2.094395102393,4.188790204786,6.28318530718,
8.377580409573),.UNSPECIFIED.) CURVE() GEOMETRIC_REPRESENTATION_ITEM() 
RATIONAL_B_SPLINE_CURVE((1.,0.5,1.,0.5,1.,0.5,1.)) REPRESENTATION_ITEM(
  '') );
#744 = CARTESIAN_POINT('',(-16.87957767621,4.308816645336));
#745 = CARTESIAN_POINT('',(-39.36527672907,33.545102790845));
#746 = CARTESIAN_POINT('',(-2.803060688327,38.400146319719));
#747 = CARTESIAN_POINT('',(33.759155352424,43.255189848593));
#748 = CARTESIAN_POINT('',(19.682638364532,9.16386017421));
#749 = CARTESIAN_POINT('',(5.60612137664,-24.92746950017));
#750 = CARTESIAN_POINT('',(-16.87957767621,4.308816645336));
#751 = ( GEOMETRIC_REPRESENTATION_CONTEXT(2) 
PARAMETRIC_REPRESENTATION_CONTEXT() REPRESENTATION_CONTEXT('2D SPACE',''
  ) );
#752 = PCURVE('',#637,#753);
#753 = DEFINITIONAL_REPRESENTATION('',(#754),#758);
#754 = LINE('',#755,#756);
#755 = CARTESIAN_POINT('',(-6.28318530718,-3.999999999972));
#756 = VECTOR('',#757,1.);
#757 = DIRECTION('',(1.,-0.));
#758 = ( GEOMETRIC_REPRESENTATION_CONTEXT(2) 
PARAMETRIC_REPRESENTATION_CONTEXT() REPRESENTATION_CONTEXT('2D SPACE',''
  ) );
#759 = ORIENTED_EDGE('',*,*,#760,.F.);
#760 = EDGE_CURVE('',#761,#733,#763,.T.);
#761 = VERTEX_POINT('',#762);
#762 = CARTESIAN_POINT('',(-18.77477150616,-143.5451093715,
    -113.1537692819));
#763 = SURFACE_CURVE('',#764,(#768,#774),.PCURVE_S1.);
#764 = LINE('',#765,#766);
#765 = CARTESIAN_POINT('',(-26.33031348766,-142.7405610343,
    -122.3462298949));
#766 = VECTOR('',#767,1.);
#767 = DIRECTION('',(-0.633523342678,6.746043542896E-02,-0.770777052029)
  );
#768 = PCURVE('',#261,#769);
#769 = DEFINITIONAL_REPRESENTATION('',(#770),#773);
#770 = B_SPLINE_CURVE_WITH_KNOTS('',1,(#771,#772),.UNSPECIFIED.,.F.,.F.,
  (2,2),(-13.13893674735,-6.689204381845),.PIECEWISE_BEZIER_KNOTS.);
#771 = CARTESIAN_POINT('',(20.56211211403,8.790688727273));
#772 = CARTESIAN_POINT('',(16.476056106454,3.800378727918));
#773 = ( GEOMETRIC_REPRESENTATION_CONTEXT(2) 
PARAMETRIC_REPRESENTATION_CONTEXT() REPRESENTATION_CONTEXT('2D SPACE',''
  ) );
#774 = PCURVE('',#775,#780);
#775 = PLANE('',#776);
#776 = AXIS2_PLACEMENT_3D('',#777,#778,#779);
#777 = CARTESIAN_POINT('',(-22.09254636782,-139.2070506363,
    -116.8415873663));
#778 = DIRECTION('',(-0.773723577437,-5.523647178109E-02,0.631110733472)
  );
#779 = DIRECTION('',(0.633523342678,-6.746043542898E-02,0.770777052029)
  );
#780 = DEFINITIONAL_REPRESENTATION('',(#781),#784);
#781 = B_SPLINE_CURVE_WITH_KNOTS('',1,(#782,#783),.UNSPECIFIED.,.F.,.F.,
  (2,2),(-13.13893674735,-6.689204381845),.PIECEWISE_BEZIER_KNOTS.);
#782 = CARTESIAN_POINT('',(6.449732365511,-3.999999999972));
#783 = CARTESIAN_POINT('',(-7.105427357601E-15,-3.999999999972));
#784 = ( GEOMETRIC_REPRESENTATION_CONTEXT(2) 
PARAMETRIC_REPRESENTATION_CONTEXT() REPRESENTATION_CONTEXT('2D SPACE',''
  ) );
#785 = ORIENTED_EDGE('',*,*,#786,.T.);
#786 = EDGE_CURVE('',#761,#371,#787,.T.);
#787 = SURFACE_CURVE('',#788,(#793,#800),.PCURVE_S1.);
#788 = CIRCLE('',#789,21.294499207368);
#789 = AXIS2_PLACEMENT_3D('',#790,#791,#792);
#790 = CARTESIAN_POINT('',(-38.56860247428,-142.8604652236,
    -120.9762506331));
#791 = DIRECTION('',(0.,-0.996191759571,-8.718932367605E-02));
#792 = DIRECTION('',(1.,-0.,0.));
#793 = PCURVE('',#261,#794);
#794 = DEFINITIONAL_REPRESENTATION('',(#795),#799);
#795 = CIRCLE('',#796,21.294499207368);
#796 = AXIS2_PLACEMENT_2D('',#797,#798);
#797 = CARTESIAN_POINT('',(0.,0.));
#798 = DIRECTION('',(1.,0.));
#799 = ( GEOMETRIC_REPRESENTATION_CONTEXT(2) 
PARAMETRIC_REPRESENTATION_CONTEXT() REPRESENTATION_CONTEXT('2D SPACE',''
  ) );
#800 = PCURVE('',#801,#806);
#801 = PLANE('',#802);
#802 = AXIS2_PLACEMENT_3D('',#803,#804,#805);
#803 = CARTESIAN_POINT('',(-12.50688964838,-145.1277533908,
    -95.07113528976));
#804 = DIRECTION('',(-0.,-0.996191759571,-8.718932367605E-02));
#805 = DIRECTION('',(1.,-0.,0.));
#806 = DEFINITIONAL_REPRESENTATION('',(#807),#811);
#807 = CIRCLE('',#808,21.294499207368);
#808 = AXIS2_PLACEMENT_2D('',#809,#810);
#809 = CARTESIAN_POINT('',(-26.0617128259,-26.00414575764));
#810 = DIRECTION('',(1.,0.));
#811 = ( GEOMETRIC_REPRESENTATION_CONTEXT(2) 
PARAMETRIC_REPRESENTATION_CONTEXT() REPRESENTATION_CONTEXT('2D SPACE',''
  ) );
#812 = ADVANCED_FACE('',(#813),#330,.F.);
#813 = FACE_BOUND('',#814,.F.);
#814 = EDGE_LOOP('',(#815,#838,#839,#840));
#815 = ORIENTED_EDGE('',*,*,#816,.T.);
#816 = EDGE_CURVE('',#817,#310,#819,.T.);
#817 = VERTEX_POINT('',#818);
#818 = CARTESIAN_POINT('',(-37.65,-142.0688016732,-116.8318063416));
#819 = SEAM_CURVE('',#820,(#824,#831),.PCURVE_S1.);
#820 = LINE('',#821,#822);
#821 = CARTESIAN_POINT('',(-37.65,-140.225846918,-116.6705060928));
#822 = VECTOR('',#823,1.);
#823 = DIRECTION('',(-0.,-0.996191759571,-8.718932367606E-02));
#824 = PCURVE('',#330,#825);
#825 = DEFINITIONAL_REPRESENTATION('',(#826),#830);
#826 = LINE('',#827,#828);
#827 = CARTESIAN_POINT('',(6.28318530718,0.));
#828 = VECTOR('',#829,1.);
#829 = DIRECTION('',(0.,1.));
#830 = ( GEOMETRIC_REPRESENTATION_CONTEXT(2) 
PARAMETRIC_REPRESENTATION_CONTEXT() REPRESENTATION_CONTEXT('2D SPACE',''
  ) );
#831 = PCURVE('',#330,#832);
#832 = DEFINITIONAL_REPRESENTATION('',(#833),#837);
#833 = LINE('',#834,#835);
#834 = CARTESIAN_POINT('',(4.138911435803E-13,0.));
#835 = VECTOR('',#836,1.);
#836 = DIRECTION('',(0.,1.));
#837 = ( GEOMETRIC_REPRESENTATION_CONTEXT(2) 
PARAMETRIC_REPRESENTATION_CONTEXT() REPRESENTATION_CONTEXT('2D SPACE',''
  ) );
#838 = ORIENTED_EDGE('',*,*,#309,.T.);
#839 = ORIENTED_EDGE('',*,*,#816,.F.);
#840 = ORIENTED_EDGE('',*,*,#841,.F.);
#841 = EDGE_CURVE('',#817,#817,#842,.T.);
#842 = SURFACE_CURVE('',#843,(#848,#855),.PCURVE_S1.);
#843 = CIRCLE('',#844,1.35);
#844 = AXIS2_PLACEMENT_3D('',#845,#846,#847);
#845 = CARTESIAN_POINT('',(-39.,-142.0688016732,-116.8318063416));
#846 = DIRECTION('',(0.,0.996191759571,8.718932367606E-02));
#847 = DIRECTION('',(1.,0.,-0.));
#848 = PCURVE('',#330,#849);
#849 = DEFINITIONAL_REPRESENTATION('',(#850),#854);
#850 = LINE('',#851,#852);
#851 = CARTESIAN_POINT('',(6.28318530718,1.85));
#852 = VECTOR('',#853,1.);
#853 = DIRECTION('',(-1.,0.));
#854 = ( GEOMETRIC_REPRESENTATION_CONTEXT(2) 
PARAMETRIC_REPRESENTATION_CONTEXT() REPRESENTATION_CONTEXT('2D SPACE',''
  ) );
#855 = PCURVE('',#856,#861);
#856 = PLANE('',#857);
#857 = AXIS2_PLACEMENT_3D('',#858,#859,#860);
#858 = CARTESIAN_POINT('',(-39.,-142.0688016732,-116.8318063416));
#859 = DIRECTION('',(-0.,-0.996191759571,-8.718932367606E-02));
#860 = DIRECTION('',(1.,-0.,0.));
#861 = DEFINITIONAL_REPRESENTATION('',(#862),#870);
#862 = ( BOUNDED_CURVE() B_SPLINE_CURVE(2,(#863,#864,#865,#866,#867,#868
,#869),.UNSPECIFIED.,.T.,.F.) B_SPLINE_CURVE_WITH_KNOTS((1,2,2,2,2,1),(
    -2.094395102393,0.,2.094395102393,4.188790204786,6.28318530718,
8.377580409573),.UNSPECIFIED.) CURVE() GEOMETRIC_REPRESENTATION_ITEM() 
RATIONAL_B_SPLINE_CURVE((1.,0.5,1.,0.5,1.,0.5,1.)) REPRESENTATION_ITEM(
  '') );
#863 = CARTESIAN_POINT('',(1.35,0.));
#864 = CARTESIAN_POINT('',(1.35,-2.338268590218));
#865 = CARTESIAN_POINT('',(-0.675,-1.169134295109));
#866 = CARTESIAN_POINT('',(-2.7,-3.306546357698E-16));
#867 = CARTESIAN_POINT('',(-0.675,1.169134295109));
#868 = CARTESIAN_POINT('',(1.35,2.338268590218));
#869 = CARTESIAN_POINT('',(1.35,0.));
#870 = ( GEOMETRIC_REPRESENTATION_CONTEXT(2) 
PARAMETRIC_REPRESENTATION_CONTEXT() REPRESENTATION_CONTEXT('2D SPACE',''
  ) );
#871 = ADVANCED_FACE('',(#872),#408,.T.);
#872 = FACE_BOUND('',#873,.T.);
#873 = EDGE_LOOP('',(#874,#897,#918));
#874 = ORIENTED_EDGE('',*,*,#875,.F.);
#875 = EDGE_CURVE('',#876,#371,#878,.T.);
#876 = VERTEX_POINT('',#877);
#877 = CARTESIAN_POINT('',(-24.97891269701,-144.7437589759,
    -99.45850814363));
#878 = SURFACE_CURVE('',#879,(#883,#890),.PCURVE_S1.);
#879 = LINE('',#880,#881);
#880 = CARTESIAN_POINT('',(-38.25535,-147.2977518718,-70.27756522987));
#881 = VECTOR('',#882,1.);
#882 = DIRECTION('',(0.412814864713,7.941334017031E-02,-0.90734635552));
#883 = PCURVE('',#408,#884);
#884 = DEFINITIONAL_REPRESENTATION('',(#885),#889);
#885 = LINE('',#886,#887);
#886 = CARTESIAN_POINT('',(1.26386649559,33.07364298017));
#887 = VECTOR('',#888,1.);
#888 = DIRECTION('',(0.412814864713,-0.910814957866));
#889 = ( GEOMETRIC_REPRESENTATION_CONTEXT(2) 
PARAMETRIC_REPRESENTATION_CONTEXT() REPRESENTATION_CONTEXT('2D SPACE',''
  ) );
#890 = PCURVE('',#801,#891);
#891 = DEFINITIONAL_REPRESENTATION('',(#892),#896);
#892 = LINE('',#893,#894);
#893 = CARTESIAN_POINT('',(-25.74846035162,24.888350883942));
#894 = VECTOR('',#895,1.);
#895 = DIRECTION('',(0.412814864713,-0.910814957866));
#896 = ( GEOMETRIC_REPRESENTATION_CONTEXT(2) 
PARAMETRIC_REPRESENTATION_CONTEXT() REPRESENTATION_CONTEXT('2D SPACE',''
  ) );
#897 = ORIENTED_EDGE('',*,*,#898,.F.);
#898 = EDGE_CURVE('',#346,#876,#899,.T.);
#899 = SURFACE_CURVE('',#900,(#904,#911),.PCURVE_S1.);
#900 = LINE('',#901,#902);
#901 = CARTESIAN_POINT('',(-38.5686,-142.8604692166,-120.9762543538));
#902 = VECTOR('',#903,1.);
#903 = DIRECTION('',(0.532523775277,-7.379835534144E-02,0.843191693219)
  );
#904 = PCURVE('',#408,#905);
#905 = DEFINITIONAL_REPRESENTATION('',(#906),#910);
#906 = LINE('',#907,#908);
#907 = CARTESIAN_POINT('',(0.95061649559,-17.8188570198));
#908 = VECTOR('',#909,1.);
#909 = DIRECTION('',(0.532523775277,0.846415045214));
#910 = ( GEOMETRIC_REPRESENTATION_CONTEXT(2) 
PARAMETRIC_REPRESENTATION_CONTEXT() REPRESENTATION_CONTEXT('2D SPACE',''
  ) );
#911 = PCURVE('',#442,#912);
#912 = DEFINITIONAL_REPRESENTATION('',(#913),#917);
#913 = LINE('',#914,#915);
#914 = CARTESIAN_POINT('',(-12.77038370803,-41.16118806329));
#915 = VECTOR('',#916,1.);
#916 = DIRECTION('',(0.532523775277,0.846415045214));
#917 = ( GEOMETRIC_REPRESENTATION_CONTEXT(2) 
PARAMETRIC_REPRESENTATION_CONTEXT() REPRESENTATION_CONTEXT('2D SPACE',''
  ) );
#918 = ORIENTED_EDGE('',*,*,#393,.F.);
#919 = ADVANCED_FACE('',(#920),#442,.T.);
#920 = FACE_BOUND('',#921,.T.);
#921 = EDGE_LOOP('',(#922,#950,#951,#952));
#922 = ORIENTED_EDGE('',*,*,#923,.T.);
#923 = EDGE_CURVE('',#924,#426,#926,.T.);
#924 = VERTEX_POINT('',#925);
#925 = CARTESIAN_POINT('',(-28.34429616391,-145.3911589726,
    -92.06156417521));
#926 = SURFACE_CURVE('',#927,(#931,#938),.PCURVE_S1.);
#927 = LINE('',#928,#929);
#928 = CARTESIAN_POINT('',(26.42396,-148.3807705682,-57.90340913603));
#929 = VECTOR('',#930,1.);
#930 = DIRECTION('',(-0.847590638314,4.626707107615E-02,-0.528629802392)
  );
#931 = PCURVE('',#442,#932);
#932 = DEFINITIONAL_REPRESENTATION('',(#933),#937);
#933 = LINE('',#934,#935);
#934 = CARTESIAN_POINT('',(52.22217629197,22.152771936676));
#935 = VECTOR('',#936,1.);
#936 = DIRECTION('',(-0.847590638314,-0.530650647642));
#937 = ( GEOMETRIC_REPRESENTATION_CONTEXT(2) 
PARAMETRIC_REPRESENTATION_CONTEXT() REPRESENTATION_CONTEXT('2D SPACE',''
  ) );
#938 = PCURVE('',#939,#944);
#939 = PLANE('',#940);
#940 = AXIS2_PLACEMENT_3D('',#941,#942,#943);
#941 = CARTESIAN_POINT('',(-25.79821629197,-146.4492853655,-79.971817991
    ));
#942 = DIRECTION('',(-0.,-0.996191759571,-8.718932367605E-02));
#943 = DIRECTION('',(1.,-0.,0.));
#944 = DEFINITIONAL_REPRESENTATION('',(#945),#949);
#945 = LINE('',#946,#947);
#946 = CARTESIAN_POINT('',(52.22217629197,22.152771936676));
#947 = VECTOR('',#948,1.);
#948 = DIRECTION('',(-0.847590638314,-0.530650647642));
#949 = ( GEOMETRIC_REPRESENTATION_CONTEXT(2) 
PARAMETRIC_REPRESENTATION_CONTEXT() REPRESENTATION_CONTEXT('2D SPACE',''
  ) );
#950 = ORIENTED_EDGE('',*,*,#425,.F.);
#951 = ORIENTED_EDGE('',*,*,#898,.T.);
#952 = ORIENTED_EDGE('',*,*,#953,.F.);
#953 = EDGE_CURVE('',#924,#876,#954,.T.);
#954 = SURFACE_CURVE('',#955,(#959,#966),.PCURVE_S1.);
#955 = LINE('',#956,#957);
#956 = CARTESIAN_POINT('',(-38.25535,-147.2977518718,-70.27756522987));
#957 = VECTOR('',#958,1.);
#958 = DIRECTION('',(0.412814864713,7.941334017031E-02,-0.90734635552));
#959 = PCURVE('',#442,#960);
#960 = DEFINITIONAL_REPRESENTATION('',(#961),#965);
#961 = LINE('',#962,#963);
#962 = CARTESIAN_POINT('',(-12.45713370803,9.731311936681));
#963 = VECTOR('',#964,1.);
#964 = DIRECTION('',(0.412814864713,-0.910814957866));
#965 = ( GEOMETRIC_REPRESENTATION_CONTEXT(2) 
PARAMETRIC_REPRESENTATION_CONTEXT() REPRESENTATION_CONTEXT('2D SPACE',''
  ) );
#966 = PCURVE('',#967,#972);
#967 = PLANE('',#968);
#968 = AXIS2_PLACEMENT_3D('',#969,#970,#971);
#969 = CARTESIAN_POINT('',(-25.79821629197,-146.4492853655,-79.971817991
    ));
#970 = DIRECTION('',(-0.,-0.996191759571,-8.718932367605E-02));
#971 = DIRECTION('',(1.,-0.,0.));
#972 = DEFINITIONAL_REPRESENTATION('',(#973),#977);
#973 = LINE('',#974,#975);
#974 = CARTESIAN_POINT('',(-12.45713370803,9.731311936681));
#975 = VECTOR('',#976,1.);
#976 = DIRECTION('',(0.412814864713,-0.910814957866));
#977 = ( GEOMETRIC_REPRESENTATION_CONTEXT(2) 
PARAMETRIC_REPRESENTATION_CONTEXT() REPRESENTATION_CONTEXT('2D SPACE',''
  ) );
#978 = ADVANCED_FACE('',(#979),#470,.T.);
#979 = FACE_BOUND('',#980,.T.);
#980 = EDGE_LOOP('',(#981,#982,#1006));
#981 = ORIENTED_EDGE('',*,*,#454,.F.);
#982 = ORIENTED_EDGE('',*,*,#983,.T.);
#983 = EDGE_CURVE('',#426,#984,#986,.T.);
#984 = VERTEX_POINT('',#985);
#985 = CARTESIAN_POINT('',(-47.35929131552,-144.551534556,
    -101.6547659411));
#986 = SURFACE_CURVE('',#987,(#992,#999),.PCURVE_S1.);
#987 = CIRCLE('',#988,21.294499207368);
#988 = AXIS2_PLACEMENT_3D('',#989,#990,#991);
#989 = CARTESIAN_POINT('',(-38.56860247428,-142.8604652236,
    -120.9762506331));
#990 = DIRECTION('',(0.,-0.996191759571,-8.718932367605E-02));
#991 = DIRECTION('',(1.,-0.,0.));
#992 = PCURVE('',#470,#993);
#993 = DEFINITIONAL_REPRESENTATION('',(#994),#998);
#994 = CIRCLE('',#995,21.294499207368);
#995 = AXIS2_PLACEMENT_2D('',#996,#997);
#996 = CARTESIAN_POINT('',(-12.77038618231,-41.1611847049));
#997 = DIRECTION('',(1.,0.));
#998 = ( GEOMETRIC_REPRESENTATION_CONTEXT(2) 
PARAMETRIC_REPRESENTATION_CONTEXT() REPRESENTATION_CONTEXT('2D SPACE',''
  ) );
#999 = PCURVE('',#939,#1000);
#1000 = DEFINITIONAL_REPRESENTATION('',(#1001),#1005);
#1001 = CIRCLE('',#1002,21.294499207368);
#1002 = AXIS2_PLACEMENT_2D('',#1003,#1004);
#1003 = CARTESIAN_POINT('',(-12.77038618231,-41.1611847049));
#1004 = DIRECTION('',(1.,0.));
#1005 = ( GEOMETRIC_REPRESENTATION_CONTEXT(2) 
PARAMETRIC_REPRESENTATION_CONTEXT() REPRESENTATION_CONTEXT('2D SPACE',''
  ) );
#1006 = ORIENTED_EDGE('',*,*,#1007,.T.);
#1007 = EDGE_CURVE('',#984,#455,#1008,.T.);
#1008 = SURFACE_CURVE('',#1009,(#1013,#1020),.PCURVE_S1.);
#1009 = LINE('',#1010,#1011);
#1010 = CARTESIAN_POINT('',(-57.6507,-146.531297556,-79.03477816881));
#1011 = VECTOR('',#1012,1.);
#1012 = DIRECTION('',(0.412815044182,7.941333307827E-02,-0.907346274487)
  );
#1013 = PCURVE('',#470,#1014);
#1014 = DEFINITIONAL_REPRESENTATION('',(#1015),#1019);
#1015 = LINE('',#1016,#1017);
#1016 = CARTESIAN_POINT('',(-31.85248370803,0.940621936678));
#1017 = VECTOR('',#1018,1.);
#1018 = DIRECTION('',(0.412815044182,-0.910814876524));
#1019 = ( GEOMETRIC_REPRESENTATION_CONTEXT(2) 
PARAMETRIC_REPRESENTATION_CONTEXT() REPRESENTATION_CONTEXT('2D SPACE',''
  ) );
#1020 = PCURVE('',#573,#1021);
#1021 = DEFINITIONAL_REPRESENTATION('',(#1022),#1026);
#1022 = LINE('',#1023,#1024);
#1023 = CARTESIAN_POINT('',(-19.08209752572,42.101806641585));
#1024 = VECTOR('',#1025,1.);
#1025 = DIRECTION('',(0.412815044182,-0.910814876524));
#1026 = ( GEOMETRIC_REPRESENTATION_CONTEXT(2) 
PARAMETRIC_REPRESENTATION_CONTEXT() REPRESENTATION_CONTEXT('2D SPACE',''
  ) );
#1027 = ADVANCED_FACE('',(#1028),#524,.T.);
#1028 = FACE_BOUND('',#1029,.T.);
#1029 = EDGE_LOOP('',(#1030,#1058,#1079));
#1030 = ORIENTED_EDGE('',*,*,#1031,.T.);
#1031 = EDGE_CURVE('',#509,#1032,#1034,.T.);
#1032 = VERTEX_POINT('',#1033);
#1033 = CARTESIAN_POINT('',(-56.59259,-143.8491813249,-109.6796091529));
#1034 = SURFACE_CURVE('',#1035,(#1039,#1046),.PCURVE_S1.);
#1035 = LINE('',#1036,#1037);
#1036 = CARTESIAN_POINT('',(26.42396,-148.3807705682,-57.90340913603));
#1037 = VECTOR('',#1038,1.);
#1038 = DIRECTION('',(-0.847590638314,4.626707107615E-02,-0.528629802392
    ));
#1039 = PCURVE('',#524,#1040);
#1040 = DEFINITIONAL_REPRESENTATION('',(#1041),#1045);
#1041 = LINE('',#1042,#1043);
#1042 = CARTESIAN_POINT('',(64.99256247428,63.313956641582));
#1043 = VECTOR('',#1044,1.);
#1044 = DIRECTION('',(-0.847590638314,-0.530650647642));
#1045 = ( GEOMETRIC_REPRESENTATION_CONTEXT(2) 
PARAMETRIC_REPRESENTATION_CONTEXT() REPRESENTATION_CONTEXT('2D SPACE',''
  ) );
#1046 = PCURVE('',#1047,#1052);
#1047 = PLANE('',#1048);
#1048 = AXIS2_PLACEMENT_3D('',#1049,#1050,#1051);
#1049 = CARTESIAN_POINT('',(-38.56860247428,-142.8604652236,
    -120.9762506331));
#1050 = DIRECTION('',(-0.,-0.996191759571,-8.718932367605E-02));
#1051 = DIRECTION('',(1.,-0.,0.));
#1052 = DEFINITIONAL_REPRESENTATION('',(#1053),#1057);
#1053 = LINE('',#1054,#1055);
#1054 = CARTESIAN_POINT('',(64.99256247428,63.313956641582));
#1055 = VECTOR('',#1056,1.);
#1056 = DIRECTION('',(-0.847590638314,-0.530650647642));
#1057 = ( GEOMETRIC_REPRESENTATION_CONTEXT(2) 
PARAMETRIC_REPRESENTATION_CONTEXT() REPRESENTATION_CONTEXT('2D SPACE',''
  ) );
#1058 = ORIENTED_EDGE('',*,*,#1059,.F.);
#1059 = EDGE_CURVE('',#507,#1032,#1060,.T.);
#1060 = SURFACE_CURVE('',#1061,(#1065,#1072),.PCURVE_S1.);
#1061 = LINE('',#1062,#1063);
#1062 = CARTESIAN_POINT('',(-20.54462,-141.8717579802,-132.2728895928));
#1063 = VECTOR('',#1064,1.);
#1064 = DIRECTION('',(-0.846415096421,-4.643038071147E-02,0.530495715627
    ));
#1065 = PCURVE('',#524,#1066);
#1066 = DEFINITIONAL_REPRESENTATION('',(#1067),#1071);
#1067 = LINE('',#1068,#1069);
#1068 = CARTESIAN_POINT('',(18.02398247428,-11.33982335836));
#1069 = VECTOR('',#1070,1.);
#1070 = DIRECTION('',(-0.846415096421,0.532523693887));
#1071 = ( GEOMETRIC_REPRESENTATION_CONTEXT(2) 
PARAMETRIC_REPRESENTATION_CONTEXT() REPRESENTATION_CONTEXT('2D SPACE',''
  ) );
#1072 = PCURVE('',#604,#1073);
#1073 = DEFINITIONAL_REPRESENTATION('',(#1074),#1078);
#1074 = LINE('',#1075,#1076);
#1075 = CARTESIAN_POINT('',(18.02398247428,-11.33982335836));
#1076 = VECTOR('',#1077,1.);
#1077 = DIRECTION('',(-0.846415096421,0.532523693887));
#1078 = ( GEOMETRIC_REPRESENTATION_CONTEXT(2) 
PARAMETRIC_REPRESENTATION_CONTEXT() REPRESENTATION_CONTEXT('2D SPACE',''
  ) );
#1079 = ORIENTED_EDGE('',*,*,#506,.T.);
#1080 = ADVANCED_FACE('',(#1081),#573,.T.);
#1081 = FACE_BOUND('',#1082,.T.);
#1082 = EDGE_LOOP('',(#1083,#1106,#1107,#1108));
#1083 = ORIENTED_EDGE('',*,*,#1084,.F.);
#1084 = EDGE_CURVE('',#509,#1085,#1087,.T.);
#1085 = VERTEX_POINT('',#1086);
#1086 = CARTESIAN_POINT('',(-48.91501721409,-144.4832370603,
    -102.4351069227));
#1087 = SURFACE_CURVE('',#1088,(#1092,#1099),.PCURVE_S1.);
#1088 = LINE('',#1089,#1090);
#1089 = CARTESIAN_POINT('',(-57.96395,-142.0940149008,-129.7334672927));
#1090 = VECTOR('',#1091,1.);
#1091 = DIRECTION('',(0.313566080943,-8.279205058891E-02,0.945950204419)
  );
#1092 = PCURVE('',#573,#1093);
#1093 = DEFINITIONAL_REPRESENTATION('',(#1094),#1098);
#1094 = LINE('',#1095,#1096);
#1095 = CARTESIAN_POINT('',(-19.39534752572,-8.790693358347));
#1096 = VECTOR('',#1097,1.);
#1097 = DIRECTION('',(0.313566080943,0.949566381504));
#1098 = ( GEOMETRIC_REPRESENTATION_CONTEXT(2) 
PARAMETRIC_REPRESENTATION_CONTEXT() REPRESENTATION_CONTEXT('2D SPACE',''
  ) );
#1099 = PCURVE('',#1047,#1100);
#1100 = DEFINITIONAL_REPRESENTATION('',(#1101),#1105);
#1101 = LINE('',#1102,#1103);
#1102 = CARTESIAN_POINT('',(-19.39534752572,-8.790693358347));
#1103 = VECTOR('',#1104,1.);
#1104 = DIRECTION('',(0.313566080943,0.949566381504));
#1105 = ( GEOMETRIC_REPRESENTATION_CONTEXT(2) 
PARAMETRIC_REPRESENTATION_CONTEXT() REPRESENTATION_CONTEXT('2D SPACE',''
  ) );
#1106 = ORIENTED_EDGE('',*,*,#559,.F.);
#1107 = ORIENTED_EDGE('',*,*,#1007,.F.);
#1108 = ORIENTED_EDGE('',*,*,#1109,.T.);
#1109 = EDGE_CURVE('',#984,#1085,#1110,.T.);
#1110 = SURFACE_CURVE('',#1111,(#1116,#1123),.PCURVE_S1.);
#1111 = CIRCLE('',#1112,21.294499207368);
#1112 = AXIS2_PLACEMENT_3D('',#1113,#1114,#1115);
#1113 = CARTESIAN_POINT('',(-38.56860247428,-142.8604652236,
    -120.9762506331));
#1114 = DIRECTION('',(0.,-0.996191759571,-8.718932367605E-02));
#1115 = DIRECTION('',(1.,-0.,0.));
#1116 = PCURVE('',#573,#1117);
#1117 = DEFINITIONAL_REPRESENTATION('',(#1118),#1122);
#1118 = CIRCLE('',#1119,21.294499207368);
#1119 = AXIS2_PLACEMENT_2D('',#1120,#1121);
#1120 = CARTESIAN_POINT('',(0.,0.));
#1121 = DIRECTION('',(1.,0.));
#1122 = ( GEOMETRIC_REPRESENTATION_CONTEXT(2) 
PARAMETRIC_REPRESENTATION_CONTEXT() REPRESENTATION_CONTEXT('2D SPACE',''
  ) );
#1123 = PCURVE('',#1124,#1129);
#1124 = PLANE('',#1125);
#1125 = AXIS2_PLACEMENT_3D('',#1126,#1127,#1128);
#1126 = CARTESIAN_POINT('',(-39.51921649559,-144.4140833088,
    -103.2252558257));
#1127 = DIRECTION('',(-0.,-0.996191759571,-8.718932367605E-02));
#1128 = DIRECTION('',(1.,-0.,0.));
#1129 = DEFINITIONAL_REPRESENTATION('',(#1130),#1134);
#1130 = CIRCLE('',#1131,21.294499207368);
#1131 = AXIS2_PLACEMENT_2D('',#1132,#1133);
#1132 = CARTESIAN_POINT('',(0.95061402131,-17.81885366141));
#1133 = DIRECTION('',(1.,0.));
#1134 = ( GEOMETRIC_REPRESENTATION_CONTEXT(2) 
PARAMETRIC_REPRESENTATION_CONTEXT() REPRESENTATION_CONTEXT('2D SPACE',''
  ) );
#1135 = ADVANCED_FACE('',(#1136),#604,.T.);
#1136 = FACE_BOUND('',#1137,.T.);
#1137 = EDGE_LOOP('',(#1138,#1139,#1140,#1169,#1195));
#1138 = ORIENTED_EDGE('',*,*,#588,.T.);
#1139 = ORIENTED_EDGE('',*,*,#1059,.T.);
#1140 = ORIENTED_EDGE('',*,*,#1141,.T.);
#1141 = EDGE_CURVE('',#1032,#1142,#1144,.T.);
#1142 = VERTEX_POINT('',#1143);
#1143 = CARTESIAN_POINT('',(-58.29765435876,-143.5591787704,
    -112.9930177283));
#1144 = SURFACE_CURVE('',#1145,(#1150,#1157),.PCURVE_S1.);
#1145 = CIRCLE('',#1146,21.294499207368);
#1146 = AXIS2_PLACEMENT_3D('',#1147,#1148,#1149);
#1147 = CARTESIAN_POINT('',(-38.56860247428,-142.8604652236,
    -120.9762506331));
#1148 = DIRECTION('',(0.,-0.996191759571,-8.718932367605E-02));
#1149 = DIRECTION('',(1.,-0.,0.));
#1150 = PCURVE('',#604,#1151);
#1151 = DEFINITIONAL_REPRESENTATION('',(#1152),#1156);
#1152 = CIRCLE('',#1153,21.294499207368);
#1153 = AXIS2_PLACEMENT_2D('',#1154,#1155);
#1154 = CARTESIAN_POINT('',(0.,0.));
#1155 = DIRECTION('',(1.,0.));
#1156 = ( GEOMETRIC_REPRESENTATION_CONTEXT(2) 
PARAMETRIC_REPRESENTATION_CONTEXT() REPRESENTATION_CONTEXT('2D SPACE',''
  ) );
#1157 = PCURVE('',#1158,#1163);
#1158 = PLANE('',#1159);
#1159 = AXIS2_PLACEMENT_3D('',#1160,#1161,#1162);
#1160 = CARTESIAN_POINT('',(-56.7000867835,-144.9776835285,
    -96.78577595691));
#1161 = DIRECTION('',(-0.,-0.996191759571,-8.718932367605E-02));
#1162 = DIRECTION('',(1.,-0.,0.));
#1163 = DEFINITIONAL_REPRESENTATION('',(#1164),#1168);
#1164 = CIRCLE('',#1165,21.294499207368);
#1165 = AXIS2_PLACEMENT_2D('',#1166,#1167);
#1166 = CARTESIAN_POINT('',(18.13148430922,-24.2829503646));
#1167 = DIRECTION('',(1.,0.));
#1168 = ( GEOMETRIC_REPRESENTATION_CONTEXT(2) 
PARAMETRIC_REPRESENTATION_CONTEXT() REPRESENTATION_CONTEXT('2D SPACE',''
  ) );
#1169 = ORIENTED_EDGE('',*,*,#1170,.F.);
#1170 = EDGE_CURVE('',#1171,#1142,#1173,.T.);
#1171 = VERTEX_POINT('',#1172);
#1172 = CARTESIAN_POINT('',(-55.44818015049,-143.2361480327,
    -116.6838429975));
#1173 = SURFACE_CURVE('',#1174,(#1178,#1184),.PCURVE_S1.);
#1174 = LINE('',#1175,#1176);
#1175 = CARTESIAN_POINT('',(-61.00211950433,-143.865770551,
    -109.4900176767));
#1176 = VECTOR('',#1177,1.);
#1177 = DIRECTION('',(-0.609646851737,-6.911263548369E-02,0.789654455939
    ));
#1178 = PCURVE('',#604,#1179);
#1179 = DEFINITIONAL_REPRESENTATION('',(#1180),#1183);
#1180 = B_SPLINE_CURVE_WITH_KNOTS('',1,(#1181,#1182),.UNSPECIFIED.,.F.,
  .F.,(2,2),(-9.110092733219,-1.86832396402),.PIECEWISE_BEZIER_KNOTS.);
#1181 = CARTESIAN_POINT('',(-16.87957767621,4.308816645336));
#1182 = CARTESIAN_POINT('',(-21.29449920736,10.049172277207));
#1183 = ( GEOMETRIC_REPRESENTATION_CONTEXT(2) 
PARAMETRIC_REPRESENTATION_CONTEXT() REPRESENTATION_CONTEXT('2D SPACE',''
  ) );
#1184 = PCURVE('',#1185,#1190);
#1185 = PLANE('',#1186);
#1186 = AXIS2_PLACEMENT_3D('',#1187,#1188,#1189);
#1187 = CARTESIAN_POINT('',(-74.91191801208,-141.45788828,
    -91.12438004947));
#1188 = DIRECTION('',(0.79267314586,-5.315469668418E-02,0.607325169949)
  );
#1189 = DIRECTION('',(0.609646851737,6.91126354837E-02,-0.789654455939)
  );
#1190 = DEFINITIONAL_REPRESENTATION('',(#1191),#1194);
#1191 = B_SPLINE_CURVE_WITH_KNOTS('',1,(#1192,#1193),.UNSPECIFIED.,.F.,
  .F.,(2,2),(-9.110092733219,-1.86832396402),.PIECEWISE_BEZIER_KNOTS.);
#1192 = CARTESIAN_POINT('',(31.926250100585,-3.999999999972));
#1193 = CARTESIAN_POINT('',(24.684481331386,-3.999999999972));
#1194 = ( GEOMETRIC_REPRESENTATION_CONTEXT(2) 
PARAMETRIC_REPRESENTATION_CONTEXT() REPRESENTATION_CONTEXT('2D SPACE',''
  ) );
#1195 = ORIENTED_EDGE('',*,*,#1196,.F.);
#1196 = EDGE_CURVE('',#589,#1171,#1197,.T.);
#1197 = SURFACE_CURVE('',#1198,(#1203,#1214),.PCURVE_S1.);
#1198 = CIRCLE('',#1199,21.294499207368);
#1199 = AXIS2_PLACEMENT_3D('',#1200,#1201,#1202);
#1200 = CARTESIAN_POINT('',(-38.56860247428,-144.3680506791,
    -103.7511576474));
#1201 = DIRECTION('',(0.,0.996191759571,8.718932367607E-02));
#1202 = DIRECTION('',(-0.79267314586,5.315469668418E-02,-0.607325169949)
  );
#1203 = PCURVE('',#604,#1204);
#1204 = DEFINITIONAL_REPRESENTATION('',(#1205),#1213);
#1205 = ( BOUNDED_CURVE() B_SPLINE_CURVE(2,(#1206,#1207,#1208,#1209,
#1210,#1211,#1212),.UNSPECIFIED.,.T.,.F.) B_SPLINE_CURVE_WITH_KNOTS((1,2
    ,2,2,2,1),(-2.094395102393,0.,2.094395102393,4.188790204786,
6.28318530718,8.377580409573),.UNSPECIFIED.) CURVE() 
GEOMETRIC_REPRESENTATION_ITEM() RATIONAL_B_SPLINE_CURVE((1.,0.5,1.,0.5,
1.,0.5,1.)) REPRESENTATION_ITEM('') );
#1206 = CARTESIAN_POINT('',(-16.87957767621,4.308816645336));
#1207 = CARTESIAN_POINT('',(-39.36527672907,33.545102790845));
#1208 = CARTESIAN_POINT('',(-2.803060688327,38.400146319719));
#1209 = CARTESIAN_POINT('',(33.759155352424,43.255189848593));
#1210 = CARTESIAN_POINT('',(19.682638364532,9.16386017421));
#1211 = CARTESIAN_POINT('',(5.60612137664,-24.92746950017));
#1212 = CARTESIAN_POINT('',(-16.87957767621,4.308816645336));
#1213 = ( GEOMETRIC_REPRESENTATION_CONTEXT(2) 
PARAMETRIC_REPRESENTATION_CONTEXT() REPRESENTATION_CONTEXT('2D SPACE',''
  ) );
#1214 = PCURVE('',#637,#1215);
#1215 = DEFINITIONAL_REPRESENTATION('',(#1216),#1220);
#1216 = LINE('',#1217,#1218);
#1217 = CARTESIAN_POINT('',(-6.28318530718,-3.999999999972));
#1218 = VECTOR('',#1219,1.);
#1219 = DIRECTION('',(1.,-0.));
#1220 = ( GEOMETRIC_REPRESENTATION_CONTEXT(2) 
PARAMETRIC_REPRESENTATION_CONTEXT() REPRESENTATION_CONTEXT('2D SPACE',''
  ) );
#1221 = ADVANCED_FACE('',(#1222),#637,.T.);
#1222 = FACE_BOUND('',#1223,.F.);
#1223 = EDGE_LOOP('',(#1224,#1259,#1279,#1280,#1281,#1282,#1283,#1305,
    #1338,#1371));
#1224 = ORIENTED_EDGE('',*,*,#1225,.T.);
#1225 = EDGE_CURVE('',#1226,#1228,#1230,.T.);
#1226 = VERTEX_POINT('',#1227);
#1227 = CARTESIAN_POINT('',(-54.14579505827,-141.1097534213,
    -118.0406730158));
#1228 = VERTEX_POINT('',#1229);
#1229 = CARTESIAN_POINT('',(-55.44818015049,-141.2437645135,
    -116.5094643501));
#1230 = SURFACE_CURVE('',#1231,(#1236,#1243),.PCURVE_S1.);
#1231 = CIRCLE('',#1232,21.294499207368);
#1232 = AXIS2_PLACEMENT_3D('',#1233,#1234,#1235);
#1233 = CARTESIAN_POINT('',(-38.56860247428,-142.3756671599,-103.576779)
  );
#1234 = DIRECTION('',(0.,0.996191759571,8.718932367607E-02));
#1235 = DIRECTION('',(-0.79267314586,5.315469668418E-02,-0.607325169949)
  );
#1236 = PCURVE('',#637,#1237);
#1237 = DEFINITIONAL_REPRESENTATION('',(#1238),#1242);
#1238 = LINE('',#1239,#1240);
#1239 = CARTESIAN_POINT('',(-6.28318530718,-1.999999999919));
#1240 = VECTOR('',#1241,1.);
#1241 = DIRECTION('',(1.,-0.));
#1242 = ( GEOMETRIC_REPRESENTATION_CONTEXT(2) 
PARAMETRIC_REPRESENTATION_CONTEXT() REPRESENTATION_CONTEXT('2D SPACE',''
  ) );
#1243 = PCURVE('',#1244,#1249);
#1244 = PLANE('',#1245);
#1245 = AXIS2_PLACEMENT_3D('',#1246,#1247,#1248);
#1246 = CARTESIAN_POINT('',(-38.56860247428,-140.8680817044,
    -120.8018719858));
#1247 = DIRECTION('',(-0.,-0.996191759571,-8.718932367605E-02));
#1248 = DIRECTION('',(1.,-0.,0.));
#1249 = DEFINITIONAL_REPRESENTATION('',(#1250),#1258);
#1250 = ( BOUNDED_CURVE() B_SPLINE_CURVE(2,(#1251,#1252,#1253,#1254,
#1255,#1256,#1257),.UNSPECIFIED.,.T.,.F.) B_SPLINE_CURVE_WITH_KNOTS((1,2
    ,2,2,2,1),(-2.094395102393,0.,2.094395102393,4.188790204786,
6.28318530718,8.377580409573),.UNSPECIFIED.) CURVE() 
GEOMETRIC_REPRESENTATION_ITEM() RATIONAL_B_SPLINE_CURVE((1.,0.5,1.,0.5,
1.,0.5,1.)) REPRESENTATION_ITEM('') );
#1251 = CARTESIAN_POINT('',(-16.87957767621,4.308816645393));
#1252 = CARTESIAN_POINT('',(-39.36527672907,33.545102790902));
#1253 = CARTESIAN_POINT('',(-2.803060688327,38.400146319776));
#1254 = CARTESIAN_POINT('',(33.759155352424,43.25518984865));
#1255 = CARTESIAN_POINT('',(19.682638364532,9.163860174267));
#1256 = CARTESIAN_POINT('',(5.60612137664,-24.92746950011));
#1257 = CARTESIAN_POINT('',(-16.87957767621,4.308816645393));
#1258 = ( GEOMETRIC_REPRESENTATION_CONTEXT(2) 
PARAMETRIC_REPRESENTATION_CONTEXT() REPRESENTATION_CONTEXT('2D SPACE',''
  ) );
#1259 = ORIENTED_EDGE('',*,*,#1260,.T.);
#1260 = EDGE_CURVE('',#1228,#1171,#1261,.T.);
#1261 = SURFACE_CURVE('',#1262,(#1266,#1272),.PCURVE_S1.);
#1262 = LINE('',#1263,#1264);
#1263 = CARTESIAN_POINT('',(-55.44818015049,-139.2513809944,
    -116.3350857028));
#1264 = VECTOR('',#1265,1.);
#1265 = DIRECTION('',(0.,-0.996191759571,-8.718932367607E-02));
#1266 = PCURVE('',#637,#1267);
#1267 = DEFINITIONAL_REPRESENTATION('',(#1268),#1271);
#1268 = B_SPLINE_CURVE_WITH_KNOTS('',1,(#1269,#1270),.UNSPECIFIED.,.F.,
  .F.,(2,2),(0.,6.),.PIECEWISE_BEZIER_KNOTS.);
#1269 = CARTESIAN_POINT('',(0.,0.));
#1270 = CARTESIAN_POINT('',(0.,-6.));
#1271 = ( GEOMETRIC_REPRESENTATION_CONTEXT(2) 
PARAMETRIC_REPRESENTATION_CONTEXT() REPRESENTATION_CONTEXT('2D SPACE',''
  ) );
#1272 = PCURVE('',#1185,#1273);
#1273 = DEFINITIONAL_REPRESENTATION('',(#1274),#1278);
#1274 = LINE('',#1275,#1276);
#1275 = CARTESIAN_POINT('',(31.926250100585,-4.440892098501E-15));
#1276 = VECTOR('',#1277,1.);
#1277 = DIRECTION('',(0.,-1.));
#1278 = ( GEOMETRIC_REPRESENTATION_CONTEXT(2) 
PARAMETRIC_REPRESENTATION_CONTEXT() REPRESENTATION_CONTEXT('2D SPACE',''
  ) );
#1279 = ORIENTED_EDGE('',*,*,#1196,.F.);
#1280 = ORIENTED_EDGE('',*,*,#616,.F.);
#1281 = ORIENTED_EDGE('',*,*,#676,.F.);
#1282 = ORIENTED_EDGE('',*,*,#732,.F.);
#1283 = ORIENTED_EDGE('',*,*,#1284,.F.);
#1284 = EDGE_CURVE('',#1285,#733,#1287,.T.);
#1285 = VERTEX_POINT('',#1286);
#1286 = CARTESIAN_POINT('',(-22.09254636782,-141.1994341554,
    -117.0159660137));
#1287 = SURFACE_CURVE('',#1288,(#1292,#1298),.PCURVE_S1.);
#1288 = LINE('',#1289,#1290);
#1289 = CARTESIAN_POINT('',(-22.09254636782,-139.2070506363,
    -116.8415873663));
#1290 = VECTOR('',#1291,1.);
#1291 = DIRECTION('',(0.,-0.996191759571,-8.718932367607E-02));
#1292 = PCURVE('',#637,#1293);
#1293 = DEFINITIONAL_REPRESENTATION('',(#1294),#1297);
#1294 = B_SPLINE_CURVE_WITH_KNOTS('',1,(#1295,#1296),.UNSPECIFIED.,.F.,
  .F.,(2,2),(0.,6.),.PIECEWISE_BEZIER_KNOTS.);
#1295 = CARTESIAN_POINT('',(-1.799879136897,0.));
#1296 = CARTESIAN_POINT('',(-1.799879136897,-6.));
#1297 = ( GEOMETRIC_REPRESENTATION_CONTEXT(2) 
PARAMETRIC_REPRESENTATION_CONTEXT() REPRESENTATION_CONTEXT('2D SPACE',''
  ) );
#1298 = PCURVE('',#775,#1299);
#1299 = DEFINITIONAL_REPRESENTATION('',(#1300),#1304);
#1300 = LINE('',#1301,#1302);
#1301 = CARTESIAN_POINT('',(0.,0.));
#1302 = VECTOR('',#1303,1.);
#1303 = DIRECTION('',(0.,-1.));
#1304 = ( GEOMETRIC_REPRESENTATION_CONTEXT(2) 
PARAMETRIC_REPRESENTATION_CONTEXT() REPRESENTATION_CONTEXT('2D SPACE',''
  ) );
#1305 = ORIENTED_EDGE('',*,*,#1306,.T.);
#1306 = EDGE_CURVE('',#1285,#1307,#1309,.T.);
#1307 = VERTEX_POINT('',#1308);
#1308 = CARTESIAN_POINT('',(-33.2697880921,-140.5774177752,
    -124.1229358617));
#1309 = SURFACE_CURVE('',#1310,(#1315,#1322),.PCURVE_S1.);
#1310 = CIRCLE('',#1311,21.294499207368);
#1311 = AXIS2_PLACEMENT_3D('',#1312,#1313,#1314);
#1312 = CARTESIAN_POINT('',(-38.56860247428,-142.3756671599,-103.576779)
  );
#1313 = DIRECTION('',(0.,0.996191759571,8.718932367607E-02));
#1314 = DIRECTION('',(-0.79267314586,5.315469668418E-02,-0.607325169949)
  );
#1315 = PCURVE('',#637,#1316);
#1316 = DEFINITIONAL_REPRESENTATION('',(#1317),#1321);
#1317 = LINE('',#1318,#1319);
#1318 = CARTESIAN_POINT('',(-6.28318530718,-1.999999999919));
#1319 = VECTOR('',#1320,1.);
#1320 = DIRECTION('',(1.,-0.));
#1321 = ( GEOMETRIC_REPRESENTATION_CONTEXT(2) 
PARAMETRIC_REPRESENTATION_CONTEXT() REPRESENTATION_CONTEXT('2D SPACE',''
  ) );
#1322 = PCURVE('',#1323,#1328);
#1323 = PLANE('',#1324);
#1324 = AXIS2_PLACEMENT_3D('',#1325,#1326,#1327);
#1325 = CARTESIAN_POINT('',(-38.56860247428,-140.8680817044,
    -120.8018719858));
#1326 = DIRECTION('',(-0.,-0.996191759571,-8.718932367605E-02));
#1327 = DIRECTION('',(1.,-0.,0.));
#1328 = DEFINITIONAL_REPRESENTATION('',(#1329),#1337);
#1329 = ( BOUNDED_CURVE() B_SPLINE_CURVE(2,(#1330,#1331,#1332,#1333,
#1334,#1335,#1336),.UNSPECIFIED.,.T.,.F.) B_SPLINE_CURVE_WITH_KNOTS((1,2
    ,2,2,2,1),(-2.094395102393,0.,2.094395102393,4.188790204786,
6.28318530718,8.377580409573),.UNSPECIFIED.) CURVE() 
GEOMETRIC_REPRESENTATION_ITEM() RATIONAL_B_SPLINE_CURVE((1.,0.5,1.,0.5,
1.,0.5,1.)) REPRESENTATION_ITEM('') );
#1330 = CARTESIAN_POINT('',(-16.87957767621,4.308816645393));
#1331 = CARTESIAN_POINT('',(-39.36527672907,33.545102790902));
#1332 = CARTESIAN_POINT('',(-2.803060688327,38.400146319776));
#1333 = CARTESIAN_POINT('',(33.759155352424,43.25518984865));
#1334 = CARTESIAN_POINT('',(19.682638364532,9.163860174267));
#1335 = CARTESIAN_POINT('',(5.60612137664,-24.92746950011));
#1336 = CARTESIAN_POINT('',(-16.87957767621,4.308816645393));
#1337 = ( GEOMETRIC_REPRESENTATION_CONTEXT(2) 
PARAMETRIC_REPRESENTATION_CONTEXT() REPRESENTATION_CONTEXT('2D SPACE',''
  ) );
#1338 = ORIENTED_EDGE('',*,*,#1339,.T.);
#1339 = EDGE_CURVE('',#1307,#1340,#1342,.T.);
#1340 = VERTEX_POINT('',#1341);
#1341 = CARTESIAN_POINT('',(-45.12177796964,-140.6091211003,
    -123.760705834));
#1342 = SURFACE_CURVE('',#1343,(#1348,#1355),.PCURVE_S1.);
#1343 = CIRCLE('',#1344,21.294499207368);
#1344 = AXIS2_PLACEMENT_3D('',#1345,#1346,#1347);
#1345 = CARTESIAN_POINT('',(-38.56860247428,-142.3756671599,-103.576779)
  );
#1346 = DIRECTION('',(0.,0.996191759571,8.718932367607E-02));
#1347 = DIRECTION('',(-0.79267314586,5.315469668418E-02,-0.607325169949)
  );
#1348 = PCURVE('',#637,#1349);
#1349 = DEFINITIONAL_REPRESENTATION('',(#1350),#1354);
#1350 = LINE('',#1351,#1352);
#1351 = CARTESIAN_POINT('',(-6.28318530718,-1.999999999919));
#1352 = VECTOR('',#1353,1.);
#1353 = DIRECTION('',(1.,-0.));
#1354 = ( GEOMETRIC_REPRESENTATION_CONTEXT(2) 
PARAMETRIC_REPRESENTATION_CONTEXT() REPRESENTATION_CONTEXT('2D SPACE',''
  ) );
#1355 = PCURVE('',#1356,#1361);
#1356 = PLANE('',#1357);
#1357 = AXIS2_PLACEMENT_3D('',#1358,#1359,#1360);
#1358 = CARTESIAN_POINT('',(-38.56860247428,-140.8680817044,
    -120.8018719858));
#1359 = DIRECTION('',(-0.,-0.996191759571,-8.718932367605E-02));
#1360 = DIRECTION('',(1.,-0.,0.));
#1361 = DEFINITIONAL_REPRESENTATION('',(#1362),#1370);
#1362 = ( BOUNDED_CURVE() B_SPLINE_CURVE(2,(#1363,#1364,#1365,#1366,
#1367,#1368,#1369),.UNSPECIFIED.,.T.,.F.) B_SPLINE_CURVE_WITH_KNOTS((1,2
    ,2,2,2,1),(-2.094395102393,0.,2.094395102393,4.188790204786,
6.28318530718,8.377580409573),.UNSPECIFIED.) CURVE() 
GEOMETRIC_REPRESENTATION_ITEM() RATIONAL_B_SPLINE_CURVE((1.,0.5,1.,0.5,
1.,0.5,1.)) REPRESENTATION_ITEM('') );
#1363 = CARTESIAN_POINT('',(-16.87957767621,4.308816645393));
#1364 = CARTESIAN_POINT('',(-39.36527672907,33.545102790902));
#1365 = CARTESIAN_POINT('',(-2.803060688327,38.400146319776));
#1366 = CARTESIAN_POINT('',(33.759155352424,43.25518984865));
#1367 = CARTESIAN_POINT('',(19.682638364532,9.163860174267));
#1368 = CARTESIAN_POINT('',(5.60612137664,-24.92746950011));
#1369 = CARTESIAN_POINT('',(-16.87957767621,4.308816645393));
#1370 = ( GEOMETRIC_REPRESENTATION_CONTEXT(2) 
PARAMETRIC_REPRESENTATION_CONTEXT() REPRESENTATION_CONTEXT('2D SPACE',''
  ) );
#1371 = ORIENTED_EDGE('',*,*,#1372,.T.);
#1372 = EDGE_CURVE('',#1340,#1226,#1373,.T.);
#1373 = SURFACE_CURVE('',#1374,(#1379,#1386),.PCURVE_S1.);
#1374 = CIRCLE('',#1375,21.294499207368);
#1375 = AXIS2_PLACEMENT_3D('',#1376,#1377,#1378);
#1376 = CARTESIAN_POINT('',(-38.56860247428,-142.3756671599,-103.576779)
  );
#1377 = DIRECTION('',(0.,0.996191759571,8.718932367607E-02));
#1378 = DIRECTION('',(-0.79267314586,5.315469668418E-02,-0.607325169949)
  );
#1379 = PCURVE('',#637,#1380);
#1380 = DEFINITIONAL_REPRESENTATION('',(#1381),#1385);
#1381 = LINE('',#1382,#1383);
#1382 = CARTESIAN_POINT('',(-6.28318530718,-1.999999999919));
#1383 = VECTOR('',#1384,1.);
#1384 = DIRECTION('',(1.,-0.));
#1385 = ( GEOMETRIC_REPRESENTATION_CONTEXT(2) 
PARAMETRIC_REPRESENTATION_CONTEXT() REPRESENTATION_CONTEXT('2D SPACE',''
  ) );
#1386 = PCURVE('',#1387,#1392);
#1387 = PLANE('',#1388);
#1388 = AXIS2_PLACEMENT_3D('',#1389,#1390,#1391);
#1389 = CARTESIAN_POINT('',(-38.56860247428,-140.8680817044,
    -120.8018719858));
#1390 = DIRECTION('',(-0.,-0.996191759571,-8.718932367605E-02));
#1391 = DIRECTION('',(1.,-0.,0.));
#1392 = DEFINITIONAL_REPRESENTATION('',(#1393),#1401);
#1393 = ( BOUNDED_CURVE() B_SPLINE_CURVE(2,(#1394,#1395,#1396,#1397,
#1398,#1399,#1400),.UNSPECIFIED.,.T.,.F.) B_SPLINE_CURVE_WITH_KNOTS((1,2
    ,2,2,2,1),(-2.094395102393,0.,2.094395102393,4.188790204786,
6.28318530718,8.377580409573),.UNSPECIFIED.) CURVE() 
GEOMETRIC_REPRESENTATION_ITEM() RATIONAL_B_SPLINE_CURVE((1.,0.5,1.,0.5,
1.,0.5,1.)) REPRESENTATION_ITEM('') );
#1394 = CARTESIAN_POINT('',(-16.87957767621,4.308816645393));
#1395 = CARTESIAN_POINT('',(-39.36527672907,33.545102790902));
#1396 = CARTESIAN_POINT('',(-2.803060688327,38.400146319776));
#1397 = CARTESIAN_POINT('',(33.759155352424,43.25518984865));
#1398 = CARTESIAN_POINT('',(19.682638364532,9.163860174267));
#1399 = CARTESIAN_POINT('',(5.60612137664,-24.92746950011));
#1400 = CARTESIAN_POINT('',(-16.87957767621,4.308816645393));
#1401 = ( GEOMETRIC_REPRESENTATION_CONTEXT(2) 
PARAMETRIC_REPRESENTATION_CONTEXT() REPRESENTATION_CONTEXT('2D SPACE',''
  ) );
#1402 = ADVANCED_FACE('',(#1403),#801,.T.);
#1403 = FACE_BOUND('',#1404,.T.);
#1404 = EDGE_LOOP('',(#1405,#1406,#1427,#1456,#1484,#1512,#1533));
#1405 = ORIENTED_EDGE('',*,*,#786,.F.);
#1406 = ORIENTED_EDGE('',*,*,#1407,.F.);
#1407 = EDGE_CURVE('',#1408,#761,#1410,.T.);
#1408 = VERTEX_POINT('',#1409);
#1409 = CARTESIAN_POINT('',(24.876033310489,-148.1932448093,
    -60.04595716403));
#1410 = SURFACE_CURVE('',#1411,(#1415,#1421),.PCURVE_S1.);
#1411 = LINE('',#1412,#1413);
#1412 = CARTESIAN_POINT('',(-14.72710409648,-143.9761276193,
    -108.2291694987));
#1413 = VECTOR('',#1414,1.);
#1414 = DIRECTION('',(-0.633523342678,6.746043542896E-02,-0.770777052029
    ));
#1415 = PCURVE('',#801,#1416);
#1416 = DEFINITIONAL_REPRESENTATION('',(#1417),#1420);
#1417 = B_SPLINE_CURVE_WITH_KNOTS('',1,(#1418,#1419),.UNSPECIFIED.,.F.,
  .F.,(2,2),(-63.99528836486,11.626157672745),.PIECEWISE_BEZIER_KNOTS.);
#1418 = CARTESIAN_POINT('',(38.322294552436,36.306328729462));
#1419 = CARTESIAN_POINT('',(-9.585656719446,-22.20376702972));
#1420 = ( GEOMETRIC_REPRESENTATION_CONTEXT(2) 
PARAMETRIC_REPRESENTATION_CONTEXT() REPRESENTATION_CONTEXT('2D SPACE',''
  ) );
#1421 = PCURVE('',#775,#1422);
#1422 = DEFINITIONAL_REPRESENTATION('',(#1423),#1426);
#1423 = B_SPLINE_CURVE_WITH_KNOTS('',1,(#1424,#1425),.UNSPECIFIED.,.F.,
  .F.,(2,2),(-63.99528836486,11.626157672745),.PIECEWISE_BEZIER_KNOTS.);
#1424 = CARTESIAN_POINT('',(75.621446037606,-4.000004302173));
#1425 = CARTESIAN_POINT('',(-7.105427357601E-15,-4.000004302174));
#1426 = ( GEOMETRIC_REPRESENTATION_CONTEXT(2) 
PARAMETRIC_REPRESENTATION_CONTEXT() REPRESENTATION_CONTEXT('2D SPACE',''
  ) );
#1427 = ORIENTED_EDGE('',*,*,#1428,.F.);
#1428 = EDGE_CURVE('',#1429,#1408,#1431,.T.);
#1429 = VERTEX_POINT('',#1430);
#1430 = CARTESIAN_POINT('',(17.8135,-147.7040942272,-65.63485338206));
#1431 = SURFACE_CURVE('',#1432,(#1437,#1444),.PCURVE_S1.);
#1432 = CIRCLE('',#1433,21.294499207368);
#1433 = AXIS2_PLACEMENT_3D('',#1434,#1435,#1436);
#1434 = CARTESIAN_POINT('',(8.399977204031,-149.3694778139,
    -46.60677015036));
#1435 = DIRECTION('',(0.,-0.996191759571,-8.718932367605E-02));
#1436 = DIRECTION('',(1.,-0.,0.));
#1437 = PCURVE('',#801,#1438);
#1438 = DEFINITIONAL_REPRESENTATION('',(#1439),#1443);
#1439 = CIRCLE('',#1440,21.294499207368);
#1440 = AXIS2_PLACEMENT_2D('',#1441,#1442);
#1441 = CARTESIAN_POINT('',(20.906866852411,48.649634268374));
#1442 = DIRECTION('',(1.,0.));
#1443 = ( GEOMETRIC_REPRESENTATION_CONTEXT(2) 
PARAMETRIC_REPRESENTATION_CONTEXT() REPRESENTATION_CONTEXT('2D SPACE',''
  ) );
#1444 = PCURVE('',#1445,#1450);
#1445 = PLANE('',#1446);
#1446 = AXIS2_PLACEMENT_3D('',#1447,#1448,#1449);
#1447 = CARTESIAN_POINT('',(8.399977204031,-149.3694778139,
    -46.60677015036));
#1448 = DIRECTION('',(-0.,-0.996191759571,-8.718932367605E-02));
#1449 = DIRECTION('',(1.,-0.,0.));
#1450 = DEFINITIONAL_REPRESENTATION('',(#1451),#1455);
#1451 = CIRCLE('',#1452,21.294499207368);
#1452 = AXIS2_PLACEMENT_2D('',#1453,#1454);
#1453 = CARTESIAN_POINT('',(0.,0.));
#1454 = DIRECTION('',(1.,0.));
#1455 = ( GEOMETRIC_REPRESENTATION_CONTEXT(2) 
PARAMETRIC_REPRESENTATION_CONTEXT() REPRESENTATION_CONTEXT('2D SPACE',''
  ) );
#1456 = ORIENTED_EDGE('',*,*,#1457,.T.);
#1457 = EDGE_CURVE('',#1429,#1458,#1460,.T.);
#1458 = VERTEX_POINT('',#1459);
#1459 = CARTESIAN_POINT('',(2.36473885924E-02,-146.9396678887,
    -74.36889543095));
#1460 = SURFACE_CURVE('',#1461,(#1465,#1472),.PCURVE_S1.);
#1461 = LINE('',#1462,#1463);
#1462 = CARTESIAN_POINT('',(17.8135,-147.7040942272,-65.63485338206));
#1463 = VECTOR('',#1464,1.);
#1464 = DIRECTION('',(-0.896983796339,3.854321078962E-02,-0.440379938244
    ));
#1465 = PCURVE('',#801,#1466);
#1466 = DEFINITIONAL_REPRESENTATION('',(#1467),#1471);
#1467 = LINE('',#1468,#1469);
#1468 = CARTESIAN_POINT('',(30.32038964838,29.548810883941));
#1469 = VECTOR('',#1470,1.);
#1470 = DIRECTION('',(-0.896983796339,-0.44206342204));
#1471 = ( GEOMETRIC_REPRESENTATION_CONTEXT(2) 
PARAMETRIC_REPRESENTATION_CONTEXT() REPRESENTATION_CONTEXT('2D SPACE',''
  ) );
#1472 = PCURVE('',#1473,#1478);
#1473 = PLANE('',#1474);
#1474 = AXIS2_PLACEMENT_3D('',#1475,#1476,#1477);
#1475 = CARTESIAN_POINT('',(-12.50688964838,-145.1277533908,
    -95.07113528976));
#1476 = DIRECTION('',(-0.,-0.996191759571,-8.718932367605E-02));
#1477 = DIRECTION('',(1.,-0.,0.));
#1478 = DEFINITIONAL_REPRESENTATION('',(#1479),#1483);
#1479 = LINE('',#1480,#1481);
#1480 = CARTESIAN_POINT('',(30.32038964838,29.548810883941));
#1481 = VECTOR('',#1482,1.);
#1482 = DIRECTION('',(-0.896983796339,-0.44206342204));
#1483 = ( GEOMETRIC_REPRESENTATION_CONTEXT(2) 
PARAMETRIC_REPRESENTATION_CONTEXT() REPRESENTATION_CONTEXT('2D SPACE',''
  ) );
#1484 = ORIENTED_EDGE('',*,*,#1485,.T.);
#1485 = EDGE_CURVE('',#1458,#1486,#1488,.T.);
#1486 = VERTEX_POINT('',#1487);
#1487 = CARTESIAN_POINT('',(-15.08430156052,-146.1149766802,
    -83.79150076246));
#1488 = SURFACE_CURVE('',#1489,(#1493,#1500),.PCURVE_S1.);
#1489 = LINE('',#1490,#1491);
#1490 = CARTESIAN_POINT('',(26.42396,-148.3807705682,-57.90340913603));
#1491 = VECTOR('',#1492,1.);
#1492 = DIRECTION('',(-0.847590638314,4.626707107615E-02,-0.528629802392
    ));
#1493 = PCURVE('',#801,#1494);
#1494 = DEFINITIONAL_REPRESENTATION('',(#1495),#1499);
#1495 = LINE('',#1496,#1497);
#1496 = CARTESIAN_POINT('',(38.93084964838,37.309810883937));
#1497 = VECTOR('',#1498,1.);
#1498 = DIRECTION('',(-0.847590638314,-0.530650647642));
#1499 = ( GEOMETRIC_REPRESENTATION_CONTEXT(2) 
PARAMETRIC_REPRESENTATION_CONTEXT() REPRESENTATION_CONTEXT('2D SPACE',''
  ) );
#1500 = PCURVE('',#1501,#1506);
#1501 = PLANE('',#1502);
#1502 = AXIS2_PLACEMENT_3D('',#1503,#1504,#1505);
#1503 = CARTESIAN_POINT('',(-17.66174035161,-147.1021985023,
    -72.51188299917));
#1504 = DIRECTION('',(-0.,-0.996191759571,-8.718932367605E-02));
#1505 = DIRECTION('',(1.,-0.,0.));
#1506 = DEFINITIONAL_REPRESENTATION('',(#1507),#1511);
#1507 = LINE('',#1508,#1509);
#1508 = CARTESIAN_POINT('',(44.08570035161,14.664319116063));
#1509 = VECTOR('',#1510,1.);
#1510 = DIRECTION('',(-0.847590638314,-0.530650647642));
#1511 = ( GEOMETRIC_REPRESENTATION_CONTEXT(2) 
PARAMETRIC_REPRESENTATION_CONTEXT() REPRESENTATION_CONTEXT('2D SPACE',''
  ) );
#1512 = ORIENTED_EDGE('',*,*,#1513,.F.);
#1513 = EDGE_CURVE('',#876,#1486,#1514,.T.);
#1514 = SURFACE_CURVE('',#1515,(#1519,#1526),.PCURVE_S1.);
#1515 = LINE('',#1516,#1517);
#1516 = CARTESIAN_POINT('',(-38.5686,-142.8604692166,-120.9762543538));
#1517 = VECTOR('',#1518,1.);
#1518 = DIRECTION('',(0.532523775277,-7.379835534144E-02,0.843191693219)
  );
#1519 = PCURVE('',#801,#1520);
#1520 = DEFINITIONAL_REPRESENTATION('',(#1521),#1525);
#1521 = LINE('',#1522,#1523);
#1522 = CARTESIAN_POINT('',(-26.06171035162,-26.00414911602));
#1523 = VECTOR('',#1524,1.);
#1524 = DIRECTION('',(0.532523775277,0.846415045214));
#1525 = ( GEOMETRIC_REPRESENTATION_CONTEXT(2) 
PARAMETRIC_REPRESENTATION_CONTEXT() REPRESENTATION_CONTEXT('2D SPACE',''
  ) );
#1526 = PCURVE('',#967,#1527);
#1527 = DEFINITIONAL_REPRESENTATION('',(#1528),#1532);
#1528 = LINE('',#1529,#1530);
#1529 = CARTESIAN_POINT('',(-12.77038370803,-41.16118806329));
#1530 = VECTOR('',#1531,1.);
#1531 = DIRECTION('',(0.532523775277,0.846415045214));
#1532 = ( GEOMETRIC_REPRESENTATION_CONTEXT(2) 
PARAMETRIC_REPRESENTATION_CONTEXT() REPRESENTATION_CONTEXT('2D SPACE',''
  ) );
#1533 = ORIENTED_EDGE('',*,*,#875,.T.);
#1534 = ADVANCED_FACE('',(#1535),#775,.F.);
#1535 = FACE_BOUND('',#1536,.F.);
#1536 = EDGE_LOOP('',(#1537,#1558,#1559,#1560,#1561,#1587,#1613,#1639,
    #1665,#1691));
#1537 = ORIENTED_EDGE('',*,*,#1538,.T.);
#1538 = EDGE_CURVE('',#1539,#1285,#1541,.T.);
#1539 = VERTEX_POINT('',#1540);
#1540 = CARTESIAN_POINT('',(-18.77477150618,-141.5527258524,
    -112.9793906346));
#1541 = SURFACE_CURVE('',#1542,(#1546,#1552),.PCURVE_S1.);
#1542 = LINE('',#1543,#1544);
#1543 = CARTESIAN_POINT('',(-26.33031348768,-140.7481775151,
    -122.1718512476));
#1544 = VECTOR('',#1545,1.);
#1545 = DIRECTION('',(-0.633523342678,6.746043542896E-02,-0.770777052029
    ));
#1546 = PCURVE('',#775,#1547);
#1547 = DEFINITIONAL_REPRESENTATION('',(#1548),#1551);
#1548 = B_SPLINE_CURVE_WITH_KNOTS('',1,(#1549,#1550),.UNSPECIFIED.,.F.,
  .F.,(2,2),(-12.39184924861,-6.689204381867),.PIECEWISE_BEZIER_KNOTS.);
#1549 = CARTESIAN_POINT('',(5.702644866747,-1.999999999919));
#1550 = CARTESIAN_POINT('',(-7.105427357601E-15,-1.999999999919));
#1551 = ( GEOMETRIC_REPRESENTATION_CONTEXT(2) 
PARAMETRIC_REPRESENTATION_CONTEXT() REPRESENTATION_CONTEXT('2D SPACE',''
  ) );
#1552 = PCURVE('',#1323,#1553);
#1553 = DEFINITIONAL_REPRESENTATION('',(#1554),#1557);
#1554 = B_SPLINE_CURVE_WITH_KNOTS('',1,(#1555,#1556),.UNSPECIFIED.,.F.,
  .F.,(2,2),(-12.39184924861,-6.689204381867),.PIECEWISE_BEZIER_KNOTS.);
#1555 = CARTESIAN_POINT('',(20.08881474454,8.212649515128));
#1556 = CARTESIAN_POINT('',(16.476056106454,3.800378727975));
#1557 = ( GEOMETRIC_REPRESENTATION_CONTEXT(2) 
PARAMETRIC_REPRESENTATION_CONTEXT() REPRESENTATION_CONTEXT('2D SPACE',''
  ) );
#1558 = ORIENTED_EDGE('',*,*,#1284,.T.);
#1559 = ORIENTED_EDGE('',*,*,#760,.F.);
#1560 = ORIENTED_EDGE('',*,*,#1407,.F.);
#1561 = ORIENTED_EDGE('',*,*,#1562,.F.);
#1562 = EDGE_CURVE('',#1563,#1408,#1565,.T.);
#1563 = VERTEX_POINT('',#1564);
#1564 = CARTESIAN_POINT('',(25.717018492519,-148.282801007,
    -59.02277175301));
#1565 = SURFACE_CURVE('',#1566,(#1570,#1576),.PCURVE_S1.);
#1566 = LINE('',#1567,#1568);
#1567 = CARTESIAN_POINT('',(-14.72710409648,-143.9761276193,
    -108.2291694987));
#1568 = VECTOR('',#1569,1.);
#1569 = DIRECTION('',(-0.633523342678,6.746043542896E-02,-0.770777052029
    ));
#1570 = PCURVE('',#775,#1571);
#1571 = DEFINITIONAL_REPRESENTATION('',(#1572),#1575);
#1572 = B_SPLINE_CURVE_WITH_KNOTS('',1,(#1573,#1574),.UNSPECIFIED.,.F.,
  .F.,(2,2),(-63.99528836486,11.626157672745),.PIECEWISE_BEZIER_KNOTS.);
#1573 = CARTESIAN_POINT('',(75.621446037606,-4.000004302173));
#1574 = CARTESIAN_POINT('',(-7.105427357601E-15,-4.000004302174));
#1575 = ( GEOMETRIC_REPRESENTATION_CONTEXT(2) 
PARAMETRIC_REPRESENTATION_CONTEXT() REPRESENTATION_CONTEXT('2D SPACE',''
  ) );
#1576 = PCURVE('',#1577,#1582);
#1577 = PLANE('',#1578);
#1578 = AXIS2_PLACEMENT_3D('',#1579,#1580,#1581);
#1579 = CARTESIAN_POINT('',(-12.50688964838,-145.1277533908,
    -95.07113528976));
#1580 = DIRECTION('',(-0.,-0.996191759571,-8.718932367605E-02));
#1581 = DIRECTION('',(1.,-0.,0.));
#1582 = DEFINITIONAL_REPRESENTATION('',(#1583),#1586);
#1583 = B_SPLINE_CURVE_WITH_KNOTS('',1,(#1584,#1585),.UNSPECIFIED.,.F.,
  .F.,(2,2),(-63.99528836486,11.626157672745),.PIECEWISE_BEZIER_KNOTS.);
#1584 = CARTESIAN_POINT('',(38.322294552436,36.306328729462));
#1585 = CARTESIAN_POINT('',(-9.585656719446,-22.20376702972));
#1586 = ( GEOMETRIC_REPRESENTATION_CONTEXT(2) 
PARAMETRIC_REPRESENTATION_CONTEXT() REPRESENTATION_CONTEXT('2D SPACE',''
  ) );
#1587 = ORIENTED_EDGE('',*,*,#1588,.F.);
#1588 = EDGE_CURVE('',#1589,#1563,#1591,.T.);
#1589 = VERTEX_POINT('',#1590);
#1590 = CARTESIAN_POINT('',(25.71701849252,-148.2528129041,
    -59.02014711535));
#1591 = SURFACE_CURVE('',#1592,(#1596,#1602),.PCURVE_S1.);
#1592 = LINE('',#1593,#1594);
#1593 = CARTESIAN_POINT('',(25.717018492507,-146.0385440942,
    -58.8263484836));
#1594 = VECTOR('',#1595,1.);
#1595 = DIRECTION('',(-1.095328230009E-13,-0.996191759571,
    -8.71893236762E-02));
#1596 = PCURVE('',#775,#1597);
#1597 = DEFINITIONAL_REPRESENTATION('',(#1598),#1601);
#1598 = B_SPLINE_CURVE_WITH_KNOTS('',1,(#1599,#1600),.UNSPECIFIED.,.F.,
  .F.,(2,2),(0.252836254909,2.252836254965),.PIECEWISE_BEZIER_KNOTS.);
#1599 = CARTESIAN_POINT('',(75.466145664407,-2.000004302119));
#1600 = CARTESIAN_POINT('',(75.466145664406,-4.000004302175));
#1601 = ( GEOMETRIC_REPRESENTATION_CONTEXT(2) 
PARAMETRIC_REPRESENTATION_CONTEXT() REPRESENTATION_CONTEXT('2D SPACE',''
  ) );
#1602 = PCURVE('',#1603,#1608);
#1603 = PLANE('',#1604);
#1604 = AXIS2_PLACEMENT_3D('',#1605,#1606,#1607);
#1605 = CARTESIAN_POINT('',(2.676426567752,-144.5860408993,
    -95.46087695632));
#1606 = DIRECTION('',(0.846415045214,4.643038780784E-02,-0.530495796707)
  );
#1607 = DIRECTION('',(0.532523775277,-7.37983553414E-02,0.843191693219)
  );
#1608 = DEFINITIONAL_REPRESENTATION('',(#1609),#1612);
#1609 = B_SPLINE_CURVE_WITH_KNOTS('',1,(#1610,#1611),.UNSPECIFIED.,.F.,
  .F.,(2,2),(0.252836254909,2.252836254965),.PIECEWISE_BEZIER_KNOTS.);
#1610 = CARTESIAN_POINT('',(43.266785436489,-1.494331792279));
#1611 = CARTESIAN_POINT('',(43.266785436488,0.505668207777));
#1612 = ( GEOMETRIC_REPRESENTATION_CONTEXT(2) 
PARAMETRIC_REPRESENTATION_CONTEXT() REPRESENTATION_CONTEXT('2D SPACE',''
  ) );
#1613 = ORIENTED_EDGE('',*,*,#1614,.F.);
#1614 = EDGE_CURVE('',#1615,#1589,#1617,.T.);
#1615 = VERTEX_POINT('',#1616);
#1616 = CARTESIAN_POINT('',(25.717018492515,-146.2904174879,
    -58.84839310566));
#1617 = SURFACE_CURVE('',#1618,(#1622,#1628),.PCURVE_S1.);
#1618 = LINE('',#1619,#1620);
#1619 = CARTESIAN_POINT('',(25.717018492526,-145.5460948362,
    -58.78324802894));
#1620 = VECTOR('',#1621,1.);
#1621 = DIRECTION('',(-1.095328230009E-13,-0.996191759571,
    -8.71893236762E-02));
#1622 = PCURVE('',#775,#1623);
#1623 = DEFINITIONAL_REPRESENTATION('',(#1624),#1627);
#1624 = B_SPLINE_CURVE_WITH_KNOTS('',1,(#1625,#1626),.UNSPECIFIED.,.F.,
  .F.,(2,2),(0.747168047187,2.747168047188),.PIECEWISE_BEZIER_KNOTS.);
#1625 = CARTESIAN_POINT('',(75.466145664436,-2.000004302119));
#1626 = CARTESIAN_POINT('',(75.466145664436,-4.000004302121));
#1627 = ( GEOMETRIC_REPRESENTATION_CONTEXT(2) 
PARAMETRIC_REPRESENTATION_CONTEXT() REPRESENTATION_CONTEXT('2D SPACE',''
  ) );
#1628 = PCURVE('',#1629,#1634);
#1629 = PLANE('',#1630);
#1630 = AXIS2_PLACEMENT_3D('',#1631,#1632,#1633);
#1631 = CARTESIAN_POINT('',(3.202913432248,-143.6741041299,
    -94.54104312521));
#1632 = DIRECTION('',(0.846415045214,4.643038780784E-02,-0.530495796707)
  );
#1633 = DIRECTION('',(0.532523775277,-7.37983553414E-02,0.843191693219)
  );
#1634 = DEFINITIONAL_REPRESENTATION('',(#1635),#1638);
#1635 = B_SPLINE_CURVE_WITH_KNOTS('',1,(#1636,#1637),.UNSPECIFIED.,.F.,
  .F.,(2,2),(0.747168047187,2.747168047188),.PIECEWISE_BEZIER_KNOTS.);
#1636 = CARTESIAN_POINT('',(42.278121852026,-0.505668207724));
#1637 = CARTESIAN_POINT('',(42.278121852026,1.494331792277));
#1638 = ( GEOMETRIC_REPRESENTATION_CONTEXT(2) 
PARAMETRIC_REPRESENTATION_CONTEXT() REPRESENTATION_CONTEXT('2D SPACE',''
  ) );
#1639 = ORIENTED_EDGE('',*,*,#1640,.F.);
#1640 = EDGE_CURVE('',#1641,#1615,#1643,.T.);
#1641 = VERTEX_POINT('',#1642);
#1642 = CARTESIAN_POINT('',(24.876033310489,-146.2008612902,
    -59.87157851668));
#1643 = SURFACE_CURVE('',#1644,(#1648,#1654),.PCURVE_S1.);
#1644 = LINE('',#1645,#1646);
#1645 = CARTESIAN_POINT('',(-9.565391542865,-142.5333866358,
    -101.7747861262));
#1646 = VECTOR('',#1647,1.);
#1647 = DIRECTION('',(0.633523342678,-6.746043542896E-02,0.770777052029)
  );
#1648 = PCURVE('',#775,#1649);
#1649 = DEFINITIONAL_REPRESENTATION('',(#1650),#1653);
#1650 = B_SPLINE_CURVE_WITH_KNOTS('',1,(#1651,#1652),.UNSPECIFIED.,.F.,
  .F.,(2,2),(-17.33042449658,55.8476603204),.PIECEWISE_BEZIER_KNOTS.);
#1651 = CARTESIAN_POINT('',(2.443361220619,-2.000004302151));
#1652 = CARTESIAN_POINT('',(75.621446037606,-2.00000430215));
#1653 = ( GEOMETRIC_REPRESENTATION_CONTEXT(2) 
PARAMETRIC_REPRESENTATION_CONTEXT() REPRESENTATION_CONTEXT('2D SPACE',''
  ) );
#1654 = PCURVE('',#1655,#1660);
#1655 = PLANE('',#1656);
#1656 = AXIS2_PLACEMENT_3D('',#1657,#1658,#1659);
#1657 = CARTESIAN_POINT('',(-3.761567662166,-144.3473164295,
    -81.04952027124));
#1658 = DIRECTION('',(-0.,0.996191759571,8.718932367605E-02));
#1659 = DIRECTION('',(-1.,0.,-0.));
#1660 = DEFINITIONAL_REPRESENTATION('',(#1661),#1664);
#1661 = B_SPLINE_CURVE_WITH_KNOTS('',1,(#1662,#1663),.UNSPECIFIED.,.F.,
  .F.,(2,2),(-17.33042449658,55.8476603204),.PIECEWISE_BEZIER_KNOTS.);
#1662 = CARTESIAN_POINT('',(16.783052337804,-34.21345241163));
#1663 = CARTESIAN_POINT('',(-29.57697256622,22.406157162965));
#1664 = ( GEOMETRIC_REPRESENTATION_CONTEXT(2) 
PARAMETRIC_REPRESENTATION_CONTEXT() REPRESENTATION_CONTEXT('2D SPACE',''
  ) );
#1665 = ORIENTED_EDGE('',*,*,#1666,.F.);
#1666 = EDGE_CURVE('',#1667,#1641,#1669,.T.);
#1667 = VERTEX_POINT('',#1668);
#1668 = CARTESIAN_POINT('',(-18.33040306663,-141.6000485026,
    -112.4387495324));
#1669 = SURFACE_CURVE('',#1670,(#1674,#1680),.PCURVE_S1.);
#1670 = LINE('',#1671,#1672);
#1671 = CARTESIAN_POINT('',(-9.565391542865,-142.5333866358,
    -101.7747861262));
#1672 = VECTOR('',#1673,1.);
#1673 = DIRECTION('',(0.633523342678,-6.746043542896E-02,0.770777052029)
  );
#1674 = PCURVE('',#775,#1675);
#1675 = DEFINITIONAL_REPRESENTATION('',(#1676),#1679);
#1676 = B_SPLINE_CURVE_WITH_KNOTS('',1,(#1677,#1678),.UNSPECIFIED.,.F.,
  .F.,(2,2),(-17.33042449658,55.8476603204),.PIECEWISE_BEZIER_KNOTS.);
#1677 = CARTESIAN_POINT('',(2.443361220619,-2.000004302151));
#1678 = CARTESIAN_POINT('',(75.621446037606,-2.00000430215));
#1679 = ( GEOMETRIC_REPRESENTATION_CONTEXT(2) 
PARAMETRIC_REPRESENTATION_CONTEXT() REPRESENTATION_CONTEXT('2D SPACE',''
  ) );
#1680 = PCURVE('',#1681,#1686);
#1681 = PLANE('',#1682);
#1682 = AXIS2_PLACEMENT_3D('',#1683,#1684,#1685);
#1683 = CARTESIAN_POINT('',(-3.761567662166,-144.3473164295,
    -81.04952027124));
#1684 = DIRECTION('',(-0.,0.996191759571,8.718932367605E-02));
#1685 = DIRECTION('',(-1.,0.,-0.));
#1686 = DEFINITIONAL_REPRESENTATION('',(#1687),#1690);
#1687 = B_SPLINE_CURVE_WITH_KNOTS('',1,(#1688,#1689),.UNSPECIFIED.,.F.,
  .F.,(2,2),(-17.33042449658,55.8476603204),.PIECEWISE_BEZIER_KNOTS.);
#1688 = CARTESIAN_POINT('',(16.783052337804,-34.21345241163));
#1689 = CARTESIAN_POINT('',(-29.57697256622,22.406157162965));
#1690 = ( GEOMETRIC_REPRESENTATION_CONTEXT(2) 
PARAMETRIC_REPRESENTATION_CONTEXT() REPRESENTATION_CONTEXT('2D SPACE',''
  ) );
#1691 = ORIENTED_EDGE('',*,*,#1692,.F.);
#1692 = EDGE_CURVE('',#1539,#1667,#1693,.T.);
#1693 = SURFACE_CURVE('',#1694,(#1698,#1704),.PCURVE_S1.);
#1694 = LINE('',#1695,#1696);
#1695 = CARTESIAN_POINT('',(-15.37317862433,-141.9149471577,
    -108.8408383202));
#1696 = VECTOR('',#1697,1.);
#1697 = DIRECTION('',(0.633523342678,-6.746043542896E-02,0.770777052029)
  );
#1698 = PCURVE('',#775,#1699);
#1699 = DEFINITIONAL_REPRESENTATION('',(#1700),#1703);
#1700 = B_SPLINE_CURVE_WITH_KNOTS('',1,(#1701,#1702),.UNSPECIFIED.,.F.,
  .F.,(2,2),(-6.388720781605,0.45596087305),.PIECEWISE_BEZIER_KNOTS.);
#1701 = CARTESIAN_POINT('',(4.217625174148,-2.000004302127));
#1702 = CARTESIAN_POINT('',(11.062306828803,-2.000004302127));
#1703 = ( GEOMETRIC_REPRESENTATION_CONTEXT(2) 
PARAMETRIC_REPRESENTATION_CONTEXT() REPRESENTATION_CONTEXT('2D SPACE',''
  ) );
#1704 = PCURVE('',#1705,#1710);
#1705 = PLANE('',#1706);
#1706 = AXIS2_PLACEMENT_3D('',#1707,#1708,#1709);
#1707 = CARTESIAN_POINT('',(-26.40706233783,-143.8978684253,
    -86.18474072299));
#1708 = DIRECTION('',(-0.,0.996191759571,8.718932367605E-02));
#1709 = DIRECTION('',(-1.,0.,-0.));
#1710 = DEFINITIONAL_REPRESENTATION('',(#1711),#1714);
#1711 = B_SPLINE_CURVE_WITH_KNOTS('',1,(#1712,#1713),.UNSPECIFIED.,.F.,
  .F.,(2,2),(-6.388720781605,0.45596087305),.PIECEWISE_BEZIER_KNOTS.);
#1712 = CARTESIAN_POINT('',(-6.986479968492,-27.68581119306));
#1713 = CARTESIAN_POINT('',(-11.32274556991,-22.3899196168));
#1714 = ( GEOMETRIC_REPRESENTATION_CONTEXT(2) 
PARAMETRIC_REPRESENTATION_CONTEXT() REPRESENTATION_CONTEXT('2D SPACE',''
  ) );
#1715 = ADVANCED_FACE('',(#1716,#1747),#856,.F.);
#1716 = FACE_BOUND('',#1717,.F.);
#1717 = EDGE_LOOP('',(#1718));
#1718 = ORIENTED_EDGE('',*,*,#1719,.T.);
#1719 = EDGE_CURVE('',#1720,#1720,#1722,.T.);
#1720 = VERTEX_POINT('',#1721);
#1721 = CARTESIAN_POINT('',(-36.975,-142.0688016732,-116.8318063416));
#1722 = SURFACE_CURVE('',#1723,(#1728,#1735),.PCURVE_S1.);
#1723 = CIRCLE('',#1724,2.025);
#1724 = AXIS2_PLACEMENT_3D('',#1725,#1726,#1727);
#1725 = CARTESIAN_POINT('',(-39.,-142.0688016732,-116.8318063416));
#1726 = DIRECTION('',(0.,-0.996191759571,-8.718932367606E-02));
#1727 = DIRECTION('',(1.,0.,0.));
#1728 = PCURVE('',#856,#1729);
#1729 = DEFINITIONAL_REPRESENTATION('',(#1730),#1734);
#1730 = CIRCLE('',#1731,2.025);
#1731 = AXIS2_PLACEMENT_2D('',#1732,#1733);
#1732 = CARTESIAN_POINT('',(0.,0.));
#1733 = DIRECTION('',(1.,0.));
#1734 = ( GEOMETRIC_REPRESENTATION_CONTEXT(2) 
PARAMETRIC_REPRESENTATION_CONTEXT() REPRESENTATION_CONTEXT('2D SPACE',''
  ) );
#1735 = PCURVE('',#1736,#1741);
#1736 = CYLINDRICAL_SURFACE('',#1737,2.025);
#1737 = AXIS2_PLACEMENT_3D('',#1738,#1739,#1740);
#1738 = CARTESIAN_POINT('',(-39.,-141.21207676,-116.7568235233));
#1739 = DIRECTION('',(-0.,-0.996191759571,-8.718932367606E-02));
#1740 = DIRECTION('',(1.,-0.,0.));
#1741 = DEFINITIONAL_REPRESENTATION('',(#1742),#1746);
#1742 = LINE('',#1743,#1744);
#1743 = CARTESIAN_POINT('',(0.,0.86));
#1744 = VECTOR('',#1745,1.);
#1745 = DIRECTION('',(1.,0.));
#1746 = ( GEOMETRIC_REPRESENTATION_CONTEXT(2) 
PARAMETRIC_REPRESENTATION_CONTEXT() REPRESENTATION_CONTEXT('2D SPACE',''
  ) );
#1747 = FACE_BOUND('',#1748,.F.);
#1748 = EDGE_LOOP('',(#1749));
#1749 = ORIENTED_EDGE('',*,*,#841,.T.);
#1750 = ADVANCED_FACE('',(#1751),#939,.T.);
#1751 = FACE_BOUND('',#1752,.T.);
#1752 = EDGE_LOOP('',(#1753,#1783,#1811,#1832,#1833,#1834));
#1753 = ORIENTED_EDGE('',*,*,#1754,.T.);
#1754 = EDGE_CURVE('',#1755,#1757,#1759,.T.);
#1755 = VERTEX_POINT('',#1756);
#1756 = CARTESIAN_POINT('',(-29.74458494696,-145.6605330164,
    -88.98379970357));
#1757 = VERTEX_POINT('',#1758);
#1758 = CARTESIAN_POINT('',(-47.3157328073,-144.9055043765,
    -97.61046725453));
#1759 = SURFACE_CURVE('',#1760,(#1764,#1771),.PCURVE_S1.);
#1760 = LINE('',#1761,#1762);
#1761 = CARTESIAN_POINT('',(17.8135,-147.7040942272,-65.63485338206));
#1762 = VECTOR('',#1763,1.);
#1763 = DIRECTION('',(-0.896983796339,3.854321078962E-02,-0.440379938244
    ));
#1764 = PCURVE('',#939,#1765);
#1765 = DEFINITIONAL_REPRESENTATION('',(#1766),#1770);
#1766 = LINE('',#1767,#1768);
#1767 = CARTESIAN_POINT('',(43.61171629197,14.39177193668));
#1768 = VECTOR('',#1769,1.);
#1769 = DIRECTION('',(-0.896983796339,-0.44206342204));
#1770 = ( GEOMETRIC_REPRESENTATION_CONTEXT(2) 
PARAMETRIC_REPRESENTATION_CONTEXT() REPRESENTATION_CONTEXT('2D SPACE',''
  ) );
#1771 = PCURVE('',#1772,#1777);
#1772 = PLANE('',#1773);
#1773 = AXIS2_PLACEMENT_3D('',#1774,#1775,#1776);
#1774 = CARTESIAN_POINT('',(-25.79821629197,-146.4492853655,
    -79.971817991));
#1775 = DIRECTION('',(-0.,-0.996191759571,-8.718932367605E-02));
#1776 = DIRECTION('',(1.,-0.,0.));
#1777 = DEFINITIONAL_REPRESENTATION('',(#1778),#1782);
#1778 = LINE('',#1779,#1780);
#1779 = CARTESIAN_POINT('',(43.61171629197,14.39177193668));
#1780 = VECTOR('',#1781,1.);
#1781 = DIRECTION('',(-0.896983796339,-0.44206342204));
#1782 = ( GEOMETRIC_REPRESENTATION_CONTEXT(2) 
PARAMETRIC_REPRESENTATION_CONTEXT() REPRESENTATION_CONTEXT('2D SPACE',''
  ) );
#1783 = ORIENTED_EDGE('',*,*,#1784,.F.);
#1784 = EDGE_CURVE('',#1785,#1757,#1787,.T.);
#1785 = VERTEX_POINT('',#1786);
#1786 = CARTESIAN_POINT('',(-48.10965,-144.6958833863,-100.0055162613));
#1787 = SURFACE_CURVE('',#1788,(#1792,#1799),.PCURVE_S1.);
#1788 = LINE('',#1789,#1790);
#1789 = CARTESIAN_POINT('',(-57.96395,-142.0940149008,-129.7334672927));
#1790 = VECTOR('',#1791,1.);
#1791 = DIRECTION('',(0.313566080943,-8.279205058891E-02,0.945950204419)
  );
#1792 = PCURVE('',#939,#1793);
#1793 = DEFINITIONAL_REPRESENTATION('',(#1794),#1798);
#1794 = LINE('',#1795,#1796);
#1795 = CARTESIAN_POINT('',(-32.16573370803,-49.95187806325));
#1796 = VECTOR('',#1797,1.);
#1797 = DIRECTION('',(0.313566080943,0.949566381504));
#1798 = ( GEOMETRIC_REPRESENTATION_CONTEXT(2) 
PARAMETRIC_REPRESENTATION_CONTEXT() REPRESENTATION_CONTEXT('2D SPACE',''
  ) );
#1799 = PCURVE('',#1800,#1805);
#1800 = PLANE('',#1801);
#1801 = AXIS2_PLACEMENT_3D('',#1802,#1803,#1804);
#1802 = CARTESIAN_POINT('',(-25.79821629197,-146.4492853655,
    -79.971817991));
#1803 = DIRECTION('',(-0.,-0.996191759571,-8.718932367605E-02));
#1804 = DIRECTION('',(1.,-0.,0.));
#1805 = DEFINITIONAL_REPRESENTATION('',(#1806),#1810);
#1806 = LINE('',#1807,#1808);
#1807 = CARTESIAN_POINT('',(-32.16573370803,-49.95187806325));
#1808 = VECTOR('',#1809,1.);
#1809 = DIRECTION('',(0.313566080943,0.949566381504));
#1810 = ( GEOMETRIC_REPRESENTATION_CONTEXT(2) 
PARAMETRIC_REPRESENTATION_CONTEXT() REPRESENTATION_CONTEXT('2D SPACE',''
  ) );
#1811 = ORIENTED_EDGE('',*,*,#1812,.T.);
#1812 = EDGE_CURVE('',#1785,#984,#1813,.T.);
#1813 = SURFACE_CURVE('',#1814,(#1818,#1825),.PCURVE_S1.);
#1814 = LINE('',#1815,#1816);
#1815 = CARTESIAN_POINT('',(-57.6507,-146.531297556,-79.03477816881));
#1816 = VECTOR('',#1817,1.);
#1817 = DIRECTION('',(0.412815044182,7.941333307827E-02,-0.907346274487)
  );
#1818 = PCURVE('',#939,#1819);
#1819 = DEFINITIONAL_REPRESENTATION('',(#1820),#1824);
#1820 = LINE('',#1821,#1822);
#1821 = CARTESIAN_POINT('',(-31.85248370803,0.940621936678));
#1822 = VECTOR('',#1823,1.);
#1823 = DIRECTION('',(0.412815044182,-0.910814876524));
#1824 = ( GEOMETRIC_REPRESENTATION_CONTEXT(2) 
PARAMETRIC_REPRESENTATION_CONTEXT() REPRESENTATION_CONTEXT('2D SPACE',''
  ) );
#1825 = PCURVE('',#1124,#1826);
#1826 = DEFINITIONAL_REPRESENTATION('',(#1827),#1831);
#1827 = LINE('',#1828,#1829);
#1828 = CARTESIAN_POINT('',(-18.13148350441,24.282952980168));
#1829 = VECTOR('',#1830,1.);
#1830 = DIRECTION('',(0.412815044182,-0.910814876524));
#1831 = ( GEOMETRIC_REPRESENTATION_CONTEXT(2) 
PARAMETRIC_REPRESENTATION_CONTEXT() REPRESENTATION_CONTEXT('2D SPACE',''
  ) );
#1832 = ORIENTED_EDGE('',*,*,#983,.F.);
#1833 = ORIENTED_EDGE('',*,*,#923,.F.);
#1834 = ORIENTED_EDGE('',*,*,#1835,.F.);
#1835 = EDGE_CURVE('',#1755,#924,#1836,.T.);
#1836 = SURFACE_CURVE('',#1837,(#1841,#1848),.PCURVE_S1.);
#1837 = LINE('',#1838,#1839);
#1838 = CARTESIAN_POINT('',(-38.25535,-147.2977518718,-70.27756522987));
#1839 = VECTOR('',#1840,1.);
#1840 = DIRECTION('',(0.412814864713,7.941334017031E-02,-0.90734635552)
  );
#1841 = PCURVE('',#939,#1842);
#1842 = DEFINITIONAL_REPRESENTATION('',(#1843),#1847);
#1843 = LINE('',#1844,#1845);
#1844 = CARTESIAN_POINT('',(-12.45713370803,9.731311936681));
#1845 = VECTOR('',#1846,1.);
#1846 = DIRECTION('',(0.412814864713,-0.910814957866));
#1847 = ( GEOMETRIC_REPRESENTATION_CONTEXT(2) 
PARAMETRIC_REPRESENTATION_CONTEXT() REPRESENTATION_CONTEXT('2D SPACE',''
  ) );
#1848 = PCURVE('',#1849,#1854);
#1849 = PLANE('',#1850);
#1850 = AXIS2_PLACEMENT_3D('',#1851,#1852,#1853);
#1851 = CARTESIAN_POINT('',(-25.79821629197,-146.4492853655,
    -79.971817991));
#1852 = DIRECTION('',(-0.,-0.996191759571,-8.718932367605E-02));
#1853 = DIRECTION('',(1.,-0.,0.));
#1854 = DEFINITIONAL_REPRESENTATION('',(#1855),#1859);
#1855 = LINE('',#1856,#1857);
#1856 = CARTESIAN_POINT('',(-12.45713370803,9.731311936681));
#1857 = VECTOR('',#1858,1.);
#1858 = DIRECTION('',(0.412814864713,-0.910814957866));
#1859 = ( GEOMETRIC_REPRESENTATION_CONTEXT(2) 
PARAMETRIC_REPRESENTATION_CONTEXT() REPRESENTATION_CONTEXT('2D SPACE',''
  ) );
#1860 = ADVANCED_FACE('',(#1861),#967,.T.);
#1861 = FACE_BOUND('',#1862,.T.);
#1862 = EDGE_LOOP('',(#1863,#1884,#1885));
#1863 = ORIENTED_EDGE('',*,*,#1864,.T.);
#1864 = EDGE_CURVE('',#1486,#924,#1865,.T.);
#1865 = SURFACE_CURVE('',#1866,(#1870,#1877),.PCURVE_S1.);
#1866 = LINE('',#1867,#1868);
#1867 = CARTESIAN_POINT('',(26.42396,-148.3807705682,-57.90340913603));
#1868 = VECTOR('',#1869,1.);
#1869 = DIRECTION('',(-0.847590638314,4.626707107615E-02,-0.528629802392
    ));
#1870 = PCURVE('',#967,#1871);
#1871 = DEFINITIONAL_REPRESENTATION('',(#1872),#1876);
#1872 = LINE('',#1873,#1874);
#1873 = CARTESIAN_POINT('',(52.22217629197,22.152771936676));
#1874 = VECTOR('',#1875,1.);
#1875 = DIRECTION('',(-0.847590638314,-0.530650647642));
#1876 = ( GEOMETRIC_REPRESENTATION_CONTEXT(2) 
PARAMETRIC_REPRESENTATION_CONTEXT() REPRESENTATION_CONTEXT('2D SPACE',''
  ) );
#1877 = PCURVE('',#1849,#1878);
#1878 = DEFINITIONAL_REPRESENTATION('',(#1879),#1883);
#1879 = LINE('',#1880,#1881);
#1880 = CARTESIAN_POINT('',(52.22217629197,22.152771936676));
#1881 = VECTOR('',#1882,1.);
#1882 = DIRECTION('',(-0.847590638314,-0.530650647642));
#1883 = ( GEOMETRIC_REPRESENTATION_CONTEXT(2) 
PARAMETRIC_REPRESENTATION_CONTEXT() REPRESENTATION_CONTEXT('2D SPACE',''
  ) );
#1884 = ORIENTED_EDGE('',*,*,#953,.T.);
#1885 = ORIENTED_EDGE('',*,*,#1513,.T.);
#1886 = ADVANCED_FACE('',(#1887),#1047,.T.);
#1887 = FACE_BOUND('',#1888,.T.);
#1888 = EDGE_LOOP('',(#1889,#1890,#1917));
#1889 = ORIENTED_EDGE('',*,*,#1084,.T.);
#1890 = ORIENTED_EDGE('',*,*,#1891,.T.);
#1891 = EDGE_CURVE('',#1085,#1032,#1892,.T.);
#1892 = SURFACE_CURVE('',#1893,(#1898,#1905),.PCURVE_S1.);
#1893 = CIRCLE('',#1894,21.294499207368);
#1894 = AXIS2_PLACEMENT_3D('',#1895,#1896,#1897);
#1895 = CARTESIAN_POINT('',(-38.56860247428,-142.8604652236,
    -120.9762506331));
#1896 = DIRECTION('',(0.,-0.996191759571,-8.718932367605E-02));
#1897 = DIRECTION('',(1.,-0.,0.));
#1898 = PCURVE('',#1047,#1899);
#1899 = DEFINITIONAL_REPRESENTATION('',(#1900),#1904);
#1900 = CIRCLE('',#1901,21.294499207368);
#1901 = AXIS2_PLACEMENT_2D('',#1902,#1903);
#1902 = CARTESIAN_POINT('',(0.,0.));
#1903 = DIRECTION('',(1.,0.));
#1904 = ( GEOMETRIC_REPRESENTATION_CONTEXT(2) 
PARAMETRIC_REPRESENTATION_CONTEXT() REPRESENTATION_CONTEXT('2D SPACE',''
  ) );
#1905 = PCURVE('',#1906,#1911);
#1906 = PLANE('',#1907);
#1907 = AXIS2_PLACEMENT_3D('',#1908,#1909,#1910);
#1908 = CARTESIAN_POINT('',(-56.7000867835,-144.9776835285,
    -96.78577595691));
#1909 = DIRECTION('',(-0.,-0.996191759571,-8.718932367605E-02));
#1910 = DIRECTION('',(1.,-0.,0.));
#1911 = DEFINITIONAL_REPRESENTATION('',(#1912),#1916);
#1912 = CIRCLE('',#1913,21.294499207368);
#1913 = AXIS2_PLACEMENT_2D('',#1914,#1915);
#1914 = CARTESIAN_POINT('',(18.13148430922,-24.2829503646));
#1915 = DIRECTION('',(1.,0.));
#1916 = ( GEOMETRIC_REPRESENTATION_CONTEXT(2) 
PARAMETRIC_REPRESENTATION_CONTEXT() REPRESENTATION_CONTEXT('2D SPACE',''
  ) );
#1917 = ORIENTED_EDGE('',*,*,#1031,.F.);
#1918 = ADVANCED_FACE('',(#1919),#1124,.T.);
#1919 = FACE_BOUND('',#1920,.T.);
#1920 = EDGE_LOOP('',(#1921,#1922,#1943));
#1921 = ORIENTED_EDGE('',*,*,#1812,.F.);
#1922 = ORIENTED_EDGE('',*,*,#1923,.F.);
#1923 = EDGE_CURVE('',#1085,#1785,#1924,.T.);
#1924 = SURFACE_CURVE('',#1925,(#1929,#1936),.PCURVE_S1.);
#1925 = LINE('',#1926,#1927);
#1926 = CARTESIAN_POINT('',(-57.96395,-142.0940149008,-129.7334672927));
#1927 = VECTOR('',#1928,1.);
#1928 = DIRECTION('',(0.313566080943,-8.279205058891E-02,0.945950204419)
  );
#1929 = PCURVE('',#1124,#1930);
#1930 = DEFINITIONAL_REPRESENTATION('',(#1931),#1935);
#1931 = LINE('',#1932,#1933);
#1932 = CARTESIAN_POINT('',(-18.44473350441,-26.60954701976));
#1933 = VECTOR('',#1934,1.);
#1934 = DIRECTION('',(0.313566080943,0.949566381504));
#1935 = ( GEOMETRIC_REPRESENTATION_CONTEXT(2) 
PARAMETRIC_REPRESENTATION_CONTEXT() REPRESENTATION_CONTEXT('2D SPACE',''
  ) );
#1936 = PCURVE('',#1906,#1937);
#1937 = DEFINITIONAL_REPRESENTATION('',(#1938),#1942);
#1938 = LINE('',#1939,#1940);
#1939 = CARTESIAN_POINT('',(-1.2638632165,-33.07364372295));
#1940 = VECTOR('',#1941,1.);
#1941 = DIRECTION('',(0.313566080943,0.949566381504));
#1942 = ( GEOMETRIC_REPRESENTATION_CONTEXT(2) 
PARAMETRIC_REPRESENTATION_CONTEXT() REPRESENTATION_CONTEXT('2D SPACE',''
  ) );
#1943 = ORIENTED_EDGE('',*,*,#1109,.F.);
#1944 = ADVANCED_FACE('',(#1945),#1185,.F.);
#1945 = FACE_BOUND('',#1946,.F.);
#1946 = EDGE_LOOP('',(#1947,#1975,#2002,#2028,#2047,#2048,#2049,#2070));
#1947 = ORIENTED_EDGE('',*,*,#1948,.F.);
#1948 = EDGE_CURVE('',#1949,#1951,#1953,.T.);
#1949 = VERTEX_POINT('',#1950);
#1950 = CARTESIAN_POINT('',(-74.91191801208,-143.4502760849,
    -91.29875907192));
#1951 = VERTEX_POINT('',#1952);
#1952 = CARTESIAN_POINT('',(-74.53027609322,-143.4070069503,
    -91.79308625864));
#1953 = SURFACE_CURVE('',#1954,(#1958,#1964),.PCURVE_S1.);
#1954 = LINE('',#1955,#1956);
#1955 = CARTESIAN_POINT('',(-70.23895363147,-142.9205253236,
    -97.35148801669));
#1956 = VECTOR('',#1957,1.);
#1957 = DIRECTION('',(0.609646851737,6.911263548369E-02,-0.789654455939)
  );
#1958 = PCURVE('',#1185,#1959);
#1959 = DEFINITIONAL_REPRESENTATION('',(#1960),#1963);
#1960 = B_SPLINE_CURVE_WITH_KNOTS('',1,(#1961,#1962),.UNSPECIFIED.,.F.,
  .F.,(2,2),(-7.665034876014,24.261215224572),.PIECEWISE_BEZIER_KNOTS.);
#1961 = CARTESIAN_POINT('',(0.,-2.000004302148));
#1962 = CARTESIAN_POINT('',(31.926250100585,-2.000004302149));
#1963 = ( GEOMETRIC_REPRESENTATION_CONTEXT(2) 
PARAMETRIC_REPRESENTATION_CONTEXT() REPRESENTATION_CONTEXT('2D SPACE',''
  ) );
#1964 = PCURVE('',#1965,#1970);
#1965 = PLANE('',#1966);
#1966 = AXIS2_PLACEMENT_3D('',#1967,#1968,#1969);
#1967 = CARTESIAN_POINT('',(-56.7000867835,-142.9853000094,
    -96.61139730956));
#1968 = DIRECTION('',(-0.,0.996191759571,8.718932367605E-02));
#1969 = DIRECTION('',(-1.,0.,-0.));
#1970 = DEFINITIONAL_REPRESENTATION('',(#1971),#1974);
#1971 = B_SPLINE_CURVE_WITH_KNOTS('',1,(#1972,#1973),.UNSPECIFIED.,.F.,
  .F.,(2,2),(-7.665034876014,24.261215224572),.PIECEWISE_BEZIER_KNOTS.);
#1972 = CARTESIAN_POINT('',(18.211831228585,5.332947383467));
#1973 = CARTESIAN_POINT('',(-1.251906633001,-19.97413371927));
#1974 = ( GEOMETRIC_REPRESENTATION_CONTEXT(2) 
PARAMETRIC_REPRESENTATION_CONTEXT() REPRESENTATION_CONTEXT('2D SPACE',''
  ) );
#1975 = ORIENTED_EDGE('',*,*,#1976,.T.);
#1976 = EDGE_CURVE('',#1949,#1977,#1979,.T.);
#1977 = VERTEX_POINT('',#1978);
#1978 = CARTESIAN_POINT('',(-74.91191801208,-145.442659604,
    -91.47313771927));
#1979 = SURFACE_CURVE('',#1980,(#1984,#1991),.PCURVE_S1.);
#1980 = LINE('',#1981,#1982);
#1981 = CARTESIAN_POINT('',(-74.91191801208,-141.45788828,
    -91.12438004947));
#1982 = VECTOR('',#1983,1.);
#1983 = DIRECTION('',(0.,-0.996191759571,-8.718932367607E-02));
#1984 = PCURVE('',#1185,#1985);
#1985 = DEFINITIONAL_REPRESENTATION('',(#1986),#1990);
#1986 = LINE('',#1987,#1988);
#1987 = CARTESIAN_POINT('',(0.,0.));
#1988 = VECTOR('',#1989,1.);
#1989 = DIRECTION('',(0.,-1.));
#1990 = ( GEOMETRIC_REPRESENTATION_CONTEXT(2) 
PARAMETRIC_REPRESENTATION_CONTEXT() REPRESENTATION_CONTEXT('2D SPACE',''
  ) );
#1991 = PCURVE('',#1992,#1997);
#1992 = CYLINDRICAL_SURFACE('',#1993,21.294499207368);
#1993 = AXIS2_PLACEMENT_3D('',#1994,#1995,#1996);
#1994 = CARTESIAN_POINT('',(-58.03234033587,-142.5897909264,
    -78.19169469938));
#1995 = DIRECTION('',(-0.,0.996191759571,8.718932367607E-02));
#1996 = DIRECTION('',(-0.442063501928,-7.820740711838E-02,0.89356782716)
  );
#1997 = DEFINITIONAL_REPRESENTATION('',(#1998),#2001);
#1998 = B_SPLINE_CURVE_WITH_KNOTS('',1,(#1999,#2000),.UNSPECIFIED.,.F.,
  .F.,(2,2),(0.,6.),.PIECEWISE_BEZIER_KNOTS.);
#1999 = CARTESIAN_POINT('',(-1.768513463202,0.));
#2000 = CARTESIAN_POINT('',(-1.768513463202,-6.));
#2001 = ( GEOMETRIC_REPRESENTATION_CONTEXT(2) 
PARAMETRIC_REPRESENTATION_CONTEXT() REPRESENTATION_CONTEXT('2D SPACE',''
  ) );
#2002 = ORIENTED_EDGE('',*,*,#2003,.F.);
#2003 = EDGE_CURVE('',#2004,#1977,#2006,.T.);
#2004 = VERTEX_POINT('',#2005);
#2005 = CARTESIAN_POINT('',(-74.53027609322,-145.3993904695,
    -91.967464906));
#2006 = SURFACE_CURVE('',#2007,(#2011,#2017),.PCURVE_S1.);
#2007 = LINE('',#2008,#2009);
#2008 = CARTESIAN_POINT('',(-70.23895363147,-144.9129088427,
    -97.52586666404));
#2009 = VECTOR('',#2010,1.);
#2010 = DIRECTION('',(-0.609646851737,-6.911263548369E-02,0.789654455939
    ));
#2011 = PCURVE('',#1185,#2012);
#2012 = DEFINITIONAL_REPRESENTATION('',(#2013),#2016);
#2013 = B_SPLINE_CURVE_WITH_KNOTS('',1,(#2014,#2015),.UNSPECIFIED.,.F.,
  .F.,(2,2),(-24.26121522457,7.665034876014),.PIECEWISE_BEZIER_KNOTS.);
#2014 = CARTESIAN_POINT('',(31.926250100585,-4.000004302107));
#2015 = CARTESIAN_POINT('',(0.,-4.000004302106));
#2016 = ( GEOMETRIC_REPRESENTATION_CONTEXT(2) 
PARAMETRIC_REPRESENTATION_CONTEXT() REPRESENTATION_CONTEXT('2D SPACE',''
  ) );
#2017 = PCURVE('',#2018,#2023);
#2018 = PLANE('',#2019);
#2019 = AXIS2_PLACEMENT_3D('',#2020,#2021,#2022);
#2020 = CARTESIAN_POINT('',(-56.7000867835,-144.9776835285,
    -96.78577595691));
#2021 = DIRECTION('',(-0.,-0.996191759571,-8.718932367605E-02));
#2022 = DIRECTION('',(1.,-0.,0.));
#2023 = DEFINITIONAL_REPRESENTATION('',(#2024),#2027);
#2024 = B_SPLINE_CURVE_WITH_KNOTS('',1,(#2025,#2026),.UNSPECIFIED.,.F.,
  .F.,(2,2),(-24.26121522457,7.665034876014),.PIECEWISE_BEZIER_KNOTS.);
#2025 = CARTESIAN_POINT('',(1.251906633001,-19.97413371927));
#2026 = CARTESIAN_POINT('',(-18.21183122858,5.332947383468));
#2027 = ( GEOMETRIC_REPRESENTATION_CONTEXT(2) 
PARAMETRIC_REPRESENTATION_CONTEXT() REPRESENTATION_CONTEXT('2D SPACE',''
  ) );
#2028 = ORIENTED_EDGE('',*,*,#2029,.F.);
#2029 = EDGE_CURVE('',#1142,#2004,#2030,.T.);
#2030 = SURFACE_CURVE('',#2031,(#2035,#2041),.PCURVE_S1.);
#2031 = LINE('',#2032,#2033);
#2032 = CARTESIAN_POINT('',(-70.23895363147,-144.9129088427,
    -97.52586666404));
#2033 = VECTOR('',#2034,1.);
#2034 = DIRECTION('',(-0.609646851737,-6.911263548369E-02,0.789654455939
    ));
#2035 = PCURVE('',#1185,#2036);
#2036 = DEFINITIONAL_REPRESENTATION('',(#2037),#2040);
#2037 = B_SPLINE_CURVE_WITH_KNOTS('',1,(#2038,#2039),.UNSPECIFIED.,.F.,
  .F.,(2,2),(-24.26121522457,7.665034876014),.PIECEWISE_BEZIER_KNOTS.);
#2038 = CARTESIAN_POINT('',(31.926250100585,-4.000004302107));
#2039 = CARTESIAN_POINT('',(0.,-4.000004302106));
#2040 = ( GEOMETRIC_REPRESENTATION_CONTEXT(2) 
PARAMETRIC_REPRESENTATION_CONTEXT() REPRESENTATION_CONTEXT('2D SPACE',''
  ) );
#2041 = PCURVE('',#1158,#2042);
#2042 = DEFINITIONAL_REPRESENTATION('',(#2043),#2046);
#2043 = B_SPLINE_CURVE_WITH_KNOTS('',1,(#2044,#2045),.UNSPECIFIED.,.F.,
  .F.,(2,2),(-24.26121522457,7.665034876014),.PIECEWISE_BEZIER_KNOTS.);
#2044 = CARTESIAN_POINT('',(1.251906633001,-19.97413371927));
#2045 = CARTESIAN_POINT('',(-18.21183122858,5.332947383468));
#2046 = ( GEOMETRIC_REPRESENTATION_CONTEXT(2) 
PARAMETRIC_REPRESENTATION_CONTEXT() REPRESENTATION_CONTEXT('2D SPACE',''
  ) );
#2047 = ORIENTED_EDGE('',*,*,#1170,.F.);
#2048 = ORIENTED_EDGE('',*,*,#1260,.F.);
#2049 = ORIENTED_EDGE('',*,*,#2050,.T.);
#2050 = EDGE_CURVE('',#1228,#2051,#2053,.T.);
#2051 = VERTEX_POINT('',#2052);
#2052 = CARTESIAN_POINT('',(-58.29765435875,-141.5667952512,
    -112.818639081));
#2053 = SURFACE_CURVE('',#2054,(#2058,#2064),.PCURVE_S1.);
#2054 = LINE('',#2055,#2056);
#2055 = CARTESIAN_POINT('',(-61.00211950432,-141.8733870318,
    -109.3156390293));
#2056 = VECTOR('',#2057,1.);
#2057 = DIRECTION('',(-0.609646851737,-6.911263548369E-02,0.789654455939
    ));
#2058 = PCURVE('',#1185,#2059);
#2059 = DEFINITIONAL_REPRESENTATION('',(#2060),#2063);
#2060 = B_SPLINE_CURVE_WITH_KNOTS('',1,(#2061,#2062),.UNSPECIFIED.,.F.,
  .F.,(2,2),(-9.110092733196,-1.868323963997),.PIECEWISE_BEZIER_KNOTS.);
#2061 = CARTESIAN_POINT('',(31.926250100585,-1.999999999919));
#2062 = CARTESIAN_POINT('',(24.684481331386,-1.999999999919));
#2063 = ( GEOMETRIC_REPRESENTATION_CONTEXT(2) 
PARAMETRIC_REPRESENTATION_CONTEXT() REPRESENTATION_CONTEXT('2D SPACE',''
  ) );
#2064 = PCURVE('',#1244,#2065);
#2065 = DEFINITIONAL_REPRESENTATION('',(#2066),#2069);
#2066 = B_SPLINE_CURVE_WITH_KNOTS('',1,(#2067,#2068),.UNSPECIFIED.,.F.,
  .F.,(2,2),(-9.110092733196,-1.868323963997),.PIECEWISE_BEZIER_KNOTS.);
#2067 = CARTESIAN_POINT('',(-16.87957767621,4.308816645394));
#2068 = CARTESIAN_POINT('',(-21.29449920736,10.049172277264));
#2069 = ( GEOMETRIC_REPRESENTATION_CONTEXT(2) 
PARAMETRIC_REPRESENTATION_CONTEXT() REPRESENTATION_CONTEXT('2D SPACE',''
  ) );
#2070 = ORIENTED_EDGE('',*,*,#2071,.F.);
#2071 = EDGE_CURVE('',#1951,#2051,#2072,.T.);
#2072 = SURFACE_CURVE('',#2073,(#2077,#2083),.PCURVE_S1.);
#2073 = LINE('',#2074,#2075);
#2074 = CARTESIAN_POINT('',(-70.23895363147,-142.9205253236,
    -97.35148801669));
#2075 = VECTOR('',#2076,1.);
#2076 = DIRECTION('',(0.609646851737,6.911263548369E-02,-0.789654455939)
  );
#2077 = PCURVE('',#1185,#2078);
#2078 = DEFINITIONAL_REPRESENTATION('',(#2079),#2082);
#2079 = B_SPLINE_CURVE_WITH_KNOTS('',1,(#2080,#2081),.UNSPECIFIED.,.F.,
  .F.,(2,2),(-7.665034876014,24.261215224572),.PIECEWISE_BEZIER_KNOTS.);
#2080 = CARTESIAN_POINT('',(0.,-2.000004302148));
#2081 = CARTESIAN_POINT('',(31.926250100585,-2.000004302149));
#2082 = ( GEOMETRIC_REPRESENTATION_CONTEXT(2) 
PARAMETRIC_REPRESENTATION_CONTEXT() REPRESENTATION_CONTEXT('2D SPACE',''
  ) );
#2083 = PCURVE('',#2084,#2089);
#2084 = PLANE('',#2085);
#2085 = AXIS2_PLACEMENT_3D('',#2086,#2087,#2088);
#2086 = CARTESIAN_POINT('',(-56.7000867835,-142.9853000094,
    -96.61139730956));
#2087 = DIRECTION('',(-0.,0.996191759571,8.718932367605E-02));
#2088 = DIRECTION('',(-1.,0.,-0.));
#2089 = DEFINITIONAL_REPRESENTATION('',(#2090),#2093);
#2090 = B_SPLINE_CURVE_WITH_KNOTS('',1,(#2091,#2092),.UNSPECIFIED.,.F.,
  .F.,(2,2),(-7.665034876014,24.261215224572),.PIECEWISE_BEZIER_KNOTS.);
#2091 = CARTESIAN_POINT('',(18.211831228585,5.332947383467));
#2092 = CARTESIAN_POINT('',(-1.251906633001,-19.97413371927));
#2093 = ( GEOMETRIC_REPRESENTATION_CONTEXT(2) 
PARAMETRIC_REPRESENTATION_CONTEXT() REPRESENTATION_CONTEXT('2D SPACE',''
  ) );
#2094 = ADVANCED_FACE('',(#2095),#1158,.T.);
#2095 = FACE_BOUND('',#2096,.T.);
#2096 = EDGE_LOOP('',(#2097,#2098,#2099,#2122));
#2097 = ORIENTED_EDGE('',*,*,#2029,.F.);
#2098 = ORIENTED_EDGE('',*,*,#1141,.F.);
#2099 = ORIENTED_EDGE('',*,*,#2100,.T.);
#2100 = EDGE_CURVE('',#1032,#2101,#2103,.T.);
#2101 = VERTEX_POINT('',#2102);
#2102 = CARTESIAN_POINT('',(-49.65608573519,-144.8104557114,
    -98.69643216162));
#2103 = SURFACE_CURVE('',#2104,(#2108,#2115),.PCURVE_S1.);
#2104 = LINE('',#2105,#2106);
#2105 = CARTESIAN_POINT('',(-56.59259,-143.8491813249,-109.6796091529));
#2106 = VECTOR('',#2107,1.);
#2107 = DIRECTION('',(0.532523775277,-7.379835534144E-02,0.843191693219)
  );
#2108 = PCURVE('',#1158,#2109);
#2109 = DEFINITIONAL_REPRESENTATION('',(#2110),#2114);
#2110 = LINE('',#2111,#2112);
#2111 = CARTESIAN_POINT('',(0.1074967835,-12.94312372302));
#2112 = VECTOR('',#2113,1.);
#2113 = DIRECTION('',(0.532523775277,0.846415045214));
#2114 = ( GEOMETRIC_REPRESENTATION_CONTEXT(2) 
PARAMETRIC_REPRESENTATION_CONTEXT() REPRESENTATION_CONTEXT('2D SPACE',''
  ) );
#2115 = PCURVE('',#1906,#2116);
#2116 = DEFINITIONAL_REPRESENTATION('',(#2117),#2121);
#2117 = LINE('',#2118,#2119);
#2118 = CARTESIAN_POINT('',(0.1074967835,-12.94312372302));
#2119 = VECTOR('',#2120,1.);
#2120 = DIRECTION('',(0.532523775277,0.846415045214));
#2121 = ( GEOMETRIC_REPRESENTATION_CONTEXT(2) 
PARAMETRIC_REPRESENTATION_CONTEXT() REPRESENTATION_CONTEXT('2D SPACE',''
  ) );
#2122 = ORIENTED_EDGE('',*,*,#2123,.F.);
#2123 = EDGE_CURVE('',#2004,#2101,#2124,.T.);
#2124 = SURFACE_CURVE('',#2125,(#2130,#2137),.PCURVE_S1.);
#2125 = CIRCLE('',#2126,21.294499207368);
#2126 = AXIS2_PLACEMENT_3D('',#2127,#2128,#2129);
#2127 = CARTESIAN_POINT('',(-57.65069841701,-146.531293116,
    -79.03477955592));
#2128 = DIRECTION('',(0.,-0.996191759571,-8.718932367605E-02));
#2129 = DIRECTION('',(1.,-0.,0.));
#2130 = PCURVE('',#1158,#2131);
#2131 = DEFINITIONAL_REPRESENTATION('',(#2132),#2136);
#2132 = CIRCLE('',#2133,21.294499207368);
#2133 = AXIS2_PLACEMENT_2D('',#2134,#2135);
#2134 = CARTESIAN_POINT('',(-0.95061163351,17.818854508029));
#2135 = DIRECTION('',(1.,0.));
#2136 = ( GEOMETRIC_REPRESENTATION_CONTEXT(2) 
PARAMETRIC_REPRESENTATION_CONTEXT() REPRESENTATION_CONTEXT('2D SPACE',''
  ) );
#2137 = PCURVE('',#2138,#2143);
#2138 = PLANE('',#2139);
#2139 = AXIS2_PLACEMENT_3D('',#2140,#2141,#2142);
#2140 = CARTESIAN_POINT('',(-57.65069841701,-146.531293116,
    -79.03477955592));
#2141 = DIRECTION('',(-0.,-0.996191759571,-8.718932367605E-02));
#2142 = DIRECTION('',(1.,-0.,0.));
#2143 = DEFINITIONAL_REPRESENTATION('',(#2144),#2148);
#2144 = CIRCLE('',#2145,21.294499207368);
#2145 = AXIS2_PLACEMENT_2D('',#2146,#2147);
#2146 = CARTESIAN_POINT('',(0.,0.));
#2147 = DIRECTION('',(1.,0.));
#2148 = ( GEOMETRIC_REPRESENTATION_CONTEXT(2) 
PARAMETRIC_REPRESENTATION_CONTEXT() REPRESENTATION_CONTEXT('2D SPACE',''
  ) );
#2149 = ADVANCED_FACE('',(#2150),#1244,.F.);
#2150 = FACE_BOUND('',#2151,.F.);
#2151 = EDGE_LOOP('',(#2152,#2175,#2203,#2229,#2230));
#2152 = ORIENTED_EDGE('',*,*,#2153,.T.);
#2153 = EDGE_CURVE('',#1226,#2154,#2156,.T.);
#2154 = VERTEX_POINT('',#2155);
#2155 = CARTESIAN_POINT('',(-52.22404691708,-141.6171599267,
    -112.2432409673));
#2156 = SURFACE_CURVE('',#2157,(#2161,#2168),.PCURVE_S1.);
#2157 = LINE('',#2158,#2159);
#2158 = CARTESIAN_POINT('',(-57.96395,-140.1016313817,-129.5590886454));
#2159 = VECTOR('',#2160,1.);
#2160 = DIRECTION('',(0.313566080943,-8.279205058891E-02,0.945950204419)
  );
#2161 = PCURVE('',#1244,#2162);
#2162 = DEFINITIONAL_REPRESENTATION('',(#2163),#2167);
#2163 = LINE('',#2164,#2165);
#2164 = CARTESIAN_POINT('',(-19.39534752572,-8.790693358338));
#2165 = VECTOR('',#2166,1.);
#2166 = DIRECTION('',(0.313566080943,0.949566381504));
#2167 = ( GEOMETRIC_REPRESENTATION_CONTEXT(2) 
PARAMETRIC_REPRESENTATION_CONTEXT() REPRESENTATION_CONTEXT('2D SPACE',''
  ) );
#2168 = PCURVE('',#1387,#2169);
#2169 = DEFINITIONAL_REPRESENTATION('',(#2170),#2174);
#2170 = LINE('',#2171,#2172);
#2171 = CARTESIAN_POINT('',(-19.39534752572,-8.790693358338));
#2172 = VECTOR('',#2173,1.);
#2173 = DIRECTION('',(0.313566080943,0.949566381504));
#2174 = ( GEOMETRIC_REPRESENTATION_CONTEXT(2) 
PARAMETRIC_REPRESENTATION_CONTEXT() REPRESENTATION_CONTEXT('2D SPACE',''
  ) );
#2175 = ORIENTED_EDGE('',*,*,#2176,.T.);
#2176 = EDGE_CURVE('',#2154,#2177,#2179,.T.);
#2177 = VERTEX_POINT('',#2178);
#2178 = CARTESIAN_POINT('',(-56.59259,-141.8567978057,-109.5052305055));
#2179 = SURFACE_CURVE('',#2180,(#2184,#2191),.PCURVE_S1.);
#2180 = LINE('',#2181,#2182);
#2181 = CARTESIAN_POINT('',(-20.54462,-139.879374461,-132.0985109455));
#2182 = VECTOR('',#2183,1.);
#2183 = DIRECTION('',(-0.846415096421,-4.643038071147E-02,0.530495715627
    ));
#2184 = PCURVE('',#1244,#2185);
#2185 = DEFINITIONAL_REPRESENTATION('',(#2186),#2190);
#2186 = LINE('',#2187,#2188);
#2187 = CARTESIAN_POINT('',(18.02398247428,-11.33982335836));
#2188 = VECTOR('',#2189,1.);
#2189 = DIRECTION('',(-0.846415096421,0.532523693887));
#2190 = ( GEOMETRIC_REPRESENTATION_CONTEXT(2) 
PARAMETRIC_REPRESENTATION_CONTEXT() REPRESENTATION_CONTEXT('2D SPACE',''
  ) );
#2191 = PCURVE('',#2192,#2197);
#2192 = PLANE('',#2193);
#2193 = AXIS2_PLACEMENT_3D('',#2194,#2195,#2196);
#2194 = CARTESIAN_POINT('',(-38.56860247428,-140.8680817044,
    -120.8018719858));
#2195 = DIRECTION('',(-0.,-0.996191759571,-8.718932367605E-02));
#2196 = DIRECTION('',(1.,-0.,0.));
#2197 = DEFINITIONAL_REPRESENTATION('',(#2198),#2202);
#2198 = LINE('',#2199,#2200);
#2199 = CARTESIAN_POINT('',(18.02398247428,-11.33982335836));
#2200 = VECTOR('',#2201,1.);
#2201 = DIRECTION('',(-0.846415096421,0.532523693887));
#2202 = ( GEOMETRIC_REPRESENTATION_CONTEXT(2) 
PARAMETRIC_REPRESENTATION_CONTEXT() REPRESENTATION_CONTEXT('2D SPACE',''
  ) );
#2203 = ORIENTED_EDGE('',*,*,#2204,.T.);
#2204 = EDGE_CURVE('',#2177,#2051,#2205,.T.);
#2205 = SURFACE_CURVE('',#2206,(#2211,#2218),.PCURVE_S1.);
#2206 = CIRCLE('',#2207,21.294499207368);
#2207 = AXIS2_PLACEMENT_3D('',#2208,#2209,#2210);
#2208 = CARTESIAN_POINT('',(-38.56860247428,-140.8680817044,
    -120.8018719858));
#2209 = DIRECTION('',(0.,-0.996191759571,-8.718932367605E-02));
#2210 = DIRECTION('',(1.,-0.,0.));
#2211 = PCURVE('',#1244,#2212);
#2212 = DEFINITIONAL_REPRESENTATION('',(#2213),#2217);
#2213 = CIRCLE('',#2214,21.294499207368);
#2214 = AXIS2_PLACEMENT_2D('',#2215,#2216);
#2215 = CARTESIAN_POINT('',(0.,0.));
#2216 = DIRECTION('',(1.,0.));
#2217 = ( GEOMETRIC_REPRESENTATION_CONTEXT(2) 
PARAMETRIC_REPRESENTATION_CONTEXT() REPRESENTATION_CONTEXT('2D SPACE',''
  ) );
#2218 = PCURVE('',#2084,#2219);
#2219 = DEFINITIONAL_REPRESENTATION('',(#2220),#2228);
#2220 = ( BOUNDED_CURVE() B_SPLINE_CURVE(2,(#2221,#2222,#2223,#2224,
#2225,#2226,#2227),.UNSPECIFIED.,.T.,.F.) B_SPLINE_CURVE_WITH_KNOTS((1,2
    ,2,2,2,1),(-2.094395102393,0.,2.094395102393,4.188790204786,
6.28318530718,8.377580409573),.UNSPECIFIED.) CURVE() 
GEOMETRIC_REPRESENTATION_ITEM() RATIONAL_B_SPLINE_CURVE((1.,0.5,1.,0.5,
1.,0.5,1.)) REPRESENTATION_ITEM('') );
#2221 = CARTESIAN_POINT('',(-39.42598351658,-24.28295036466));
#2222 = CARTESIAN_POINT('',(-39.42598351658,12.600204184231));
#2223 = CARTESIAN_POINT('',(-7.484234705536,-5.841373090217));
#2224 = CARTESIAN_POINT('',(24.457514105516,-24.28295036466));
#2225 = CARTESIAN_POINT('',(-7.484234705536,-42.72452763911));
#2226 = CARTESIAN_POINT('',(-39.42598351658,-61.16610491356));
#2227 = CARTESIAN_POINT('',(-39.42598351658,-24.28295036466));
#2228 = ( GEOMETRIC_REPRESENTATION_CONTEXT(2) 
PARAMETRIC_REPRESENTATION_CONTEXT() REPRESENTATION_CONTEXT('2D SPACE',''
  ) );
#2229 = ORIENTED_EDGE('',*,*,#2050,.F.);
#2230 = ORIENTED_EDGE('',*,*,#1225,.F.);
#2231 = ADVANCED_FACE('',(#2232),#1387,.F.);
#2232 = FACE_BOUND('',#2233,.F.);
#2233 = EDGE_LOOP('',(#2234,#2235,#2236,#2259));
#2234 = ORIENTED_EDGE('',*,*,#2153,.F.);
#2235 = ORIENTED_EDGE('',*,*,#1372,.F.);
#2236 = ORIENTED_EDGE('',*,*,#2237,.F.);
#2237 = EDGE_CURVE('',#2238,#1340,#2240,.T.);
#2238 = VERTEX_POINT('',#2239);
#2239 = CARTESIAN_POINT('',(-38.5686,-140.8680856974,-120.8018757064));
#2240 = SURFACE_CURVE('',#2241,(#2245,#2252),.PCURVE_S1.);
#2241 = LINE('',#2242,#2243);
#2242 = CARTESIAN_POINT('',(-19.17326,-141.6345400132,-112.0446627675));
#2243 = VECTOR('',#2244,1.);
#2244 = DIRECTION('',(-0.910814856676,3.599306832363E-02,-0.411242988865
    ));
#2245 = PCURVE('',#1387,#2246);
#2246 = DEFINITIONAL_REPRESENTATION('',(#2247),#2251);
#2247 = LINE('',#2248,#2249);
#2248 = CARTESIAN_POINT('',(19.39534247428,8.790686641679));
#2249 = VECTOR('',#2250,1.);
#2250 = DIRECTION('',(-0.910814856676,-0.412815087973));
#2251 = ( GEOMETRIC_REPRESENTATION_CONTEXT(2) 
PARAMETRIC_REPRESENTATION_CONTEXT() REPRESENTATION_CONTEXT('2D SPACE',''
  ) );
#2252 = PCURVE('',#1356,#2253);
#2253 = DEFINITIONAL_REPRESENTATION('',(#2254),#2258);
#2254 = LINE('',#2255,#2256);
#2255 = CARTESIAN_POINT('',(19.39534247428,8.790686641679));
#2256 = VECTOR('',#2257,1.);
#2257 = DIRECTION('',(-0.910814856676,-0.412815087973));
#2258 = ( GEOMETRIC_REPRESENTATION_CONTEXT(2) 
PARAMETRIC_REPRESENTATION_CONTEXT() REPRESENTATION_CONTEXT('2D SPACE',''
  ) );
#2259 = ORIENTED_EDGE('',*,*,#2260,.T.);
#2260 = EDGE_CURVE('',#2238,#2154,#2261,.T.);
#2261 = SURFACE_CURVE('',#2262,(#2266,#2273),.PCURVE_S1.);
#2262 = LINE('',#2263,#2264);
#2263 = CARTESIAN_POINT('',(-20.54462,-139.879374461,-132.0985109455));
#2264 = VECTOR('',#2265,1.);
#2265 = DIRECTION('',(-0.846415096421,-4.643038071147E-02,0.530495715627
    ));
#2266 = PCURVE('',#1387,#2267);
#2267 = DEFINITIONAL_REPRESENTATION('',(#2268),#2272);
#2268 = LINE('',#2269,#2270);
#2269 = CARTESIAN_POINT('',(18.02398247428,-11.33982335836));
#2270 = VECTOR('',#2271,1.);
#2271 = DIRECTION('',(-0.846415096421,0.532523693887));
#2272 = ( GEOMETRIC_REPRESENTATION_CONTEXT(2) 
PARAMETRIC_REPRESENTATION_CONTEXT() REPRESENTATION_CONTEXT('2D SPACE',''
  ) );
#2273 = PCURVE('',#2274,#2279);
#2274 = PLANE('',#2275);
#2275 = AXIS2_PLACEMENT_3D('',#2276,#2277,#2278);
#2276 = CARTESIAN_POINT('',(-38.56860247428,-140.8680817044,
    -120.8018719858));
#2277 = DIRECTION('',(-0.,-0.996191759571,-8.718932367605E-02));
#2278 = DIRECTION('',(1.,-0.,0.));
#2279 = DEFINITIONAL_REPRESENTATION('',(#2280),#2284);
#2280 = LINE('',#2281,#2282);
#2281 = CARTESIAN_POINT('',(18.02398247428,-11.33982335836));
#2282 = VECTOR('',#2283,1.);
#2283 = DIRECTION('',(-0.846415096421,0.532523693887));
#2284 = ( GEOMETRIC_REPRESENTATION_CONTEXT(2) 
PARAMETRIC_REPRESENTATION_CONTEXT() REPRESENTATION_CONTEXT('2D SPACE',''
  ) );
#2285 = ADVANCED_FACE('',(#2286),#1356,.F.);
#2286 = FACE_BOUND('',#2287,.F.);
#2287 = EDGE_LOOP('',(#2288,#2289,#2310));
#2288 = ORIENTED_EDGE('',*,*,#1339,.F.);
#2289 = ORIENTED_EDGE('',*,*,#2290,.T.);
#2290 = EDGE_CURVE('',#1307,#2238,#2291,.T.);
#2291 = SURFACE_CURVE('',#2292,(#2296,#2303),.PCURVE_S1.);
#2292 = LINE('',#2293,#2294);
#2293 = CARTESIAN_POINT('',(-20.54462,-139.879374461,-132.0985109455));
#2294 = VECTOR('',#2295,1.);
#2295 = DIRECTION('',(-0.846415096421,-4.643038071147E-02,0.530495715627
    ));
#2296 = PCURVE('',#1356,#2297);
#2297 = DEFINITIONAL_REPRESENTATION('',(#2298),#2302);
#2298 = LINE('',#2299,#2300);
#2299 = CARTESIAN_POINT('',(18.02398247428,-11.33982335836));
#2300 = VECTOR('',#2301,1.);
#2301 = DIRECTION('',(-0.846415096421,0.532523693887));
#2302 = ( GEOMETRIC_REPRESENTATION_CONTEXT(2) 
PARAMETRIC_REPRESENTATION_CONTEXT() REPRESENTATION_CONTEXT('2D SPACE',''
  ) );
#2303 = PCURVE('',#1323,#2304);
#2304 = DEFINITIONAL_REPRESENTATION('',(#2305),#2309);
#2305 = LINE('',#2306,#2307);
#2306 = CARTESIAN_POINT('',(18.02398247428,-11.33982335836));
#2307 = VECTOR('',#2308,1.);
#2308 = DIRECTION('',(-0.846415096421,0.532523693887));
#2309 = ( GEOMETRIC_REPRESENTATION_CONTEXT(2) 
PARAMETRIC_REPRESENTATION_CONTEXT() REPRESENTATION_CONTEXT('2D SPACE',''
  ) );
#2310 = ORIENTED_EDGE('',*,*,#2237,.T.);
#2311 = ADVANCED_FACE('',(#2312),#1323,.F.);
#2312 = FACE_BOUND('',#2313,.F.);
#2313 = EDGE_LOOP('',(#2314,#2342,#2368,#2369,#2370));
#2314 = ORIENTED_EDGE('',*,*,#2315,.T.);
#2315 = EDGE_CURVE('',#1539,#2316,#2318,.T.);
#2316 = VERTEX_POINT('',#2317);
#2317 = CARTESIAN_POINT('',(-19.17326,-141.6345400132,-112.0446627675));
#2318 = SURFACE_CURVE('',#2319,(#2324,#2331),.PCURVE_S1.);
#2319 = CIRCLE('',#2320,21.294499207368);
#2320 = AXIS2_PLACEMENT_3D('',#2321,#2322,#2323);
#2321 = CARTESIAN_POINT('',(-38.56860247428,-140.8680817044,
    -120.8018719858));
#2322 = DIRECTION('',(0.,-0.996191759571,-8.718932367605E-02));
#2323 = DIRECTION('',(1.,-0.,0.));
#2324 = PCURVE('',#1323,#2325);
#2325 = DEFINITIONAL_REPRESENTATION('',(#2326),#2330);
#2326 = CIRCLE('',#2327,21.294499207368);
#2327 = AXIS2_PLACEMENT_2D('',#2328,#2329);
#2328 = CARTESIAN_POINT('',(0.,0.));
#2329 = DIRECTION('',(1.,0.));
#2330 = ( GEOMETRIC_REPRESENTATION_CONTEXT(2) 
PARAMETRIC_REPRESENTATION_CONTEXT() REPRESENTATION_CONTEXT('2D SPACE',''
  ) );
#2331 = PCURVE('',#1705,#2332);
#2332 = DEFINITIONAL_REPRESENTATION('',(#2333),#2341);
#2333 = ( BOUNDED_CURVE() B_SPLINE_CURVE(2,(#2334,#2335,#2336,#2337,
#2338,#2339,#2340),.UNSPECIFIED.,.T.,.F.) B_SPLINE_CURVE_WITH_KNOTS((1,2
    ,2,2,2,1),(-2.094395102393,0.,2.094395102393,4.188790204786,
6.28318530718,8.377580409573),.UNSPECIFIED.) CURVE() 
GEOMETRIC_REPRESENTATION_ITEM() RATIONAL_B_SPLINE_CURVE((1.,0.5,1.,0.5,
1.,0.5,1.)) REPRESENTATION_ITEM('') );
#2334 = CARTESIAN_POINT('',(-9.132959070918,-34.74946595907));
#2335 = CARTESIAN_POINT('',(-9.132959070918,2.133688589824));
#2336 = CARTESIAN_POINT('',(22.808789740134,-16.30788868462));
#2337 = CARTESIAN_POINT('',(54.750538551186,-34.74946595907));
#2338 = CARTESIAN_POINT('',(22.808789740134,-53.19104323352));
#2339 = CARTESIAN_POINT('',(-9.132959070918,-71.63262050796));
#2340 = CARTESIAN_POINT('',(-9.132959070918,-34.74946595907));
#2341 = ( GEOMETRIC_REPRESENTATION_CONTEXT(2) 
PARAMETRIC_REPRESENTATION_CONTEXT() REPRESENTATION_CONTEXT('2D SPACE',''
  ) );
#2342 = ORIENTED_EDGE('',*,*,#2343,.T.);
#2343 = EDGE_CURVE('',#2316,#2238,#2344,.T.);
#2344 = SURFACE_CURVE('',#2345,(#2349,#2356),.PCURVE_S1.);
#2345 = LINE('',#2346,#2347);
#2346 = CARTESIAN_POINT('',(-19.17326,-141.6345400132,-112.0446627675));
#2347 = VECTOR('',#2348,1.);
#2348 = DIRECTION('',(-0.910814856676,3.599306832363E-02,-0.411242988865
    ));
#2349 = PCURVE('',#1323,#2350);
#2350 = DEFINITIONAL_REPRESENTATION('',(#2351),#2355);
#2351 = LINE('',#2352,#2353);
#2352 = CARTESIAN_POINT('',(19.39534247428,8.790686641679));
#2353 = VECTOR('',#2354,1.);
#2354 = DIRECTION('',(-0.910814856676,-0.412815087973));
#2355 = ( GEOMETRIC_REPRESENTATION_CONTEXT(2) 
PARAMETRIC_REPRESENTATION_CONTEXT() REPRESENTATION_CONTEXT('2D SPACE',''
  ) );
#2356 = PCURVE('',#2357,#2362);
#2357 = PLANE('',#2358);
#2358 = AXIS2_PLACEMENT_3D('',#2359,#2360,#2361);
#2359 = CARTESIAN_POINT('',(-38.56860247428,-140.8680817044,
    -120.8018719858));
#2360 = DIRECTION('',(-0.,-0.996191759571,-8.718932367605E-02));
#2361 = DIRECTION('',(1.,-0.,0.));
#2362 = DEFINITIONAL_REPRESENTATION('',(#2363),#2367);
#2363 = LINE('',#2364,#2365);
#2364 = CARTESIAN_POINT('',(19.39534247428,8.790686641679));
#2365 = VECTOR('',#2366,1.);
#2366 = DIRECTION('',(-0.910814856676,-0.412815087973));
#2367 = ( GEOMETRIC_REPRESENTATION_CONTEXT(2) 
PARAMETRIC_REPRESENTATION_CONTEXT() REPRESENTATION_CONTEXT('2D SPACE',''
  ) );
#2368 = ORIENTED_EDGE('',*,*,#2290,.F.);
#2369 = ORIENTED_EDGE('',*,*,#1306,.F.);
#2370 = ORIENTED_EDGE('',*,*,#1538,.F.);
#2371 = ADVANCED_FACE('',(#2372),#1501,.T.);
#2372 = FACE_BOUND('',#2373,.T.);
#2373 = EDGE_LOOP('',(#2374,#2402,#2423));
#2374 = ORIENTED_EDGE('',*,*,#2375,.T.);
#2375 = EDGE_CURVE('',#1458,#2376,#2378,.T.);
#2376 = VERTEX_POINT('',#2377);
#2377 = CARTESIAN_POINT('',(-13.24870720547,-146.3693575187,
    -80.88504290245));
#2378 = SURFACE_CURVE('',#2379,(#2383,#2390),.PCURVE_S1.);
#2379 = LINE('',#2380,#2381);
#2380 = CARTESIAN_POINT('',(17.8135,-147.7040942272,-65.63485338206));
#2381 = VECTOR('',#2382,1.);
#2382 = DIRECTION('',(-0.896983796339,3.854321078962E-02,-0.440379938244
    ));
#2383 = PCURVE('',#1501,#2384);
#2384 = DEFINITIONAL_REPRESENTATION('',(#2385),#2389);
#2385 = LINE('',#2386,#2387);
#2386 = CARTESIAN_POINT('',(35.47524035161,6.903319116067));
#2387 = VECTOR('',#2388,1.);
#2388 = DIRECTION('',(-0.896983796339,-0.44206342204));
#2389 = ( GEOMETRIC_REPRESENTATION_CONTEXT(2) 
PARAMETRIC_REPRESENTATION_CONTEXT() REPRESENTATION_CONTEXT('2D SPACE',''
  ) );
#2390 = PCURVE('',#2391,#2396);
#2391 = PLANE('',#2392);
#2392 = AXIS2_PLACEMENT_3D('',#2393,#2394,#2395);
#2393 = CARTESIAN_POINT('',(-17.66174035161,-147.1021985023,
    -72.51188299917));
#2394 = DIRECTION('',(-0.,-0.996191759571,-8.718932367605E-02));
#2395 = DIRECTION('',(1.,-0.,0.));
#2396 = DEFINITIONAL_REPRESENTATION('',(#2397),#2401);
#2397 = LINE('',#2398,#2399);
#2398 = CARTESIAN_POINT('',(35.47524035161,6.903319116067));
#2399 = VECTOR('',#2400,1.);
#2400 = DIRECTION('',(-0.896983796339,-0.44206342204));
#2401 = ( GEOMETRIC_REPRESENTATION_CONTEXT(2) 
PARAMETRIC_REPRESENTATION_CONTEXT() REPRESENTATION_CONTEXT('2D SPACE',''
  ) );
#2402 = ORIENTED_EDGE('',*,*,#2403,.F.);
#2403 = EDGE_CURVE('',#1486,#2376,#2404,.T.);
#2404 = SURFACE_CURVE('',#2405,(#2409,#2416),.PCURVE_S1.);
#2405 = LINE('',#2406,#2407);
#2406 = CARTESIAN_POINT('',(-38.5686,-142.8604692166,-120.9762543538));
#2407 = VECTOR('',#2408,1.);
#2408 = DIRECTION('',(0.532523775277,-7.379835534144E-02,0.843191693219)
  );
#2409 = PCURVE('',#1501,#2410);
#2410 = DEFINITIONAL_REPRESENTATION('',(#2411),#2415);
#2411 = LINE('',#2412,#2413);
#2412 = CARTESIAN_POINT('',(-20.90685964839,-48.6496408839));
#2413 = VECTOR('',#2414,1.);
#2414 = DIRECTION('',(0.532523775277,0.846415045214));
#2415 = ( GEOMETRIC_REPRESENTATION_CONTEXT(2) 
PARAMETRIC_REPRESENTATION_CONTEXT() REPRESENTATION_CONTEXT('2D SPACE',''
  ) );
#2416 = PCURVE('',#1849,#2417);
#2417 = DEFINITIONAL_REPRESENTATION('',(#2418),#2422);
#2418 = LINE('',#2419,#2420);
#2419 = CARTESIAN_POINT('',(-12.77038370803,-41.16118806329));
#2420 = VECTOR('',#2421,1.);
#2421 = DIRECTION('',(0.532523775277,0.846415045214));
#2422 = ( GEOMETRIC_REPRESENTATION_CONTEXT(2) 
PARAMETRIC_REPRESENTATION_CONTEXT() REPRESENTATION_CONTEXT('2D SPACE',''
  ) );
#2423 = ORIENTED_EDGE('',*,*,#1485,.F.);
#2424 = ADVANCED_FACE('',(#2425),#1473,.T.);
#2425 = FACE_BOUND('',#2426,.T.);
#2426 = EDGE_LOOP('',(#2427,#2428,#2457));
#2427 = ORIENTED_EDGE('',*,*,#1457,.F.);
#2428 = ORIENTED_EDGE('',*,*,#2429,.F.);
#2429 = EDGE_CURVE('',#2430,#1429,#2432,.T.);
#2430 = VERTEX_POINT('',#2431);
#2431 = CARTESIAN_POINT('',(10.727465569439,-147.5239505339,
    -67.69308143186));
#2432 = SURFACE_CURVE('',#2433,(#2438,#2445),.PCURVE_S1.);
#2433 = CIRCLE('',#2434,21.294499207368);
#2434 = AXIS2_PLACEMENT_3D('',#2435,#2436,#2437);
#2435 = CARTESIAN_POINT('',(8.399977204031,-149.3694778139,
    -46.60677015036));
#2436 = DIRECTION('',(0.,-0.996191759571,-8.718932367605E-02));
#2437 = DIRECTION('',(1.,-0.,0.));
#2438 = PCURVE('',#1473,#2439);
#2439 = DEFINITIONAL_REPRESENTATION('',(#2440),#2444);
#2440 = CIRCLE('',#2441,21.294499207368);
#2441 = AXIS2_PLACEMENT_2D('',#2442,#2443);
#2442 = CARTESIAN_POINT('',(20.906866852411,48.649634268374));
#2443 = DIRECTION('',(1.,0.));
#2444 = ( GEOMETRIC_REPRESENTATION_CONTEXT(2) 
PARAMETRIC_REPRESENTATION_CONTEXT() REPRESENTATION_CONTEXT('2D SPACE',''
  ) );
#2445 = PCURVE('',#2446,#2451);
#2446 = PLANE('',#2447);
#2447 = AXIS2_PLACEMENT_3D('',#2448,#2449,#2450);
#2448 = CARTESIAN_POINT('',(8.399977204031,-149.3694778139,
    -46.60677015036));
#2449 = DIRECTION('',(-0.,-0.996191759571,-8.718932367605E-02));
#2450 = DIRECTION('',(1.,-0.,0.));
#2451 = DEFINITIONAL_REPRESENTATION('',(#2452),#2456);
#2452 = CIRCLE('',#2453,21.294499207368);
#2453 = AXIS2_PLACEMENT_2D('',#2454,#2455);
#2454 = CARTESIAN_POINT('',(0.,0.));
#2455 = DIRECTION('',(1.,0.));
#2456 = ( GEOMETRIC_REPRESENTATION_CONTEXT(2) 
PARAMETRIC_REPRESENTATION_CONTEXT() REPRESENTATION_CONTEXT('2D SPACE',''
  ) );
#2457 = ORIENTED_EDGE('',*,*,#2458,.T.);
#2458 = EDGE_CURVE('',#2430,#1458,#2459,.T.);
#2459 = SURFACE_CURVE('',#2460,(#2464,#2471),.PCURVE_S1.);
#2460 = LINE('',#2461,#2462);
#2461 = CARTESIAN_POINT('',(26.42396,-148.3807705682,-57.90340913603));
#2462 = VECTOR('',#2463,1.);
#2463 = DIRECTION('',(-0.847590638314,4.626707107615E-02,-0.528629802392
    ));
#2464 = PCURVE('',#1473,#2465);
#2465 = DEFINITIONAL_REPRESENTATION('',(#2466),#2470);
#2466 = LINE('',#2467,#2468);
#2467 = CARTESIAN_POINT('',(38.93084964838,37.309810883937));
#2468 = VECTOR('',#2469,1.);
#2469 = DIRECTION('',(-0.847590638314,-0.530650647642));
#2470 = ( GEOMETRIC_REPRESENTATION_CONTEXT(2) 
PARAMETRIC_REPRESENTATION_CONTEXT() REPRESENTATION_CONTEXT('2D SPACE',''
  ) );
#2471 = PCURVE('',#2391,#2472);
#2472 = DEFINITIONAL_REPRESENTATION('',(#2473),#2477);
#2473 = LINE('',#2474,#2475);
#2474 = CARTESIAN_POINT('',(44.08570035161,14.664319116063));
#2475 = VECTOR('',#2476,1.);
#2476 = DIRECTION('',(-0.847590638314,-0.530650647642));
#2477 = ( GEOMETRIC_REPRESENTATION_CONTEXT(2) 
PARAMETRIC_REPRESENTATION_CONTEXT() REPRESENTATION_CONTEXT('2D SPACE',''
  ) );
#2478 = ADVANCED_FACE('',(#2479),#1445,.T.);
#2479 = FACE_BOUND('',#2480,.T.);
#2480 = EDGE_LOOP('',(#2481,#2509,#2510,#2534));
#2481 = ORIENTED_EDGE('',*,*,#2482,.T.);
#2482 = EDGE_CURVE('',#2483,#1429,#2485,.T.);
#2483 = VERTEX_POINT('',#2484);
#2484 = CARTESIAN_POINT('',(16.920800623355,-147.8620256335,
    -63.83038972818));
#2485 = SURFACE_CURVE('',#2486,(#2490,#2497),.PCURVE_S1.);
#2486 = LINE('',#2487,#2488);
#2487 = CARTESIAN_POINT('',(-1.01354,-151.0348693821,-27.57869441197));
#2488 = VECTOR('',#2489,1.);
#2489 = DIRECTION('',(0.442063466418,7.820740864419E-02,-0.893567844594)
  );
#2490 = PCURVE('',#1445,#2491);
#2491 = DEFINITIONAL_REPRESENTATION('',(#2492),#2496);
#2492 = LINE('',#2493,#2494);
#2493 = CARTESIAN_POINT('',(-9.413517204031,19.100816615562));
#2494 = VECTOR('',#2495,1.);
#2495 = DIRECTION('',(0.442063466418,-0.896983774468));
#2496 = ( GEOMETRIC_REPRESENTATION_CONTEXT(2) 
PARAMETRIC_REPRESENTATION_CONTEXT() REPRESENTATION_CONTEXT('2D SPACE',''
  ) );
#2497 = PCURVE('',#2498,#2503);
#2498 = PLANE('',#2499);
#2499 = AXIS2_PLACEMENT_3D('',#2500,#2501,#2502);
#2500 = CARTESIAN_POINT('',(8.399977204031,-149.3694778139,
    -46.60677015036));
#2501 = DIRECTION('',(-0.,-0.996191759571,-8.718932367605E-02));
#2502 = DIRECTION('',(1.,-0.,0.));
#2503 = DEFINITIONAL_REPRESENTATION('',(#2504),#2508);
#2504 = LINE('',#2505,#2506);
#2505 = CARTESIAN_POINT('',(-9.413517204031,19.100816615562));
#2506 = VECTOR('',#2507,1.);
#2507 = DIRECTION('',(0.442063466418,-0.896983774468));
#2508 = ( GEOMETRIC_REPRESENTATION_CONTEXT(2) 
PARAMETRIC_REPRESENTATION_CONTEXT() REPRESENTATION_CONTEXT('2D SPACE',''
  ) );
#2509 = ORIENTED_EDGE('',*,*,#1428,.T.);
#2510 = ORIENTED_EDGE('',*,*,#2511,.T.);
#2511 = EDGE_CURVE('',#1408,#2512,#2514,.T.);
#2512 = VERTEX_POINT('',#2513);
#2513 = CARTESIAN_POINT('',(26.42396,-148.3807705682,-57.90340913603));
#2514 = SURFACE_CURVE('',#2515,(#2520,#2527),.PCURVE_S1.);
#2515 = CIRCLE('',#2516,21.294499207368);
#2516 = AXIS2_PLACEMENT_3D('',#2517,#2518,#2519);
#2517 = CARTESIAN_POINT('',(8.399977204031,-149.3694778139,
    -46.60677015036));
#2518 = DIRECTION('',(0.,-0.996191759571,-8.718932367605E-02));
#2519 = DIRECTION('',(1.,-0.,0.));
#2520 = PCURVE('',#1445,#2521);
#2521 = DEFINITIONAL_REPRESENTATION('',(#2522),#2526);
#2522 = CIRCLE('',#2523,21.294499207368);
#2523 = AXIS2_PLACEMENT_2D('',#2524,#2525);
#2524 = CARTESIAN_POINT('',(0.,0.));
#2525 = DIRECTION('',(1.,0.));
#2526 = ( GEOMETRIC_REPRESENTATION_CONTEXT(2) 
PARAMETRIC_REPRESENTATION_CONTEXT() REPRESENTATION_CONTEXT('2D SPACE',''
  ) );
#2527 = PCURVE('',#1577,#2528);
#2528 = DEFINITIONAL_REPRESENTATION('',(#2529),#2533);
#2529 = CIRCLE('',#2530,21.294499207368);
#2530 = AXIS2_PLACEMENT_2D('',#2531,#2532);
#2531 = CARTESIAN_POINT('',(20.906866852411,48.649634268374));
#2532 = DIRECTION('',(1.,0.));
#2533 = ( GEOMETRIC_REPRESENTATION_CONTEXT(2) 
PARAMETRIC_REPRESENTATION_CONTEXT() REPRESENTATION_CONTEXT('2D SPACE',''
  ) );
#2534 = ORIENTED_EDGE('',*,*,#2535,.T.);
#2535 = EDGE_CURVE('',#2512,#2483,#2536,.T.);
#2536 = SURFACE_CURVE('',#2537,(#2541,#2548),.PCURVE_S1.);
#2537 = LINE('',#2538,#2539);
#2538 = CARTESIAN_POINT('',(26.42396,-148.3807705682,-57.90340913603));
#2539 = VECTOR('',#2540,1.);
#2540 = DIRECTION('',(-0.847590638314,4.626707107615E-02,-0.528629802392
    ));
#2541 = PCURVE('',#1445,#2542);
#2542 = DEFINITIONAL_REPRESENTATION('',(#2543),#2547);
#2543 = LINE('',#2544,#2545);
#2544 = CARTESIAN_POINT('',(18.023982795969,-11.33982338443));
#2545 = VECTOR('',#2546,1.);
#2546 = DIRECTION('',(-0.847590638314,-0.530650647642));
#2547 = ( GEOMETRIC_REPRESENTATION_CONTEXT(2) 
PARAMETRIC_REPRESENTATION_CONTEXT() REPRESENTATION_CONTEXT('2D SPACE',''
  ) );
#2548 = PCURVE('',#2549,#2554);
#2549 = PLANE('',#2550);
#2550 = AXIS2_PLACEMENT_3D('',#2551,#2552,#2553);
#2551 = CARTESIAN_POINT('',(8.399977204031,-149.3694778139,
    -46.60677015036));
#2552 = DIRECTION('',(-0.,-0.996191759571,-8.718932367605E-02));
#2553 = DIRECTION('',(1.,-0.,0.));
#2554 = DEFINITIONAL_REPRESENTATION('',(#2555),#2559);
#2555 = LINE('',#2556,#2557);
#2556 = CARTESIAN_POINT('',(18.023982795969,-11.33982338443));
#2557 = VECTOR('',#2558,1.);
#2558 = DIRECTION('',(-0.847590638314,-0.530650647642));
#2559 = ( GEOMETRIC_REPRESENTATION_CONTEXT(2) 
PARAMETRIC_REPRESENTATION_CONTEXT() REPRESENTATION_CONTEXT('2D SPACE',''
  ) );
#2560 = ADVANCED_FACE('',(#2561),#1705,.T.);
#2561 = FACE_BOUND('',#2562,.T.);
#2562 = EDGE_LOOP('',(#2563,#2586,#2587,#2588,#2616));
#2563 = ORIENTED_EDGE('',*,*,#2564,.F.);
#2564 = EDGE_CURVE('',#1667,#2565,#2567,.T.);
#2565 = VERTEX_POINT('',#2566);
#2566 = CARTESIAN_POINT('',(-15.08431676792,-144.1225910535,
    -83.61714619433));
#2567 = SURFACE_CURVE('',#2568,(#2572,#2579),.PCURVE_S1.);
#2568 = LINE('',#2569,#2570);
#2569 = CARTESIAN_POINT('',(-20.54462,-139.879374461,-132.0985109455));
#2570 = VECTOR('',#2571,1.);
#2571 = DIRECTION('',(0.111498339761,-8.664566512267E-02,0.989980125531)
  );
#2572 = PCURVE('',#1705,#2573);
#2573 = DEFINITIONAL_REPRESENTATION('',(#2574),#2578);
#2574 = LINE('',#2575,#2576);
#2575 = CARTESIAN_POINT('',(-5.86244233783,-46.08928931743));
#2576 = VECTOR('',#2577,1.);
#2577 = DIRECTION('',(-0.111498339761,0.993764620134));
#2578 = ( GEOMETRIC_REPRESENTATION_CONTEXT(2) 
PARAMETRIC_REPRESENTATION_CONTEXT() REPRESENTATION_CONTEXT('2D SPACE',''
  ) );
#2579 = PCURVE('',#1681,#2580);
#2580 = DEFINITIONAL_REPRESENTATION('',(#2581),#2585);
#2581 = LINE('',#2582,#2583);
#2582 = CARTESIAN_POINT('',(16.783052337834,-51.24414068256));
#2583 = VECTOR('',#2584,1.);
#2584 = DIRECTION('',(-0.111498339761,0.993764620134));
#2585 = ( GEOMETRIC_REPRESENTATION_CONTEXT(2) 
PARAMETRIC_REPRESENTATION_CONTEXT() REPRESENTATION_CONTEXT('2D SPACE',''
  ) );
#2586 = ORIENTED_EDGE('',*,*,#1692,.F.);
#2587 = ORIENTED_EDGE('',*,*,#2315,.T.);
#2588 = ORIENTED_EDGE('',*,*,#2589,.F.);
#2589 = EDGE_CURVE('',#2590,#2316,#2592,.T.);
#2590 = VERTEX_POINT('',#2591);
#2591 = CARTESIAN_POINT('',(-24.97891269701,-142.7513754567,
    -99.28412949628));
#2592 = SURFACE_CURVE('',#2593,(#2597,#2604),.PCURVE_S1.);
#2593 = LINE('',#2594,#2595);
#2594 = CARTESIAN_POINT('',(-38.25535,-145.3053683526,-70.10318658252));
#2595 = VECTOR('',#2596,1.);
#2596 = DIRECTION('',(0.412814864713,7.941334017031E-02,-0.90734635552)
  );
#2597 = PCURVE('',#1705,#2598);
#2598 = DEFINITIONAL_REPRESENTATION('',(#2599),#2603);
#2599 = LINE('',#2600,#2601);
#2600 = CARTESIAN_POINT('',(11.84828766217,16.143030682564));
#2601 = VECTOR('',#2602,1.);
#2602 = DIRECTION('',(-0.412814864713,-0.910814957866));
#2603 = ( GEOMETRIC_REPRESENTATION_CONTEXT(2) 
PARAMETRIC_REPRESENTATION_CONTEXT() REPRESENTATION_CONTEXT('2D SPACE',''
  ) );
#2604 = PCURVE('',#2605,#2610);
#2605 = PLANE('',#2606);
#2606 = AXIS2_PLACEMENT_3D('',#2607,#2608,#2609);
#2607 = CARTESIAN_POINT('',(-39.51921649559,-142.4216997897,
    -103.0508771783));
#2608 = DIRECTION('',(-0.,0.996191759571,8.718932367605E-02));
#2609 = DIRECTION('',(-1.,0.,-0.));
#2610 = DEFINITIONAL_REPRESENTATION('',(#2611),#2615);
#2611 = LINE('',#2612,#2613);
#2612 = CARTESIAN_POINT('',(-1.26386649559,33.073642980112));
#2613 = VECTOR('',#2614,1.);
#2614 = DIRECTION('',(-0.412814864713,-0.910814957866));
#2615 = ( GEOMETRIC_REPRESENTATION_CONTEXT(2) 
PARAMETRIC_REPRESENTATION_CONTEXT() REPRESENTATION_CONTEXT('2D SPACE',''
  ) );
#2616 = ORIENTED_EDGE('',*,*,#2617,.F.);
#2617 = EDGE_CURVE('',#2565,#2590,#2618,.T.);
#2618 = SURFACE_CURVE('',#2619,(#2623,#2630),.PCURVE_S1.);
#2619 = LINE('',#2620,#2621);
#2620 = CARTESIAN_POINT('',(8.39998,-147.3770982855,-46.43239524966));
#2621 = VECTOR('',#2622,1.);
#2622 = DIRECTION('',(-0.532523775277,7.379835534144E-02,-0.843191693219
    ));
#2623 = PCURVE('',#1705,#2624);
#2624 = DEFINITIONAL_REPRESENTATION('',(#2625),#2629);
#2625 = LINE('',#2626,#2627);
#2626 = CARTESIAN_POINT('',(-34.80704233783,39.90431068257));
#2627 = VECTOR('',#2628,1.);
#2628 = DIRECTION('',(0.532523775277,-0.846415045214));
#2629 = ( GEOMETRIC_REPRESENTATION_CONTEXT(2) 
PARAMETRIC_REPRESENTATION_CONTEXT() REPRESENTATION_CONTEXT('2D SPACE',''
  ) );
#2630 = PCURVE('',#2631,#2636);
#2631 = PLANE('',#2632);
#2632 = AXIS2_PLACEMENT_3D('',#2633,#2634,#2635);
#2633 = CARTESIAN_POINT('',(-25.79821629197,-144.4569018464,
    -79.79743934365));
#2634 = DIRECTION('',(-0.,0.996191759571,8.718932367605E-02));
#2635 = DIRECTION('',(-1.,0.,-0.));
#2636 = DEFINITIONAL_REPRESENTATION('',(#2637),#2641);
#2637 = LINE('',#2638,#2639);
#2638 = CARTESIAN_POINT('',(-34.19819629197,33.492591936678));
#2639 = VECTOR('',#2640,1.);
#2640 = DIRECTION('',(0.532523775277,-0.846415045214));
#2641 = ( GEOMETRIC_REPRESENTATION_CONTEXT(2) 
PARAMETRIC_REPRESENTATION_CONTEXT() REPRESENTATION_CONTEXT('2D SPACE',''
  ) );
#2642 = ADVANCED_FACE('',(#2643),#1681,.T.);
#2643 = FACE_BOUND('',#2644,.T.);
#2644 = EDGE_LOOP('',(#2645,#2675,#2706,#2707,#2708));
#2645 = ORIENTED_EDGE('',*,*,#2646,.F.);
#2646 = EDGE_CURVE('',#2647,#2649,#2651,.T.);
#2647 = VERTEX_POINT('',#2648);
#2648 = CARTESIAN_POINT('',(17.8135,-145.711710708,-65.46047473471));
#2649 = VERTEX_POINT('',#2650);
#2650 = CARTESIAN_POINT('',(-13.24870720547,-144.3769739995,
    -80.7106642551));
#2651 = SURFACE_CURVE('',#2652,(#2656,#2663),.PCURVE_S1.);
#2652 = LINE('',#2653,#2654);
#2653 = CARTESIAN_POINT('',(17.8135,-145.711710708,-65.46047473471));
#2654 = VECTOR('',#2655,1.);
#2655 = DIRECTION('',(-0.896983796339,3.854321078962E-02,-0.440379938244
    ));
#2656 = PCURVE('',#1681,#2657);
#2657 = DEFINITIONAL_REPRESENTATION('',(#2658),#2662);
#2658 = LINE('',#2659,#2660);
#2659 = CARTESIAN_POINT('',(-21.57506766216,15.648639317436));
#2660 = VECTOR('',#2661,1.);
#2661 = DIRECTION('',(0.896983796339,-0.44206342204));
#2662 = ( GEOMETRIC_REPRESENTATION_CONTEXT(2) 
PARAMETRIC_REPRESENTATION_CONTEXT() REPRESENTATION_CONTEXT('2D SPACE',''
  ) );
#2663 = PCURVE('',#2664,#2669);
#2664 = PLANE('',#2665);
#2665 = AXIS2_PLACEMENT_3D('',#2666,#2667,#2668);
#2666 = CARTESIAN_POINT('',(-3.761567662166,-144.3473164295,
    -81.04952027124));
#2667 = DIRECTION('',(-0.,0.996191759571,8.718932367605E-02));
#2668 = DIRECTION('',(-1.,0.,-0.));
#2669 = DEFINITIONAL_REPRESENTATION('',(#2670),#2674);
#2670 = LINE('',#2671,#2672);
#2671 = CARTESIAN_POINT('',(-21.57506766216,15.648639317436));
#2672 = VECTOR('',#2673,1.);
#2673 = DIRECTION('',(0.896983796339,-0.44206342204));
#2674 = ( GEOMETRIC_REPRESENTATION_CONTEXT(2) 
PARAMETRIC_REPRESENTATION_CONTEXT() REPRESENTATION_CONTEXT('2D SPACE',''
  ) );
#2675 = ORIENTED_EDGE('',*,*,#2676,.T.);
#2676 = EDGE_CURVE('',#2647,#1641,#2677,.T.);
#2677 = SURFACE_CURVE('',#2678,(#2683,#2694),.PCURVE_S1.);
#2678 = CIRCLE('',#2679,21.294499207368);
#2679 = AXIS2_PLACEMENT_3D('',#2680,#2681,#2682);
#2680 = CARTESIAN_POINT('',(8.399977204031,-147.3770942948,
    -46.43239150301));
#2681 = DIRECTION('',(0.,-0.996191759571,-8.718932367605E-02));
#2682 = DIRECTION('',(1.,-0.,0.));
#2683 = PCURVE('',#1681,#2684);
#2684 = DEFINITIONAL_REPRESENTATION('',(#2685),#2693);
#2685 = ( BOUNDED_CURVE() B_SPLINE_CURVE(2,(#2686,#2687,#2688,#2689,
#2690,#2691,#2692),.UNSPECIFIED.,.T.,.F.) B_SPLINE_CURVE_WITH_KNOTS((1,2
    ,2,2,2,1),(-2.094395102393,0.,2.094395102393,4.188790204786,
6.28318530718,8.377580409573),.UNSPECIFIED.) CURVE() 
GEOMETRIC_REPRESENTATION_ITEM() RATIONAL_B_SPLINE_CURVE((1.,0.5,1.,0.5,
1.,0.5,1.)) REPRESENTATION_ITEM('') );
#2686 = CARTESIAN_POINT('',(-33.45604407356,34.749462701879));
#2687 = CARTESIAN_POINT('',(-33.45604407356,71.632617250775));
#2688 = CARTESIAN_POINT('',(-1.514295262513,53.191039976327));
#2689 = CARTESIAN_POINT('',(30.427453548539,34.749462701879));
#2690 = CARTESIAN_POINT('',(-1.514295262513,16.30788542743));
#2691 = CARTESIAN_POINT('',(-33.45604407356,-2.133691847018));
#2692 = CARTESIAN_POINT('',(-33.45604407356,34.749462701879));
#2693 = ( GEOMETRIC_REPRESENTATION_CONTEXT(2) 
PARAMETRIC_REPRESENTATION_CONTEXT() REPRESENTATION_CONTEXT('2D SPACE',''
  ) );
#2694 = PCURVE('',#2695,#2700);
#2695 = PLANE('',#2696);
#2696 = AXIS2_PLACEMENT_3D('',#2697,#2698,#2699);
#2697 = CARTESIAN_POINT('',(8.399977204031,-147.3770942948,
    -46.43239150301));
#2698 = DIRECTION('',(-0.,-0.996191759571,-8.718932367605E-02));
#2699 = DIRECTION('',(1.,-0.,0.));
#2700 = DEFINITIONAL_REPRESENTATION('',(#2701),#2705);
#2701 = CIRCLE('',#2702,21.294499207368);
#2702 = AXIS2_PLACEMENT_2D('',#2703,#2704);
#2703 = CARTESIAN_POINT('',(0.,0.));
#2704 = DIRECTION('',(1.,0.));
#2705 = ( GEOMETRIC_REPRESENTATION_CONTEXT(2) 
PARAMETRIC_REPRESENTATION_CONTEXT() REPRESENTATION_CONTEXT('2D SPACE',''
  ) );
#2706 = ORIENTED_EDGE('',*,*,#1666,.F.);
#2707 = ORIENTED_EDGE('',*,*,#2564,.T.);
#2708 = ORIENTED_EDGE('',*,*,#2709,.F.);
#2709 = EDGE_CURVE('',#2649,#2565,#2710,.T.);
#2710 = SURFACE_CURVE('',#2711,(#2715,#2722),.PCURVE_S1.);
#2711 = LINE('',#2712,#2713);
#2712 = CARTESIAN_POINT('',(8.39998,-147.3770982855,-46.43239524966));
#2713 = VECTOR('',#2714,1.);
#2714 = DIRECTION('',(-0.532523775277,7.379835534144E-02,-0.843191693219
    ));
#2715 = PCURVE('',#1681,#2716);
#2716 = DEFINITIONAL_REPRESENTATION('',(#2717),#2721);
#2717 = LINE('',#2718,#2719);
#2718 = CARTESIAN_POINT('',(-12.16154766216,34.749459317443));
#2719 = VECTOR('',#2720,1.);
#2720 = DIRECTION('',(0.532523775277,-0.846415045214));
#2721 = ( GEOMETRIC_REPRESENTATION_CONTEXT(2) 
PARAMETRIC_REPRESENTATION_CONTEXT() REPRESENTATION_CONTEXT('2D SPACE',''
  ) );
#2722 = PCURVE('',#2723,#2728);
#2723 = PLANE('',#2724);
#2724 = AXIS2_PLACEMENT_3D('',#2725,#2726,#2727);
#2725 = CARTESIAN_POINT('',(-25.79821629197,-144.4569018464,
    -79.79743934365));
#2726 = DIRECTION('',(-0.,0.996191759571,8.718932367605E-02));
#2727 = DIRECTION('',(-1.,0.,-0.));
#2728 = DEFINITIONAL_REPRESENTATION('',(#2729),#2733);
#2729 = LINE('',#2730,#2731);
#2730 = CARTESIAN_POINT('',(-34.19819629197,33.492591936678));
#2731 = VECTOR('',#2732,1.);
#2732 = DIRECTION('',(0.532523775277,-0.846415045214));
#2733 = ( GEOMETRIC_REPRESENTATION_CONTEXT(2) 
PARAMETRIC_REPRESENTATION_CONTEXT() REPRESENTATION_CONTEXT('2D SPACE',''
  ) );
#2734 = ADVANCED_FACE('',(#2735),#1655,.T.);
#2735 = FACE_BOUND('',#2736,.T.);
#2736 = EDGE_LOOP('',(#2737,#2738,#2766));
#2737 = ORIENTED_EDGE('',*,*,#1640,.F.);
#2738 = ORIENTED_EDGE('',*,*,#2739,.T.);
#2739 = EDGE_CURVE('',#1641,#2740,#2742,.T.);
#2740 = VERTEX_POINT('',#2741);
#2741 = CARTESIAN_POINT('',(26.42396,-146.3883870491,-57.72903048868));
#2742 = SURFACE_CURVE('',#2743,(#2748,#2759),.PCURVE_S1.);
#2743 = CIRCLE('',#2744,21.294499207368);
#2744 = AXIS2_PLACEMENT_3D('',#2745,#2746,#2747);
#2745 = CARTESIAN_POINT('',(8.399977204031,-147.3770942948,
    -46.43239150301));
#2746 = DIRECTION('',(0.,-0.996191759571,-8.718932367605E-02));
#2747 = DIRECTION('',(1.,-0.,0.));
#2748 = PCURVE('',#1655,#2749);
#2749 = DEFINITIONAL_REPRESENTATION('',(#2750),#2758);
#2750 = ( BOUNDED_CURVE() B_SPLINE_CURVE(2,(#2751,#2752,#2753,#2754,
#2755,#2756,#2757),.UNSPECIFIED.,.T.,.F.) B_SPLINE_CURVE_WITH_KNOTS((1,2
    ,2,2,2,1),(-2.094395102393,0.,2.094395102393,4.188790204786,
6.28318530718,8.377580409573),.UNSPECIFIED.) CURVE() 
GEOMETRIC_REPRESENTATION_ITEM() RATIONAL_B_SPLINE_CURVE((1.,0.5,1.,0.5,
1.,0.5,1.)) REPRESENTATION_ITEM('') );
#2751 = CARTESIAN_POINT('',(-33.45604407356,34.749462701879));
#2752 = CARTESIAN_POINT('',(-33.45604407356,71.632617250775));
#2753 = CARTESIAN_POINT('',(-1.514295262513,53.191039976327));
#2754 = CARTESIAN_POINT('',(30.427453548539,34.749462701879));
#2755 = CARTESIAN_POINT('',(-1.514295262513,16.30788542743));
#2756 = CARTESIAN_POINT('',(-33.45604407356,-2.133691847018));
#2757 = CARTESIAN_POINT('',(-33.45604407356,34.749462701879));
#2758 = ( GEOMETRIC_REPRESENTATION_CONTEXT(2) 
PARAMETRIC_REPRESENTATION_CONTEXT() REPRESENTATION_CONTEXT('2D SPACE',''
  ) );
#2759 = PCURVE('',#2695,#2760);
#2760 = DEFINITIONAL_REPRESENTATION('',(#2761),#2765);
#2761 = CIRCLE('',#2762,21.294499207368);
#2762 = AXIS2_PLACEMENT_2D('',#2763,#2764);
#2763 = CARTESIAN_POINT('',(0.,0.));
#2764 = DIRECTION('',(1.,0.));
#2765 = ( GEOMETRIC_REPRESENTATION_CONTEXT(2) 
PARAMETRIC_REPRESENTATION_CONTEXT() REPRESENTATION_CONTEXT('2D SPACE',''
  ) );
#2766 = ORIENTED_EDGE('',*,*,#2767,.T.);
#2767 = EDGE_CURVE('',#2740,#1615,#2768,.T.);
#2768 = SURFACE_CURVE('',#2769,(#2773,#2780),.PCURVE_S1.);
#2769 = LINE('',#2770,#2771);
#2770 = CARTESIAN_POINT('',(26.42396,-146.3883870491,-57.72903048868));
#2771 = VECTOR('',#2772,1.);
#2772 = DIRECTION('',(-0.532523775277,7.379835534144E-02,-0.843191693219
    ));
#2773 = PCURVE('',#1655,#2774);
#2774 = DEFINITIONAL_REPRESENTATION('',(#2775),#2779);
#2775 = LINE('',#2776,#2777);
#2776 = CARTESIAN_POINT('',(-30.18552766216,23.409639317441));
#2777 = VECTOR('',#2778,1.);
#2778 = DIRECTION('',(0.532523775277,-0.846415045214));
#2779 = ( GEOMETRIC_REPRESENTATION_CONTEXT(2) 
PARAMETRIC_REPRESENTATION_CONTEXT() REPRESENTATION_CONTEXT('2D SPACE',''
  ) );
#2780 = PCURVE('',#1629,#2781);
#2781 = DEFINITIONAL_REPRESENTATION('',(#2782),#2786);
#2782 = LINE('',#2783,#2784);
#2783 = CARTESIAN_POINT('',(43.605652265308,-0.505668207681));
#2784 = VECTOR('',#2785,1.);
#2785 = DIRECTION('',(-1.,-1.991462550421E-14));
#2786 = ( GEOMETRIC_REPRESENTATION_CONTEXT(2) 
PARAMETRIC_REPRESENTATION_CONTEXT() REPRESENTATION_CONTEXT('2D SPACE',''
  ) );
#2787 = ADVANCED_FACE('',(#2788),#1629,.T.);
#2788 = FACE_BOUND('',#2789,.T.);
#2789 = EDGE_LOOP('',(#2790,#2815,#2836,#2837));
#2790 = ORIENTED_EDGE('',*,*,#2791,.T.);
#2791 = EDGE_CURVE('',#2740,#2512,#2792,.T.);
#2792 = SURFACE_CURVE('',#2793,(#2797,#2804),.PCURVE_S1.);
#2793 = LINE('',#2794,#2795);
#2794 = CARTESIAN_POINT('',(26.42396,-146.3883870491,-57.72903048868));
#2795 = VECTOR('',#2796,1.);
#2796 = DIRECTION('',(-0.,-0.996191759571,-8.718932367605E-02));
#2797 = PCURVE('',#1629,#2798);
#2798 = DEFINITIONAL_REPRESENTATION('',(#2799),#2803);
#2799 = LINE('',#2800,#2801);
#2800 = CARTESIAN_POINT('',(43.605652265308,-0.505668207681));
#2801 = VECTOR('',#2802,1.);
#2802 = DIRECTION('',(-2.138567101184E-14,1.));
#2803 = ( GEOMETRIC_REPRESENTATION_CONTEXT(2) 
PARAMETRIC_REPRESENTATION_CONTEXT() REPRESENTATION_CONTEXT('2D SPACE',''
  ) );
#2804 = PCURVE('',#2805,#2810);
#2805 = CYLINDRICAL_SURFACE('',#2806,21.294499207368);
#2806 = AXIS2_PLACEMENT_3D('',#2807,#2808,#2809);
#2807 = CARTESIAN_POINT('',(8.399977204031,-147.3770942948,
    -46.43239150301));
#2808 = DIRECTION('',(-0.,-0.996191759571,-8.718932367605E-02));
#2809 = DIRECTION('',(1.,-0.,0.));
#2810 = DEFINITIONAL_REPRESENTATION('',(#2811),#2814);
#2811 = B_SPLINE_CURVE_WITH_KNOTS('',1,(#2812,#2813),.UNSPECIFIED.,.F.,
  .F.,(2,2),(0.,2.),.PIECEWISE_BEZIER_KNOTS.);
#2812 = CARTESIAN_POINT('',(5.72160591117,4.302194014372E-06));
#2813 = CARTESIAN_POINT('',(5.72160591117,2.000004302194));
#2814 = ( GEOMETRIC_REPRESENTATION_CONTEXT(2) 
PARAMETRIC_REPRESENTATION_CONTEXT() REPRESENTATION_CONTEXT('2D SPACE',''
  ) );
#2815 = ORIENTED_EDGE('',*,*,#2816,.T.);
#2816 = EDGE_CURVE('',#2512,#1589,#2817,.T.);
#2817 = SURFACE_CURVE('',#2818,(#2822,#2829),.PCURVE_S1.);
#2818 = LINE('',#2819,#2820);
#2819 = CARTESIAN_POINT('',(26.42396,-148.3807705682,-57.90340913603));
#2820 = VECTOR('',#2821,1.);
#2821 = DIRECTION('',(-0.532386919007,9.636297458379E-02,-0.840998421877
    ));
#2822 = PCURVE('',#1629,#2823);
#2823 = DEFINITIONAL_REPRESENTATION('',(#2824),#2828);
#2824 = LINE('',#2825,#2826);
#2825 = CARTESIAN_POINT('',(43.605652265307,1.494331792277));
#2826 = VECTOR('',#2827,1.);
#2827 = DIRECTION('',(-0.999743004395,-2.266991759205E-02));
#2828 = ( GEOMETRIC_REPRESENTATION_CONTEXT(2) 
PARAMETRIC_REPRESENTATION_CONTEXT() REPRESENTATION_CONTEXT('2D SPACE',''
  ) );
#2829 = PCURVE('',#1603,#2830);
#2830 = DEFINITIONAL_REPRESENTATION('',(#2831),#2835);
#2831 = LINE('',#2832,#2833);
#2832 = CARTESIAN_POINT('',(44.594315849798,0.505668207722));
#2833 = VECTOR('',#2834,1.);
#2834 = DIRECTION('',(-0.999743004395,-2.266991759205E-02));
#2835 = ( GEOMETRIC_REPRESENTATION_CONTEXT(2) 
PARAMETRIC_REPRESENTATION_CONTEXT() REPRESENTATION_CONTEXT('2D SPACE',''
  ) );
#2836 = ORIENTED_EDGE('',*,*,#1614,.F.);
#2837 = ORIENTED_EDGE('',*,*,#2767,.F.);
#2838 = ADVANCED_FACE('',(#2839),#1603,.T.);
#2839 = FACE_BOUND('',#2840,.T.);
#2840 = EDGE_LOOP('',(#2841,#2842,#2863));
#2841 = ORIENTED_EDGE('',*,*,#2816,.F.);
#2842 = ORIENTED_EDGE('',*,*,#2843,.T.);
#2843 = EDGE_CURVE('',#2512,#1563,#2844,.T.);
#2844 = SURFACE_CURVE('',#2845,(#2849,#2856),.PCURVE_S1.);
#2845 = LINE('',#2846,#2847);
#2846 = CARTESIAN_POINT('',(26.42396,-148.3807705682,-57.90340913603));
#2847 = VECTOR('',#2848,1.);
#2848 = DIRECTION('',(-0.532523775277,7.379835534144E-02,-0.843191693219
    ));
#2849 = PCURVE('',#1603,#2850);
#2850 = DEFINITIONAL_REPRESENTATION('',(#2851),#2855);
#2851 = LINE('',#2852,#2853);
#2852 = CARTESIAN_POINT('',(44.594315849798,0.505668207722));
#2853 = VECTOR('',#2854,1.);
#2854 = DIRECTION('',(-1.,-1.991462550421E-14));
#2855 = ( GEOMETRIC_REPRESENTATION_CONTEXT(2) 
PARAMETRIC_REPRESENTATION_CONTEXT() REPRESENTATION_CONTEXT('2D SPACE',''
  ) );
#2856 = PCURVE('',#1577,#2857);
#2857 = DEFINITIONAL_REPRESENTATION('',(#2858),#2862);
#2858 = LINE('',#2859,#2860);
#2859 = CARTESIAN_POINT('',(38.93084964838,37.309810883937));
#2860 = VECTOR('',#2861,1.);
#2861 = DIRECTION('',(-0.532523775277,-0.846415045214));
#2862 = ( GEOMETRIC_REPRESENTATION_CONTEXT(2) 
PARAMETRIC_REPRESENTATION_CONTEXT() REPRESENTATION_CONTEXT('2D SPACE',''
  ) );
#2863 = ORIENTED_EDGE('',*,*,#1588,.F.);
#2864 = ADVANCED_FACE('',(#2865),#1577,.T.);
#2865 = FACE_BOUND('',#2866,.T.);
#2866 = EDGE_LOOP('',(#2867,#2868,#2869));
#2867 = ORIENTED_EDGE('',*,*,#1562,.F.);
#2868 = ORIENTED_EDGE('',*,*,#2843,.F.);
#2869 = ORIENTED_EDGE('',*,*,#2511,.F.);
#2870 = ADVANCED_FACE('',(#2871),#1736,.F.);
#2871 = FACE_BOUND('',#2872,.F.);
#2872 = EDGE_LOOP('',(#2873,#2896,#2897,#2898,#2927,#2955));
#2873 = ORIENTED_EDGE('',*,*,#2874,.T.);
#2874 = EDGE_CURVE('',#2875,#1720,#2877,.T.);
#2875 = VERTEX_POINT('',#2876);
#2876 = CARTESIAN_POINT('',(-36.975,-141.2220429634,-116.7576957916));
#2877 = SEAM_CURVE('',#2878,(#2882,#2889),.PCURVE_S1.);
#2878 = LINE('',#2879,#2880);
#2879 = CARTESIAN_POINT('',(-36.975,-141.21207676,-116.7568235233));
#2880 = VECTOR('',#2881,1.);
#2881 = DIRECTION('',(-0.,-0.996191759571,-8.718932367606E-02));
#2882 = PCURVE('',#1736,#2883);
#2883 = DEFINITIONAL_REPRESENTATION('',(#2884),#2888);
#2884 = LINE('',#2885,#2886);
#2885 = CARTESIAN_POINT('',(6.28318530718,0.));
#2886 = VECTOR('',#2887,1.);
#2887 = DIRECTION('',(0.,1.));
#2888 = ( GEOMETRIC_REPRESENTATION_CONTEXT(2) 
PARAMETRIC_REPRESENTATION_CONTEXT() REPRESENTATION_CONTEXT('2D SPACE',''
  ) );
#2889 = PCURVE('',#1736,#2890);
#2890 = DEFINITIONAL_REPRESENTATION('',(#2891),#2895);
#2891 = LINE('',#2892,#2893);
#2892 = CARTESIAN_POINT('',(4.138911435803E-13,0.));
#2893 = VECTOR('',#2894,1.);
#2894 = DIRECTION('',(0.,1.));
#2895 = ( GEOMETRIC_REPRESENTATION_CONTEXT(2) 
PARAMETRIC_REPRESENTATION_CONTEXT() REPRESENTATION_CONTEXT('2D SPACE',''
  ) );
#2896 = ORIENTED_EDGE('',*,*,#1719,.F.);
#2897 = ORIENTED_EDGE('',*,*,#2874,.F.);
#2898 = ORIENTED_EDGE('',*,*,#2899,.F.);
#2899 = EDGE_CURVE('',#2900,#2875,#2902,.T.);
#2900 = VERTEX_POINT('',#2901);
#2901 = CARTESIAN_POINT('',(-40.81530530267,-141.3002849572,
    -115.8637327899));
#2902 = SURFACE_CURVE('',#2903,(#2908,#2915),.PCURVE_S1.);
#2903 = CIRCLE('',#2904,2.025);
#2904 = AXIS2_PLACEMENT_3D('',#2905,#2906,#2907);
#2905 = CARTESIAN_POINT('',(-39.,-141.2220429634,-116.7576957916));
#2906 = DIRECTION('',(0.,0.996191759571,8.718932367606E-02));
#2907 = DIRECTION('',(1.,0.,-0.));
#2908 = PCURVE('',#1736,#2909);
#2909 = DEFINITIONAL_REPRESENTATION('',(#2910),#2914);
#2910 = LINE('',#2911,#2912);
#2911 = CARTESIAN_POINT('',(6.28318530718,1.000430217181E-02));
#2912 = VECTOR('',#2913,1.);
#2913 = DIRECTION('',(-1.,0.));
#2914 = ( GEOMETRIC_REPRESENTATION_CONTEXT(2) 
PARAMETRIC_REPRESENTATION_CONTEXT() REPRESENTATION_CONTEXT('2D SPACE',''
  ) );
#2915 = PCURVE('',#2916,#2921);
#2916 = PLANE('',#2917);
#2917 = AXIS2_PLACEMENT_3D('',#2918,#2919,#2920);
#2918 = CARTESIAN_POINT('',(-25.79821629197,-144.4569018464,
    -79.79743934365));
#2919 = DIRECTION('',(-0.,0.996191759571,8.718932367605E-02));
#2920 = DIRECTION('',(-1.,0.,-0.));
#2921 = DEFINITIONAL_REPRESENTATION('',(#2922),#2926);
#2922 = CIRCLE('',#2923,2.025);
#2923 = AXIS2_PLACEMENT_2D('',#2924,#2925);
#2924 = CARTESIAN_POINT('',(13.20178370803,-37.10154806327));
#2925 = DIRECTION('',(-1.,-0.));
#2926 = ( GEOMETRIC_REPRESENTATION_CONTEXT(2) 
PARAMETRIC_REPRESENTATION_CONTEXT() REPRESENTATION_CONTEXT('2D SPACE',''
  ) );
#2927 = ORIENTED_EDGE('',*,*,#2928,.F.);
#2928 = EDGE_CURVE('',#2929,#2900,#2931,.T.);
#2929 = VERTEX_POINT('',#2930);
#2930 = CARTESIAN_POINT('',(-39.52176356635,-141.0514460105,
    -118.7068711199));
#2931 = SURFACE_CURVE('',#2932,(#2937,#2944),.PCURVE_S1.);
#2932 = CIRCLE('',#2933,2.025);
#2933 = AXIS2_PLACEMENT_3D('',#2934,#2935,#2936);
#2934 = CARTESIAN_POINT('',(-39.,-141.2220386775,-116.7576954165));
#2935 = DIRECTION('',(0.,0.996191759571,8.718932367606E-02));
#2936 = DIRECTION('',(1.,0.,-0.));
#2937 = PCURVE('',#1736,#2938);
#2938 = DEFINITIONAL_REPRESENTATION('',(#2939),#2943);
#2939 = LINE('',#2940,#2941);
#2940 = CARTESIAN_POINT('',(6.28318530718,9.999999918983E-03));
#2941 = VECTOR('',#2942,1.);
#2942 = DIRECTION('',(-1.,0.));
#2943 = ( GEOMETRIC_REPRESENTATION_CONTEXT(2) 
PARAMETRIC_REPRESENTATION_CONTEXT() REPRESENTATION_CONTEXT('2D SPACE',''
  ) );
#2944 = PCURVE('',#2274,#2945);
#2945 = DEFINITIONAL_REPRESENTATION('',(#2946),#2954);
#2946 = ( BOUNDED_CURVE() B_SPLINE_CURVE(2,(#2947,#2948,#2949,#2950,
#2951,#2952,#2953),.UNSPECIFIED.,.T.,.F.) B_SPLINE_CURVE_WITH_KNOTS((1,2
    ,2,2,2,1),(-2.094395102393,0.,2.094395102393,4.188790204786,
6.28318530718,8.377580409573),.UNSPECIFIED.) CURVE() 
GEOMETRIC_REPRESENTATION_ITEM() RATIONAL_B_SPLINE_CURVE((1.,0.5,1.,0.5,
1.,0.5,1.)) REPRESENTATION_ITEM('') );
#2947 = CARTESIAN_POINT('',(1.59360247428,4.059636641681));
#2948 = CARTESIAN_POINT('',(1.59360247428,0.552233756354));
#2949 = CARTESIAN_POINT('',(-1.44389752572,2.305935199018));
#2950 = CARTESIAN_POINT('',(-4.48139752572,4.059636641681));
#2951 = CARTESIAN_POINT('',(-1.44389752572,5.813338084345));
#2952 = CARTESIAN_POINT('',(1.59360247428,7.567039527008));
#2953 = CARTESIAN_POINT('',(1.59360247428,4.059636641681));
#2954 = ( GEOMETRIC_REPRESENTATION_CONTEXT(2) 
PARAMETRIC_REPRESENTATION_CONTEXT() REPRESENTATION_CONTEXT('2D SPACE',''
  ) );
#2955 = ORIENTED_EDGE('',*,*,#2956,.F.);
#2956 = EDGE_CURVE('',#2875,#2929,#2957,.T.);
#2957 = SURFACE_CURVE('',#2958,(#2963,#2970),.PCURVE_S1.);
#2958 = CIRCLE('',#2959,2.025);
#2959 = AXIS2_PLACEMENT_3D('',#2960,#2961,#2962);
#2960 = CARTESIAN_POINT('',(-39.,-141.2220429634,-116.7576957916));
#2961 = DIRECTION('',(0.,0.996191759571,8.718932367606E-02));
#2962 = DIRECTION('',(1.,0.,-0.));
#2963 = PCURVE('',#1736,#2964);
#2964 = DEFINITIONAL_REPRESENTATION('',(#2965),#2969);
#2965 = LINE('',#2966,#2967);
#2966 = CARTESIAN_POINT('',(6.28318530718,1.000430217181E-02));
#2967 = VECTOR('',#2968,1.);
#2968 = DIRECTION('',(-1.,0.));
#2969 = ( GEOMETRIC_REPRESENTATION_CONTEXT(2) 
PARAMETRIC_REPRESENTATION_CONTEXT() REPRESENTATION_CONTEXT('2D SPACE',''
  ) );
#2970 = PCURVE('',#2916,#2971);
#2971 = DEFINITIONAL_REPRESENTATION('',(#2972),#2976);
#2972 = CIRCLE('',#2973,2.025);
#2973 = AXIS2_PLACEMENT_2D('',#2974,#2975);
#2974 = CARTESIAN_POINT('',(13.20178370803,-37.10154806327));
#2975 = DIRECTION('',(-1.,-0.));
#2976 = ( GEOMETRIC_REPRESENTATION_CONTEXT(2) 
PARAMETRIC_REPRESENTATION_CONTEXT() REPRESENTATION_CONTEXT('2D SPACE',''
  ) );
#2977 = ADVANCED_FACE('',(#2978),#1772,.T.);
#2978 = FACE_BOUND('',#2979,.T.);
#2979 = EDGE_LOOP('',(#2980,#3011,#3037,#3038,#3066,#3094));
#2980 = ORIENTED_EDGE('',*,*,#2981,.F.);
#2981 = EDGE_CURVE('',#2982,#2984,#2986,.T.);
#2982 = VERTEX_POINT('',#2983);
#2983 = CARTESIAN_POINT('',(-47.30428194263,-144.9085256491,
    -97.57592268087));
#2984 = VERTEX_POINT('',#2985);
#2985 = CARTESIAN_POINT('',(-36.35619920964,-146.531293116,
    -79.03477955592));
#2986 = SURFACE_CURVE('',#2987,(#2992,#2999),.PCURVE_S1.);
#2987 = CIRCLE('',#2988,21.294499207368);
#2988 = AXIS2_PLACEMENT_3D('',#2989,#2990,#2991);
#2989 = CARTESIAN_POINT('',(-57.65069841701,-146.531293116,
    -79.03477955592));
#2990 = DIRECTION('',(0.,-0.996191759571,-8.718932367605E-02));
#2991 = DIRECTION('',(1.,-0.,0.));
#2992 = PCURVE('',#1772,#2993);
#2993 = DEFINITIONAL_REPRESENTATION('',(#2994),#2998);
#2994 = CIRCLE('',#2995,21.294499207368);
#2995 = AXIS2_PLACEMENT_2D('',#2996,#2997);
#2996 = CARTESIAN_POINT('',(-31.85248212504,0.94062016773));
#2997 = DIRECTION('',(1.,0.));
#2998 = ( GEOMETRIC_REPRESENTATION_CONTEXT(2) 
PARAMETRIC_REPRESENTATION_CONTEXT() REPRESENTATION_CONTEXT('2D SPACE',''
  ) );
#2999 = PCURVE('',#3000,#3005);
#3000 = PLANE('',#3001);
#3001 = AXIS2_PLACEMENT_3D('',#3002,#3003,#3004);
#3002 = CARTESIAN_POINT('',(-25.79821629197,-146.4492853655,
    -79.971817991));
#3003 = DIRECTION('',(-0.,-0.996191759571,-8.718932367605E-02));
#3004 = DIRECTION('',(1.,-0.,0.));
#3005 = DEFINITIONAL_REPRESENTATION('',(#3006),#3010);
#3006 = CIRCLE('',#3007,21.294499207368);
#3007 = AXIS2_PLACEMENT_2D('',#3008,#3009);
#3008 = CARTESIAN_POINT('',(-31.85248212504,0.94062016773));
#3009 = DIRECTION('',(1.,0.));
#3010 = ( GEOMETRIC_REPRESENTATION_CONTEXT(2) 
PARAMETRIC_REPRESENTATION_CONTEXT() REPRESENTATION_CONTEXT('2D SPACE',''
  ) );
#3011 = ORIENTED_EDGE('',*,*,#3012,.F.);
#3012 = EDGE_CURVE('',#1757,#2982,#3013,.T.);
#3013 = SURFACE_CURVE('',#3014,(#3018,#3025),.PCURVE_S1.);
#3014 = LINE('',#3015,#3016);
#3015 = CARTESIAN_POINT('',(-57.96395,-142.0940149008,-129.7334672927));
#3016 = VECTOR('',#3017,1.);
#3017 = DIRECTION('',(0.313566080943,-8.279205058891E-02,0.945950204419)
  );
#3018 = PCURVE('',#1772,#3019);
#3019 = DEFINITIONAL_REPRESENTATION('',(#3020),#3024);
#3020 = LINE('',#3021,#3022);
#3021 = CARTESIAN_POINT('',(-32.16573370803,-49.95187806325));
#3022 = VECTOR('',#3023,1.);
#3023 = DIRECTION('',(0.313566080943,0.949566381504));
#3024 = ( GEOMETRIC_REPRESENTATION_CONTEXT(2) 
PARAMETRIC_REPRESENTATION_CONTEXT() REPRESENTATION_CONTEXT('2D SPACE',''
  ) );
#3025 = PCURVE('',#3026,#3031);
#3026 = PLANE('',#3027);
#3027 = AXIS2_PLACEMENT_3D('',#3028,#3029,#3030);
#3028 = CARTESIAN_POINT('',(-25.79821629197,-146.4492853655,
    -79.971817991));
#3029 = DIRECTION('',(-0.,-0.996191759571,-8.718932367605E-02));
#3030 = DIRECTION('',(1.,-0.,0.));
#3031 = DEFINITIONAL_REPRESENTATION('',(#3032),#3036);
#3032 = LINE('',#3033,#3034);
#3033 = CARTESIAN_POINT('',(-32.16573370803,-49.95187806325));
#3034 = VECTOR('',#3035,1.);
#3035 = DIRECTION('',(0.313566080943,0.949566381504));
#3036 = ( GEOMETRIC_REPRESENTATION_CONTEXT(2) 
PARAMETRIC_REPRESENTATION_CONTEXT() REPRESENTATION_CONTEXT('2D SPACE',''
  ) );
#3037 = ORIENTED_EDGE('',*,*,#1754,.F.);
#3038 = ORIENTED_EDGE('',*,*,#3039,.F.);
#3039 = EDGE_CURVE('',#3040,#1755,#3042,.T.);
#3040 = VERTEX_POINT('',#3041);
#3041 = CARTESIAN_POINT('',(-35.5137064003,-146.7703409318,
    -76.30356027258));
#3042 = SURFACE_CURVE('',#3043,(#3047,#3054),.PCURVE_S1.);
#3043 = LINE('',#3044,#3045);
#3044 = CARTESIAN_POINT('',(-38.25535,-147.2977518718,-70.27756522987));
#3045 = VECTOR('',#3046,1.);
#3046 = DIRECTION('',(0.412814864713,7.941334017031E-02,-0.90734635552)
  );
#3047 = PCURVE('',#1772,#3048);
#3048 = DEFINITIONAL_REPRESENTATION('',(#3049),#3053);
#3049 = LINE('',#3050,#3051);
#3050 = CARTESIAN_POINT('',(-12.45713370803,9.731311936681));
#3051 = VECTOR('',#3052,1.);
#3052 = DIRECTION('',(0.412814864713,-0.910814957866));
#3053 = ( GEOMETRIC_REPRESENTATION_CONTEXT(2) 
PARAMETRIC_REPRESENTATION_CONTEXT() REPRESENTATION_CONTEXT('2D SPACE',''
  ) );
#3054 = PCURVE('',#3055,#3060);
#3055 = PLANE('',#3056);
#3056 = AXIS2_PLACEMENT_3D('',#3057,#3058,#3059);
#3057 = CARTESIAN_POINT('',(-25.79821629197,-146.4492853655,
    -79.971817991));
#3058 = DIRECTION('',(-0.,-0.996191759571,-8.718932367605E-02));
#3059 = DIRECTION('',(1.,-0.,0.));
#3060 = DEFINITIONAL_REPRESENTATION('',(#3061),#3065);
#3061 = LINE('',#3062,#3063);
#3062 = CARTESIAN_POINT('',(-12.45713370803,9.731311936681));
#3063 = VECTOR('',#3064,1.);
#3064 = DIRECTION('',(0.412814864713,-0.910814957866));
#3065 = ( GEOMETRIC_REPRESENTATION_CONTEXT(2) 
PARAMETRIC_REPRESENTATION_CONTEXT() REPRESENTATION_CONTEXT('2D SPACE',''
  ) );
#3066 = ORIENTED_EDGE('',*,*,#3067,.F.);
#3067 = EDGE_CURVE('',#3068,#3040,#3070,.T.);
#3068 = VERTEX_POINT('',#3069);
#3069 = CARTESIAN_POINT('',(-36.39814399379,-146.6477714167,
    -77.7039678539));
#3070 = SURFACE_CURVE('',#3071,(#3075,#3082),.PCURVE_S1.);
#3071 = LINE('',#3072,#3073);
#3072 = CARTESIAN_POINT('',(-56.59259,-143.8491813249,-109.6796091529));
#3073 = VECTOR('',#3074,1.);
#3074 = DIRECTION('',(0.532523775277,-7.379835534144E-02,0.843191693219)
  );
#3075 = PCURVE('',#1772,#3076);
#3076 = DEFINITIONAL_REPRESENTATION('',(#3077),#3081);
#3077 = LINE('',#3078,#3079);
#3078 = CARTESIAN_POINT('',(-30.79437370803,-29.82135806332));
#3079 = VECTOR('',#3080,1.);
#3080 = DIRECTION('',(0.532523775277,0.846415045214));
#3081 = ( GEOMETRIC_REPRESENTATION_CONTEXT(2) 
PARAMETRIC_REPRESENTATION_CONTEXT() REPRESENTATION_CONTEXT('2D SPACE',''
  ) );
#3082 = PCURVE('',#3083,#3088);
#3083 = PLANE('',#3084);
#3084 = AXIS2_PLACEMENT_3D('',#3085,#3086,#3087);
#3085 = CARTESIAN_POINT('',(-25.79821629197,-146.4492853655,
    -79.971817991));
#3086 = DIRECTION('',(-0.,-0.996191759571,-8.718932367605E-02));
#3087 = DIRECTION('',(1.,-0.,0.));
#3088 = DEFINITIONAL_REPRESENTATION('',(#3089),#3093);
#3089 = LINE('',#3090,#3091);
#3090 = CARTESIAN_POINT('',(-30.79437370803,-29.82135806332));
#3091 = VECTOR('',#3092,1.);
#3092 = DIRECTION('',(0.532523775277,0.846415045214));
#3093 = ( GEOMETRIC_REPRESENTATION_CONTEXT(2) 
PARAMETRIC_REPRESENTATION_CONTEXT() REPRESENTATION_CONTEXT('2D SPACE',''
  ) );
#3094 = ORIENTED_EDGE('',*,*,#3095,.F.);
#3095 = EDGE_CURVE('',#2984,#3068,#3096,.T.);
#3096 = SURFACE_CURVE('',#3097,(#3102,#3109),.PCURVE_S1.);
#3097 = CIRCLE('',#3098,21.294499207368);
#3098 = AXIS2_PLACEMENT_3D('',#3099,#3100,#3101);
#3099 = CARTESIAN_POINT('',(-57.65069841701,-146.531293116,
    -79.03477955592));
#3100 = DIRECTION('',(0.,-0.996191759571,-8.718932367605E-02));
#3101 = DIRECTION('',(1.,-0.,0.));
#3102 = PCURVE('',#1772,#3103);
#3103 = DEFINITIONAL_REPRESENTATION('',(#3104),#3108);
#3104 = CIRCLE('',#3105,21.294499207368);
#3105 = AXIS2_PLACEMENT_2D('',#3106,#3107);
#3106 = CARTESIAN_POINT('',(-31.85248212504,0.94062016773));
#3107 = DIRECTION('',(1.,0.));
#3108 = ( GEOMETRIC_REPRESENTATION_CONTEXT(2) 
PARAMETRIC_REPRESENTATION_CONTEXT() REPRESENTATION_CONTEXT('2D SPACE',''
  ) );
#3109 = PCURVE('',#3000,#3110);
#3110 = DEFINITIONAL_REPRESENTATION('',(#3111),#3115);
#3111 = CIRCLE('',#3112,21.294499207368);
#3112 = AXIS2_PLACEMENT_2D('',#3113,#3114);
#3113 = CARTESIAN_POINT('',(-31.85248212504,0.94062016773));
#3114 = DIRECTION('',(1.,0.));
#3115 = ( GEOMETRIC_REPRESENTATION_CONTEXT(2) 
PARAMETRIC_REPRESENTATION_CONTEXT() REPRESENTATION_CONTEXT('2D SPACE',''
  ) );
#3116 = ADVANCED_FACE('',(#3117),#1800,.T.);
#3117 = FACE_BOUND('',#3118,.T.);
#3118 = EDGE_LOOP('',(#3119,#3150,#3171,#3172));
#3119 = ORIENTED_EDGE('',*,*,#3120,.F.);
#3120 = EDGE_CURVE('',#3121,#3123,#3125,.T.);
#3121 = VERTEX_POINT('',#3122);
#3122 = CARTESIAN_POINT('',(-48.86000943398,-144.840228075,
    -98.35626455897));
#3123 = VERTEX_POINT('',#3124);
#3124 = CARTESIAN_POINT('',(-48.23718,-144.8659099785,-98.06285765386));
#3125 = SURFACE_CURVE('',#3126,(#3131,#3138),.PCURVE_S1.);
#3126 = CIRCLE('',#3127,21.294499207368);
#3127 = AXIS2_PLACEMENT_3D('',#3128,#3129,#3130);
#3128 = CARTESIAN_POINT('',(-57.65069841701,-146.531293116,
    -79.03477955592));
#3129 = DIRECTION('',(0.,-0.996191759571,-8.718932367605E-02));
#3130 = DIRECTION('',(1.,-0.,0.));
#3131 = PCURVE('',#1800,#3132);
#3132 = DEFINITIONAL_REPRESENTATION('',(#3133),#3137);
#3133 = CIRCLE('',#3134,21.294499207368);
#3134 = AXIS2_PLACEMENT_2D('',#3135,#3136);
#3135 = CARTESIAN_POINT('',(-31.85248212504,0.94062016773));
#3136 = DIRECTION('',(1.,0.));
#3137 = ( GEOMETRIC_REPRESENTATION_CONTEXT(2) 
PARAMETRIC_REPRESENTATION_CONTEXT() REPRESENTATION_CONTEXT('2D SPACE',''
  ) );
#3138 = PCURVE('',#3139,#3144);
#3139 = PLANE('',#3140);
#3140 = AXIS2_PLACEMENT_3D('',#3141,#3142,#3143);
#3141 = CARTESIAN_POINT('',(-25.79821629197,-146.4492853655,
    -79.971817991));
#3142 = DIRECTION('',(-0.,-0.996191759571,-8.718932367605E-02));
#3143 = DIRECTION('',(1.,-0.,0.));
#3144 = DEFINITIONAL_REPRESENTATION('',(#3145),#3149);
#3145 = CIRCLE('',#3146,21.294499207368);
#3146 = AXIS2_PLACEMENT_2D('',#3147,#3148);
#3147 = CARTESIAN_POINT('',(-31.85248212504,0.94062016773));
#3148 = DIRECTION('',(1.,0.));
#3149 = ( GEOMETRIC_REPRESENTATION_CONTEXT(2) 
PARAMETRIC_REPRESENTATION_CONTEXT() REPRESENTATION_CONTEXT('2D SPACE',''
  ) );
#3150 = ORIENTED_EDGE('',*,*,#3151,.T.);
#3151 = EDGE_CURVE('',#3121,#1785,#3152,.T.);
#3152 = SURFACE_CURVE('',#3153,(#3157,#3164),.PCURVE_S1.);
#3153 = LINE('',#3154,#3155);
#3154 = CARTESIAN_POINT('',(-57.6507,-146.531297556,-79.03477816881));
#3155 = VECTOR('',#3156,1.);
#3156 = DIRECTION('',(0.412815044182,7.941333307827E-02,-0.907346274487)
  );
#3157 = PCURVE('',#1800,#3158);
#3158 = DEFINITIONAL_REPRESENTATION('',(#3159),#3163);
#3159 = LINE('',#3160,#3161);
#3160 = CARTESIAN_POINT('',(-31.85248370803,0.940621936678));
#3161 = VECTOR('',#3162,1.);
#3162 = DIRECTION('',(0.412815044182,-0.910814876524));
#3163 = ( GEOMETRIC_REPRESENTATION_CONTEXT(2) 
PARAMETRIC_REPRESENTATION_CONTEXT() REPRESENTATION_CONTEXT('2D SPACE',''
  ) );
#3164 = PCURVE('',#1906,#3165);
#3165 = DEFINITIONAL_REPRESENTATION('',(#3166),#3170);
#3166 = LINE('',#3167,#3168);
#3167 = CARTESIAN_POINT('',(-0.9506132165,17.818856276977));
#3168 = VECTOR('',#3169,1.);
#3169 = DIRECTION('',(0.412815044182,-0.910814876524));
#3170 = ( GEOMETRIC_REPRESENTATION_CONTEXT(2) 
PARAMETRIC_REPRESENTATION_CONTEXT() REPRESENTATION_CONTEXT('2D SPACE',''
  ) );
#3171 = ORIENTED_EDGE('',*,*,#1784,.T.);
#3172 = ORIENTED_EDGE('',*,*,#3173,.T.);
#3173 = EDGE_CURVE('',#1757,#3123,#3174,.T.);
#3174 = SURFACE_CURVE('',#3175,(#3179,#3186),.PCURVE_S1.);
#3175 = LINE('',#3176,#3177);
#3176 = CARTESIAN_POINT('',(17.8135,-147.7040942272,-65.63485338206));
#3177 = VECTOR('',#3178,1.);
#3178 = DIRECTION('',(-0.896983796339,3.854321078962E-02,-0.440379938244
    ));
#3179 = PCURVE('',#1800,#3180);
#3180 = DEFINITIONAL_REPRESENTATION('',(#3181),#3185);
#3181 = LINE('',#3182,#3183);
#3182 = CARTESIAN_POINT('',(43.61171629197,14.39177193668));
#3183 = VECTOR('',#3184,1.);
#3184 = DIRECTION('',(-0.896983796339,-0.44206342204));
#3185 = ( GEOMETRIC_REPRESENTATION_CONTEXT(2) 
PARAMETRIC_REPRESENTATION_CONTEXT() REPRESENTATION_CONTEXT('2D SPACE',''
  ) );
#3186 = PCURVE('',#3026,#3187);
#3187 = DEFINITIONAL_REPRESENTATION('',(#3188),#3192);
#3188 = LINE('',#3189,#3190);
#3189 = CARTESIAN_POINT('',(43.61171629197,14.39177193668));
#3190 = VECTOR('',#3191,1.);
#3191 = DIRECTION('',(-0.896983796339,-0.44206342204));
#3192 = ( GEOMETRIC_REPRESENTATION_CONTEXT(2) 
PARAMETRIC_REPRESENTATION_CONTEXT() REPRESENTATION_CONTEXT('2D SPACE',''
  ) );
#3193 = ADVANCED_FACE('',(#3194),#1849,.T.);
#3194 = FACE_BOUND('',#3195,.T.);
#3195 = EDGE_LOOP('',(#3196,#3217,#3218,#3219));
#3196 = ORIENTED_EDGE('',*,*,#3197,.T.);
#3197 = EDGE_CURVE('',#2376,#1755,#3198,.T.);
#3198 = SURFACE_CURVE('',#3199,(#3203,#3210),.PCURVE_S1.);
#3199 = LINE('',#3200,#3201);
#3200 = CARTESIAN_POINT('',(17.8135,-147.7040942272,-65.63485338206));
#3201 = VECTOR('',#3202,1.);
#3202 = DIRECTION('',(-0.896983796339,3.854321078962E-02,-0.440379938244
    ));
#3203 = PCURVE('',#1849,#3204);
#3204 = DEFINITIONAL_REPRESENTATION('',(#3205),#3209);
#3205 = LINE('',#3206,#3207);
#3206 = CARTESIAN_POINT('',(43.61171629197,14.39177193668));
#3207 = VECTOR('',#3208,1.);
#3208 = DIRECTION('',(-0.896983796339,-0.44206342204));
#3209 = ( GEOMETRIC_REPRESENTATION_CONTEXT(2) 
PARAMETRIC_REPRESENTATION_CONTEXT() REPRESENTATION_CONTEXT('2D SPACE',''
  ) );
#3210 = PCURVE('',#3055,#3211);
#3211 = DEFINITIONAL_REPRESENTATION('',(#3212),#3216);
#3212 = LINE('',#3213,#3214);
#3213 = CARTESIAN_POINT('',(43.61171629197,14.39177193668));
#3214 = VECTOR('',#3215,1.);
#3215 = DIRECTION('',(-0.896983796339,-0.44206342204));
#3216 = ( GEOMETRIC_REPRESENTATION_CONTEXT(2) 
PARAMETRIC_REPRESENTATION_CONTEXT() REPRESENTATION_CONTEXT('2D SPACE',''
  ) );
#3217 = ORIENTED_EDGE('',*,*,#1835,.T.);
#3218 = ORIENTED_EDGE('',*,*,#1864,.F.);
#3219 = ORIENTED_EDGE('',*,*,#2403,.T.);
#3220 = ADVANCED_FACE('',(#3221),#1906,.T.);
#3221 = FACE_BOUND('',#3222,.T.);
#3222 = EDGE_LOOP('',(#3223,#3224,#3225,#3226,#3227));
#3223 = ORIENTED_EDGE('',*,*,#2100,.F.);
#3224 = ORIENTED_EDGE('',*,*,#1891,.F.);
#3225 = ORIENTED_EDGE('',*,*,#1923,.T.);
#3226 = ORIENTED_EDGE('',*,*,#3151,.F.);
#3227 = ORIENTED_EDGE('',*,*,#3228,.F.);
#3228 = EDGE_CURVE('',#2101,#3121,#3229,.T.);
#3229 = SURFACE_CURVE('',#3230,(#3235,#3242),.PCURVE_S1.);
#3230 = CIRCLE('',#3231,21.294499207368);
#3231 = AXIS2_PLACEMENT_3D('',#3232,#3233,#3234);
#3232 = CARTESIAN_POINT('',(-57.65069841701,-146.531293116,
    -79.03477955592));
#3233 = DIRECTION('',(0.,-0.996191759571,-8.718932367605E-02));
#3234 = DIRECTION('',(1.,-0.,0.));
#3235 = PCURVE('',#1906,#3236);
#3236 = DEFINITIONAL_REPRESENTATION('',(#3237),#3241);
#3237 = CIRCLE('',#3238,21.294499207368);
#3238 = AXIS2_PLACEMENT_2D('',#3239,#3240);
#3239 = CARTESIAN_POINT('',(-0.95061163351,17.818854508029));
#3240 = DIRECTION('',(1.,0.));
#3241 = ( GEOMETRIC_REPRESENTATION_CONTEXT(2) 
PARAMETRIC_REPRESENTATION_CONTEXT() REPRESENTATION_CONTEXT('2D SPACE',''
  ) );
#3242 = PCURVE('',#3243,#3248);
#3243 = PLANE('',#3244);
#3244 = AXIS2_PLACEMENT_3D('',#3245,#3246,#3247);
#3245 = CARTESIAN_POINT('',(-57.65069841701,-146.531293116,
    -79.03477955592));
#3246 = DIRECTION('',(-0.,-0.996191759571,-8.718932367605E-02));
#3247 = DIRECTION('',(1.,-0.,0.));
#3248 = DEFINITIONAL_REPRESENTATION('',(#3249),#3253);
#3249 = CIRCLE('',#3250,21.294499207368);
#3250 = AXIS2_PLACEMENT_2D('',#3251,#3252);
#3251 = CARTESIAN_POINT('',(0.,0.));
#3252 = DIRECTION('',(1.,0.));
#3253 = ( GEOMETRIC_REPRESENTATION_CONTEXT(2) 
PARAMETRIC_REPRESENTATION_CONTEXT() REPRESENTATION_CONTEXT('2D SPACE',''
  ) );
#3254 = ADVANCED_FACE('',(#3255),#1965,.T.);
#3255 = FACE_BOUND('',#3256,.T.);
#3256 = EDGE_LOOP('',(#3257,#3290,#3291,#3315));
#3257 = ORIENTED_EDGE('',*,*,#3258,.T.);
#3258 = EDGE_CURVE('',#3259,#1951,#3261,.T.);
#3259 = VERTEX_POINT('',#3260);
#3260 = CARTESIAN_POINT('',(-77.04605,-143.7724597211,-87.6176124604));
#3261 = SURFACE_CURVE('',#3262,(#3267,#3278),.PCURVE_S1.);
#3262 = CIRCLE('',#3263,21.294499207368);
#3263 = AXIS2_PLACEMENT_3D('',#3264,#3265,#3266);
#3264 = CARTESIAN_POINT('',(-57.65069841701,-144.5389095968,
    -78.86040090856));
#3265 = DIRECTION('',(0.,-0.996191759571,-8.718932367605E-02));
#3266 = DIRECTION('',(1.,-0.,0.));
#3267 = PCURVE('',#1965,#3268);
#3268 = DEFINITIONAL_REPRESENTATION('',(#3269),#3277);
#3269 = ( BOUNDED_CURVE() B_SPLINE_CURVE(2,(#3270,#3271,#3272,#3273,
#3274,#3275,#3276),.UNSPECIFIED.,.T.,.F.) B_SPLINE_CURVE_WITH_KNOTS((1,2
    ,2,2,2,1),(-2.094395102393,0.,2.094395102393,4.188790204786,
6.28318530718,8.377580409573),.UNSPECIFIED.) CURVE() 
GEOMETRIC_REPRESENTATION_ITEM() RATIONAL_B_SPLINE_CURVE((1.,0.5,1.,0.5,
1.,0.5,1.)) REPRESENTATION_ITEM('') );
#3270 = CARTESIAN_POINT('',(-20.34388757385,17.81885450803));
#3271 = CARTESIAN_POINT('',(-20.34388757385,54.702009056927));
#3272 = CARTESIAN_POINT('',(11.597861237194,36.260431782479));
#3273 = CARTESIAN_POINT('',(43.539610048246,17.81885450803));
#3274 = CARTESIAN_POINT('',(11.597861237194,-0.622722766418));
#3275 = CARTESIAN_POINT('',(-20.34388757385,-19.06430004086));
#3276 = CARTESIAN_POINT('',(-20.34388757385,17.81885450803));
#3277 = ( GEOMETRIC_REPRESENTATION_CONTEXT(2) 
PARAMETRIC_REPRESENTATION_CONTEXT() REPRESENTATION_CONTEXT('2D SPACE',''
  ) );
#3278 = PCURVE('',#3279,#3284);
#3279 = PLANE('',#3280);
#3280 = AXIS2_PLACEMENT_3D('',#3281,#3282,#3283);
#3281 = CARTESIAN_POINT('',(-57.65069841701,-144.5389095968,
    -78.86040090856));
#3282 = DIRECTION('',(-0.,-0.996191759571,-8.718932367605E-02));
#3283 = DIRECTION('',(1.,-0.,0.));
#3284 = DEFINITIONAL_REPRESENTATION('',(#3285),#3289);
#3285 = CIRCLE('',#3286,21.294499207368);
#3286 = AXIS2_PLACEMENT_2D('',#3287,#3288);
#3287 = CARTESIAN_POINT('',(0.,0.));
#3288 = DIRECTION('',(1.,0.));
#3289 = ( GEOMETRIC_REPRESENTATION_CONTEXT(2) 
PARAMETRIC_REPRESENTATION_CONTEXT() REPRESENTATION_CONTEXT('2D SPACE',''
  ) );
#3290 = ORIENTED_EDGE('',*,*,#1948,.F.);
#3291 = ORIENTED_EDGE('',*,*,#3292,.T.);
#3292 = EDGE_CURVE('',#1949,#3293,#3295,.T.);
#3293 = VERTEX_POINT('',#3294);
#3294 = CARTESIAN_POINT('',(-76.28148198522,-143.6253795813,
    -89.2980937063));
#3295 = SURFACE_CURVE('',#3296,(#3301,#3308),.PCURVE_S1.);
#3296 = CIRCLE('',#3297,21.294499207368);
#3297 = AXIS2_PLACEMENT_3D('',#3298,#3299,#3300);
#3298 = CARTESIAN_POINT('',(-58.03234033587,-144.5821787313,
    -78.36607372184));
#3299 = DIRECTION('',(6.938893903907E-18,0.996191759571,
    8.718932367607E-02));
#3300 = DIRECTION('',(-0.442063501928,-7.820740711838E-02,0.89356782716)
  );
#3301 = PCURVE('',#1965,#3302);
#3302 = DEFINITIONAL_REPRESENTATION('',(#3303),#3307);
#3303 = CIRCLE('',#3304,21.294499207368);
#3304 = AXIS2_PLACEMENT_2D('',#3305,#3306);
#3305 = CARTESIAN_POINT('',(1.33225355237,18.315071784552));
#3306 = DIRECTION('',(0.442063501928,0.896983756967));
#3307 = ( GEOMETRIC_REPRESENTATION_CONTEXT(2) 
PARAMETRIC_REPRESENTATION_CONTEXT() REPRESENTATION_CONTEXT('2D SPACE',''
  ) );
#3308 = PCURVE('',#1992,#3309);
#3309 = DEFINITIONAL_REPRESENTATION('',(#3310),#3314);
#3310 = LINE('',#3311,#3312);
#3311 = CARTESIAN_POINT('',(-6.28318530718,-2.000004302148));
#3312 = VECTOR('',#3313,1.);
#3313 = DIRECTION('',(1.,-0.));
#3314 = ( GEOMETRIC_REPRESENTATION_CONTEXT(2) 
PARAMETRIC_REPRESENTATION_CONTEXT() REPRESENTATION_CONTEXT('2D SPACE',''
  ) );
#3315 = ORIENTED_EDGE('',*,*,#3316,.T.);
#3316 = EDGE_CURVE('',#3293,#3259,#3317,.T.);
#3317 = SURFACE_CURVE('',#3318,(#3322,#3329),.PCURVE_S1.);
#3318 = LINE('',#3319,#3320);
#3319 = CARTESIAN_POINT('',(-57.96395,-140.1016313817,-129.5590886454));
#3320 = VECTOR('',#3321,1.);
#3321 = DIRECTION('',(-0.412815044182,-7.941333307827E-02,0.907346274487
    ));
#3322 = PCURVE('',#1965,#3323);
#3323 = DEFINITIONAL_REPRESENTATION('',(#3324),#3328);
#3324 = LINE('',#3325,#3326);
#3325 = CARTESIAN_POINT('',(1.2638632165,-33.073643723));
#3326 = VECTOR('',#3327,1.);
#3327 = DIRECTION('',(0.412815044182,0.910814876524));
#3328 = ( GEOMETRIC_REPRESENTATION_CONTEXT(2) 
PARAMETRIC_REPRESENTATION_CONTEXT() REPRESENTATION_CONTEXT('2D SPACE',''
  ) );
#3329 = PCURVE('',#3330,#3335);
#3330 = PLANE('',#3331);
#3331 = AXIS2_PLACEMENT_3D('',#3332,#3333,#3334);
#3332 = CARTESIAN_POINT('',(-67.30305573347,-142.4070639446,
    -109.076751015));
#3333 = DIRECTION('',(-0.910814876524,3.599306450556E-02,-0.411242945241
    ));
#3334 = DIRECTION('',(0.412815044182,7.94133330782E-02,-0.907346274488)
  );
#3335 = DEFINITIONAL_REPRESENTATION('',(#3336),#3340);
#3336 = LINE('',#3337,#3338);
#3337 = CARTESIAN_POINT('',(22.622978171729,-0.510811756108));
#3338 = VECTOR('',#3339,1.);
#3339 = DIRECTION('',(-1.,7.720213357487E-14));
#3340 = ( GEOMETRIC_REPRESENTATION_CONTEXT(2) 
PARAMETRIC_REPRESENTATION_CONTEXT() REPRESENTATION_CONTEXT('2D SPACE',''
  ) );
#3341 = ADVANCED_FACE('',(#3342),#2084,.T.);
#3342 = FACE_BOUND('',#3343,.T.);
#3343 = EDGE_LOOP('',(#3344,#3372,#3373,#3374));
#3344 = ORIENTED_EDGE('',*,*,#3345,.F.);
#3345 = EDGE_CURVE('',#2177,#3346,#3348,.T.);
#3346 = VERTEX_POINT('',#3347);
#3347 = CARTESIAN_POINT('',(-49.65608573519,-142.8180721923,
    -98.52205351427));
#3348 = SURFACE_CURVE('',#3349,(#3353,#3360),.PCURVE_S1.);
#3349 = LINE('',#3350,#3351);
#3350 = CARTESIAN_POINT('',(-56.59259,-141.8567978057,-109.5052305055));
#3351 = VECTOR('',#3352,1.);
#3352 = DIRECTION('',(0.532523775277,-7.379835534144E-02,0.843191693219)
  );
#3353 = PCURVE('',#2084,#3354);
#3354 = DEFINITIONAL_REPRESENTATION('',(#3355),#3359);
#3355 = LINE('',#3356,#3357);
#3356 = CARTESIAN_POINT('',(-0.1074967835,-12.94312372298));
#3357 = VECTOR('',#3358,1.);
#3358 = DIRECTION('',(-0.532523775277,0.846415045214));
#3359 = ( GEOMETRIC_REPRESENTATION_CONTEXT(2) 
PARAMETRIC_REPRESENTATION_CONTEXT() REPRESENTATION_CONTEXT('2D SPACE',''
  ) );
#3360 = PCURVE('',#3361,#3366);
#3361 = PLANE('',#3362);
#3362 = AXIS2_PLACEMENT_3D('',#3363,#3364,#3365);
#3363 = CARTESIAN_POINT('',(-56.7000867835,-142.9853000094,
    -96.61139730956));
#3364 = DIRECTION('',(-0.,0.996191759571,8.718932367605E-02));
#3365 = DIRECTION('',(-1.,0.,-0.));
#3366 = DEFINITIONAL_REPRESENTATION('',(#3367),#3371);
#3367 = LINE('',#3368,#3369);
#3368 = CARTESIAN_POINT('',(-0.1074967835,-12.94312372298));
#3369 = VECTOR('',#3370,1.);
#3370 = DIRECTION('',(-0.532523775277,0.846415045214));
#3371 = ( GEOMETRIC_REPRESENTATION_CONTEXT(2) 
PARAMETRIC_REPRESENTATION_CONTEXT() REPRESENTATION_CONTEXT('2D SPACE',''
  ) );
#3372 = ORIENTED_EDGE('',*,*,#2204,.T.);
#3373 = ORIENTED_EDGE('',*,*,#2071,.F.);
#3374 = ORIENTED_EDGE('',*,*,#3375,.T.);
#3375 = EDGE_CURVE('',#1951,#3346,#3376,.T.);
#3376 = SURFACE_CURVE('',#3377,(#3382,#3393),.PCURVE_S1.);
#3377 = CIRCLE('',#3378,21.294499207368);
#3378 = AXIS2_PLACEMENT_3D('',#3379,#3380,#3381);
#3379 = CARTESIAN_POINT('',(-57.65069841701,-144.5389095968,
    -78.86040090856));
#3380 = DIRECTION('',(0.,-0.996191759571,-8.718932367605E-02));
#3381 = DIRECTION('',(1.,-0.,0.));
#3382 = PCURVE('',#2084,#3383);
#3383 = DEFINITIONAL_REPRESENTATION('',(#3384),#3392);
#3384 = ( BOUNDED_CURVE() B_SPLINE_CURVE(2,(#3385,#3386,#3387,#3388,
#3389,#3390,#3391),.UNSPECIFIED.,.T.,.F.) B_SPLINE_CURVE_WITH_KNOTS((1,2
    ,2,2,2,1),(-2.094395102393,0.,2.094395102393,4.188790204786,
6.28318530718,8.377580409573),.UNSPECIFIED.) CURVE() 
GEOMETRIC_REPRESENTATION_ITEM() RATIONAL_B_SPLINE_CURVE((1.,0.5,1.,0.5,
1.,0.5,1.)) REPRESENTATION_ITEM('') );
#3385 = CARTESIAN_POINT('',(-20.34388757385,17.81885450803));
#3386 = CARTESIAN_POINT('',(-20.34388757385,54.702009056927));
#3387 = CARTESIAN_POINT('',(11.597861237194,36.260431782479));
#3388 = CARTESIAN_POINT('',(43.539610048246,17.81885450803));
#3389 = CARTESIAN_POINT('',(11.597861237194,-0.622722766418));
#3390 = CARTESIAN_POINT('',(-20.34388757385,-19.06430004086));
#3391 = CARTESIAN_POINT('',(-20.34388757385,17.81885450803));
#3392 = ( GEOMETRIC_REPRESENTATION_CONTEXT(2) 
PARAMETRIC_REPRESENTATION_CONTEXT() REPRESENTATION_CONTEXT('2D SPACE',''
  ) );
#3393 = PCURVE('',#3279,#3394);
#3394 = DEFINITIONAL_REPRESENTATION('',(#3395),#3399);
#3395 = CIRCLE('',#3396,21.294499207368);
#3396 = AXIS2_PLACEMENT_2D('',#3397,#3398);
#3397 = CARTESIAN_POINT('',(0.,0.));
#3398 = DIRECTION('',(1.,0.));
#3399 = ( GEOMETRIC_REPRESENTATION_CONTEXT(2) 
PARAMETRIC_REPRESENTATION_CONTEXT() REPRESENTATION_CONTEXT('2D SPACE',''
  ) );
#3400 = ADVANCED_FACE('',(#3401),#2018,.T.);
#3401 = FACE_BOUND('',#3402,.T.);
#3402 = EDGE_LOOP('',(#3403,#3433,#3459,#3460));
#3403 = ORIENTED_EDGE('',*,*,#3404,.F.);
#3404 = EDGE_CURVE('',#3405,#3407,#3409,.T.);
#3405 = VERTEX_POINT('',#3406);
#3406 = CARTESIAN_POINT('',(-76.28148198514,-145.6177631004,
    -89.4724723538));
#3407 = VERTEX_POINT('',#3408);
#3408 = CARTESIAN_POINT('',(-77.04605,-145.7648432403,-87.79199110776));
#3409 = SURFACE_CURVE('',#3410,(#3414,#3421),.PCURVE_S1.);
#3410 = LINE('',#3411,#3412);
#3411 = CARTESIAN_POINT('',(-57.96395,-142.0940149008,-129.7334672927));
#3412 = VECTOR('',#3413,1.);
#3413 = DIRECTION('',(-0.412815044182,-7.941333307827E-02,0.907346274487
    ));
#3414 = PCURVE('',#2018,#3415);
#3415 = DEFINITIONAL_REPRESENTATION('',(#3416),#3420);
#3416 = LINE('',#3417,#3418);
#3417 = CARTESIAN_POINT('',(-1.2638632165,-33.07364372295));
#3418 = VECTOR('',#3419,1.);
#3419 = DIRECTION('',(-0.412815044182,0.910814876524));
#3420 = ( GEOMETRIC_REPRESENTATION_CONTEXT(2) 
PARAMETRIC_REPRESENTATION_CONTEXT() REPRESENTATION_CONTEXT('2D SPACE',''
  ) );
#3421 = PCURVE('',#3422,#3427);
#3422 = PLANE('',#3423);
#3423 = AXIS2_PLACEMENT_3D('',#3424,#3425,#3426);
#3424 = CARTESIAN_POINT('',(-67.70694426652,-143.4594106774,
    -108.274328738));
#3425 = DIRECTION('',(-0.910814876524,3.599306450555E-02,-0.411242945241
    ));
#3426 = DIRECTION('',(0.412815044182,7.94133330782E-02,-0.907346274488)
  );
#3427 = DEFINITIONAL_REPRESENTATION('',(#3428),#3432);
#3428 = LINE('',#3429,#3430);
#3429 = CARTESIAN_POINT('',(23.601354659508,0.510811756053));
#3430 = VECTOR('',#3431,1.);
#3431 = DIRECTION('',(-1.,7.718825578706E-14));
#3432 = ( GEOMETRIC_REPRESENTATION_CONTEXT(2) 
PARAMETRIC_REPRESENTATION_CONTEXT() REPRESENTATION_CONTEXT('2D SPACE',''
  ) );
#3433 = ORIENTED_EDGE('',*,*,#3434,.F.);
#3434 = EDGE_CURVE('',#1977,#3405,#3435,.T.);
#3435 = SURFACE_CURVE('',#3436,(#3441,#3452),.PCURVE_S1.);
#3436 = CIRCLE('',#3437,21.294499207368);
#3437 = AXIS2_PLACEMENT_3D('',#3438,#3439,#3440);
#3438 = CARTESIAN_POINT('',(-58.03234033587,-146.5745622504,
    -78.54045236918));
#3439 = DIRECTION('',(6.938893903907E-18,0.996191759571,
    8.718932367607E-02));
#3440 = DIRECTION('',(-0.442063501928,-7.820740711838E-02,0.89356782716)
  );
#3441 = PCURVE('',#2018,#3442);
#3442 = DEFINITIONAL_REPRESENTATION('',(#3443),#3451);
#3443 = ( BOUNDED_CURVE() B_SPLINE_CURVE(2,(#3444,#3445,#3446,#3447,
#3448,#3449,#3450),.UNSPECIFIED.,.T.,.F.) B_SPLINE_CURVE_WITH_KNOTS((1,2
    ,2,2,2,1),(-2.094395102393,0.,2.094395102393,4.188790204786,
6.28318530718,8.377580409573),.UNSPECIFIED.) CURVE() 
GEOMETRIC_REPRESENTATION_ITEM() RATIONAL_B_SPLINE_CURVE((1.,0.5,1.,0.5,
1.,0.5,1.)) REPRESENTATION_ITEM('') );
#3444 = CARTESIAN_POINT('',(-10.74577444379,37.415891686311));
#3445 = CARTESIAN_POINT('',(22.337816092274,53.720588148365));
#3446 = CARTESIAN_POINT('',(19.916302161374,16.917010064702));
#3447 = CARTESIAN_POINT('',(17.494788230474,-19.88656801896));
#3448 = CARTESIAN_POINT('',(-13.16728837469,0.612313602648));
#3449 = CARTESIAN_POINT('',(-43.82936497985,21.111195224257));
#3450 = CARTESIAN_POINT('',(-10.74577444379,37.415891686311));
#3451 = ( GEOMETRIC_REPRESENTATION_CONTEXT(2) 
PARAMETRIC_REPRESENTATION_CONTEXT() REPRESENTATION_CONTEXT('2D SPACE',''
  ) );
#3452 = PCURVE('',#1992,#3453);
#3453 = DEFINITIONAL_REPRESENTATION('',(#3454),#3458);
#3454 = LINE('',#3455,#3456);
#3455 = CARTESIAN_POINT('',(-6.28318530718,-4.000004302106));
#3456 = VECTOR('',#3457,1.);
#3457 = DIRECTION('',(1.,-0.));
#3458 = ( GEOMETRIC_REPRESENTATION_CONTEXT(2) 
PARAMETRIC_REPRESENTATION_CONTEXT() REPRESENTATION_CONTEXT('2D SPACE',''
  ) );
#3459 = ORIENTED_EDGE('',*,*,#2003,.F.);
#3460 = ORIENTED_EDGE('',*,*,#3461,.F.);
#3461 = EDGE_CURVE('',#3407,#2004,#3462,.T.);
#3462 = SURFACE_CURVE('',#3463,(#3468,#3475),.PCURVE_S1.);
#3463 = CIRCLE('',#3464,21.294499207368);
#3464 = AXIS2_PLACEMENT_3D('',#3465,#3466,#3467);
#3465 = CARTESIAN_POINT('',(-57.65069841701,-146.531293116,
    -79.03477955592));
#3466 = DIRECTION('',(0.,-0.996191759571,-8.718932367605E-02));
#3467 = DIRECTION('',(1.,-0.,0.));
#3468 = PCURVE('',#2018,#3469);
#3469 = DEFINITIONAL_REPRESENTATION('',(#3470),#3474);
#3470 = CIRCLE('',#3471,21.294499207368);
#3471 = AXIS2_PLACEMENT_2D('',#3472,#3473);
#3472 = CARTESIAN_POINT('',(-0.95061163351,17.818854508029));
#3473 = DIRECTION('',(1.,0.));
#3474 = ( GEOMETRIC_REPRESENTATION_CONTEXT(2) 
PARAMETRIC_REPRESENTATION_CONTEXT() REPRESENTATION_CONTEXT('2D SPACE',''
  ) );
#3475 = PCURVE('',#2138,#3476);
#3476 = DEFINITIONAL_REPRESENTATION('',(#3477),#3481);
#3477 = CIRCLE('',#3478,21.294499207368);
#3478 = AXIS2_PLACEMENT_2D('',#3479,#3480);
#3479 = CARTESIAN_POINT('',(0.,0.));
#3480 = DIRECTION('',(1.,0.));
#3481 = ( GEOMETRIC_REPRESENTATION_CONTEXT(2) 
PARAMETRIC_REPRESENTATION_CONTEXT() REPRESENTATION_CONTEXT('2D SPACE',''
  ) );
#3482 = ADVANCED_FACE('',(#3483),#1992,.T.);
#3483 = FACE_BOUND('',#3484,.F.);
#3484 = EDGE_LOOP('',(#3485,#3486,#3487,#3508,#3527));
#3485 = ORIENTED_EDGE('',*,*,#1976,.F.);
#3486 = ORIENTED_EDGE('',*,*,#3292,.T.);
#3487 = ORIENTED_EDGE('',*,*,#3488,.F.);
#3488 = EDGE_CURVE('',#3489,#3293,#3491,.T.);
#3489 = VERTEX_POINT('',#3490);
#3490 = CARTESIAN_POINT('',(-76.28148198511,-143.7052089874,
    -89.30508058614));
#3491 = SURFACE_CURVE('',#3492,(#3496,#3502),.PCURVE_S1.);
#3492 = LINE('',#3493,#3494);
#3493 = CARTESIAN_POINT('',(-76.28148198507,-141.6329917763,
    -89.1237146841));
#3494 = VECTOR('',#3495,1.);
#3495 = DIRECTION('',(-0.,0.996191759571,8.718932367607E-02));
#3496 = PCURVE('',#1992,#3497);
#3497 = DEFINITIONAL_REPRESENTATION('',(#3498),#3501);
#3498 = B_SPLINE_CURVE_WITH_KNOTS('',1,(#3499,#3500),.UNSPECIFIED.,.F.,
  .F.,(2,2),(-4.200004302114,-1.800004302116),.PIECEWISE_BEZIER_KNOTS.);
#3499 = CARTESIAN_POINT('',(-1.65429752714,-4.200004302113));
#3500 = CARTESIAN_POINT('',(-1.65429752714,-1.800004302115));
#3501 = ( GEOMETRIC_REPRESENTATION_CONTEXT(2) 
PARAMETRIC_REPRESENTATION_CONTEXT() REPRESENTATION_CONTEXT('2D SPACE',''
  ) );
#3502 = PCURVE('',#3330,#3503);
#3503 = DEFINITIONAL_REPRESENTATION('',(#3504),#3507);
#3504 = B_SPLINE_CURVE_WITH_KNOTS('',1,(#3505,#3506),.UNSPECIFIED.,.F.,
  .F.,(2,2),(-4.200004302114,-1.800004302116),.PIECEWISE_BEZIER_KNOTS.);
#3505 = CARTESIAN_POINT('',(-21.74927095837,1.689188243846));
#3506 = CARTESIAN_POINT('',(-21.74927095837,-0.710811756152));
#3507 = ( GEOMETRIC_REPRESENTATION_CONTEXT(2) 
PARAMETRIC_REPRESENTATION_CONTEXT() REPRESENTATION_CONTEXT('2D SPACE',''
  ) );
#3508 = ORIENTED_EDGE('',*,*,#3509,.F.);
#3509 = EDGE_CURVE('',#3405,#3489,#3510,.T.);
#3510 = SURFACE_CURVE('',#3511,(#3515,#3521),.PCURVE_S1.);
#3511 = LINE('',#3512,#3513);
#3512 = CARTESIAN_POINT('',(-76.28148198508,-141.6329917763,
    -89.12371468408));
#3513 = VECTOR('',#3514,1.);
#3514 = DIRECTION('',(-0.,0.996191759571,8.718932367607E-02));
#3515 = PCURVE('',#1992,#3516);
#3516 = DEFINITIONAL_REPRESENTATION('',(#3517),#3520);
#3517 = B_SPLINE_CURVE_WITH_KNOTS('',1,(#3518,#3519),.UNSPECIFIED.,.F.,
  .F.,(2,2),(-4.200004302189,-1.800004302109),.PIECEWISE_BEZIER_KNOTS.);
#3518 = CARTESIAN_POINT('',(-1.654297527139,-4.200004302189));
#3519 = CARTESIAN_POINT('',(-1.654297527139,-1.800004302109));
#3520 = ( GEOMETRIC_REPRESENTATION_CONTEXT(2) 
PARAMETRIC_REPRESENTATION_CONTEXT() REPRESENTATION_CONTEXT('2D SPACE',''
  ) );
#3521 = PCURVE('',#3422,#3522);
#3522 = DEFINITIONAL_REPRESENTATION('',(#3523),#3526);
#3523 = B_SPLINE_CURVE_WITH_KNOTS('',1,(#3524,#3525),.UNSPECIFIED.,.F.,
  .F.,(2,2),(-4.200004302189,-1.800004302109),.PIECEWISE_BEZIER_KNOTS.);
#3524 = CARTESIAN_POINT('',(-20.77089447057,0.710811756129));
#3525 = CARTESIAN_POINT('',(-20.77089447057,-1.689188243952));
#3526 = ( GEOMETRIC_REPRESENTATION_CONTEXT(2) 
PARAMETRIC_REPRESENTATION_CONTEXT() REPRESENTATION_CONTEXT('2D SPACE',''
  ) );
#3527 = ORIENTED_EDGE('',*,*,#3434,.F.);
#3528 = ADVANCED_FACE('',(#3529),#2138,.T.);
#3529 = FACE_BOUND('',#3530,.T.);
#3530 = EDGE_LOOP('',(#3531,#3561,#3594,#3620,#3621,#3622));
#3531 = ORIENTED_EDGE('',*,*,#3532,.F.);
#3532 = EDGE_CURVE('',#3533,#3535,#3537,.T.);
#3533 = VERTEX_POINT('',#3534);
#3534 = CARTESIAN_POINT('',(-56.07979445118,-146.2291020635,
    -82.48754791976));
#3535 = VERTEX_POINT('',#3536);
#3536 = CARTESIAN_POINT('',(-49.1033969123,-144.8870507278,
    -97.82131156391));
#3537 = SURFACE_CURVE('',#3538,(#3542,#3549),.PCURVE_S1.);
#3538 = LINE('',#3539,#3540);
#3539 = CARTESIAN_POINT('',(-57.6507,-146.531297556,-79.03477816881));
#3540 = VECTOR('',#3541,1.);
#3541 = DIRECTION('',(0.412815044182,7.941333307827E-02,-0.907346274487)
  );
#3542 = PCURVE('',#2138,#3543);
#3543 = DEFINITIONAL_REPRESENTATION('',(#3544),#3548);
#3544 = LINE('',#3545,#3546);
#3545 = CARTESIAN_POINT('',(-1.582990002191E-06,1.768948133292E-06));
#3546 = VECTOR('',#3547,1.);
#3547 = DIRECTION('',(0.412815044182,-0.910814876524));
#3548 = ( GEOMETRIC_REPRESENTATION_CONTEXT(2) 
PARAMETRIC_REPRESENTATION_CONTEXT() REPRESENTATION_CONTEXT('2D SPACE',''
  ) );
#3549 = PCURVE('',#3550,#3555);
#3550 = PLANE('',#3551);
#3551 = AXIS2_PLACEMENT_3D('',#3552,#3553,#3554);
#3552 = CARTESIAN_POINT('',(-25.79821629197,-146.4492853655,
    -79.971817991));
#3553 = DIRECTION('',(-0.,-0.996191759571,-8.718932367605E-02));
#3554 = DIRECTION('',(1.,-0.,0.));
#3555 = DEFINITIONAL_REPRESENTATION('',(#3556),#3560);
#3556 = LINE('',#3557,#3558);
#3557 = CARTESIAN_POINT('',(-31.85248370803,0.940621936678));
#3558 = VECTOR('',#3559,1.);
#3559 = DIRECTION('',(0.412815044182,-0.910814876524));
#3560 = ( GEOMETRIC_REPRESENTATION_CONTEXT(2) 
PARAMETRIC_REPRESENTATION_CONTEXT() REPRESENTATION_CONTEXT('2D SPACE',''
  ) );
#3561 = ORIENTED_EDGE('',*,*,#3562,.T.);
#3562 = EDGE_CURVE('',#3533,#3563,#3565,.T.);
#3563 = VERTEX_POINT('',#3564);
#3564 = CARTESIAN_POINT('',(-62.85727127468,-146.325547259,
    -81.38560212064));
#3565 = SURFACE_CURVE('',#3566,(#3571,#3582),.PCURVE_S1.);
#3566 = CIRCLE('',#3567,4.5);
#3567 = AXIS2_PLACEMENT_3D('',#3568,#3569,#3570);
#3568 = CARTESIAN_POINT('',(-59.,-146.5276164964,-79.07678720021));
#3569 = DIRECTION('',(0.,0.996191759571,8.718932367606E-02));
#3570 = DIRECTION('',(1.,0.,-0.));
#3571 = PCURVE('',#2138,#3572);
#3572 = DEFINITIONAL_REPRESENTATION('',(#3573),#3581);
#3573 = ( BOUNDED_CURVE() B_SPLINE_CURVE(2,(#3574,#3575,#3576,#3577,
#3578,#3579,#3580),.UNSPECIFIED.,.T.,.F.) B_SPLINE_CURVE_WITH_KNOTS((1,2
    ,2,2,2,1),(-2.094395102393,0.,2.094395102393,4.188790204786,
6.28318530718,8.377580409573),.UNSPECIFIED.) CURVE() 
GEOMETRIC_REPRESENTATION_ITEM() RATIONAL_B_SPLINE_CURVE((1.,0.5,1.,0.5,
1.,0.5,1.)) REPRESENTATION_ITEM('') );
#3574 = CARTESIAN_POINT('',(3.15069841701,-4.216823105703E-02));
#3575 = CARTESIAN_POINT('',(3.15069841701,-7.836396865117));
#3576 = CARTESIAN_POINT('',(-3.59930158299,-3.939282548087));
#3577 = CARTESIAN_POINT('',(-10.34930158299,-4.216823105704E-02));
#3578 = CARTESIAN_POINT('',(-3.59930158299,3.854946085973));
#3579 = CARTESIAN_POINT('',(3.15069841701,7.752060403003));
#3580 = CARTESIAN_POINT('',(3.15069841701,-4.216823105703E-02));
#3581 = ( GEOMETRIC_REPRESENTATION_CONTEXT(2) 
PARAMETRIC_REPRESENTATION_CONTEXT() REPRESENTATION_CONTEXT('2D SPACE',''
  ) );
#3582 = PCURVE('',#3583,#3588);
#3583 = CYLINDRICAL_SURFACE('',#3584,4.5);
#3584 = AXIS2_PLACEMENT_3D('',#3585,#3586,#3587);
#3585 = CARTESIAN_POINT('',(-59.,-146.3283781445,-79.05934933548));
#3586 = DIRECTION('',(-0.,-0.996191759571,-8.718932367606E-02));
#3587 = DIRECTION('',(1.,-0.,0.));
#3588 = DEFINITIONAL_REPRESENTATION('',(#3589),#3593);
#3589 = LINE('',#3590,#3591);
#3590 = CARTESIAN_POINT('',(6.28318530718,0.199999999986));
#3591 = VECTOR('',#3592,1.);
#3592 = DIRECTION('',(-1.,0.));
#3593 = ( GEOMETRIC_REPRESENTATION_CONTEXT(2) 
PARAMETRIC_REPRESENTATION_CONTEXT() REPRESENTATION_CONTEXT('2D SPACE',''
  ) );
#3594 = ORIENTED_EDGE('',*,*,#3595,.F.);
#3595 = EDGE_CURVE('',#3407,#3563,#3596,.T.);
#3596 = SURFACE_CURVE('',#3597,(#3601,#3608),.PCURVE_S1.);
#3597 = LINE('',#3598,#3599);
#3598 = CARTESIAN_POINT('',(-77.04605,-145.7648432403,-87.79199110776));
#3599 = VECTOR('',#3600,1.);
#3600 = DIRECTION('',(0.91081489669,-3.59930606261E-02,0.411242900916));
#3601 = PCURVE('',#2138,#3602);
#3602 = DEFINITIONAL_REPRESENTATION('',(#3603),#3607);
#3603 = LINE('',#3604,#3605);
#3604 = CARTESIAN_POINT('',(-19.39535158299,-8.790688231056));
#3605 = VECTOR('',#3606,1.);
#3606 = DIRECTION('',(0.91081489669,0.412814999688));
#3607 = ( GEOMETRIC_REPRESENTATION_CONTEXT(2) 
PARAMETRIC_REPRESENTATION_CONTEXT() REPRESENTATION_CONTEXT('2D SPACE',''
  ) );
#3608 = PCURVE('',#3609,#3614);
#3609 = PLANE('',#3610);
#3610 = AXIS2_PLACEMENT_3D('',#3611,#3612,#3613);
#3611 = CARTESIAN_POINT('',(-57.65069841701,-146.531293116,
    -79.03477955592));
#3612 = DIRECTION('',(-0.,-0.996191759571,-8.718932367605E-02));
#3613 = DIRECTION('',(1.,-0.,0.));
#3614 = DEFINITIONAL_REPRESENTATION('',(#3615),#3619);
#3615 = LINE('',#3616,#3617);
#3616 = CARTESIAN_POINT('',(-19.39535158299,-8.790688231056));
#3617 = VECTOR('',#3618,1.);
#3618 = DIRECTION('',(0.91081489669,0.412814999688));
#3619 = ( GEOMETRIC_REPRESENTATION_CONTEXT(2) 
PARAMETRIC_REPRESENTATION_CONTEXT() REPRESENTATION_CONTEXT('2D SPACE',''
  ) );
#3620 = ORIENTED_EDGE('',*,*,#3461,.T.);
#3621 = ORIENTED_EDGE('',*,*,#2123,.T.);
#3622 = ORIENTED_EDGE('',*,*,#3623,.T.);
#3623 = EDGE_CURVE('',#2101,#3535,#3624,.T.);
#3624 = SURFACE_CURVE('',#3625,(#3629,#3636),.PCURVE_S1.);
#3625 = LINE('',#3626,#3627);
#3626 = CARTESIAN_POINT('',(-56.59259,-143.8491813249,-109.6796091529));
#3627 = VECTOR('',#3628,1.);
#3628 = DIRECTION('',(0.532523775277,-7.379835534144E-02,0.843191693219)
  );
#3629 = PCURVE('',#2138,#3630);
#3630 = DEFINITIONAL_REPRESENTATION('',(#3631),#3635);
#3631 = LINE('',#3632,#3633);
#3632 = CARTESIAN_POINT('',(1.05810841701,-30.76197823105));
#3633 = VECTOR('',#3634,1.);
#3634 = DIRECTION('',(0.532523775277,0.846415045214));
#3635 = ( GEOMETRIC_REPRESENTATION_CONTEXT(2) 
PARAMETRIC_REPRESENTATION_CONTEXT() REPRESENTATION_CONTEXT('2D SPACE',''
  ) );
#3636 = PCURVE('',#3243,#3637);
#3637 = DEFINITIONAL_REPRESENTATION('',(#3638),#3642);
#3638 = LINE('',#3639,#3640);
#3639 = CARTESIAN_POINT('',(1.05810841701,-30.76197823105));
#3640 = VECTOR('',#3641,1.);
#3641 = DIRECTION('',(0.532523775277,0.846415045214));
#3642 = ( GEOMETRIC_REPRESENTATION_CONTEXT(2) 
PARAMETRIC_REPRESENTATION_CONTEXT() REPRESENTATION_CONTEXT('2D SPACE',''
  ) );
#3643 = ADVANCED_FACE('',(#3644),#2192,.F.);
#3644 = FACE_BOUND('',#3645,.F.);
#3645 = EDGE_LOOP('',(#3646,#3669,#3695));
#3646 = ORIENTED_EDGE('',*,*,#3647,.T.);
#3647 = EDGE_CURVE('',#2154,#3648,#3650,.T.);
#3648 = VERTEX_POINT('',#3649);
#3649 = CARTESIAN_POINT('',(-48.91501721409,-142.4908535411,
    -102.2607282753));
#3650 = SURFACE_CURVE('',#3651,(#3655,#3662),.PCURVE_S1.);
#3651 = LINE('',#3652,#3653);
#3652 = CARTESIAN_POINT('',(-57.96395,-140.1016313817,-129.5590886454));
#3653 = VECTOR('',#3654,1.);
#3654 = DIRECTION('',(0.313566080943,-8.279205058891E-02,0.945950204419)
  );
#3655 = PCURVE('',#2192,#3656);
#3656 = DEFINITIONAL_REPRESENTATION('',(#3657),#3661);
#3657 = LINE('',#3658,#3659);
#3658 = CARTESIAN_POINT('',(-19.39534752572,-8.790693358338));
#3659 = VECTOR('',#3660,1.);
#3660 = DIRECTION('',(0.313566080943,0.949566381504));
#3661 = ( GEOMETRIC_REPRESENTATION_CONTEXT(2) 
PARAMETRIC_REPRESENTATION_CONTEXT() REPRESENTATION_CONTEXT('2D SPACE',''
  ) );
#3662 = PCURVE('',#2274,#3663);
#3663 = DEFINITIONAL_REPRESENTATION('',(#3664),#3668);
#3664 = LINE('',#3665,#3666);
#3665 = CARTESIAN_POINT('',(-19.39534752572,-8.790693358338));
#3666 = VECTOR('',#3667,1.);
#3667 = DIRECTION('',(0.313566080943,0.949566381504));
#3668 = ( GEOMETRIC_REPRESENTATION_CONTEXT(2) 
PARAMETRIC_REPRESENTATION_CONTEXT() REPRESENTATION_CONTEXT('2D SPACE',''
  ) );
#3669 = ORIENTED_EDGE('',*,*,#3670,.T.);
#3670 = EDGE_CURVE('',#3648,#2177,#3671,.T.);
#3671 = SURFACE_CURVE('',#3672,(#3677,#3684),.PCURVE_S1.);
#3672 = CIRCLE('',#3673,21.294499207368);
#3673 = AXIS2_PLACEMENT_3D('',#3674,#3675,#3676);
#3674 = CARTESIAN_POINT('',(-38.56860247428,-140.8680817044,
    -120.8018719858));
#3675 = DIRECTION('',(0.,-0.996191759571,-8.718932367605E-02));
#3676 = DIRECTION('',(1.,-0.,0.));
#3677 = PCURVE('',#2192,#3678);
#3678 = DEFINITIONAL_REPRESENTATION('',(#3679),#3683);
#3679 = CIRCLE('',#3680,21.294499207368);
#3680 = AXIS2_PLACEMENT_2D('',#3681,#3682);
#3681 = CARTESIAN_POINT('',(0.,0.));
#3682 = DIRECTION('',(1.,0.));
#3683 = ( GEOMETRIC_REPRESENTATION_CONTEXT(2) 
PARAMETRIC_REPRESENTATION_CONTEXT() REPRESENTATION_CONTEXT('2D SPACE',''
  ) );
#3684 = PCURVE('',#3361,#3685);
#3685 = DEFINITIONAL_REPRESENTATION('',(#3686),#3694);
#3686 = ( BOUNDED_CURVE() B_SPLINE_CURVE(2,(#3687,#3688,#3689,#3690,
#3691,#3692,#3693),.UNSPECIFIED.,.T.,.F.) B_SPLINE_CURVE_WITH_KNOTS((1,2
    ,2,2,2,1),(-2.094395102393,0.,2.094395102393,4.188790204786,
6.28318530718,8.377580409573),.UNSPECIFIED.) CURVE() 
GEOMETRIC_REPRESENTATION_ITEM() RATIONAL_B_SPLINE_CURVE((1.,0.5,1.,0.5,
1.,0.5,1.)) REPRESENTATION_ITEM('') );
#3687 = CARTESIAN_POINT('',(-39.42598351658,-24.28295036466));
#3688 = CARTESIAN_POINT('',(-39.42598351658,12.600204184231));
#3689 = CARTESIAN_POINT('',(-7.484234705536,-5.841373090217));
#3690 = CARTESIAN_POINT('',(24.457514105516,-24.28295036466));
#3691 = CARTESIAN_POINT('',(-7.484234705536,-42.72452763911));
#3692 = CARTESIAN_POINT('',(-39.42598351658,-61.16610491356));
#3693 = CARTESIAN_POINT('',(-39.42598351658,-24.28295036466));
#3694 = ( GEOMETRIC_REPRESENTATION_CONTEXT(2) 
PARAMETRIC_REPRESENTATION_CONTEXT() REPRESENTATION_CONTEXT('2D SPACE',''
  ) );
#3695 = ORIENTED_EDGE('',*,*,#2176,.F.);
#3696 = ADVANCED_FACE('',(#3697),#2274,.F.);
#3697 = FACE_BOUND('',#3698,.F.);
#3698 = EDGE_LOOP('',(#3699,#3700,#3701,#3722,#3723,#3746));
#3699 = ORIENTED_EDGE('',*,*,#3647,.F.);
#3700 = ORIENTED_EDGE('',*,*,#2260,.F.);
#3701 = ORIENTED_EDGE('',*,*,#3702,.T.);
#3702 = EDGE_CURVE('',#2238,#2929,#3703,.T.);
#3703 = SURFACE_CURVE('',#3704,(#3708,#3715),.PCURVE_S1.);
#3704 = LINE('',#3705,#3706);
#3705 = CARTESIAN_POINT('',(-38.5686,-140.8680856974,-120.8018757064));
#3706 = VECTOR('',#3707,1.);
#3707 = DIRECTION('',(-0.412815044182,-7.941333307827E-02,0.907346274487
    ));
#3708 = PCURVE('',#2274,#3709);
#3709 = DEFINITIONAL_REPRESENTATION('',(#3710),#3714);
#3710 = LINE('',#3711,#3712);
#3711 = CARTESIAN_POINT('',(2.474279995113E-06,-3.35828408378E-06));
#3712 = VECTOR('',#3713,1.);
#3713 = DIRECTION('',(-0.412815044182,0.910814876524));
#3714 = ( GEOMETRIC_REPRESENTATION_CONTEXT(2) 
PARAMETRIC_REPRESENTATION_CONTEXT() REPRESENTATION_CONTEXT('2D SPACE',''
  ) );
#3715 = PCURVE('',#2916,#3716);
#3716 = DEFINITIONAL_REPRESENTATION('',(#3717),#3721);
#3717 = LINE('',#3718,#3719);
#3718 = CARTESIAN_POINT('',(12.77038370803,-41.16118806324));
#3719 = VECTOR('',#3720,1.);
#3720 = DIRECTION('',(0.412815044182,0.910814876524));
#3721 = ( GEOMETRIC_REPRESENTATION_CONTEXT(2) 
PARAMETRIC_REPRESENTATION_CONTEXT() REPRESENTATION_CONTEXT('2D SPACE',''
  ) );
#3722 = ORIENTED_EDGE('',*,*,#2928,.T.);
#3723 = ORIENTED_EDGE('',*,*,#3724,.T.);
#3724 = EDGE_CURVE('',#2900,#3725,#3727,.T.);
#3725 = VERTEX_POINT('',#3726);
#3726 = CARTESIAN_POINT('',(-47.35929131552,-142.5591510368,
    -101.4803872938));
#3727 = SURFACE_CURVE('',#3728,(#3732,#3739),.PCURVE_S1.);
#3728 = LINE('',#3729,#3730);
#3729 = CARTESIAN_POINT('',(-38.5686,-140.8680856974,-120.8018757064));
#3730 = VECTOR('',#3731,1.);
#3731 = DIRECTION('',(-0.412815044182,-7.941333307827E-02,0.907346274487
    ));
#3732 = PCURVE('',#2274,#3733);
#3733 = DEFINITIONAL_REPRESENTATION('',(#3734),#3738);
#3734 = LINE('',#3735,#3736);
#3735 = CARTESIAN_POINT('',(2.474279995113E-06,-3.35828408378E-06));
#3736 = VECTOR('',#3737,1.);
#3737 = DIRECTION('',(-0.412815044182,0.910814876524));
#3738 = ( GEOMETRIC_REPRESENTATION_CONTEXT(2) 
PARAMETRIC_REPRESENTATION_CONTEXT() REPRESENTATION_CONTEXT('2D SPACE',''
  ) );
#3739 = PCURVE('',#2916,#3740);
#3740 = DEFINITIONAL_REPRESENTATION('',(#3741),#3745);
#3741 = LINE('',#3742,#3743);
#3742 = CARTESIAN_POINT('',(12.77038370803,-41.16118806324));
#3743 = VECTOR('',#3744,1.);
#3744 = DIRECTION('',(0.412815044182,0.910814876524));
#3745 = ( GEOMETRIC_REPRESENTATION_CONTEXT(2) 
PARAMETRIC_REPRESENTATION_CONTEXT() REPRESENTATION_CONTEXT('2D SPACE',''
  ) );
#3746 = ORIENTED_EDGE('',*,*,#3747,.T.);
#3747 = EDGE_CURVE('',#3725,#3648,#3748,.T.);
#3748 = SURFACE_CURVE('',#3749,(#3754,#3761),.PCURVE_S1.);
#3749 = CIRCLE('',#3750,21.294499207368);
#3750 = AXIS2_PLACEMENT_3D('',#3751,#3752,#3753);
#3751 = CARTESIAN_POINT('',(-38.56860247428,-140.8680817044,
    -120.8018719858));
#3752 = DIRECTION('',(0.,-0.996191759571,-8.718932367605E-02));
#3753 = DIRECTION('',(1.,-0.,0.));
#3754 = PCURVE('',#2274,#3755);
#3755 = DEFINITIONAL_REPRESENTATION('',(#3756),#3760);
#3756 = CIRCLE('',#3757,21.294499207368);
#3757 = AXIS2_PLACEMENT_2D('',#3758,#3759);
#3758 = CARTESIAN_POINT('',(0.,0.));
#3759 = DIRECTION('',(1.,0.));
#3760 = ( GEOMETRIC_REPRESENTATION_CONTEXT(2) 
PARAMETRIC_REPRESENTATION_CONTEXT() REPRESENTATION_CONTEXT('2D SPACE',''
  ) );
#3761 = PCURVE('',#3762,#3767);
#3762 = PLANE('',#3763);
#3763 = AXIS2_PLACEMENT_3D('',#3764,#3765,#3766);
#3764 = CARTESIAN_POINT('',(-39.51921649559,-142.4216997897,
    -103.0508771783));
#3765 = DIRECTION('',(-0.,0.996191759571,8.718932367605E-02));
#3766 = DIRECTION('',(-1.,0.,-0.));
#3767 = DEFINITIONAL_REPRESENTATION('',(#3768),#3776);
#3768 = ( BOUNDED_CURVE() B_SPLINE_CURVE(2,(#3769,#3770,#3771,#3772,
#3773,#3774,#3775),.UNSPECIFIED.,.T.,.F.) B_SPLINE_CURVE_WITH_KNOTS((1,2
    ,2,2,2,1),(-2.094395102393,0.,2.094395102393,4.188790204786,
6.28318530718,8.377580409573),.UNSPECIFIED.) CURVE() 
GEOMETRIC_REPRESENTATION_ITEM() RATIONAL_B_SPLINE_CURVE((1.,0.5,1.,0.5,
1.,0.5,1.)) REPRESENTATION_ITEM('') );
#3769 = CARTESIAN_POINT('',(-22.24511322867,-17.81885366152));
#3770 = CARTESIAN_POINT('',(-22.24511322867,19.064300887371));
#3771 = CARTESIAN_POINT('',(9.696635582374,0.622723612923));
#3772 = CARTESIAN_POINT('',(41.638384393426,-17.81885366152));
#3773 = CARTESIAN_POINT('',(9.696635582374,-36.26043093597));
#3774 = CARTESIAN_POINT('',(-22.24511322867,-54.70200821042));
#3775 = CARTESIAN_POINT('',(-22.24511322867,-17.81885366152));
#3776 = ( GEOMETRIC_REPRESENTATION_CONTEXT(2) 
PARAMETRIC_REPRESENTATION_CONTEXT() REPRESENTATION_CONTEXT('2D SPACE',''
  ) );
#3777 = ADVANCED_FACE('',(#3778),#2357,.F.);
#3778 = FACE_BOUND('',#3779,.F.);
#3779 = EDGE_LOOP('',(#3780,#3803,#3804));
#3780 = ORIENTED_EDGE('',*,*,#3781,.T.);
#3781 = EDGE_CURVE('',#3782,#2238,#3784,.T.);
#3782 = VERTEX_POINT('',#3783);
#3783 = CARTESIAN_POINT('',(-27.22877207737,-142.4395826864,
    -102.8465293901));
#3784 = SURFACE_CURVE('',#3785,(#3789,#3796),.PCURVE_S1.);
#3785 = LINE('',#3786,#3787);
#3786 = CARTESIAN_POINT('',(8.39998,-147.3770982855,-46.43239524966));
#3787 = VECTOR('',#3788,1.);
#3788 = DIRECTION('',(-0.532523775277,7.379835534144E-02,-0.843191693219
    ));
#3789 = PCURVE('',#2357,#3790);
#3790 = DEFINITIONAL_REPRESENTATION('',(#3791),#3795);
#3791 = LINE('',#3792,#3793);
#3792 = CARTESIAN_POINT('',(46.96858247428,74.653776641643));
#3793 = VECTOR('',#3794,1.);
#3794 = DIRECTION('',(-0.532523775277,-0.846415045214));
#3795 = ( GEOMETRIC_REPRESENTATION_CONTEXT(2) 
PARAMETRIC_REPRESENTATION_CONTEXT() REPRESENTATION_CONTEXT('2D SPACE',''
  ) );
#3796 = PCURVE('',#2916,#3797);
#3797 = DEFINITIONAL_REPRESENTATION('',(#3798),#3802);
#3798 = LINE('',#3799,#3800);
#3799 = CARTESIAN_POINT('',(-34.19819629197,33.492591936678));
#3800 = VECTOR('',#3801,1.);
#3801 = DIRECTION('',(0.532523775277,-0.846415045214));
#3802 = ( GEOMETRIC_REPRESENTATION_CONTEXT(2) 
PARAMETRIC_REPRESENTATION_CONTEXT() REPRESENTATION_CONTEXT('2D SPACE',''
  ) );
#3803 = ORIENTED_EDGE('',*,*,#2343,.F.);
#3804 = ORIENTED_EDGE('',*,*,#3805,.T.);
#3805 = EDGE_CURVE('',#2316,#3782,#3806,.T.);
#3806 = SURFACE_CURVE('',#3807,(#3812,#3819),.PCURVE_S1.);
#3807 = CIRCLE('',#3808,21.294499207368);
#3808 = AXIS2_PLACEMENT_3D('',#3809,#3810,#3811);
#3809 = CARTESIAN_POINT('',(-38.56860247428,-140.8680817044,
    -120.8018719858));
#3810 = DIRECTION('',(0.,-0.996191759571,-8.718932367605E-02));
#3811 = DIRECTION('',(1.,-0.,0.));
#3812 = PCURVE('',#2357,#3813);
#3813 = DEFINITIONAL_REPRESENTATION('',(#3814),#3818);
#3814 = CIRCLE('',#3815,21.294499207368);
#3815 = AXIS2_PLACEMENT_2D('',#3816,#3817);
#3816 = CARTESIAN_POINT('',(0.,0.));
#3817 = DIRECTION('',(1.,0.));
#3818 = ( GEOMETRIC_REPRESENTATION_CONTEXT(2) 
PARAMETRIC_REPRESENTATION_CONTEXT() REPRESENTATION_CONTEXT('2D SPACE',''
  ) );
#3819 = PCURVE('',#2605,#3820);
#3820 = DEFINITIONAL_REPRESENTATION('',(#3821),#3829);
#3821 = ( BOUNDED_CURVE() B_SPLINE_CURVE(2,(#3822,#3823,#3824,#3825,
#3826,#3827,#3828),.UNSPECIFIED.,.T.,.F.) B_SPLINE_CURVE_WITH_KNOTS((1,2
    ,2,2,2,1),(-2.094395102393,0.,2.094395102393,4.188790204786,
6.28318530718,8.377580409573),.UNSPECIFIED.) CURVE() 
GEOMETRIC_REPRESENTATION_ITEM() RATIONAL_B_SPLINE_CURVE((1.,0.5,1.,0.5,
1.,0.5,1.)) REPRESENTATION_ITEM('') );
#3822 = CARTESIAN_POINT('',(-22.24511322867,-17.81885366152));
#3823 = CARTESIAN_POINT('',(-22.24511322867,19.064300887371));
#3824 = CARTESIAN_POINT('',(9.696635582374,0.622723612923));
#3825 = CARTESIAN_POINT('',(41.638384393426,-17.81885366152));
#3826 = CARTESIAN_POINT('',(9.696635582374,-36.26043093597));
#3827 = CARTESIAN_POINT('',(-22.24511322867,-54.70200821042));
#3828 = CARTESIAN_POINT('',(-22.24511322867,-17.81885366152));
#3829 = ( GEOMETRIC_REPRESENTATION_CONTEXT(2) 
PARAMETRIC_REPRESENTATION_CONTEXT() REPRESENTATION_CONTEXT('2D SPACE',''
  ) );
#3830 = ADVANCED_FACE('',(#3831),#2391,.T.);
#3831 = FACE_BOUND('',#3832,.T.);
#3832 = EDGE_LOOP('',(#3833,#3862,#3883,#3884));
#3833 = ORIENTED_EDGE('',*,*,#3834,.F.);
#3834 = EDGE_CURVE('',#3835,#2430,#3837,.T.);
#3835 = VERTEX_POINT('',#3836);
#3836 = CARTESIAN_POINT('',(-2.939846377946,-147.7979807439,
    -64.56211739237));
#3837 = SURFACE_CURVE('',#3838,(#3843,#3850),.PCURVE_S1.);
#3838 = CIRCLE('',#3839,21.294499207368);
#3839 = AXIS2_PLACEMENT_3D('',#3840,#3841,#3842);
#3840 = CARTESIAN_POINT('',(8.399977204031,-149.3694778139,
    -46.60677015036));
#3841 = DIRECTION('',(0.,-0.996191759571,-8.718932367605E-02));
#3842 = DIRECTION('',(1.,-0.,0.));
#3843 = PCURVE('',#2391,#3844);
#3844 = DEFINITIONAL_REPRESENTATION('',(#3845),#3849);
#3845 = CIRCLE('',#3846,21.294499207368);
#3846 = AXIS2_PLACEMENT_2D('',#3847,#3848);
#3847 = CARTESIAN_POINT('',(26.061717555641,26.004142500501));
#3848 = DIRECTION('',(1.,0.));
#3849 = ( GEOMETRIC_REPRESENTATION_CONTEXT(2) 
PARAMETRIC_REPRESENTATION_CONTEXT() REPRESENTATION_CONTEXT('2D SPACE',''
  ) );
#3850 = PCURVE('',#3851,#3856);
#3851 = PLANE('',#3852);
#3852 = AXIS2_PLACEMENT_3D('',#3853,#3854,#3855);
#3853 = CARTESIAN_POINT('',(8.399977204031,-149.3694778139,
    -46.60677015036));
#3854 = DIRECTION('',(-0.,-0.996191759571,-8.718932367605E-02));
#3855 = DIRECTION('',(1.,-0.,0.));
#3856 = DEFINITIONAL_REPRESENTATION('',(#3857),#3861);
#3857 = CIRCLE('',#3858,21.294499207368);
#3858 = AXIS2_PLACEMENT_2D('',#3859,#3860);
#3859 = CARTESIAN_POINT('',(0.,0.));
#3860 = DIRECTION('',(1.,0.));
#3861 = ( GEOMETRIC_REPRESENTATION_CONTEXT(2) 
PARAMETRIC_REPRESENTATION_CONTEXT() REPRESENTATION_CONTEXT('2D SPACE',''
  ) );
#3862 = ORIENTED_EDGE('',*,*,#3863,.F.);
#3863 = EDGE_CURVE('',#2376,#3835,#3864,.T.);
#3864 = SURFACE_CURVE('',#3865,(#3869,#3876),.PCURVE_S1.);
#3865 = LINE('',#3866,#3867);
#3866 = CARTESIAN_POINT('',(-38.5686,-142.8604692166,-120.9762543538));
#3867 = VECTOR('',#3868,1.);
#3868 = DIRECTION('',(0.532523775277,-7.379835534144E-02,0.843191693219)
  );
#3869 = PCURVE('',#2391,#3870);
#3870 = DEFINITIONAL_REPRESENTATION('',(#3871),#3875);
#3871 = LINE('',#3872,#3873);
#3872 = CARTESIAN_POINT('',(-20.90685964839,-48.6496408839));
#3873 = VECTOR('',#3874,1.);
#3874 = DIRECTION('',(0.532523775277,0.846415045214));
#3875 = ( GEOMETRIC_REPRESENTATION_CONTEXT(2) 
PARAMETRIC_REPRESENTATION_CONTEXT() REPRESENTATION_CONTEXT('2D SPACE',''
  ) );
#3876 = PCURVE('',#3055,#3877);
#3877 = DEFINITIONAL_REPRESENTATION('',(#3878),#3882);
#3878 = LINE('',#3879,#3880);
#3879 = CARTESIAN_POINT('',(-12.77038370803,-41.16118806329));
#3880 = VECTOR('',#3881,1.);
#3881 = DIRECTION('',(0.532523775277,0.846415045214));
#3882 = ( GEOMETRIC_REPRESENTATION_CONTEXT(2) 
PARAMETRIC_REPRESENTATION_CONTEXT() REPRESENTATION_CONTEXT('2D SPACE',''
  ) );
#3883 = ORIENTED_EDGE('',*,*,#2375,.F.);
#3884 = ORIENTED_EDGE('',*,*,#2458,.F.);
#3885 = ADVANCED_FACE('',(#3886),#2446,.T.);
#3886 = FACE_BOUND('',#3887,.T.);
#3887 = EDGE_LOOP('',(#3888,#3911,#3912));
#3888 = ORIENTED_EDGE('',*,*,#3889,.T.);
#3889 = EDGE_CURVE('',#3890,#2430,#3892,.T.);
#3890 = VERTEX_POINT('',#3891);
#3891 = CARTESIAN_POINT('',(14.391403220837,-147.7239544891,
    -65.40793764887));
#3892 = SURFACE_CURVE('',#3893,(#3897,#3904),.PCURVE_S1.);
#3893 = LINE('',#3894,#3895);
#3894 = CARTESIAN_POINT('',(26.42396,-148.3807705682,-57.90340913603));
#3895 = VECTOR('',#3896,1.);
#3896 = DIRECTION('',(-0.847590638314,4.626707107615E-02,-0.528629802392
    ));
#3897 = PCURVE('',#2446,#3898);
#3898 = DEFINITIONAL_REPRESENTATION('',(#3899),#3903);
#3899 = LINE('',#3900,#3901);
#3900 = CARTESIAN_POINT('',(18.023982795969,-11.33982338443));
#3901 = VECTOR('',#3902,1.);
#3902 = DIRECTION('',(-0.847590638314,-0.530650647642));
#3903 = ( GEOMETRIC_REPRESENTATION_CONTEXT(2) 
PARAMETRIC_REPRESENTATION_CONTEXT() REPRESENTATION_CONTEXT('2D SPACE',''
  ) );
#3904 = PCURVE('',#3851,#3905);
#3905 = DEFINITIONAL_REPRESENTATION('',(#3906),#3910);
#3906 = LINE('',#3907,#3908);
#3907 = CARTESIAN_POINT('',(18.023982795969,-11.33982338443));
#3908 = VECTOR('',#3909,1.);
#3909 = DIRECTION('',(-0.847590638314,-0.530650647642));
#3910 = ( GEOMETRIC_REPRESENTATION_CONTEXT(2) 
PARAMETRIC_REPRESENTATION_CONTEXT() REPRESENTATION_CONTEXT('2D SPACE',''
  ) );
#3911 = ORIENTED_EDGE('',*,*,#2429,.T.);
#3912 = ORIENTED_EDGE('',*,*,#3913,.F.);
#3913 = EDGE_CURVE('',#3890,#1429,#3914,.T.);
#3914 = SURFACE_CURVE('',#3915,(#3919,#3926),.PCURVE_S1.);
#3915 = LINE('',#3916,#3917);
#3916 = CARTESIAN_POINT('',(-67.06422,-148.1966851335,-60.00669868377));
#3917 = VECTOR('',#3918,1.);
#3918 = DIRECTION('',(0.997792053465,5.790722134242E-03,
    -6.616256932476E-02));
#3919 = PCURVE('',#2446,#3920);
#3920 = DEFINITIONAL_REPRESENTATION('',(#3921),#3925);
#3921 = LINE('',#3922,#3923);
#3922 = CARTESIAN_POINT('',(-75.46419720403,-13.45115338443));
#3923 = VECTOR('',#3924,1.);
#3924 = DIRECTION('',(0.997792053465,-6.641549549984E-02));
#3925 = ( GEOMETRIC_REPRESENTATION_CONTEXT(2) 
PARAMETRIC_REPRESENTATION_CONTEXT() REPRESENTATION_CONTEXT('2D SPACE',''
  ) );
#3926 = PCURVE('',#2498,#3927);
#3927 = DEFINITIONAL_REPRESENTATION('',(#3928),#3932);
#3928 = LINE('',#3929,#3930);
#3929 = CARTESIAN_POINT('',(-75.46419720403,-13.45115338443));
#3930 = VECTOR('',#3931,1.);
#3931 = DIRECTION('',(0.997792053465,-6.641549549984E-02));
#3932 = ( GEOMETRIC_REPRESENTATION_CONTEXT(2) 
PARAMETRIC_REPRESENTATION_CONTEXT() REPRESENTATION_CONTEXT('2D SPACE',''
  ) );
#3933 = ADVANCED_FACE('',(#3934),#2498,.T.);
#3934 = FACE_BOUND('',#3935,.T.);
#3935 = EDGE_LOOP('',(#3936,#3937,#3938));
#3936 = ORIENTED_EDGE('',*,*,#3913,.T.);
#3937 = ORIENTED_EDGE('',*,*,#2482,.F.);
#3938 = ORIENTED_EDGE('',*,*,#3939,.T.);
#3939 = EDGE_CURVE('',#2483,#3890,#3940,.T.);
#3940 = SURFACE_CURVE('',#3941,(#3945,#3952),.PCURVE_S1.);
#3941 = LINE('',#3942,#3943);
#3942 = CARTESIAN_POINT('',(26.42396,-148.3807705682,-57.90340913603));
#3943 = VECTOR('',#3944,1.);
#3944 = DIRECTION('',(-0.847590638314,4.626707107615E-02,-0.528629802392
    ));
#3945 = PCURVE('',#2498,#3946);
#3946 = DEFINITIONAL_REPRESENTATION('',(#3947),#3951);
#3947 = LINE('',#3948,#3949);
#3948 = CARTESIAN_POINT('',(18.023982795969,-11.33982338443));
#3949 = VECTOR('',#3950,1.);
#3950 = DIRECTION('',(-0.847590638314,-0.530650647642));
#3951 = ( GEOMETRIC_REPRESENTATION_CONTEXT(2) 
PARAMETRIC_REPRESENTATION_CONTEXT() REPRESENTATION_CONTEXT('2D SPACE',''
  ) );
#3952 = PCURVE('',#3953,#3958);
#3953 = PLANE('',#3954);
#3954 = AXIS2_PLACEMENT_3D('',#3955,#3956,#3957);
#3955 = CARTESIAN_POINT('',(8.399977204031,-149.3694778139,
    -46.60677015036));
#3956 = DIRECTION('',(-0.,-0.996191759571,-8.718932367605E-02));
#3957 = DIRECTION('',(1.,-0.,0.));
#3958 = DEFINITIONAL_REPRESENTATION('',(#3959),#3963);
#3959 = LINE('',#3960,#3961);
#3960 = CARTESIAN_POINT('',(18.023982795969,-11.33982338443));
#3961 = VECTOR('',#3962,1.);
#3962 = DIRECTION('',(-0.847590638314,-0.530650647642));
#3963 = ( GEOMETRIC_REPRESENTATION_CONTEXT(2) 
PARAMETRIC_REPRESENTATION_CONTEXT() REPRESENTATION_CONTEXT('2D SPACE',''
  ) );
#3964 = ADVANCED_FACE('',(#3965),#2549,.T.);
#3965 = FACE_BOUND('',#3966,.T.);
#3966 = EDGE_LOOP('',(#3967,#3968,#3996));
#3967 = ORIENTED_EDGE('',*,*,#2535,.F.);
#3968 = ORIENTED_EDGE('',*,*,#3969,.F.);
#3969 = EDGE_CURVE('',#3970,#2512,#3972,.T.);
#3970 = VERTEX_POINT('',#3971);
#3971 = CARTESIAN_POINT('',(8.39998,-149.3694818046,-46.60677389702));
#3972 = SURFACE_CURVE('',#3973,(#3977,#3984),.PCURVE_S1.);
#3973 = LINE('',#3974,#3975);
#3974 = CARTESIAN_POINT('',(-9.62401,-150.3581939129,-35.31012869608));
#3975 = VECTOR('',#3976,1.);
#3976 = DIRECTION('',(0.846415096421,4.643038071147E-02,-0.530495715627)
  );
#3977 = PCURVE('',#2549,#3978);
#3978 = DEFINITIONAL_REPRESENTATION('',(#3979),#3983);
#3979 = LINE('',#3980,#3981);
#3980 = CARTESIAN_POINT('',(-18.02398720403,11.33982661556));
#3981 = VECTOR('',#3982,1.);
#3982 = DIRECTION('',(0.846415096421,-0.532523693887));
#3983 = ( GEOMETRIC_REPRESENTATION_CONTEXT(2) 
PARAMETRIC_REPRESENTATION_CONTEXT() REPRESENTATION_CONTEXT('2D SPACE',''
  ) );
#3984 = PCURVE('',#3985,#3990);
#3985 = PLANE('',#3986);
#3986 = AXIS2_PLACEMENT_3D('',#3987,#3988,#3989);
#3987 = CARTESIAN_POINT('',(8.399977204031,-149.3694778139,
    -46.60677015036));
#3988 = DIRECTION('',(-0.,-0.996191759571,-8.718932367605E-02));
#3989 = DIRECTION('',(1.,-0.,0.));
#3990 = DEFINITIONAL_REPRESENTATION('',(#3991),#3995);
#3991 = LINE('',#3992,#3993);
#3992 = CARTESIAN_POINT('',(-18.02398720403,11.33982661556));
#3993 = VECTOR('',#3994,1.);
#3994 = DIRECTION('',(0.846415096421,-0.532523693887));
#3995 = ( GEOMETRIC_REPRESENTATION_CONTEXT(2) 
PARAMETRIC_REPRESENTATION_CONTEXT() REPRESENTATION_CONTEXT('2D SPACE',''
  ) );
#3996 = ORIENTED_EDGE('',*,*,#3997,.T.);
#3997 = EDGE_CURVE('',#3970,#2483,#3998,.T.);
#3998 = SURFACE_CURVE('',#3999,(#4003,#4010),.PCURVE_S1.);
#3999 = LINE('',#4000,#4001);
#4000 = CARTESIAN_POINT('',(-1.01354,-151.0348693821,-27.57869441197));
#4001 = VECTOR('',#4002,1.);
#4002 = DIRECTION('',(0.442063466418,7.820740864419E-02,-0.893567844594)
  );
#4003 = PCURVE('',#2549,#4004);
#4004 = DEFINITIONAL_REPRESENTATION('',(#4005),#4009);
#4005 = LINE('',#4006,#4007);
#4006 = CARTESIAN_POINT('',(-9.413517204031,19.100816615562));
#4007 = VECTOR('',#4008,1.);
#4008 = DIRECTION('',(0.442063466418,-0.896983774468));
#4009 = ( GEOMETRIC_REPRESENTATION_CONTEXT(2) 
PARAMETRIC_REPRESENTATION_CONTEXT() REPRESENTATION_CONTEXT('2D SPACE',''
  ) );
#4010 = PCURVE('',#3953,#4011);
#4011 = DEFINITIONAL_REPRESENTATION('',(#4012),#4016);
#4012 = LINE('',#4013,#4014);
#4013 = CARTESIAN_POINT('',(-9.413517204031,19.100816615562));
#4014 = VECTOR('',#4015,1.);
#4015 = DIRECTION('',(0.442063466418,-0.896983774468));
#4016 = ( GEOMETRIC_REPRESENTATION_CONTEXT(2) 
PARAMETRIC_REPRESENTATION_CONTEXT() REPRESENTATION_CONTEXT('2D SPACE',''
  ) );
#4017 = ADVANCED_FACE('',(#4018),#2631,.T.);
#4018 = FACE_BOUND('',#4019,.T.);
#4019 = EDGE_LOOP('',(#4020,#4043,#4044,#4072));
#4020 = ORIENTED_EDGE('',*,*,#4021,.F.);
#4021 = EDGE_CURVE('',#2565,#4022,#4024,.T.);
#4022 = VERTEX_POINT('',#4023);
#4023 = CARTESIAN_POINT('',(-14.8452494718,-144.308370904,-81.4944969035
    ));
#4024 = SURFACE_CURVE('',#4025,(#4029,#4036),.PCURVE_S1.);
#4025 = LINE('',#4026,#4027);
#4026 = CARTESIAN_POINT('',(-20.54462,-139.879374461,-132.0985109455));
#4027 = VECTOR('',#4028,1.);
#4028 = DIRECTION('',(0.111498339761,-8.664566512267E-02,0.989980125531)
  );
#4029 = PCURVE('',#2631,#4030);
#4030 = DEFINITIONAL_REPRESENTATION('',(#4031),#4035);
#4031 = LINE('',#4032,#4033);
#4032 = CARTESIAN_POINT('',(-5.25359629197,-52.50100806333));
#4033 = VECTOR('',#4034,1.);
#4034 = DIRECTION('',(-0.111498339761,0.993764620134));
#4035 = ( GEOMETRIC_REPRESENTATION_CONTEXT(2) 
PARAMETRIC_REPRESENTATION_CONTEXT() REPRESENTATION_CONTEXT('2D SPACE',''
  ) );
#4036 = PCURVE('',#2723,#4037);
#4037 = DEFINITIONAL_REPRESENTATION('',(#4038),#4042);
#4038 = LINE('',#4039,#4040);
#4039 = CARTESIAN_POINT('',(-5.25359629197,-52.50100806333));
#4040 = VECTOR('',#4041,1.);
#4041 = DIRECTION('',(-0.111498339761,0.993764620134));
#4042 = ( GEOMETRIC_REPRESENTATION_CONTEXT(2) 
PARAMETRIC_REPRESENTATION_CONTEXT() REPRESENTATION_CONTEXT('2D SPACE',''
  ) );
#4043 = ORIENTED_EDGE('',*,*,#2617,.T.);
#4044 = ORIENTED_EDGE('',*,*,#4045,.F.);
#4045 = EDGE_CURVE('',#4046,#2590,#4048,.T.);
#4046 = VERTEX_POINT('',#4047);
#4047 = CARTESIAN_POINT('',(-29.74458494696,-143.6681494973,
    -88.80942105621));
#4048 = SURFACE_CURVE('',#4049,(#4053,#4060),.PCURVE_S1.);
#4049 = LINE('',#4050,#4051);
#4050 = CARTESIAN_POINT('',(-38.25535,-145.3053683526,-70.10318658252));
#4051 = VECTOR('',#4052,1.);
#4052 = DIRECTION('',(0.412814864713,7.941334017031E-02,-0.90734635552)
  );
#4053 = PCURVE('',#2631,#4054);
#4054 = DEFINITIONAL_REPRESENTATION('',(#4055),#4059);
#4055 = LINE('',#4056,#4057);
#4056 = CARTESIAN_POINT('',(12.45713370803,9.731311936672));
#4057 = VECTOR('',#4058,1.);
#4058 = DIRECTION('',(-0.412814864713,-0.910814957866));
#4059 = ( GEOMETRIC_REPRESENTATION_CONTEXT(2) 
PARAMETRIC_REPRESENTATION_CONTEXT() REPRESENTATION_CONTEXT('2D SPACE',''
  ) );
#4060 = PCURVE('',#4061,#4066);
#4061 = PLANE('',#4062);
#4062 = AXIS2_PLACEMENT_3D('',#4063,#4064,#4065);
#4063 = CARTESIAN_POINT('',(-25.79821629197,-144.4569018464,
    -79.79743934365));
#4064 = DIRECTION('',(-0.,0.996191759571,8.718932367605E-02));
#4065 = DIRECTION('',(-1.,0.,-0.));
#4066 = DEFINITIONAL_REPRESENTATION('',(#4067),#4071);
#4067 = LINE('',#4068,#4069);
#4068 = CARTESIAN_POINT('',(12.45713370803,9.731311936672));
#4069 = VECTOR('',#4070,1.);
#4070 = DIRECTION('',(-0.412814864713,-0.910814957866));
#4071 = ( GEOMETRIC_REPRESENTATION_CONTEXT(2) 
PARAMETRIC_REPRESENTATION_CONTEXT() REPRESENTATION_CONTEXT('2D SPACE',''
  ) );
#4072 = ORIENTED_EDGE('',*,*,#4073,.F.);
#4073 = EDGE_CURVE('',#4022,#4046,#4074,.T.);
#4074 = SURFACE_CURVE('',#4075,(#4079,#4086),.PCURVE_S1.);
#4075 = LINE('',#4076,#4077);
#4076 = CARTESIAN_POINT('',(17.8135,-145.711710708,-65.46047473471));
#4077 = VECTOR('',#4078,1.);
#4078 = DIRECTION('',(-0.896983796339,3.854321078962E-02,-0.440379938244
    ));
#4079 = PCURVE('',#2631,#4080);
#4080 = DEFINITIONAL_REPRESENTATION('',(#4081),#4085);
#4081 = LINE('',#4082,#4083);
#4082 = CARTESIAN_POINT('',(-43.61171629197,14.391771936671));
#4083 = VECTOR('',#4084,1.);
#4084 = DIRECTION('',(0.896983796339,-0.44206342204));
#4085 = ( GEOMETRIC_REPRESENTATION_CONTEXT(2) 
PARAMETRIC_REPRESENTATION_CONTEXT() REPRESENTATION_CONTEXT('2D SPACE',''
  ) );
#4086 = PCURVE('',#4087,#4092);
#4087 = PLANE('',#4088);
#4088 = AXIS2_PLACEMENT_3D('',#4089,#4090,#4091);
#4089 = CARTESIAN_POINT('',(-25.79821629197,-144.4569018464,
    -79.79743934365));
#4090 = DIRECTION('',(-0.,0.996191759571,8.718932367605E-02));
#4091 = DIRECTION('',(-1.,0.,-0.));
#4092 = DEFINITIONAL_REPRESENTATION('',(#4093),#4097);
#4093 = LINE('',#4094,#4095);
#4094 = CARTESIAN_POINT('',(-43.61171629197,14.391771936671));
#4095 = VECTOR('',#4096,1.);
#4096 = DIRECTION('',(0.896983796339,-0.44206342204));
#4097 = ( GEOMETRIC_REPRESENTATION_CONTEXT(2) 
PARAMETRIC_REPRESENTATION_CONTEXT() REPRESENTATION_CONTEXT('2D SPACE',''
  ) );
#4098 = ADVANCED_FACE('',(#4099),#2605,.T.);
#4099 = FACE_BOUND('',#4100,.T.);
#4100 = EDGE_LOOP('',(#4101,#4102,#4103));
#4101 = ORIENTED_EDGE('',*,*,#2589,.T.);
#4102 = ORIENTED_EDGE('',*,*,#3805,.T.);
#4103 = ORIENTED_EDGE('',*,*,#4104,.F.);
#4104 = EDGE_CURVE('',#2590,#3782,#4105,.T.);
#4105 = SURFACE_CURVE('',#4106,(#4110,#4117),.PCURVE_S1.);
#4106 = LINE('',#4107,#4108);
#4107 = CARTESIAN_POINT('',(8.39998,-147.3770982855,-46.43239524966));
#4108 = VECTOR('',#4109,1.);
#4109 = DIRECTION('',(-0.532523775277,7.379835534144E-02,-0.843191693219
    ));
#4110 = PCURVE('',#2605,#4111);
#4111 = DEFINITIONAL_REPRESENTATION('',(#4112),#4116);
#4112 = LINE('',#4113,#4114);
#4113 = CARTESIAN_POINT('',(-47.91919649559,56.834922980118));
#4114 = VECTOR('',#4115,1.);
#4115 = DIRECTION('',(0.532523775277,-0.846415045214));
#4116 = ( GEOMETRIC_REPRESENTATION_CONTEXT(2) 
PARAMETRIC_REPRESENTATION_CONTEXT() REPRESENTATION_CONTEXT('2D SPACE',''
  ) );
#4117 = PCURVE('',#4061,#4118);
#4118 = DEFINITIONAL_REPRESENTATION('',(#4119),#4123);
#4119 = LINE('',#4120,#4121);
#4120 = CARTESIAN_POINT('',(-34.19819629197,33.492591936678));
#4121 = VECTOR('',#4122,1.);
#4122 = DIRECTION('',(0.532523775277,-0.846415045214));
#4123 = ( GEOMETRIC_REPRESENTATION_CONTEXT(2) 
PARAMETRIC_REPRESENTATION_CONTEXT() REPRESENTATION_CONTEXT('2D SPACE',''
  ) );
#4124 = ADVANCED_FACE('',(#4125),#2664,.T.);
#4125 = FACE_BOUND('',#4126,.T.);
#4126 = EDGE_LOOP('',(#4127,#4155,#4186));
#4127 = ORIENTED_EDGE('',*,*,#4128,.F.);
#4128 = EDGE_CURVE('',#4129,#2649,#4131,.T.);
#4129 = VERTEX_POINT('',#4130);
#4130 = CARTESIAN_POINT('',(-2.939846377946,-145.8055972248,
    -64.38773874502));
#4131 = SURFACE_CURVE('',#4132,(#4136,#4143),.PCURVE_S1.);
#4132 = LINE('',#4133,#4134);
#4133 = CARTESIAN_POINT('',(8.39998,-147.3770982855,-46.43239524966));
#4134 = VECTOR('',#4135,1.);
#4135 = DIRECTION('',(-0.532523775277,7.379835534144E-02,-0.843191693219
    ));
#4136 = PCURVE('',#2664,#4137);
#4137 = DEFINITIONAL_REPRESENTATION('',(#4138),#4142);
#4138 = LINE('',#4139,#4140);
#4139 = CARTESIAN_POINT('',(-12.16154766216,34.749459317443));
#4140 = VECTOR('',#4141,1.);
#4141 = DIRECTION('',(0.532523775277,-0.846415045214));
#4142 = ( GEOMETRIC_REPRESENTATION_CONTEXT(2) 
PARAMETRIC_REPRESENTATION_CONTEXT() REPRESENTATION_CONTEXT('2D SPACE',''
  ) );
#4143 = PCURVE('',#4144,#4149);
#4144 = PLANE('',#4145);
#4145 = AXIS2_PLACEMENT_3D('',#4146,#4147,#4148);
#4146 = CARTESIAN_POINT('',(-25.79821629197,-144.4569018464,
    -79.79743934365));
#4147 = DIRECTION('',(-0.,0.996191759571,8.718932367605E-02));
#4148 = DIRECTION('',(-1.,0.,-0.));
#4149 = DEFINITIONAL_REPRESENTATION('',(#4150),#4154);
#4150 = LINE('',#4151,#4152);
#4151 = CARTESIAN_POINT('',(-34.19819629197,33.492591936678));
#4152 = VECTOR('',#4153,1.);
#4153 = DIRECTION('',(0.532523775277,-0.846415045214));
#4154 = ( GEOMETRIC_REPRESENTATION_CONTEXT(2) 
PARAMETRIC_REPRESENTATION_CONTEXT() REPRESENTATION_CONTEXT('2D SPACE',''
  ) );
#4155 = ORIENTED_EDGE('',*,*,#4156,.T.);
#4156 = EDGE_CURVE('',#4129,#2647,#4157,.T.);
#4157 = SURFACE_CURVE('',#4158,(#4163,#4174),.PCURVE_S1.);
#4158 = CIRCLE('',#4159,21.294499207368);
#4159 = AXIS2_PLACEMENT_3D('',#4160,#4161,#4162);
#4160 = CARTESIAN_POINT('',(8.399977204031,-147.3770942948,
    -46.43239150301));
#4161 = DIRECTION('',(0.,-0.996191759571,-8.718932367605E-02));
#4162 = DIRECTION('',(1.,-0.,0.));
#4163 = PCURVE('',#2664,#4164);
#4164 = DEFINITIONAL_REPRESENTATION('',(#4165),#4173);
#4165 = ( BOUNDED_CURVE() B_SPLINE_CURVE(2,(#4166,#4167,#4168,#4169,
#4170,#4171,#4172),.UNSPECIFIED.,.T.,.F.) B_SPLINE_CURVE_WITH_KNOTS((1,2
    ,2,2,2,1),(-2.094395102393,0.,2.094395102393,4.188790204786,
6.28318530718,8.377580409573),.UNSPECIFIED.) CURVE() 
GEOMETRIC_REPRESENTATION_ITEM() RATIONAL_B_SPLINE_CURVE((1.,0.5,1.,0.5,
1.,0.5,1.)) REPRESENTATION_ITEM('') );
#4166 = CARTESIAN_POINT('',(-33.45604407356,34.749462701879));
#4167 = CARTESIAN_POINT('',(-33.45604407356,71.632617250775));
#4168 = CARTESIAN_POINT('',(-1.514295262513,53.191039976327));
#4169 = CARTESIAN_POINT('',(30.427453548539,34.749462701879));
#4170 = CARTESIAN_POINT('',(-1.514295262513,16.30788542743));
#4171 = CARTESIAN_POINT('',(-33.45604407356,-2.133691847018));
#4172 = CARTESIAN_POINT('',(-33.45604407356,34.749462701879));
#4173 = ( GEOMETRIC_REPRESENTATION_CONTEXT(2) 
PARAMETRIC_REPRESENTATION_CONTEXT() REPRESENTATION_CONTEXT('2D SPACE',''
  ) );
#4174 = PCURVE('',#4175,#4180);
#4175 = PLANE('',#4176);
#4176 = AXIS2_PLACEMENT_3D('',#4177,#4178,#4179);
#4177 = CARTESIAN_POINT('',(8.399977204031,-147.3770942948,
    -46.43239150301));
#4178 = DIRECTION('',(-0.,-0.996191759571,-8.718932367605E-02));
#4179 = DIRECTION('',(1.,-0.,0.));
#4180 = DEFINITIONAL_REPRESENTATION('',(#4181),#4185);
#4181 = CIRCLE('',#4182,21.294499207368);
#4182 = AXIS2_PLACEMENT_2D('',#4183,#4184);
#4183 = CARTESIAN_POINT('',(0.,0.));
#4184 = DIRECTION('',(1.,0.));
#4185 = ( GEOMETRIC_REPRESENTATION_CONTEXT(2) 
PARAMETRIC_REPRESENTATION_CONTEXT() REPRESENTATION_CONTEXT('2D SPACE',''
  ) );
#4186 = ORIENTED_EDGE('',*,*,#2646,.T.);
#4187 = ADVANCED_FACE('',(#4188),#2723,.T.);
#4188 = FACE_BOUND('',#4189,.T.);
#4189 = EDGE_LOOP('',(#4190,#4211,#4212));
#4190 = ORIENTED_EDGE('',*,*,#4191,.F.);
#4191 = EDGE_CURVE('',#2649,#4022,#4192,.T.);
#4192 = SURFACE_CURVE('',#4193,(#4197,#4204),.PCURVE_S1.);
#4193 = LINE('',#4194,#4195);
#4194 = CARTESIAN_POINT('',(17.8135,-145.711710708,-65.46047473471));
#4195 = VECTOR('',#4196,1.);
#4196 = DIRECTION('',(-0.896983796339,3.854321078962E-02,-0.440379938244
    ));
#4197 = PCURVE('',#2723,#4198);
#4198 = DEFINITIONAL_REPRESENTATION('',(#4199),#4203);
#4199 = LINE('',#4200,#4201);
#4200 = CARTESIAN_POINT('',(-43.61171629197,14.391771936671));
#4201 = VECTOR('',#4202,1.);
#4202 = DIRECTION('',(0.896983796339,-0.44206342204));
#4203 = ( GEOMETRIC_REPRESENTATION_CONTEXT(2) 
PARAMETRIC_REPRESENTATION_CONTEXT() REPRESENTATION_CONTEXT('2D SPACE',''
  ) );
#4204 = PCURVE('',#4144,#4205);
#4205 = DEFINITIONAL_REPRESENTATION('',(#4206),#4210);
#4206 = LINE('',#4207,#4208);
#4207 = CARTESIAN_POINT('',(-43.61171629197,14.391771936671));
#4208 = VECTOR('',#4209,1.);
#4209 = DIRECTION('',(0.896983796339,-0.44206342204));
#4210 = ( GEOMETRIC_REPRESENTATION_CONTEXT(2) 
PARAMETRIC_REPRESENTATION_CONTEXT() REPRESENTATION_CONTEXT('2D SPACE',''
  ) );
#4211 = ORIENTED_EDGE('',*,*,#2709,.T.);
#4212 = ORIENTED_EDGE('',*,*,#4021,.T.);
#4213 = ADVANCED_FACE('',(#4214),#2695,.F.);
#4214 = FACE_BOUND('',#4215,.F.);
#4215 = EDGE_LOOP('',(#4216,#4244,#4265,#4266));
#4216 = ORIENTED_EDGE('',*,*,#4217,.F.);
#4217 = EDGE_CURVE('',#4218,#2740,#4220,.T.);
#4218 = VERTEX_POINT('',#4219);
#4219 = CARTESIAN_POINT('',(8.39998,-147.3770982855,-46.43239524966));
#4220 = SURFACE_CURVE('',#4221,(#4225,#4232),.PCURVE_S1.);
#4221 = LINE('',#4222,#4223);
#4222 = CARTESIAN_POINT('',(-9.62401,-148.3658103938,-35.13575004873));
#4223 = VECTOR('',#4224,1.);
#4224 = DIRECTION('',(0.846415096421,4.643038071147E-02,-0.530495715627)
  );
#4225 = PCURVE('',#2695,#4226);
#4226 = DEFINITIONAL_REPRESENTATION('',(#4227),#4231);
#4227 = LINE('',#4228,#4229);
#4228 = CARTESIAN_POINT('',(-18.02398720403,11.33982661556));
#4229 = VECTOR('',#4230,1.);
#4230 = DIRECTION('',(0.846415096421,-0.532523693887));
#4231 = ( GEOMETRIC_REPRESENTATION_CONTEXT(2) 
PARAMETRIC_REPRESENTATION_CONTEXT() REPRESENTATION_CONTEXT('2D SPACE',''
  ) );
#4232 = PCURVE('',#4233,#4238);
#4233 = PLANE('',#4234);
#4234 = AXIS2_PLACEMENT_3D('',#4235,#4236,#4237);
#4235 = CARTESIAN_POINT('',(8.399977204031,-147.3770942948,
    -46.43239150301));
#4236 = DIRECTION('',(-0.,-0.996191759571,-8.718932367605E-02));
#4237 = DIRECTION('',(1.,-0.,0.));
#4238 = DEFINITIONAL_REPRESENTATION('',(#4239),#4243);
#4239 = LINE('',#4240,#4241);
#4240 = CARTESIAN_POINT('',(-18.02398720403,11.33982661556));
#4241 = VECTOR('',#4242,1.);
#4242 = DIRECTION('',(0.846415096421,-0.532523693887));
#4243 = ( GEOMETRIC_REPRESENTATION_CONTEXT(2) 
PARAMETRIC_REPRESENTATION_CONTEXT() REPRESENTATION_CONTEXT('2D SPACE',''
  ) );
#4244 = ORIENTED_EDGE('',*,*,#4245,.T.);
#4245 = EDGE_CURVE('',#4218,#2647,#4246,.T.);
#4246 = SURFACE_CURVE('',#4247,(#4251,#4258),.PCURVE_S1.);
#4247 = LINE('',#4248,#4249);
#4248 = CARTESIAN_POINT('',(-1.01354,-149.0424858629,-27.40431576462));
#4249 = VECTOR('',#4250,1.);
#4250 = DIRECTION('',(0.442063466418,7.820740864419E-02,-0.893567844594)
  );
#4251 = PCURVE('',#2695,#4252);
#4252 = DEFINITIONAL_REPRESENTATION('',(#4253),#4257);
#4253 = LINE('',#4254,#4255);
#4254 = CARTESIAN_POINT('',(-9.413517204031,19.100816615553));
#4255 = VECTOR('',#4256,1.);
#4256 = DIRECTION('',(0.442063466418,-0.896983774468));
#4257 = ( GEOMETRIC_REPRESENTATION_CONTEXT(2) 
PARAMETRIC_REPRESENTATION_CONTEXT() REPRESENTATION_CONTEXT('2D SPACE',''
  ) );
#4258 = PCURVE('',#4175,#4259);
#4259 = DEFINITIONAL_REPRESENTATION('',(#4260),#4264);
#4260 = LINE('',#4261,#4262);
#4261 = CARTESIAN_POINT('',(-9.413517204031,19.100816615553));
#4262 = VECTOR('',#4263,1.);
#4263 = DIRECTION('',(0.442063466418,-0.896983774468));
#4264 = ( GEOMETRIC_REPRESENTATION_CONTEXT(2) 
PARAMETRIC_REPRESENTATION_CONTEXT() REPRESENTATION_CONTEXT('2D SPACE',''
  ) );
#4265 = ORIENTED_EDGE('',*,*,#2676,.T.);
#4266 = ORIENTED_EDGE('',*,*,#2739,.T.);
#4267 = ADVANCED_FACE('',(#4268),#2805,.T.);
#4268 = FACE_BOUND('',#4269,.T.);
#4269 = EDGE_LOOP('',(#4270,#4298,#4319,#4320));
#4270 = ORIENTED_EDGE('',*,*,#4271,.T.);
#4271 = EDGE_CURVE('',#4272,#4274,#4276,.T.);
#4272 = VERTEX_POINT('',#4273);
#4273 = CARTESIAN_POINT('',(29.694476411399,-147.3770942948,
    -46.43239150301));
#4274 = VERTEX_POINT('',#4275);
#4275 = CARTESIAN_POINT('',(29.694476411399,-149.3694778139,
    -46.60677015036));
#4276 = SURFACE_CURVE('',#4277,(#4281,#4287),.PCURVE_S1.);
#4277 = LINE('',#4278,#4279);
#4278 = CARTESIAN_POINT('',(29.694476411399,-147.3770942948,
    -46.43239150301));
#4279 = VECTOR('',#4280,1.);
#4280 = DIRECTION('',(-0.,-0.996191759571,-8.718932367605E-02));
#4281 = PCURVE('',#2805,#4282);
#4282 = DEFINITIONAL_REPRESENTATION('',(#4283),#4286);
#4283 = B_SPLINE_CURVE_WITH_KNOTS('',1,(#4284,#4285),.UNSPECIFIED.,.F.,
  .F.,(2,2),(0.,2.),.PIECEWISE_BEZIER_KNOTS.);
#4284 = CARTESIAN_POINT('',(6.28318530718,0.));
#4285 = CARTESIAN_POINT('',(6.28318530718,2.));
#4286 = ( GEOMETRIC_REPRESENTATION_CONTEXT(2) 
PARAMETRIC_REPRESENTATION_CONTEXT() REPRESENTATION_CONTEXT('2D SPACE',''
  ) );
#4287 = PCURVE('',#4288,#4293);
#4288 = CYLINDRICAL_SURFACE('',#4289,21.294499207368);
#4289 = AXIS2_PLACEMENT_3D('',#4290,#4291,#4292);
#4290 = CARTESIAN_POINT('',(8.399977204031,-147.3770942948,
    -46.43239150301));
#4291 = DIRECTION('',(-0.,-0.996191759571,-8.718932367605E-02));
#4292 = DIRECTION('',(1.,-0.,0.));
#4293 = DEFINITIONAL_REPRESENTATION('',(#4294),#4297);
#4294 = B_SPLINE_CURVE_WITH_KNOTS('',1,(#4295,#4296),.UNSPECIFIED.,.F.,
  .F.,(2,2),(0.,2.),.PIECEWISE_BEZIER_KNOTS.);
#4295 = CARTESIAN_POINT('',(0.,0.));
#4296 = CARTESIAN_POINT('',(0.,2.));
#4297 = ( GEOMETRIC_REPRESENTATION_CONTEXT(2) 
PARAMETRIC_REPRESENTATION_CONTEXT() REPRESENTATION_CONTEXT('2D SPACE',''
  ) );
#4298 = ORIENTED_EDGE('',*,*,#4299,.F.);
#4299 = EDGE_CURVE('',#2512,#4274,#4300,.T.);
#4300 = SURFACE_CURVE('',#4301,(#4306,#4312),.PCURVE_S1.);
#4301 = CIRCLE('',#4302,21.294499207368);
#4302 = AXIS2_PLACEMENT_3D('',#4303,#4304,#4305);
#4303 = CARTESIAN_POINT('',(8.399977204031,-149.3694778139,
    -46.60677015036));
#4304 = DIRECTION('',(0.,-0.996191759571,-8.718932367605E-02));
#4305 = DIRECTION('',(1.,-0.,0.));
#4306 = PCURVE('',#2805,#4307);
#4307 = DEFINITIONAL_REPRESENTATION('',(#4308),#4311);
#4308 = B_SPLINE_CURVE_WITH_KNOTS('',1,(#4309,#4310),.UNSPECIFIED.,.F.,
  .F.,(2,2),(5.72160591117,6.28318530718),.PIECEWISE_BEZIER_KNOTS.);
#4309 = CARTESIAN_POINT('',(5.72160591117,2.));
#4310 = CARTESIAN_POINT('',(6.28318530718,2.));
#4311 = ( GEOMETRIC_REPRESENTATION_CONTEXT(2) 
PARAMETRIC_REPRESENTATION_CONTEXT() REPRESENTATION_CONTEXT('2D SPACE',''
  ) );
#4312 = PCURVE('',#3985,#4313);
#4313 = DEFINITIONAL_REPRESENTATION('',(#4314),#4318);
#4314 = CIRCLE('',#4315,21.294499207368);
#4315 = AXIS2_PLACEMENT_2D('',#4316,#4317);
#4316 = CARTESIAN_POINT('',(0.,0.));
#4317 = DIRECTION('',(1.,0.));
#4318 = ( GEOMETRIC_REPRESENTATION_CONTEXT(2) 
PARAMETRIC_REPRESENTATION_CONTEXT() REPRESENTATION_CONTEXT('2D SPACE',''
  ) );
#4319 = ORIENTED_EDGE('',*,*,#2791,.F.);
#4320 = ORIENTED_EDGE('',*,*,#4321,.T.);
#4321 = EDGE_CURVE('',#2740,#4272,#4322,.T.);
#4322 = SURFACE_CURVE('',#4323,(#4328,#4334),.PCURVE_S1.);
#4323 = CIRCLE('',#4324,21.294499207368);
#4324 = AXIS2_PLACEMENT_3D('',#4325,#4326,#4327);
#4325 = CARTESIAN_POINT('',(8.399977204031,-147.3770942948,
    -46.43239150301));
#4326 = DIRECTION('',(0.,-0.996191759571,-8.718932367605E-02));
#4327 = DIRECTION('',(1.,-0.,0.));
#4328 = PCURVE('',#2805,#4329);
#4329 = DEFINITIONAL_REPRESENTATION('',(#4330),#4333);
#4330 = B_SPLINE_CURVE_WITH_KNOTS('',1,(#4331,#4332),.UNSPECIFIED.,.F.,
  .F.,(2,2),(5.72160591117,6.28318530718),.PIECEWISE_BEZIER_KNOTS.);
#4331 = CARTESIAN_POINT('',(5.72160591117,0.));
#4332 = CARTESIAN_POINT('',(6.28318530718,0.));
#4333 = ( GEOMETRIC_REPRESENTATION_CONTEXT(2) 
PARAMETRIC_REPRESENTATION_CONTEXT() REPRESENTATION_CONTEXT('2D SPACE',''
  ) );
#4334 = PCURVE('',#4233,#4335);
#4335 = DEFINITIONAL_REPRESENTATION('',(#4336),#4340);
#4336 = CIRCLE('',#4337,21.294499207368);
#4337 = AXIS2_PLACEMENT_2D('',#4338,#4339);
#4338 = CARTESIAN_POINT('',(0.,0.));
#4339 = DIRECTION('',(1.,0.));
#4340 = ( GEOMETRIC_REPRESENTATION_CONTEXT(2) 
PARAMETRIC_REPRESENTATION_CONTEXT() REPRESENTATION_CONTEXT('2D SPACE',''
  ) );
#4341 = ADVANCED_FACE('',(#4342),#2916,.T.);
#4342 = FACE_BOUND('',#4343,.T.);
#4343 = EDGE_LOOP('',(#4344,#4374,#4375,#4376,#4377,#4378));
#4344 = ORIENTED_EDGE('',*,*,#4345,.F.);
#4345 = EDGE_CURVE('',#3782,#3725,#4346,.T.);
#4346 = SURFACE_CURVE('',#4347,(#4352,#4363),.PCURVE_S1.);
#4347 = CIRCLE('',#4348,21.294499207368);
#4348 = AXIS2_PLACEMENT_3D('',#4349,#4350,#4351);
#4349 = CARTESIAN_POINT('',(-38.56860247428,-140.8680817044,
    -120.8018719858));
#4350 = DIRECTION('',(0.,-0.996191759571,-8.718932367605E-02));
#4351 = DIRECTION('',(1.,-0.,0.));
#4352 = PCURVE('',#2916,#4353);
#4353 = DEFINITIONAL_REPRESENTATION('',(#4354),#4362);
#4354 = ( BOUNDED_CURVE() B_SPLINE_CURVE(2,(#4355,#4356,#4357,#4358,
#4359,#4360,#4361),.UNSPECIFIED.,.T.,.F.) B_SPLINE_CURVE_WITH_KNOTS((1,2
    ,2,2,2,1),(-2.094395102393,0.,2.094395102393,4.188790204786,
6.28318530718,8.377580409573),.UNSPECIFIED.) CURVE() 
GEOMETRIC_REPRESENTATION_ITEM() RATIONAL_B_SPLINE_CURVE((1.,0.5,1.,0.5,
1.,0.5,1.)) REPRESENTATION_ITEM('') );
#4355 = CARTESIAN_POINT('',(-8.524113025058,-41.16118470496));
#4356 = CARTESIAN_POINT('',(-8.524113025058,-4.278030156068));
#4357 = CARTESIAN_POINT('',(23.417635785994,-22.71960743051));
#4358 = CARTESIAN_POINT('',(55.359384597046,-41.16118470496));
#4359 = CARTESIAN_POINT('',(23.417635785994,-59.60276197941));
#4360 = CARTESIAN_POINT('',(-8.524113025058,-78.04433925386));
#4361 = CARTESIAN_POINT('',(-8.524113025058,-41.16118470496));
#4362 = ( GEOMETRIC_REPRESENTATION_CONTEXT(2) 
PARAMETRIC_REPRESENTATION_CONTEXT() REPRESENTATION_CONTEXT('2D SPACE',''
  ) );
#4363 = PCURVE('',#4061,#4364);
#4364 = DEFINITIONAL_REPRESENTATION('',(#4365),#4373);
#4365 = ( BOUNDED_CURVE() B_SPLINE_CURVE(2,(#4366,#4367,#4368,#4369,
#4370,#4371,#4372),.UNSPECIFIED.,.T.,.F.) B_SPLINE_CURVE_WITH_KNOTS((1,2
    ,2,2,2,1),(-2.094395102393,0.,2.094395102393,4.188790204786,
6.28318530718,8.377580409573),.UNSPECIFIED.) CURVE() 
GEOMETRIC_REPRESENTATION_ITEM() RATIONAL_B_SPLINE_CURVE((1.,0.5,1.,0.5,
1.,0.5,1.)) REPRESENTATION_ITEM('') );
#4366 = CARTESIAN_POINT('',(-8.524113025058,-41.16118470496));
#4367 = CARTESIAN_POINT('',(-8.524113025058,-4.278030156068));
#4368 = CARTESIAN_POINT('',(23.417635785994,-22.71960743051));
#4369 = CARTESIAN_POINT('',(55.359384597046,-41.16118470496));
#4370 = CARTESIAN_POINT('',(23.417635785994,-59.60276197941));
#4371 = CARTESIAN_POINT('',(-8.524113025058,-78.04433925386));
#4372 = CARTESIAN_POINT('',(-8.524113025058,-41.16118470496));
#4373 = ( GEOMETRIC_REPRESENTATION_CONTEXT(2) 
PARAMETRIC_REPRESENTATION_CONTEXT() REPRESENTATION_CONTEXT('2D SPACE',''
  ) );
#4374 = ORIENTED_EDGE('',*,*,#3781,.T.);
#4375 = ORIENTED_EDGE('',*,*,#3702,.T.);
#4376 = ORIENTED_EDGE('',*,*,#2956,.F.);
#4377 = ORIENTED_EDGE('',*,*,#2899,.F.);
#4378 = ORIENTED_EDGE('',*,*,#3724,.T.);
#4379 = ADVANCED_FACE('',(#4380),#3000,.T.);
#4380 = FACE_BOUND('',#4381,.T.);
#4381 = EDGE_LOOP('',(#4382,#4383,#4384,#4412));
#4382 = ORIENTED_EDGE('',*,*,#2981,.T.);
#4383 = ORIENTED_EDGE('',*,*,#3095,.T.);
#4384 = ORIENTED_EDGE('',*,*,#4385,.F.);
#4385 = EDGE_CURVE('',#4386,#3068,#4388,.T.);
#4386 = VERTEX_POINT('',#4387);
#4387 = CARTESIAN_POINT('',(-45.48805582474,-145.3880729143,
    -92.09682429271));
#4388 = SURFACE_CURVE('',#4389,(#4393,#4400),.PCURVE_S1.);
#4389 = LINE('',#4390,#4391);
#4390 = CARTESIAN_POINT('',(-56.59259,-143.8491813249,-109.6796091529));
#4391 = VECTOR('',#4392,1.);
#4392 = DIRECTION('',(0.532523775277,-7.379835534144E-02,0.843191693219)
  );
#4393 = PCURVE('',#3000,#4394);
#4394 = DEFINITIONAL_REPRESENTATION('',(#4395),#4399);
#4395 = LINE('',#4396,#4397);
#4396 = CARTESIAN_POINT('',(-30.79437370803,-29.82135806332));
#4397 = VECTOR('',#4398,1.);
#4398 = DIRECTION('',(0.532523775277,0.846415045214));
#4399 = ( GEOMETRIC_REPRESENTATION_CONTEXT(2) 
PARAMETRIC_REPRESENTATION_CONTEXT() REPRESENTATION_CONTEXT('2D SPACE',''
  ) );
#4400 = PCURVE('',#4401,#4406);
#4401 = PLANE('',#4402);
#4402 = AXIS2_PLACEMENT_3D('',#4403,#4404,#4405);
#4403 = CARTESIAN_POINT('',(-25.79821629197,-146.4492853655,
    -79.971817991));
#4404 = DIRECTION('',(-0.,-0.996191759571,-8.718932367605E-02));
#4405 = DIRECTION('',(1.,-0.,0.));
#4406 = DEFINITIONAL_REPRESENTATION('',(#4407),#4411);
#4407 = LINE('',#4408,#4409);
#4408 = CARTESIAN_POINT('',(-30.79437370803,-29.82135806332));
#4409 = VECTOR('',#4410,1.);
#4410 = DIRECTION('',(0.532523775277,0.846415045214));
#4411 = ( GEOMETRIC_REPRESENTATION_CONTEXT(2) 
PARAMETRIC_REPRESENTATION_CONTEXT() REPRESENTATION_CONTEXT('2D SPACE',''
  ) );
#4412 = ORIENTED_EDGE('',*,*,#4413,.F.);
#4413 = EDGE_CURVE('',#2982,#4386,#4414,.T.);
#4414 = SURFACE_CURVE('',#4415,(#4419,#4426),.PCURVE_S1.);
#4415 = LINE('',#4416,#4417);
#4416 = CARTESIAN_POINT('',(-57.96395,-142.0940149008,-129.7334672927));
#4417 = VECTOR('',#4418,1.);
#4418 = DIRECTION('',(0.313566080943,-8.279205058891E-02,0.945950204419)
  );
#4419 = PCURVE('',#3000,#4420);
#4420 = DEFINITIONAL_REPRESENTATION('',(#4421),#4425);
#4421 = LINE('',#4422,#4423);
#4422 = CARTESIAN_POINT('',(-32.16573370803,-49.95187806325));
#4423 = VECTOR('',#4424,1.);
#4424 = DIRECTION('',(0.313566080943,0.949566381504));
#4425 = ( GEOMETRIC_REPRESENTATION_CONTEXT(2) 
PARAMETRIC_REPRESENTATION_CONTEXT() REPRESENTATION_CONTEXT('2D SPACE',''
  ) );
#4426 = PCURVE('',#4427,#4432);
#4427 = PLANE('',#4428);
#4428 = AXIS2_PLACEMENT_3D('',#4429,#4430,#4431);
#4429 = CARTESIAN_POINT('',(-25.79821629197,-146.4492853655,
    -79.971817991));
#4430 = DIRECTION('',(-0.,-0.996191759571,-8.718932367605E-02));
#4431 = DIRECTION('',(1.,-0.,0.));
#4432 = DEFINITIONAL_REPRESENTATION('',(#4433),#4437);
#4433 = LINE('',#4434,#4435);
#4434 = CARTESIAN_POINT('',(-32.16573370803,-49.95187806325));
#4435 = VECTOR('',#4436,1.);
#4436 = DIRECTION('',(0.313566080943,0.949566381504));
#4437 = ( GEOMETRIC_REPRESENTATION_CONTEXT(2) 
PARAMETRIC_REPRESENTATION_CONTEXT() REPRESENTATION_CONTEXT('2D SPACE',''
  ) );
#4438 = ADVANCED_FACE('',(#4439),#3026,.T.);
#4439 = FACE_BOUND('',#4440,.T.);
#4440 = EDGE_LOOP('',(#4441,#4463,#4464));
#4441 = ORIENTED_EDGE('',*,*,#4442,.F.);
#4442 = EDGE_CURVE('',#3123,#2982,#4443,.T.);
#4443 = SURFACE_CURVE('',#4444,(#4449,#4456),.PCURVE_S1.);
#4444 = CIRCLE('',#4445,21.294499207368);
#4445 = AXIS2_PLACEMENT_3D('',#4446,#4447,#4448);
#4446 = CARTESIAN_POINT('',(-57.65069841701,-146.531293116,
    -79.03477955592));
#4447 = DIRECTION('',(0.,-0.996191759571,-8.718932367605E-02));
#4448 = DIRECTION('',(1.,-0.,0.));
#4449 = PCURVE('',#3026,#4450);
#4450 = DEFINITIONAL_REPRESENTATION('',(#4451),#4455);
#4451 = CIRCLE('',#4452,21.294499207368);
#4452 = AXIS2_PLACEMENT_2D('',#4453,#4454);
#4453 = CARTESIAN_POINT('',(-31.85248212504,0.94062016773));
#4454 = DIRECTION('',(1.,0.));
#4455 = ( GEOMETRIC_REPRESENTATION_CONTEXT(2) 
PARAMETRIC_REPRESENTATION_CONTEXT() REPRESENTATION_CONTEXT('2D SPACE',''
  ) );
#4456 = PCURVE('',#4427,#4457);
#4457 = DEFINITIONAL_REPRESENTATION('',(#4458),#4462);
#4458 = CIRCLE('',#4459,21.294499207368);
#4459 = AXIS2_PLACEMENT_2D('',#4460,#4461);
#4460 = CARTESIAN_POINT('',(-31.85248212504,0.94062016773));
#4461 = DIRECTION('',(1.,0.));
#4462 = ( GEOMETRIC_REPRESENTATION_CONTEXT(2) 
PARAMETRIC_REPRESENTATION_CONTEXT() REPRESENTATION_CONTEXT('2D SPACE',''
  ) );
#4463 = ORIENTED_EDGE('',*,*,#3173,.F.);
#4464 = ORIENTED_EDGE('',*,*,#3012,.T.);
#4465 = ADVANCED_FACE('',(#4466),#3055,.T.);
#4466 = FACE_BOUND('',#4467,.T.);
#4467 = EDGE_LOOP('',(#4468,#4496,#4497,#4498,#4499,#4528,#4556));
#4468 = ORIENTED_EDGE('',*,*,#4469,.F.);
#4469 = EDGE_CURVE('',#3040,#4470,#4472,.T.);
#4470 = VERTEX_POINT('',#4471);
#4471 = CARTESIAN_POINT('',(-28.06511030557,-147.8025843112,
    -64.50954347033));
#4472 = SURFACE_CURVE('',#4473,(#4477,#4484),.PCURVE_S1.);
#4473 = LINE('',#4474,#4475);
#4474 = CARTESIAN_POINT('',(-56.59259,-143.8491813249,-109.6796091529));
#4475 = VECTOR('',#4476,1.);
#4476 = DIRECTION('',(0.532523775277,-7.379835534144E-02,0.843191693219)
  );
#4477 = PCURVE('',#3055,#4478);
#4478 = DEFINITIONAL_REPRESENTATION('',(#4479),#4483);
#4479 = LINE('',#4480,#4481);
#4480 = CARTESIAN_POINT('',(-30.79437370803,-29.82135806332));
#4481 = VECTOR('',#4482,1.);
#4482 = DIRECTION('',(0.532523775277,0.846415045214));
#4483 = ( GEOMETRIC_REPRESENTATION_CONTEXT(2) 
PARAMETRIC_REPRESENTATION_CONTEXT() REPRESENTATION_CONTEXT('2D SPACE',''
  ) );
#4484 = PCURVE('',#4485,#4490);
#4485 = PLANE('',#4486);
#4486 = AXIS2_PLACEMENT_3D('',#4487,#4488,#4489);
#4487 = CARTESIAN_POINT('',(-25.79821629197,-146.4492853655,
    -79.971817991));
#4488 = DIRECTION('',(-0.,-0.996191759571,-8.718932367605E-02));
#4489 = DIRECTION('',(1.,-0.,0.));
#4490 = DEFINITIONAL_REPRESENTATION('',(#4491),#4495);
#4491 = LINE('',#4492,#4493);
#4492 = CARTESIAN_POINT('',(-30.79437370803,-29.82135806332));
#4493 = VECTOR('',#4494,1.);
#4494 = DIRECTION('',(0.532523775277,0.846415045214));
#4495 = ( GEOMETRIC_REPRESENTATION_CONTEXT(2) 
PARAMETRIC_REPRESENTATION_CONTEXT() REPRESENTATION_CONTEXT('2D SPACE',''
  ) );
#4496 = ORIENTED_EDGE('',*,*,#3039,.T.);
#4497 = ORIENTED_EDGE('',*,*,#3197,.F.);
#4498 = ORIENTED_EDGE('',*,*,#3863,.T.);
#4499 = ORIENTED_EDGE('',*,*,#4500,.F.);
#4500 = EDGE_CURVE('',#4501,#3835,#4503,.T.);
#4501 = VERTEX_POINT('',#4502);
#4502 = CARTESIAN_POINT('',(-3.462070588835,-147.8275656248,
    -64.22409189498));
#4503 = SURFACE_CURVE('',#4504,(#4509,#4516),.PCURVE_S1.);
#4504 = CIRCLE('',#4505,21.294499207368);
#4505 = AXIS2_PLACEMENT_3D('',#4506,#4507,#4508);
#4506 = CARTESIAN_POINT('',(8.399977204031,-149.3694778139,
    -46.60677015036));
#4507 = DIRECTION('',(0.,-0.996191759571,-8.718932367605E-02));
#4508 = DIRECTION('',(1.,-0.,0.));
#4509 = PCURVE('',#3055,#4510);
#4510 = DEFINITIONAL_REPRESENTATION('',(#4511),#4515);
#4511 = CIRCLE('',#4512,21.294499207368);
#4512 = AXIS2_PLACEMENT_2D('',#4513,#4514);
#4513 = CARTESIAN_POINT('',(34.198193496001,33.492595321113));
#4514 = DIRECTION('',(1.,0.));
#4515 = ( GEOMETRIC_REPRESENTATION_CONTEXT(2) 
PARAMETRIC_REPRESENTATION_CONTEXT() REPRESENTATION_CONTEXT('2D SPACE',''
  ) );
#4516 = PCURVE('',#4517,#4522);
#4517 = PLANE('',#4518);
#4518 = AXIS2_PLACEMENT_3D('',#4519,#4520,#4521);
#4519 = CARTESIAN_POINT('',(-25.79821629197,-146.4492853655,
    -79.971817991));
#4520 = DIRECTION('',(-0.,-0.996191759571,-8.718932367605E-02));
#4521 = DIRECTION('',(1.,-0.,0.));
#4522 = DEFINITIONAL_REPRESENTATION('',(#4523),#4527);
#4523 = CIRCLE('',#4524,21.294499207368);
#4524 = AXIS2_PLACEMENT_2D('',#4525,#4526);
#4525 = CARTESIAN_POINT('',(34.198193496001,33.492595321113));
#4526 = DIRECTION('',(1.,0.));
#4527 = ( GEOMETRIC_REPRESENTATION_CONTEXT(2) 
PARAMETRIC_REPRESENTATION_CONTEXT() REPRESENTATION_CONTEXT('2D SPACE',''
  ) );
#4528 = ORIENTED_EDGE('',*,*,#4529,.F.);
#4529 = EDGE_CURVE('',#4530,#4501,#4532,.T.);
#4530 = VERTEX_POINT('',#4531);
#4531 = CARTESIAN_POINT('',(-24.62536,-147.9503896803,-62.82077603292));
#4532 = SURFACE_CURVE('',#4533,(#4537,#4544),.PCURVE_S1.);
#4533 = LINE('',#4534,#4535);
#4534 = CARTESIAN_POINT('',(-67.06422,-148.1966851335,-60.00669868377));
#4535 = VECTOR('',#4536,1.);
#4536 = DIRECTION('',(0.997792053465,5.790722134242E-03,
    -6.616256932476E-02));
#4537 = PCURVE('',#3055,#4538);
#4538 = DEFINITIONAL_REPRESENTATION('',(#4539),#4543);
#4539 = LINE('',#4540,#4541);
#4540 = CARTESIAN_POINT('',(-41.26600370803,20.041441936675));
#4541 = VECTOR('',#4542,1.);
#4542 = DIRECTION('',(0.997792053465,-6.641549549984E-02));
#4543 = ( GEOMETRIC_REPRESENTATION_CONTEXT(2) 
PARAMETRIC_REPRESENTATION_CONTEXT() REPRESENTATION_CONTEXT('2D SPACE',''
  ) );
#4544 = PCURVE('',#4545,#4550);
#4545 = PLANE('',#4546);
#4546 = AXIS2_PLACEMENT_3D('',#4547,#4548,#4549);
#4547 = CARTESIAN_POINT('',(-25.79821629197,-146.4492853655,
    -79.971817991));
#4548 = DIRECTION('',(-0.,-0.996191759571,-8.718932367605E-02));
#4549 = DIRECTION('',(1.,-0.,0.));
#4550 = DEFINITIONAL_REPRESENTATION('',(#4551),#4555);
#4551 = LINE('',#4552,#4553);
#4552 = CARTESIAN_POINT('',(-41.26600370803,20.041441936675));
#4553 = VECTOR('',#4554,1.);
#4554 = DIRECTION('',(0.997792053465,-6.641549549984E-02));
#4555 = ( GEOMETRIC_REPRESENTATION_CONTEXT(2) 
PARAMETRIC_REPRESENTATION_CONTEXT() REPRESENTATION_CONTEXT('2D SPACE',''
  ) );
#4556 = ORIENTED_EDGE('',*,*,#4557,.T.);
#4557 = EDGE_CURVE('',#4530,#4470,#4558,.T.);
#4558 = SURFACE_CURVE('',#4559,(#4563,#4570),.PCURVE_S1.);
#4559 = LINE('',#4560,#4561);
#4560 = CARTESIAN_POINT('',(8.39998,-149.3694818046,-46.60677389702));
#4561 = VECTOR('',#4562,1.);
#4562 = DIRECTION('',(-0.896983796339,3.854321078962E-02,-0.440379938244
    ));
#4563 = PCURVE('',#3055,#4564);
#4564 = DEFINITIONAL_REPRESENTATION('',(#4565),#4569);
#4565 = LINE('',#4566,#4567);
#4566 = CARTESIAN_POINT('',(34.19819629197,33.492591936668));
#4567 = VECTOR('',#4568,1.);
#4568 = DIRECTION('',(-0.896983796339,-0.44206342204));
#4569 = ( GEOMETRIC_REPRESENTATION_CONTEXT(2) 
PARAMETRIC_REPRESENTATION_CONTEXT() REPRESENTATION_CONTEXT('2D SPACE',''
  ) );
#4570 = PCURVE('',#4571,#4576);
#4571 = PLANE('',#4572);
#4572 = AXIS2_PLACEMENT_3D('',#4573,#4574,#4575);
#4573 = CARTESIAN_POINT('',(-17.66174035161,-147.1021985023,
    -72.51188299917));
#4574 = DIRECTION('',(-0.,-0.996191759571,-8.718932367605E-02));
#4575 = DIRECTION('',(1.,-0.,0.));
#4576 = DEFINITIONAL_REPRESENTATION('',(#4577),#4581);
#4577 = LINE('',#4578,#4579);
#4578 = CARTESIAN_POINT('',(26.06172035161,26.004139116056));
#4579 = VECTOR('',#4580,1.);
#4580 = DIRECTION('',(-0.896983796339,-0.44206342204));
#4581 = ( GEOMETRIC_REPRESENTATION_CONTEXT(2) 
PARAMETRIC_REPRESENTATION_CONTEXT() REPRESENTATION_CONTEXT('2D SPACE',''
  ) );
#4582 = ADVANCED_FACE('',(#4583),#3083,.T.);
#4583 = FACE_BOUND('',#4584,.T.);
#4584 = EDGE_LOOP('',(#4585,#4609,#4610));
#4585 = ORIENTED_EDGE('',*,*,#4586,.F.);
#4586 = EDGE_CURVE('',#3068,#4587,#4589,.T.);
#4587 = VERTEX_POINT('',#4588);
#4588 = CARTESIAN_POINT('',(-38.25535,-147.2977518718,-70.27756522987));
#4589 = SURFACE_CURVE('',#4590,(#4595,#4602),.PCURVE_S1.);
#4590 = CIRCLE('',#4591,21.294499207368);
#4591 = AXIS2_PLACEMENT_3D('',#4592,#4593,#4594);
#4592 = CARTESIAN_POINT('',(-57.65069841701,-146.531293116,
    -79.03477955592));
#4593 = DIRECTION('',(0.,-0.996191759571,-8.718932367605E-02));
#4594 = DIRECTION('',(1.,-0.,0.));
#4595 = PCURVE('',#3083,#4596);
#4596 = DEFINITIONAL_REPRESENTATION('',(#4597),#4601);
#4597 = CIRCLE('',#4598,21.294499207368);
#4598 = AXIS2_PLACEMENT_2D('',#4599,#4600);
#4599 = CARTESIAN_POINT('',(-31.85248212504,0.94062016773));
#4600 = DIRECTION('',(1.,0.));
#4601 = ( GEOMETRIC_REPRESENTATION_CONTEXT(2) 
PARAMETRIC_REPRESENTATION_CONTEXT() REPRESENTATION_CONTEXT('2D SPACE',''
  ) );
#4602 = PCURVE('',#4401,#4603);
#4603 = DEFINITIONAL_REPRESENTATION('',(#4604),#4608);
#4604 = CIRCLE('',#4605,21.294499207368);
#4605 = AXIS2_PLACEMENT_2D('',#4606,#4607);
#4606 = CARTESIAN_POINT('',(-31.85248212504,0.94062016773));
#4607 = DIRECTION('',(1.,0.));
#4608 = ( GEOMETRIC_REPRESENTATION_CONTEXT(2) 
PARAMETRIC_REPRESENTATION_CONTEXT() REPRESENTATION_CONTEXT('2D SPACE',''
  ) );
#4609 = ORIENTED_EDGE('',*,*,#3067,.T.);
#4610 = ORIENTED_EDGE('',*,*,#4611,.F.);
#4611 = EDGE_CURVE('',#4587,#3040,#4612,.T.);
#4612 = SURFACE_CURVE('',#4613,(#4617,#4624),.PCURVE_S1.);
#4613 = LINE('',#4614,#4615);
#4614 = CARTESIAN_POINT('',(-38.25535,-147.2977518718,-70.27756522987));
#4615 = VECTOR('',#4616,1.);
#4616 = DIRECTION('',(0.412814864713,7.941334017031E-02,-0.90734635552)
  );
#4617 = PCURVE('',#3083,#4618);
#4618 = DEFINITIONAL_REPRESENTATION('',(#4619),#4623);
#4619 = LINE('',#4620,#4621);
#4620 = CARTESIAN_POINT('',(-12.45713370803,9.731311936681));
#4621 = VECTOR('',#4622,1.);
#4622 = DIRECTION('',(0.412814864713,-0.910814957866));
#4623 = ( GEOMETRIC_REPRESENTATION_CONTEXT(2) 
PARAMETRIC_REPRESENTATION_CONTEXT() REPRESENTATION_CONTEXT('2D SPACE',''
  ) );
#4624 = PCURVE('',#4485,#4625);
#4625 = DEFINITIONAL_REPRESENTATION('',(#4626),#4630);
#4626 = LINE('',#4627,#4628);
#4627 = CARTESIAN_POINT('',(-12.45713370803,9.731311936681));
#4628 = VECTOR('',#4629,1.);
#4629 = DIRECTION('',(0.412814864713,-0.910814957866));
#4630 = ( GEOMETRIC_REPRESENTATION_CONTEXT(2) 
PARAMETRIC_REPRESENTATION_CONTEXT() REPRESENTATION_CONTEXT('2D SPACE',''
  ) );
#4631 = ADVANCED_FACE('',(#4632),#3139,.T.);
#4632 = FACE_BOUND('',#4633,.T.);
#4633 = EDGE_LOOP('',(#4634,#4657,#4678,#4679));
#4634 = ORIENTED_EDGE('',*,*,#4635,.F.);
#4635 = EDGE_CURVE('',#3535,#4636,#4638,.T.);
#4636 = VERTEX_POINT('',#4637);
#4637 = CARTESIAN_POINT('',(-48.68467455119,-144.9450782245,
    -97.15831165095));
#4638 = SURFACE_CURVE('',#4639,(#4643,#4650),.PCURVE_S1.);
#4639 = LINE('',#4640,#4641);
#4640 = CARTESIAN_POINT('',(-56.59259,-143.8491813249,-109.6796091529));
#4641 = VECTOR('',#4642,1.);
#4642 = DIRECTION('',(0.532523775277,-7.379835534144E-02,0.843191693219)
  );
#4643 = PCURVE('',#3139,#4644);
#4644 = DEFINITIONAL_REPRESENTATION('',(#4645),#4649);
#4645 = LINE('',#4646,#4647);
#4646 = CARTESIAN_POINT('',(-30.79437370803,-29.82135806332));
#4647 = VECTOR('',#4648,1.);
#4648 = DIRECTION('',(0.532523775277,0.846415045214));
#4649 = ( GEOMETRIC_REPRESENTATION_CONTEXT(2) 
PARAMETRIC_REPRESENTATION_CONTEXT() REPRESENTATION_CONTEXT('2D SPACE',''
  ) );
#4650 = PCURVE('',#3550,#4651);
#4651 = DEFINITIONAL_REPRESENTATION('',(#4652),#4656);
#4652 = LINE('',#4653,#4654);
#4653 = CARTESIAN_POINT('',(-30.79437370803,-29.82135806332));
#4654 = VECTOR('',#4655,1.);
#4655 = DIRECTION('',(0.532523775277,0.846415045214));
#4656 = ( GEOMETRIC_REPRESENTATION_CONTEXT(2) 
PARAMETRIC_REPRESENTATION_CONTEXT() REPRESENTATION_CONTEXT('2D SPACE',''
  ) );
#4657 = ORIENTED_EDGE('',*,*,#4658,.T.);
#4658 = EDGE_CURVE('',#3535,#3121,#4659,.T.);
#4659 = SURFACE_CURVE('',#4660,(#4664,#4671),.PCURVE_S1.);
#4660 = LINE('',#4661,#4662);
#4661 = CARTESIAN_POINT('',(-57.6507,-146.531297556,-79.03477816881));
#4662 = VECTOR('',#4663,1.);
#4663 = DIRECTION('',(0.412815044182,7.941333307827E-02,-0.907346274487)
  );
#4664 = PCURVE('',#3139,#4665);
#4665 = DEFINITIONAL_REPRESENTATION('',(#4666),#4670);
#4666 = LINE('',#4667,#4668);
#4667 = CARTESIAN_POINT('',(-31.85248370803,0.940621936678));
#4668 = VECTOR('',#4669,1.);
#4669 = DIRECTION('',(0.412815044182,-0.910814876524));
#4670 = ( GEOMETRIC_REPRESENTATION_CONTEXT(2) 
PARAMETRIC_REPRESENTATION_CONTEXT() REPRESENTATION_CONTEXT('2D SPACE',''
  ) );
#4671 = PCURVE('',#3243,#4672);
#4672 = DEFINITIONAL_REPRESENTATION('',(#4673),#4677);
#4673 = LINE('',#4674,#4675);
#4674 = CARTESIAN_POINT('',(-1.582990002191E-06,1.768948133292E-06));
#4675 = VECTOR('',#4676,1.);
#4676 = DIRECTION('',(0.412815044182,-0.910814876524));
#4677 = ( GEOMETRIC_REPRESENTATION_CONTEXT(2) 
PARAMETRIC_REPRESENTATION_CONTEXT() REPRESENTATION_CONTEXT('2D SPACE',''
  ) );
#4678 = ORIENTED_EDGE('',*,*,#3120,.T.);
#4679 = ORIENTED_EDGE('',*,*,#4680,.T.);
#4680 = EDGE_CURVE('',#3123,#4636,#4681,.T.);
#4681 = SURFACE_CURVE('',#4682,(#4686,#4693),.PCURVE_S1.);
#4682 = LINE('',#4683,#4684);
#4683 = CARTESIAN_POINT('',(-48.23718,-144.8659099785,-98.06285765386));
#4684 = VECTOR('',#4685,1.);
#4685 = DIRECTION('',(-0.442063466418,-7.820740864419E-02,0.893567844594
    ));
#4686 = PCURVE('',#3139,#4687);
#4687 = DEFINITIONAL_REPRESENTATION('',(#4688),#4692);
#4688 = LINE('',#4689,#4690);
#4689 = CARTESIAN_POINT('',(-22.43896370803,-18.16019806332));
#4690 = VECTOR('',#4691,1.);
#4691 = DIRECTION('',(-0.442063466418,0.896983774468));
#4692 = ( GEOMETRIC_REPRESENTATION_CONTEXT(2) 
PARAMETRIC_REPRESENTATION_CONTEXT() REPRESENTATION_CONTEXT('2D SPACE',''
  ) );
#4693 = PCURVE('',#4427,#4694);
#4694 = DEFINITIONAL_REPRESENTATION('',(#4695),#4699);
#4695 = LINE('',#4696,#4697);
#4696 = CARTESIAN_POINT('',(-22.43896370803,-18.16019806332));
#4697 = VECTOR('',#4698,1.);
#4698 = DIRECTION('',(-0.442063466418,0.896983774468));
#4699 = ( GEOMETRIC_REPRESENTATION_CONTEXT(2) 
PARAMETRIC_REPRESENTATION_CONTEXT() REPRESENTATION_CONTEXT('2D SPACE',''
  ) );
#4700 = ADVANCED_FACE('',(#4701),#3243,.T.);
#4701 = FACE_BOUND('',#4702,.T.);
#4702 = EDGE_LOOP('',(#4703,#4704,#4705));
#4703 = ORIENTED_EDGE('',*,*,#4658,.F.);
#4704 = ORIENTED_EDGE('',*,*,#3623,.F.);
#4705 = ORIENTED_EDGE('',*,*,#3228,.T.);
#4706 = ADVANCED_FACE('',(#4707),#3279,.F.);
#4707 = FACE_BOUND('',#4708,.F.);
#4708 = EDGE_LOOP('',(#4709,#4737,#4738,#4739,#4767,#4795));
#4709 = ORIENTED_EDGE('',*,*,#4710,.F.);
#4710 = EDGE_CURVE('',#3259,#4711,#4713,.T.);
#4711 = VERTEX_POINT('',#4712);
#4712 = CARTESIAN_POINT('',(-60.5688032573,-144.4235981062,
    -80.1779551006));
#4713 = SURFACE_CURVE('',#4714,(#4718,#4725),.PCURVE_S1.);
#4714 = LINE('',#4715,#4716);
#4715 = CARTESIAN_POINT('',(-77.04605,-143.7724597211,-87.6176124604));
#4716 = VECTOR('',#4717,1.);
#4717 = DIRECTION('',(0.91081489669,-3.59930606261E-02,0.411242900916));
#4718 = PCURVE('',#3279,#4719);
#4719 = DEFINITIONAL_REPRESENTATION('',(#4720),#4724);
#4720 = LINE('',#4721,#4722);
#4721 = CARTESIAN_POINT('',(-19.39535158299,-8.790688231056));
#4722 = VECTOR('',#4723,1.);
#4723 = DIRECTION('',(0.91081489669,0.412814999688));
#4724 = ( GEOMETRIC_REPRESENTATION_CONTEXT(2) 
PARAMETRIC_REPRESENTATION_CONTEXT() REPRESENTATION_CONTEXT('2D SPACE',''
  ) );
#4725 = PCURVE('',#4726,#4731);
#4726 = PLANE('',#4727);
#4727 = AXIS2_PLACEMENT_3D('',#4728,#4729,#4730);
#4728 = CARTESIAN_POINT('',(-57.65069841701,-144.5389095968,
    -78.86040090856));
#4729 = DIRECTION('',(-0.,-0.996191759571,-8.718932367605E-02));
#4730 = DIRECTION('',(1.,-0.,0.));
#4731 = DEFINITIONAL_REPRESENTATION('',(#4732),#4736);
#4732 = LINE('',#4733,#4734);
#4733 = CARTESIAN_POINT('',(-19.39535158299,-8.790688231056));
#4734 = VECTOR('',#4735,1.);
#4735 = DIRECTION('',(0.91081489669,0.412814999688));
#4736 = ( GEOMETRIC_REPRESENTATION_CONTEXT(2) 
PARAMETRIC_REPRESENTATION_CONTEXT() REPRESENTATION_CONTEXT('2D SPACE',''
  ) );
#4737 = ORIENTED_EDGE('',*,*,#3258,.T.);
#4738 = ORIENTED_EDGE('',*,*,#3375,.T.);
#4739 = ORIENTED_EDGE('',*,*,#4740,.T.);
#4740 = EDGE_CURVE('',#3346,#4741,#4743,.T.);
#4741 = VERTEX_POINT('',#4742);
#4742 = CARTESIAN_POINT('',(-49.1033969123,-142.8946672087,
    -97.64693291656));
#4743 = SURFACE_CURVE('',#4744,(#4748,#4755),.PCURVE_S1.);
#4744 = LINE('',#4745,#4746);
#4745 = CARTESIAN_POINT('',(-56.59259,-141.8567978057,-109.5052305055));
#4746 = VECTOR('',#4747,1.);
#4747 = DIRECTION('',(0.532523775277,-7.379835534144E-02,0.843191693219)
  );
#4748 = PCURVE('',#3279,#4749);
#4749 = DEFINITIONAL_REPRESENTATION('',(#4750),#4754);
#4750 = LINE('',#4751,#4752);
#4751 = CARTESIAN_POINT('',(1.05810841701,-30.76197823101));
#4752 = VECTOR('',#4753,1.);
#4753 = DIRECTION('',(0.532523775277,0.846415045214));
#4754 = ( GEOMETRIC_REPRESENTATION_CONTEXT(2) 
PARAMETRIC_REPRESENTATION_CONTEXT() REPRESENTATION_CONTEXT('2D SPACE',''
  ) );
#4755 = PCURVE('',#4756,#4761);
#4756 = PLANE('',#4757);
#4757 = AXIS2_PLACEMENT_3D('',#4758,#4759,#4760);
#4758 = CARTESIAN_POINT('',(-57.65069841701,-144.5389095968,
    -78.86040090856));
#4759 = DIRECTION('',(-0.,-0.996191759571,-8.718932367605E-02));
#4760 = DIRECTION('',(1.,-0.,0.));
#4761 = DEFINITIONAL_REPRESENTATION('',(#4762),#4766);
#4762 = LINE('',#4763,#4764);
#4763 = CARTESIAN_POINT('',(1.05810841701,-30.76197823101));
#4764 = VECTOR('',#4765,1.);
#4765 = DIRECTION('',(0.532523775277,0.846415045214));
#4766 = ( GEOMETRIC_REPRESENTATION_CONTEXT(2) 
PARAMETRIC_REPRESENTATION_CONTEXT() REPRESENTATION_CONTEXT('2D SPACE',''
  ) );
#4767 = ORIENTED_EDGE('',*,*,#4768,.T.);
#4768 = EDGE_CURVE('',#4741,#4769,#4771,.T.);
#4769 = VERTEX_POINT('',#4770);
#4770 = CARTESIAN_POINT('',(-57.2059380819,-144.4533550756,
    -79.83796338464));
#4771 = SURFACE_CURVE('',#4772,(#4776,#4783),.PCURVE_S1.);
#4772 = LINE('',#4773,#4774);
#4773 = CARTESIAN_POINT('',(-38.5686,-140.8680856974,-120.8018757064));
#4774 = VECTOR('',#4775,1.);
#4775 = DIRECTION('',(-0.412815044182,-7.941333307827E-02,0.907346274487
    ));
#4776 = PCURVE('',#3279,#4777);
#4777 = DEFINITIONAL_REPRESENTATION('',(#4778),#4782);
#4778 = LINE('',#4779,#4780);
#4779 = CARTESIAN_POINT('',(19.08209841701,-42.10180823098));
#4780 = VECTOR('',#4781,1.);
#4781 = DIRECTION('',(-0.412815044182,0.910814876524));
#4782 = ( GEOMETRIC_REPRESENTATION_CONTEXT(2) 
PARAMETRIC_REPRESENTATION_CONTEXT() REPRESENTATION_CONTEXT('2D SPACE',''
  ) );
#4783 = PCURVE('',#4784,#4789);
#4784 = PLANE('',#4785);
#4785 = AXIS2_PLACEMENT_3D('',#4786,#4787,#4788);
#4786 = CARTESIAN_POINT('',(-25.79821629197,-144.4569018464,
    -79.79743934365));
#4787 = DIRECTION('',(-0.,0.996191759571,8.718932367605E-02));
#4788 = DIRECTION('',(-1.,0.,-0.));
#4789 = DEFINITIONAL_REPRESENTATION('',(#4790),#4794);
#4790 = LINE('',#4791,#4792);
#4791 = CARTESIAN_POINT('',(12.77038370803,-41.16118806324));
#4792 = VECTOR('',#4793,1.);
#4793 = DIRECTION('',(0.412815044182,0.910814876524));
#4794 = ( GEOMETRIC_REPRESENTATION_CONTEXT(2) 
PARAMETRIC_REPRESENTATION_CONTEXT() REPRESENTATION_CONTEXT('2D SPACE',''
  ) );
#4795 = ORIENTED_EDGE('',*,*,#4796,.T.);
#4796 = EDGE_CURVE('',#4769,#4711,#4797,.T.);
#4797 = SURFACE_CURVE('',#4798,(#4803,#4814),.PCURVE_S1.);
#4798 = CIRCLE('',#4799,2.025);
#4799 = AXIS2_PLACEMENT_3D('',#4800,#4801,#4802);
#4800 = CARTESIAN_POINT('',(-59.,-144.5352329772,-78.90240855285));
#4801 = DIRECTION('',(0.,0.996191759571,8.718932367606E-02));
#4802 = DIRECTION('',(1.,0.,-0.));
#4803 = PCURVE('',#3279,#4804);
#4804 = DEFINITIONAL_REPRESENTATION('',(#4805),#4813);
#4805 = ( BOUNDED_CURVE() B_SPLINE_CURVE(2,(#4806,#4807,#4808,#4809,
#4810,#4811,#4812),.UNSPECIFIED.,.T.,.F.) B_SPLINE_CURVE_WITH_KNOTS((1,2
    ,2,2,2,1),(-2.094395102393,0.,2.094395102393,4.188790204786,
6.28318530718,8.377580409573),.UNSPECIFIED.) CURVE() 
GEOMETRIC_REPRESENTATION_ITEM() RATIONAL_B_SPLINE_CURVE((1.,0.5,1.,0.5,
1.,0.5,1.)) REPRESENTATION_ITEM('') );
#4806 = CARTESIAN_POINT('',(0.67569841701,-4.216823105703E-02));
#4807 = CARTESIAN_POINT('',(0.67569841701,-3.549571116384));
#4808 = CARTESIAN_POINT('',(-2.36180158299,-1.795869673721));
#4809 = CARTESIAN_POINT('',(-5.39930158299,-4.216823105704E-02));
#4810 = CARTESIAN_POINT('',(-2.36180158299,1.711533211606));
#4811 = CARTESIAN_POINT('',(0.67569841701,3.46523465427));
#4812 = CARTESIAN_POINT('',(0.67569841701,-4.216823105703E-02));
#4813 = ( GEOMETRIC_REPRESENTATION_CONTEXT(2) 
PARAMETRIC_REPRESENTATION_CONTEXT() REPRESENTATION_CONTEXT('2D SPACE',''
  ) );
#4814 = PCURVE('',#4815,#4820);
#4815 = CYLINDRICAL_SURFACE('',#4816,2.025);
#4816 = AXIS2_PLACEMENT_3D('',#4817,#4818,#4819);
#4817 = CARTESIAN_POINT('',(-59.,-144.5252710597,-78.90153665962));
#4818 = DIRECTION('',(-0.,-0.996191759571,-8.718932367606E-02));
#4819 = DIRECTION('',(1.,-0.,0.));
#4820 = DEFINITIONAL_REPRESENTATION('',(#4821),#4825);
#4821 = LINE('',#4822,#4823);
#4822 = CARTESIAN_POINT('',(6.28318530718,9.999999926857E-03));
#4823 = VECTOR('',#4824,1.);
#4824 = DIRECTION('',(-1.,0.));
#4825 = ( GEOMETRIC_REPRESENTATION_CONTEXT(2) 
PARAMETRIC_REPRESENTATION_CONTEXT() REPRESENTATION_CONTEXT('2D SPACE',''
  ) );
#4826 = ADVANCED_FACE('',(#4827),#3330,.T.);
#4827 = FACE_BOUND('',#4828,.T.);
#4828 = EDGE_LOOP('',(#4829,#4830,#4831));
#4829 = ORIENTED_EDGE('',*,*,#3316,.F.);
#4830 = ORIENTED_EDGE('',*,*,#3488,.F.);
#4831 = ORIENTED_EDGE('',*,*,#4832,.T.);
#4832 = EDGE_CURVE('',#3489,#3259,#4833,.T.);
#4833 = SURFACE_CURVE('',#4834,(#4838,#4845),.PCURVE_S1.);
#4834 = LINE('',#4835,#4836);
#4835 = CARTESIAN_POINT('',(-57.96395,-142.0940149008,-129.7334672927));
#4836 = VECTOR('',#4837,1.);
#4837 = DIRECTION('',(-0.412429179559,-3.627690978299E-02,0.910267080403
    ));
#4838 = PCURVE('',#3330,#4839);
#4839 = DEFINITIONAL_REPRESENTATION('',(#4840),#4844);
#4840 = LINE('',#4841,#4842);
#4841 = CARTESIAN_POINT('',(22.622978171685,1.489188243846));
#4842 = VECTOR('',#4843,1.);
#4843 = DIRECTION('',(-0.999065284493,-4.322681251639E-02));
#4844 = ( GEOMETRIC_REPRESENTATION_CONTEXT(2) 
PARAMETRIC_REPRESENTATION_CONTEXT() REPRESENTATION_CONTEXT('2D SPACE',''
  ) );
#4845 = PCURVE('',#3422,#4846);
#4846 = DEFINITIONAL_REPRESENTATION('',(#4847),#4851);
#4847 = LINE('',#4848,#4849);
#4848 = CARTESIAN_POINT('',(23.601354659508,0.510811756053));
#4849 = VECTOR('',#4850,1.);
#4850 = DIRECTION('',(-0.999065284493,-4.322681251639E-02));
#4851 = ( GEOMETRIC_REPRESENTATION_CONTEXT(2) 
PARAMETRIC_REPRESENTATION_CONTEXT() REPRESENTATION_CONTEXT('2D SPACE',''
  ) );
#4852 = ADVANCED_FACE('',(#4853),#3361,.T.);
#4853 = FACE_BOUND('',#4854,.T.);
#4854 = EDGE_LOOP('',(#4855,#4856,#4857,#4885,#4913));
#4855 = ORIENTED_EDGE('',*,*,#3670,.T.);
#4856 = ORIENTED_EDGE('',*,*,#3345,.T.);
#4857 = ORIENTED_EDGE('',*,*,#4858,.T.);
#4858 = EDGE_CURVE('',#3346,#4859,#4861,.T.);
#4859 = VERTEX_POINT('',#4860);
#4860 = CARTESIAN_POINT('',(-48.86000943398,-142.8478445558,
    -98.18188591162));
#4861 = SURFACE_CURVE('',#4862,(#4867,#4878),.PCURVE_S1.);
#4862 = CIRCLE('',#4863,21.294499207368);
#4863 = AXIS2_PLACEMENT_3D('',#4864,#4865,#4866);
#4864 = CARTESIAN_POINT('',(-57.65069841701,-144.5389095968,
    -78.86040090856));
#4865 = DIRECTION('',(0.,-0.996191759571,-8.718932367605E-02));
#4866 = DIRECTION('',(1.,-0.,0.));
#4867 = PCURVE('',#3361,#4868);
#4868 = DEFINITIONAL_REPRESENTATION('',(#4869),#4877);
#4869 = ( BOUNDED_CURVE() B_SPLINE_CURVE(2,(#4870,#4871,#4872,#4873,
#4874,#4875,#4876),.UNSPECIFIED.,.T.,.F.) B_SPLINE_CURVE_WITH_KNOTS((1,2
    ,2,2,2,1),(-2.094395102393,0.,2.094395102393,4.188790204786,
6.28318530718,8.377580409573),.UNSPECIFIED.) CURVE() 
GEOMETRIC_REPRESENTATION_ITEM() RATIONAL_B_SPLINE_CURVE((1.,0.5,1.,0.5,
1.,0.5,1.)) REPRESENTATION_ITEM('') );
#4870 = CARTESIAN_POINT('',(-20.34388757385,17.81885450803));
#4871 = CARTESIAN_POINT('',(-20.34388757385,54.702009056927));
#4872 = CARTESIAN_POINT('',(11.597861237194,36.260431782479));
#4873 = CARTESIAN_POINT('',(43.539610048246,17.81885450803));
#4874 = CARTESIAN_POINT('',(11.597861237194,-0.622722766418));
#4875 = CARTESIAN_POINT('',(-20.34388757385,-19.06430004086));
#4876 = CARTESIAN_POINT('',(-20.34388757385,17.81885450803));
#4877 = ( GEOMETRIC_REPRESENTATION_CONTEXT(2) 
PARAMETRIC_REPRESENTATION_CONTEXT() REPRESENTATION_CONTEXT('2D SPACE',''
  ) );
#4878 = PCURVE('',#4756,#4879);
#4879 = DEFINITIONAL_REPRESENTATION('',(#4880),#4884);
#4880 = CIRCLE('',#4881,21.294499207368);
#4881 = AXIS2_PLACEMENT_2D('',#4882,#4883);
#4882 = CARTESIAN_POINT('',(0.,0.));
#4883 = DIRECTION('',(1.,0.));
#4884 = ( GEOMETRIC_REPRESENTATION_CONTEXT(2) 
PARAMETRIC_REPRESENTATION_CONTEXT() REPRESENTATION_CONTEXT('2D SPACE',''
  ) );
#4885 = ORIENTED_EDGE('',*,*,#4886,.F.);
#4886 = EDGE_CURVE('',#4887,#4859,#4889,.T.);
#4887 = VERTEX_POINT('',#4888);
#4888 = CARTESIAN_POINT('',(-48.10965,-142.7034998671,-99.83113761397));
#4889 = SURFACE_CURVE('',#4890,(#4894,#4901),.PCURVE_S1.);
#4890 = LINE('',#4891,#4892);
#4891 = CARTESIAN_POINT('',(-38.5686,-140.8680856974,-120.8018757064));
#4892 = VECTOR('',#4893,1.);
#4893 = DIRECTION('',(-0.412815044182,-7.941333307827E-02,0.907346274487
    ));
#4894 = PCURVE('',#3361,#4895);
#4895 = DEFINITIONAL_REPRESENTATION('',(#4896),#4900);
#4896 = LINE('',#4897,#4898);
#4897 = CARTESIAN_POINT('',(-18.1314867835,-24.28295372295));
#4898 = VECTOR('',#4899,1.);
#4899 = DIRECTION('',(0.412815044182,0.910814876524));
#4900 = ( GEOMETRIC_REPRESENTATION_CONTEXT(2) 
PARAMETRIC_REPRESENTATION_CONTEXT() REPRESENTATION_CONTEXT('2D SPACE',''
  ) );
#4901 = PCURVE('',#4902,#4907);
#4902 = PLANE('',#4903);
#4903 = AXIS2_PLACEMENT_3D('',#4904,#4905,#4906);
#4904 = CARTESIAN_POINT('',(-25.79821629197,-144.4569018464,
    -79.79743934365));
#4905 = DIRECTION('',(-0.,0.996191759571,8.718932367605E-02));
#4906 = DIRECTION('',(-1.,0.,-0.));
#4907 = DEFINITIONAL_REPRESENTATION('',(#4908),#4912);
#4908 = LINE('',#4909,#4910);
#4909 = CARTESIAN_POINT('',(12.77038370803,-41.16118806324));
#4910 = VECTOR('',#4911,1.);
#4911 = DIRECTION('',(0.412815044182,0.910814876524));
#4912 = ( GEOMETRIC_REPRESENTATION_CONTEXT(2) 
PARAMETRIC_REPRESENTATION_CONTEXT() REPRESENTATION_CONTEXT('2D SPACE',''
  ) );
#4913 = ORIENTED_EDGE('',*,*,#4914,.F.);
#4914 = EDGE_CURVE('',#3648,#4887,#4915,.T.);
#4915 = SURFACE_CURVE('',#4916,(#4920,#4927),.PCURVE_S1.);
#4916 = LINE('',#4917,#4918);
#4917 = CARTESIAN_POINT('',(-57.96395,-140.1016313817,-129.5590886454));
#4918 = VECTOR('',#4919,1.);
#4919 = DIRECTION('',(0.313566080943,-8.279205058891E-02,0.945950204419)
  );
#4920 = PCURVE('',#3361,#4921);
#4921 = DEFINITIONAL_REPRESENTATION('',(#4922),#4926);
#4922 = LINE('',#4923,#4924);
#4923 = CARTESIAN_POINT('',(1.2638632165,-33.073643723));
#4924 = VECTOR('',#4925,1.);
#4925 = DIRECTION('',(-0.313566080943,0.949566381504));
#4926 = ( GEOMETRIC_REPRESENTATION_CONTEXT(2) 
PARAMETRIC_REPRESENTATION_CONTEXT() REPRESENTATION_CONTEXT('2D SPACE',''
  ) );
#4927 = PCURVE('',#3762,#4928);
#4928 = DEFINITIONAL_REPRESENTATION('',(#4929),#4933);
#4929 = LINE('',#4930,#4931);
#4930 = CARTESIAN_POINT('',(18.44473350441,-26.60954701986));
#4931 = VECTOR('',#4932,1.);
#4932 = DIRECTION('',(-0.313566080943,0.949566381504));
#4933 = ( GEOMETRIC_REPRESENTATION_CONTEXT(2) 
PARAMETRIC_REPRESENTATION_CONTEXT() REPRESENTATION_CONTEXT('2D SPACE',''
  ) );
#4934 = ADVANCED_FACE('',(#4935),#3422,.T.);
#4935 = FACE_BOUND('',#4936,.T.);
#4936 = EDGE_LOOP('',(#4937,#4938,#4939,#4964));
#4937 = ORIENTED_EDGE('',*,*,#3509,.F.);
#4938 = ORIENTED_EDGE('',*,*,#3404,.T.);
#4939 = ORIENTED_EDGE('',*,*,#4940,.F.);
#4940 = EDGE_CURVE('',#3259,#3407,#4941,.T.);
#4941 = SURFACE_CURVE('',#4942,(#4946,#4953),.PCURVE_S1.);
#4942 = LINE('',#4943,#4944);
#4943 = CARTESIAN_POINT('',(-77.04605,-143.7724597211,-87.6176124604));
#4944 = VECTOR('',#4945,1.);
#4945 = DIRECTION('',(-0.,-0.996191759571,-8.718932367605E-02));
#4946 = PCURVE('',#3422,#4947);
#4947 = DEFINITIONAL_REPRESENTATION('',(#4948),#4952);
#4948 = LINE('',#4949,#4950);
#4949 = CARTESIAN_POINT('',(-22.62297817159,-1.489188243937));
#4950 = VECTOR('',#4951,1.);
#4951 = DIRECTION('',(-8.396061623728E-15,1.));
#4952 = ( GEOMETRIC_REPRESENTATION_CONTEXT(2) 
PARAMETRIC_REPRESENTATION_CONTEXT() REPRESENTATION_CONTEXT('2D SPACE',''
  ) );
#4953 = PCURVE('',#4954,#4959);
#4954 = CYLINDRICAL_SURFACE('',#4955,21.294499207368);
#4955 = AXIS2_PLACEMENT_3D('',#4956,#4957,#4958);
#4956 = CARTESIAN_POINT('',(-57.65069841701,-144.5389095968,
    -78.86040090856));
#4957 = DIRECTION('',(-0.,-0.996191759571,-8.718932367605E-02));
#4958 = DIRECTION('',(1.,-0.,0.));
#4959 = DEFINITIONAL_REPRESENTATION('',(#4960),#4963);
#4960 = B_SPLINE_CURVE_WITH_KNOTS('',1,(#4961,#4962),.UNSPECIFIED.,.F.,
  .F.,(2,2),(0.,2.),.PIECEWISE_BEZIER_KNOTS.);
#4961 = CARTESIAN_POINT('',(3.5671350913,4.302194014372E-06));
#4962 = CARTESIAN_POINT('',(3.5671350913,2.000004302194));
#4963 = ( GEOMETRIC_REPRESENTATION_CONTEXT(2) 
PARAMETRIC_REPRESENTATION_CONTEXT() REPRESENTATION_CONTEXT('2D SPACE',''
  ) );
#4964 = ORIENTED_EDGE('',*,*,#4832,.F.);
#4965 = ADVANCED_FACE('',(#4966),#3550,.T.);
#4966 = FACE_BOUND('',#4967,.T.);
#4967 = EDGE_LOOP('',(#4968,#4969,#4997,#5023));
#4968 = ORIENTED_EDGE('',*,*,#4635,.T.);
#4969 = ORIENTED_EDGE('',*,*,#4970,.T.);
#4970 = EDGE_CURVE('',#4636,#4971,#4973,.T.);
#4971 = VERTEX_POINT('',#4972);
#4972 = CARTESIAN_POINT('',(-55.98399374525,-146.2364331596,
    -82.40378562758));
#4973 = SURFACE_CURVE('',#4974,(#4978,#4985),.PCURVE_S1.);
#4974 = LINE('',#4975,#4976);
#4975 = CARTESIAN_POINT('',(-48.23718,-144.8659099785,-98.06285765386));
#4976 = VECTOR('',#4977,1.);
#4977 = DIRECTION('',(-0.442063466418,-7.820740864419E-02,0.893567844594
    ));
#4978 = PCURVE('',#3550,#4979);
#4979 = DEFINITIONAL_REPRESENTATION('',(#4980),#4984);
#4980 = LINE('',#4981,#4982);
#4981 = CARTESIAN_POINT('',(-22.43896370803,-18.16019806332));
#4982 = VECTOR('',#4983,1.);
#4983 = DIRECTION('',(-0.442063466418,0.896983774468));
#4984 = ( GEOMETRIC_REPRESENTATION_CONTEXT(2) 
PARAMETRIC_REPRESENTATION_CONTEXT() REPRESENTATION_CONTEXT('2D SPACE',''
  ) );
#4985 = PCURVE('',#4986,#4991);
#4986 = PLANE('',#4987);
#4987 = AXIS2_PLACEMENT_3D('',#4988,#4989,#4990);
#4988 = CARTESIAN_POINT('',(-25.79821629197,-146.4492853655,
    -79.971817991));
#4989 = DIRECTION('',(-0.,-0.996191759571,-8.718932367605E-02));
#4990 = DIRECTION('',(1.,-0.,0.));
#4991 = DEFINITIONAL_REPRESENTATION('',(#4992),#4996);
#4992 = LINE('',#4993,#4994);
#4993 = CARTESIAN_POINT('',(-22.43896370803,-18.16019806332));
#4994 = VECTOR('',#4995,1.);
#4995 = DIRECTION('',(-0.442063466418,0.896983774468));
#4996 = ( GEOMETRIC_REPRESENTATION_CONTEXT(2) 
PARAMETRIC_REPRESENTATION_CONTEXT() REPRESENTATION_CONTEXT('2D SPACE',''
  ) );
#4997 = ORIENTED_EDGE('',*,*,#4998,.T.);
#4998 = EDGE_CURVE('',#4971,#3533,#4999,.T.);
#4999 = SURFACE_CURVE('',#5000,(#5005,#5016),.PCURVE_S1.);
#5000 = CIRCLE('',#5001,4.5);
#5001 = AXIS2_PLACEMENT_3D('',#5002,#5003,#5004);
#5002 = CARTESIAN_POINT('',(-59.,-146.5276207822,-79.07678757531));
#5003 = DIRECTION('',(0.,0.996191759571,8.718932367606E-02));
#5004 = DIRECTION('',(1.,0.,-0.));
#5005 = PCURVE('',#3550,#5006);
#5006 = DEFINITIONAL_REPRESENTATION('',(#5007),#5015);
#5007 = ( BOUNDED_CURVE() B_SPLINE_CURVE(2,(#5008,#5009,#5010,#5011,
#5012,#5013,#5014),.UNSPECIFIED.,.T.,.F.) B_SPLINE_CURVE_WITH_KNOTS((1,2
    ,2,2,2,1),(-2.094395102393,0.,2.094395102393,4.188790204786,
6.28318530718,8.377580409573),.UNSPECIFIED.) CURVE() 
GEOMETRIC_REPRESENTATION_ITEM() RATIONAL_B_SPLINE_CURVE((1.,0.5,1.,0.5,
1.,0.5,1.)) REPRESENTATION_ITEM('') );
#5008 = CARTESIAN_POINT('',(-28.70178370803,0.898451936678));
#5009 = CARTESIAN_POINT('',(-28.70178370803,-6.895776697382));
#5010 = CARTESIAN_POINT('',(-35.45178370803,-2.998662380352));
#5011 = CARTESIAN_POINT('',(-42.20178370803,0.898451936678));
#5012 = CARTESIAN_POINT('',(-35.45178370803,4.795566253708));
#5013 = CARTESIAN_POINT('',(-28.70178370803,8.692680570738));
#5014 = CARTESIAN_POINT('',(-28.70178370803,0.898451936678));
#5015 = ( GEOMETRIC_REPRESENTATION_CONTEXT(2) 
PARAMETRIC_REPRESENTATION_CONTEXT() REPRESENTATION_CONTEXT('2D SPACE',''
  ) );
#5016 = PCURVE('',#3583,#5017);
#5017 = DEFINITIONAL_REPRESENTATION('',(#5018),#5022);
#5018 = LINE('',#5019,#5020);
#5019 = CARTESIAN_POINT('',(6.28318530718,0.20000430213));
#5020 = VECTOR('',#5021,1.);
#5021 = DIRECTION('',(-1.,0.));
#5022 = ( GEOMETRIC_REPRESENTATION_CONTEXT(2) 
PARAMETRIC_REPRESENTATION_CONTEXT() REPRESENTATION_CONTEXT('2D SPACE',''
  ) );
#5023 = ORIENTED_EDGE('',*,*,#3532,.T.);
#5024 = ADVANCED_FACE('',(#5025),#3583,.T.);
#5025 = FACE_BOUND('',#5026,.T.);
#5026 = EDGE_LOOP('',(#5027,#5052,#5079,#5080,#5108,#5141,#5174,#5200,
    #5201,#5202));
#5027 = ORIENTED_EDGE('',*,*,#5028,.T.);
#5028 = EDGE_CURVE('',#5029,#5031,#5033,.T.);
#5029 = VERTEX_POINT('',#5030);
#5030 = CARTESIAN_POINT('',(-54.5,-146.5276207822,-79.07678757531));
#5031 = VERTEX_POINT('',#5032);
#5032 = CARTESIAN_POINT('',(-54.5,-146.6471595076,-79.08724991905));
#5033 = SEAM_CURVE('',#5034,(#5038,#5045),.PCURVE_S1.);
#5034 = LINE('',#5035,#5036);
#5035 = CARTESIAN_POINT('',(-54.5,-146.3283781445,-79.05934933548));
#5036 = VECTOR('',#5037,1.);
#5037 = DIRECTION('',(-0.,-0.996191759571,-8.718932367606E-02));
#5038 = PCURVE('',#3583,#5039);
#5039 = DEFINITIONAL_REPRESENTATION('',(#5040),#5044);
#5040 = LINE('',#5041,#5042);
#5041 = CARTESIAN_POINT('',(6.28318530718,0.));
#5042 = VECTOR('',#5043,1.);
#5043 = DIRECTION('',(0.,1.));
#5044 = ( GEOMETRIC_REPRESENTATION_CONTEXT(2) 
PARAMETRIC_REPRESENTATION_CONTEXT() REPRESENTATION_CONTEXT('2D SPACE',''
  ) );
#5045 = PCURVE('',#3583,#5046);
#5046 = DEFINITIONAL_REPRESENTATION('',(#5047),#5051);
#5047 = LINE('',#5048,#5049);
#5048 = CARTESIAN_POINT('',(4.138911435803E-13,0.));
#5049 = VECTOR('',#5050,1.);
#5050 = DIRECTION('',(0.,1.));
#5051 = ( GEOMETRIC_REPRESENTATION_CONTEXT(2) 
PARAMETRIC_REPRESENTATION_CONTEXT() REPRESENTATION_CONTEXT('2D SPACE',''
  ) );
#5052 = ORIENTED_EDGE('',*,*,#5053,.F.);
#5053 = EDGE_CURVE('',#5031,#5031,#5054,.T.);
#5054 = SURFACE_CURVE('',#5055,(#5060,#5067),.PCURVE_S1.);
#5055 = CIRCLE('',#5056,4.5);
#5056 = AXIS2_PLACEMENT_3D('',#5057,#5058,#5059);
#5057 = CARTESIAN_POINT('',(-59.,-146.6471595076,-79.08724991905));
#5058 = DIRECTION('',(0.,-0.996191759571,-8.718932367606E-02));
#5059 = DIRECTION('',(1.,0.,0.));
#5060 = PCURVE('',#3583,#5061);
#5061 = DEFINITIONAL_REPRESENTATION('',(#5062),#5066);
#5062 = LINE('',#5063,#5064);
#5063 = CARTESIAN_POINT('',(0.,0.32));
#5064 = VECTOR('',#5065,1.);
#5065 = DIRECTION('',(1.,0.));
#5066 = ( GEOMETRIC_REPRESENTATION_CONTEXT(2) 
PARAMETRIC_REPRESENTATION_CONTEXT() REPRESENTATION_CONTEXT('2D SPACE',''
  ) );
#5067 = PCURVE('',#5068,#5073);
#5068 = PLANE('',#5069);
#5069 = AXIS2_PLACEMENT_3D('',#5070,#5071,#5072);
#5070 = CARTESIAN_POINT('',(-59.,-146.6471595076,-79.08724991905));
#5071 = DIRECTION('',(-0.,-0.996191759571,-8.718932367606E-02));
#5072 = DIRECTION('',(1.,-0.,0.));
#5073 = DEFINITIONAL_REPRESENTATION('',(#5074),#5078);
#5074 = CIRCLE('',#5075,4.5);
#5075 = AXIS2_PLACEMENT_2D('',#5076,#5077);
#5076 = CARTESIAN_POINT('',(0.,0.));
#5077 = DIRECTION('',(1.,0.));
#5078 = ( GEOMETRIC_REPRESENTATION_CONTEXT(2) 
PARAMETRIC_REPRESENTATION_CONTEXT() REPRESENTATION_CONTEXT('2D SPACE',''
  ) );
#5079 = ORIENTED_EDGE('',*,*,#5028,.F.);
#5080 = ORIENTED_EDGE('',*,*,#5081,.F.);
#5081 = EDGE_CURVE('',#5082,#5029,#5084,.T.);
#5082 = VERTEX_POINT('',#5083);
#5083 = CARTESIAN_POINT('',(-54.71455517897,-146.6473264428,
    -77.70907662605));
#5084 = SURFACE_CURVE('',#5085,(#5090,#5097),.PCURVE_S1.);
#5085 = CIRCLE('',#5086,4.5);
#5086 = AXIS2_PLACEMENT_3D('',#5087,#5088,#5089);
#5087 = CARTESIAN_POINT('',(-59.,-146.5276207822,-79.07678757531));
#5088 = DIRECTION('',(0.,0.996191759571,8.718932367606E-02));
#5089 = DIRECTION('',(1.,0.,-0.));
#5090 = PCURVE('',#3583,#5091);
#5091 = DEFINITIONAL_REPRESENTATION('',(#5092),#5096);
#5092 = LINE('',#5093,#5094);
#5093 = CARTESIAN_POINT('',(6.28318530718,0.20000430213));
#5094 = VECTOR('',#5095,1.);
#5095 = DIRECTION('',(-1.,0.));
#5096 = ( GEOMETRIC_REPRESENTATION_CONTEXT(2) 
PARAMETRIC_REPRESENTATION_CONTEXT() REPRESENTATION_CONTEXT('2D SPACE',''
  ) );
#5097 = PCURVE('',#4986,#5098);
#5098 = DEFINITIONAL_REPRESENTATION('',(#5099),#5107);
#5099 = ( BOUNDED_CURVE() B_SPLINE_CURVE(2,(#5100,#5101,#5102,#5103,
#5104,#5105,#5106),.UNSPECIFIED.,.T.,.F.) B_SPLINE_CURVE_WITH_KNOTS((1,2
    ,2,2,2,1),(-2.094395102393,0.,2.094395102393,4.188790204786,
6.28318530718,8.377580409573),.UNSPECIFIED.) CURVE() 
GEOMETRIC_REPRESENTATION_ITEM() RATIONAL_B_SPLINE_CURVE((1.,0.5,1.,0.5,
1.,0.5,1.)) REPRESENTATION_ITEM('') );
#5100 = CARTESIAN_POINT('',(-28.70178370803,0.898451936678));
#5101 = CARTESIAN_POINT('',(-28.70178370803,-6.895776697382));
#5102 = CARTESIAN_POINT('',(-35.45178370803,-2.998662380352));
#5103 = CARTESIAN_POINT('',(-42.20178370803,0.898451936678));
#5104 = CARTESIAN_POINT('',(-35.45178370803,4.795566253708));
#5105 = CARTESIAN_POINT('',(-28.70178370803,8.692680570738));
#5106 = CARTESIAN_POINT('',(-28.70178370803,0.898451936678));
#5107 = ( GEOMETRIC_REPRESENTATION_CONTEXT(2) 
PARAMETRIC_REPRESENTATION_CONTEXT() REPRESENTATION_CONTEXT('2D SPACE',''
  ) );
#5108 = ORIENTED_EDGE('',*,*,#5109,.F.);
#5109 = EDGE_CURVE('',#5110,#5082,#5112,.T.);
#5110 = VERTEX_POINT('',#5111);
#5111 = CARTESIAN_POINT('',(-54.74783923108,-146.6560328911,
    -77.60960008711));
#5112 = SURFACE_CURVE('',#5113,(#5118,#5125),.PCURVE_S1.);
#5113 = CIRCLE('',#5114,4.5);
#5114 = AXIS2_PLACEMENT_3D('',#5115,#5116,#5117);
#5115 = CARTESIAN_POINT('',(-59.,-146.5276207822,-79.07678757531));
#5116 = DIRECTION('',(0.,0.996191759571,8.718932367606E-02));
#5117 = DIRECTION('',(1.,0.,-0.));
#5118 = PCURVE('',#3583,#5119);
#5119 = DEFINITIONAL_REPRESENTATION('',(#5120),#5124);
#5120 = LINE('',#5121,#5122);
#5121 = CARTESIAN_POINT('',(6.28318530718,0.20000430213));
#5122 = VECTOR('',#5123,1.);
#5123 = DIRECTION('',(-1.,0.));
#5124 = ( GEOMETRIC_REPRESENTATION_CONTEXT(2) 
PARAMETRIC_REPRESENTATION_CONTEXT() REPRESENTATION_CONTEXT('2D SPACE',''
  ) );
#5125 = PCURVE('',#5126,#5131);
#5126 = PLANE('',#5127);
#5127 = AXIS2_PLACEMENT_3D('',#5128,#5129,#5130);
#5128 = CARTESIAN_POINT('',(-25.79821629197,-146.4492853655,
    -79.971817991));
#5129 = DIRECTION('',(-0.,-0.996191759571,-8.718932367605E-02));
#5130 = DIRECTION('',(1.,-0.,0.));
#5131 = DEFINITIONAL_REPRESENTATION('',(#5132),#5140);
#5132 = ( BOUNDED_CURVE() B_SPLINE_CURVE(2,(#5133,#5134,#5135,#5136,
#5137,#5138,#5139),.UNSPECIFIED.,.T.,.F.) B_SPLINE_CURVE_WITH_KNOTS((1,2
    ,2,2,2,1),(-2.094395102393,0.,2.094395102393,4.188790204786,
6.28318530718,8.377580409573),.UNSPECIFIED.) CURVE() 
GEOMETRIC_REPRESENTATION_ITEM() RATIONAL_B_SPLINE_CURVE((1.,0.5,1.,0.5,
1.,0.5,1.)) REPRESENTATION_ITEM('') );
#5133 = CARTESIAN_POINT('',(-28.70178370803,0.898451936678));
#5134 = CARTESIAN_POINT('',(-28.70178370803,-6.895776697382));
#5135 = CARTESIAN_POINT('',(-35.45178370803,-2.998662380352));
#5136 = CARTESIAN_POINT('',(-42.20178370803,0.898451936678));
#5137 = CARTESIAN_POINT('',(-35.45178370803,4.795566253708));
#5138 = CARTESIAN_POINT('',(-28.70178370803,8.692680570738));
#5139 = CARTESIAN_POINT('',(-28.70178370803,0.898451936678));
#5140 = ( GEOMETRIC_REPRESENTATION_CONTEXT(2) 
PARAMETRIC_REPRESENTATION_CONTEXT() REPRESENTATION_CONTEXT('2D SPACE',''
  ) );
#5141 = ORIENTED_EDGE('',*,*,#5142,.F.);
#5142 = EDGE_CURVE('',#5143,#5110,#5145,.T.);
#5143 = VERTEX_POINT('',#5144);
#5144 = CARTESIAN_POINT('',(-59.81132414546,-146.9135431571,
    -74.66738658974));
#5145 = SURFACE_CURVE('',#5146,(#5151,#5158),.PCURVE_S1.);
#5146 = CIRCLE('',#5147,4.5);
#5147 = AXIS2_PLACEMENT_3D('',#5148,#5149,#5150);
#5148 = CARTESIAN_POINT('',(-59.,-146.5276164964,-79.07678720021));
#5149 = DIRECTION('',(0.,0.996191759571,8.718932367606E-02));
#5150 = DIRECTION('',(1.,0.,-0.));
#5151 = PCURVE('',#3583,#5152);
#5152 = DEFINITIONAL_REPRESENTATION('',(#5153),#5157);
#5153 = LINE('',#5154,#5155);
#5154 = CARTESIAN_POINT('',(6.28318530718,0.199999999986));
#5155 = VECTOR('',#5156,1.);
#5156 = DIRECTION('',(-1.,0.));
#5157 = ( GEOMETRIC_REPRESENTATION_CONTEXT(2) 
PARAMETRIC_REPRESENTATION_CONTEXT() REPRESENTATION_CONTEXT('2D SPACE',''
  ) );
#5158 = PCURVE('',#5159,#5164);
#5159 = PLANE('',#5160);
#5160 = AXIS2_PLACEMENT_3D('',#5161,#5162,#5163);
#5161 = CARTESIAN_POINT('',(-57.65069841701,-146.531293116,
    -79.03477955592));
#5162 = DIRECTION('',(-0.,-0.996191759571,-8.718932367605E-02));
#5163 = DIRECTION('',(1.,-0.,0.));
#5164 = DEFINITIONAL_REPRESENTATION('',(#5165),#5173);
#5165 = ( BOUNDED_CURVE() B_SPLINE_CURVE(2,(#5166,#5167,#5168,#5169,
#5170,#5171,#5172),.UNSPECIFIED.,.T.,.F.) B_SPLINE_CURVE_WITH_KNOTS((1,2
    ,2,2,2,1),(-2.094395102393,0.,2.094395102393,4.188790204786,
6.28318530718,8.377580409573),.UNSPECIFIED.) CURVE() 
GEOMETRIC_REPRESENTATION_ITEM() RATIONAL_B_SPLINE_CURVE((1.,0.5,1.,0.5,
1.,0.5,1.)) REPRESENTATION_ITEM('') );
#5166 = CARTESIAN_POINT('',(3.15069841701,-4.216823105703E-02));
#5167 = CARTESIAN_POINT('',(3.15069841701,-7.836396865117));
#5168 = CARTESIAN_POINT('',(-3.59930158299,-3.939282548087));
#5169 = CARTESIAN_POINT('',(-10.34930158299,-4.216823105704E-02));
#5170 = CARTESIAN_POINT('',(-3.59930158299,3.854946085973));
#5171 = CARTESIAN_POINT('',(3.15069841701,7.752060403003));
#5172 = CARTESIAN_POINT('',(3.15069841701,-4.216823105703E-02));
#5173 = ( GEOMETRIC_REPRESENTATION_CONTEXT(2) 
PARAMETRIC_REPRESENTATION_CONTEXT() REPRESENTATION_CONTEXT('2D SPACE',''
  ) );
#5174 = ORIENTED_EDGE('',*,*,#5175,.F.);
#5175 = EDGE_CURVE('',#3563,#5143,#5176,.T.);
#5176 = SURFACE_CURVE('',#5177,(#5182,#5189),.PCURVE_S1.);
#5177 = CIRCLE('',#5178,4.5);
#5178 = AXIS2_PLACEMENT_3D('',#5179,#5180,#5181);
#5179 = CARTESIAN_POINT('',(-59.,-146.5276164964,-79.07678720021));
#5180 = DIRECTION('',(0.,0.996191759571,8.718932367606E-02));
#5181 = DIRECTION('',(1.,0.,-0.));
#5182 = PCURVE('',#3583,#5183);
#5183 = DEFINITIONAL_REPRESENTATION('',(#5184),#5188);
#5184 = LINE('',#5185,#5186);
#5185 = CARTESIAN_POINT('',(6.28318530718,0.199999999986));
#5186 = VECTOR('',#5187,1.);
#5187 = DIRECTION('',(-1.,0.));
#5188 = ( GEOMETRIC_REPRESENTATION_CONTEXT(2) 
PARAMETRIC_REPRESENTATION_CONTEXT() REPRESENTATION_CONTEXT('2D SPACE',''
  ) );
#5189 = PCURVE('',#3609,#5190);
#5190 = DEFINITIONAL_REPRESENTATION('',(#5191),#5199);
#5191 = ( BOUNDED_CURVE() B_SPLINE_CURVE(2,(#5192,#5193,#5194,#5195,
#5196,#5197,#5198),.UNSPECIFIED.,.T.,.F.) B_SPLINE_CURVE_WITH_KNOTS((1,2
    ,2,2,2,1),(-2.094395102393,0.,2.094395102393,4.188790204786,
6.28318530718,8.377580409573),.UNSPECIFIED.) CURVE() 
GEOMETRIC_REPRESENTATION_ITEM() RATIONAL_B_SPLINE_CURVE((1.,0.5,1.,0.5,
1.,0.5,1.)) REPRESENTATION_ITEM('') );
#5192 = CARTESIAN_POINT('',(3.15069841701,-4.216823105703E-02));
#5193 = CARTESIAN_POINT('',(3.15069841701,-7.836396865117));
#5194 = CARTESIAN_POINT('',(-3.59930158299,-3.939282548087));
#5195 = CARTESIAN_POINT('',(-10.34930158299,-4.216823105704E-02));
#5196 = CARTESIAN_POINT('',(-3.59930158299,3.854946085973));
#5197 = CARTESIAN_POINT('',(3.15069841701,7.752060403003));
#5198 = CARTESIAN_POINT('',(3.15069841701,-4.216823105703E-02));
#5199 = ( GEOMETRIC_REPRESENTATION_CONTEXT(2) 
PARAMETRIC_REPRESENTATION_CONTEXT() REPRESENTATION_CONTEXT('2D SPACE',''
  ) );
#5200 = ORIENTED_EDGE('',*,*,#3562,.F.);
#5201 = ORIENTED_EDGE('',*,*,#4998,.F.);
#5202 = ORIENTED_EDGE('',*,*,#5203,.F.);
#5203 = EDGE_CURVE('',#5029,#4971,#5204,.T.);
#5204 = SURFACE_CURVE('',#5205,(#5210,#5217),.PCURVE_S1.);
#5205 = CIRCLE('',#5206,4.5);
#5206 = AXIS2_PLACEMENT_3D('',#5207,#5208,#5209);
#5207 = CARTESIAN_POINT('',(-59.,-146.5276207822,-79.07678757531));
#5208 = DIRECTION('',(0.,0.996191759571,8.718932367606E-02));
#5209 = DIRECTION('',(1.,0.,-0.));
#5210 = PCURVE('',#3583,#5211);
#5211 = DEFINITIONAL_REPRESENTATION('',(#5212),#5216);
#5212 = LINE('',#5213,#5214);
#5213 = CARTESIAN_POINT('',(6.28318530718,0.20000430213));
#5214 = VECTOR('',#5215,1.);
#5215 = DIRECTION('',(-1.,0.));
#5216 = ( GEOMETRIC_REPRESENTATION_CONTEXT(2) 
PARAMETRIC_REPRESENTATION_CONTEXT() REPRESENTATION_CONTEXT('2D SPACE',''
  ) );
#5217 = PCURVE('',#4986,#5218);
#5218 = DEFINITIONAL_REPRESENTATION('',(#5219),#5227);
#5219 = ( BOUNDED_CURVE() B_SPLINE_CURVE(2,(#5220,#5221,#5222,#5223,
#5224,#5225,#5226),.UNSPECIFIED.,.T.,.F.) B_SPLINE_CURVE_WITH_KNOTS((1,2
    ,2,2,2,1),(-2.094395102393,0.,2.094395102393,4.188790204786,
6.28318530718,8.377580409573),.UNSPECIFIED.) CURVE() 
GEOMETRIC_REPRESENTATION_ITEM() RATIONAL_B_SPLINE_CURVE((1.,0.5,1.,0.5,
1.,0.5,1.)) REPRESENTATION_ITEM('') );
#5220 = CARTESIAN_POINT('',(-28.70178370803,0.898451936678));
#5221 = CARTESIAN_POINT('',(-28.70178370803,-6.895776697382));
#5222 = CARTESIAN_POINT('',(-35.45178370803,-2.998662380352));
#5223 = CARTESIAN_POINT('',(-42.20178370803,0.898451936678));
#5224 = CARTESIAN_POINT('',(-35.45178370803,4.795566253708));
#5225 = CARTESIAN_POINT('',(-28.70178370803,8.692680570738));
#5226 = CARTESIAN_POINT('',(-28.70178370803,0.898451936678));
#5227 = ( GEOMETRIC_REPRESENTATION_CONTEXT(2) 
PARAMETRIC_REPRESENTATION_CONTEXT() REPRESENTATION_CONTEXT('2D SPACE',''
  ) );
#5228 = ADVANCED_FACE('',(#5229),#3609,.T.);
#5229 = FACE_BOUND('',#5230,.T.);
#5230 = EDGE_LOOP('',(#5231,#5254,#5255,#5256));
#5231 = ORIENTED_EDGE('',*,*,#5232,.T.);
#5232 = EDGE_CURVE('',#5233,#3407,#5235,.T.);
#5233 = VERTEX_POINT('',#5234);
#5234 = CARTESIAN_POINT('',(-67.06422,-148.1966851335,-60.00669868377));
#5235 = SURFACE_CURVE('',#5236,(#5241,#5248),.PCURVE_S1.);
#5236 = CIRCLE('',#5237,21.294499207368);
#5237 = AXIS2_PLACEMENT_3D('',#5238,#5239,#5240);
#5238 = CARTESIAN_POINT('',(-57.65069841701,-146.531293116,
    -79.03477955592));
#5239 = DIRECTION('',(0.,-0.996191759571,-8.718932367605E-02));
#5240 = DIRECTION('',(1.,-0.,0.));
#5241 = PCURVE('',#3609,#5242);
#5242 = DEFINITIONAL_REPRESENTATION('',(#5243),#5247);
#5243 = CIRCLE('',#5244,21.294499207368);
#5244 = AXIS2_PLACEMENT_2D('',#5245,#5246);
#5245 = CARTESIAN_POINT('',(0.,0.));
#5246 = DIRECTION('',(1.,0.));
#5247 = ( GEOMETRIC_REPRESENTATION_CONTEXT(2) 
PARAMETRIC_REPRESENTATION_CONTEXT() REPRESENTATION_CONTEXT('2D SPACE',''
  ) );
#5248 = PCURVE('',#4954,#5249);
#5249 = DEFINITIONAL_REPRESENTATION('',(#5250),#5253);
#5250 = B_SPLINE_CURVE_WITH_KNOTS('',1,(#5251,#5252),.UNSPECIFIED.,.F.,
  .F.,(2,2),(2.028694179699,3.5671350913),.PIECEWISE_BEZIER_KNOTS.);
#5251 = CARTESIAN_POINT('',(2.028694179699,2.));
#5252 = CARTESIAN_POINT('',(3.5671350913,2.));
#5253 = ( GEOMETRIC_REPRESENTATION_CONTEXT(2) 
PARAMETRIC_REPRESENTATION_CONTEXT() REPRESENTATION_CONTEXT('2D SPACE',''
  ) );
#5254 = ORIENTED_EDGE('',*,*,#3595,.T.);
#5255 = ORIENTED_EDGE('',*,*,#5175,.T.);
#5256 = ORIENTED_EDGE('',*,*,#5257,.T.);
#5257 = EDGE_CURVE('',#5143,#5233,#5258,.T.);
#5258 = SURFACE_CURVE('',#5259,(#5263,#5270),.PCURVE_S1.);
#5259 = LINE('',#5260,#5261);
#5260 = CARTESIAN_POINT('',(-48.23718,-144.8659099785,-98.06285765386));
#5261 = VECTOR('',#5262,1.);
#5262 = DIRECTION('',(-0.442063466418,-7.820740864419E-02,0.893567844594
    ));
#5263 = PCURVE('',#3609,#5264);
#5264 = DEFINITIONAL_REPRESENTATION('',(#5265),#5269);
#5265 = LINE('',#5266,#5267);
#5266 = CARTESIAN_POINT('',(9.41351841701,-19.10081823105));
#5267 = VECTOR('',#5268,1.);
#5268 = DIRECTION('',(-0.442063466418,0.896983774468));
#5269 = ( GEOMETRIC_REPRESENTATION_CONTEXT(2) 
PARAMETRIC_REPRESENTATION_CONTEXT() REPRESENTATION_CONTEXT('2D SPACE',''
  ) );
#5270 = PCURVE('',#5159,#5271);
#5271 = DEFINITIONAL_REPRESENTATION('',(#5272),#5276);
#5272 = LINE('',#5273,#5274);
#5273 = CARTESIAN_POINT('',(9.41351841701,-19.10081823105));
#5274 = VECTOR('',#5275,1.);
#5275 = DIRECTION('',(-0.442063466418,0.896983774468));
#5276 = ( GEOMETRIC_REPRESENTATION_CONTEXT(2) 
PARAMETRIC_REPRESENTATION_CONTEXT() REPRESENTATION_CONTEXT('2D SPACE',''
  ) );
#5277 = ADVANCED_FACE('',(#5278),#3762,.T.);
#5278 = FACE_BOUND('',#5279,.T.);
#5279 = EDGE_LOOP('',(#5280,#5281,#5282));
#5280 = ORIENTED_EDGE('',*,*,#3747,.T.);
#5281 = ORIENTED_EDGE('',*,*,#4914,.T.);
#5282 = ORIENTED_EDGE('',*,*,#5283,.F.);
#5283 = EDGE_CURVE('',#3725,#4887,#5284,.T.);
#5284 = SURFACE_CURVE('',#5285,(#5289,#5296),.PCURVE_S1.);
#5285 = LINE('',#5286,#5287);
#5286 = CARTESIAN_POINT('',(-38.5686,-140.8680856974,-120.8018757064));
#5287 = VECTOR('',#5288,1.);
#5288 = DIRECTION('',(-0.412815044182,-7.941333307827E-02,0.907346274487
    ));
#5289 = PCURVE('',#3762,#5290);
#5290 = DEFINITIONAL_REPRESENTATION('',(#5291),#5295);
#5291 = LINE('',#5292,#5293);
#5292 = CARTESIAN_POINT('',(-0.95061649559,-17.8188570198));
#5293 = VECTOR('',#5294,1.);
#5294 = DIRECTION('',(0.412815044182,0.910814876524));
#5295 = ( GEOMETRIC_REPRESENTATION_CONTEXT(2) 
PARAMETRIC_REPRESENTATION_CONTEXT() REPRESENTATION_CONTEXT('2D SPACE',''
  ) );
#5296 = PCURVE('',#4061,#5297);
#5297 = DEFINITIONAL_REPRESENTATION('',(#5298),#5302);
#5298 = LINE('',#5299,#5300);
#5299 = CARTESIAN_POINT('',(12.77038370803,-41.16118806324));
#5300 = VECTOR('',#5301,1.);
#5301 = DIRECTION('',(0.412815044182,0.910814876524));
#5302 = ( GEOMETRIC_REPRESENTATION_CONTEXT(2) 
PARAMETRIC_REPRESENTATION_CONTEXT() REPRESENTATION_CONTEXT('2D SPACE',''
  ) );
#5303 = ADVANCED_FACE('',(#5304),#3851,.T.);
#5304 = FACE_BOUND('',#5305,.T.);
#5305 = EDGE_LOOP('',(#5306,#5307,#5330,#5351));
#5306 = ORIENTED_EDGE('',*,*,#3889,.F.);
#5307 = ORIENTED_EDGE('',*,*,#5308,.F.);
#5308 = EDGE_CURVE('',#5309,#3890,#5311,.T.);
#5309 = VERTEX_POINT('',#5310);
#5310 = CARTESIAN_POINT('',(-2.755935410871,-147.8234696867,
    -64.2709151831));
#5311 = SURFACE_CURVE('',#5312,(#5316,#5323),.PCURVE_S1.);
#5312 = LINE('',#5313,#5314);
#5313 = CARTESIAN_POINT('',(-67.06422,-148.1966851335,-60.00669868377));
#5314 = VECTOR('',#5315,1.);
#5315 = DIRECTION('',(0.997792053465,5.790722134242E-03,
    -6.616256932476E-02));
#5316 = PCURVE('',#3851,#5317);
#5317 = DEFINITIONAL_REPRESENTATION('',(#5318),#5322);
#5318 = LINE('',#5319,#5320);
#5319 = CARTESIAN_POINT('',(-75.46419720403,-13.45115338443));
#5320 = VECTOR('',#5321,1.);
#5321 = DIRECTION('',(0.997792053465,-6.641549549984E-02));
#5322 = ( GEOMETRIC_REPRESENTATION_CONTEXT(2) 
PARAMETRIC_REPRESENTATION_CONTEXT() REPRESENTATION_CONTEXT('2D SPACE',''
  ) );
#5323 = PCURVE('',#3953,#5324);
#5324 = DEFINITIONAL_REPRESENTATION('',(#5325),#5329);
#5325 = LINE('',#5326,#5327);
#5326 = CARTESIAN_POINT('',(-75.46419720403,-13.45115338443));
#5327 = VECTOR('',#5328,1.);
#5328 = DIRECTION('',(0.997792053465,-6.641549549984E-02));
#5329 = ( GEOMETRIC_REPRESENTATION_CONTEXT(2) 
PARAMETRIC_REPRESENTATION_CONTEXT() REPRESENTATION_CONTEXT('2D SPACE',''
  ) );
#5330 = ORIENTED_EDGE('',*,*,#5331,.F.);
#5331 = EDGE_CURVE('',#3835,#5309,#5332,.T.);
#5332 = SURFACE_CURVE('',#5333,(#5337,#5344),.PCURVE_S1.);
#5333 = LINE('',#5334,#5335);
#5334 = CARTESIAN_POINT('',(-38.5686,-142.8604692166,-120.9762543538));
#5335 = VECTOR('',#5336,1.);
#5336 = DIRECTION('',(0.532523775277,-7.379835534144E-02,0.843191693219)
  );
#5337 = PCURVE('',#3851,#5338);
#5338 = DEFINITIONAL_REPRESENTATION('',(#5339),#5343);
#5339 = LINE('',#5340,#5341);
#5340 = CARTESIAN_POINT('',(-46.96857720403,-74.6537833844));
#5341 = VECTOR('',#5342,1.);
#5342 = DIRECTION('',(0.532523775277,0.846415045214));
#5343 = ( GEOMETRIC_REPRESENTATION_CONTEXT(2) 
PARAMETRIC_REPRESENTATION_CONTEXT() REPRESENTATION_CONTEXT('2D SPACE',''
  ) );
#5344 = PCURVE('',#4517,#5345);
#5345 = DEFINITIONAL_REPRESENTATION('',(#5346),#5350);
#5346 = LINE('',#5347,#5348);
#5347 = CARTESIAN_POINT('',(-12.77038370803,-41.16118806329));
#5348 = VECTOR('',#5349,1.);
#5349 = DIRECTION('',(0.532523775277,0.846415045214));
#5350 = ( GEOMETRIC_REPRESENTATION_CONTEXT(2) 
PARAMETRIC_REPRESENTATION_CONTEXT() REPRESENTATION_CONTEXT('2D SPACE',''
  ) );
#5351 = ORIENTED_EDGE('',*,*,#3834,.T.);
#5352 = ADVANCED_FACE('',(#5353),#3953,.T.);
#5353 = FACE_BOUND('',#5354,.T.);
#5354 = EDGE_LOOP('',(#5355,#5356,#5357,#5383));
#5355 = ORIENTED_EDGE('',*,*,#3939,.F.);
#5356 = ORIENTED_EDGE('',*,*,#3997,.F.);
#5357 = ORIENTED_EDGE('',*,*,#5358,.F.);
#5358 = EDGE_CURVE('',#5309,#3970,#5359,.T.);
#5359 = SURFACE_CURVE('',#5360,(#5364,#5371),.PCURVE_S1.);
#5360 = LINE('',#5361,#5362);
#5361 = CARTESIAN_POINT('',(-38.5686,-142.8604692166,-120.9762543538));
#5362 = VECTOR('',#5363,1.);
#5363 = DIRECTION('',(0.532523775277,-7.379835534144E-02,0.843191693219)
  );
#5364 = PCURVE('',#3953,#5365);
#5365 = DEFINITIONAL_REPRESENTATION('',(#5366),#5370);
#5366 = LINE('',#5367,#5368);
#5367 = CARTESIAN_POINT('',(-46.96857720403,-74.6537833844));
#5368 = VECTOR('',#5369,1.);
#5369 = DIRECTION('',(0.532523775277,0.846415045214));
#5370 = ( GEOMETRIC_REPRESENTATION_CONTEXT(2) 
PARAMETRIC_REPRESENTATION_CONTEXT() REPRESENTATION_CONTEXT('2D SPACE',''
  ) );
#5371 = PCURVE('',#5372,#5377);
#5372 = PLANE('',#5373);
#5373 = AXIS2_PLACEMENT_3D('',#5374,#5375,#5376);
#5374 = CARTESIAN_POINT('',(-25.79821629197,-146.4492853655,
    -79.971817991));
#5375 = DIRECTION('',(-0.,-0.996191759571,-8.718932367605E-02));
#5376 = DIRECTION('',(1.,-0.,0.));
#5377 = DEFINITIONAL_REPRESENTATION('',(#5378),#5382);
#5378 = LINE('',#5379,#5380);
#5379 = CARTESIAN_POINT('',(-12.77038370803,-41.16118806329));
#5380 = VECTOR('',#5381,1.);
#5381 = DIRECTION('',(0.532523775277,0.846415045214));
#5382 = ( GEOMETRIC_REPRESENTATION_CONTEXT(2) 
PARAMETRIC_REPRESENTATION_CONTEXT() REPRESENTATION_CONTEXT('2D SPACE',''
  ) );
#5383 = ORIENTED_EDGE('',*,*,#5308,.T.);
#5384 = ADVANCED_FACE('',(#5385),#3985,.T.);
#5385 = FACE_BOUND('',#5386,.T.);
#5386 = EDGE_LOOP('',(#5387,#5415,#5416,#5417));
#5387 = ORIENTED_EDGE('',*,*,#5388,.T.);
#5388 = EDGE_CURVE('',#5389,#3970,#5391,.T.);
#5389 = VERTEX_POINT('',#5390);
#5390 = CARTESIAN_POINT('',(-1.01354,-151.0348693821,-27.57869441197));
#5391 = SURFACE_CURVE('',#5392,(#5396,#5403),.PCURVE_S1.);
#5392 = LINE('',#5393,#5394);
#5393 = CARTESIAN_POINT('',(-1.01354,-151.0348693821,-27.57869441197));
#5394 = VECTOR('',#5395,1.);
#5395 = DIRECTION('',(0.442063466418,7.820740864419E-02,-0.893567844594)
  );
#5396 = PCURVE('',#3985,#5397);
#5397 = DEFINITIONAL_REPRESENTATION('',(#5398),#5402);
#5398 = LINE('',#5399,#5400);
#5399 = CARTESIAN_POINT('',(-9.413517204031,19.100816615562));
#5400 = VECTOR('',#5401,1.);
#5401 = DIRECTION('',(0.442063466418,-0.896983774468));
#5402 = ( GEOMETRIC_REPRESENTATION_CONTEXT(2) 
PARAMETRIC_REPRESENTATION_CONTEXT() REPRESENTATION_CONTEXT('2D SPACE',''
  ) );
#5403 = PCURVE('',#5404,#5409);
#5404 = PLANE('',#5405);
#5405 = AXIS2_PLACEMENT_3D('',#5406,#5407,#5408);
#5406 = CARTESIAN_POINT('',(8.399977204031,-149.3694778139,
    -46.60677015036));
#5407 = DIRECTION('',(-0.,-0.996191759571,-8.718932367605E-02));
#5408 = DIRECTION('',(1.,-0.,0.));
#5409 = DEFINITIONAL_REPRESENTATION('',(#5410),#5414);
#5410 = LINE('',#5411,#5412);
#5411 = CARTESIAN_POINT('',(-9.413517204031,19.100816615562));
#5412 = VECTOR('',#5413,1.);
#5413 = DIRECTION('',(0.442063466418,-0.896983774468));
#5414 = ( GEOMETRIC_REPRESENTATION_CONTEXT(2) 
PARAMETRIC_REPRESENTATION_CONTEXT() REPRESENTATION_CONTEXT('2D SPACE',''
  ) );
#5415 = ORIENTED_EDGE('',*,*,#3969,.T.);
#5416 = ORIENTED_EDGE('',*,*,#4299,.T.);
#5417 = ORIENTED_EDGE('',*,*,#5418,.T.);
#5418 = EDGE_CURVE('',#4274,#5389,#5419,.T.);
#5419 = SURFACE_CURVE('',#5420,(#5425,#5432),.PCURVE_S1.);
#5420 = CIRCLE('',#5421,21.294499207368);
#5421 = AXIS2_PLACEMENT_3D('',#5422,#5423,#5424);
#5422 = CARTESIAN_POINT('',(8.399977204031,-149.3694778139,
    -46.60677015036));
#5423 = DIRECTION('',(0.,-0.996191759571,-8.718932367605E-02));
#5424 = DIRECTION('',(1.,-0.,0.));
#5425 = PCURVE('',#3985,#5426);
#5426 = DEFINITIONAL_REPRESENTATION('',(#5427),#5431);
#5427 = CIRCLE('',#5428,21.294499207368);
#5428 = AXIS2_PLACEMENT_2D('',#5429,#5430);
#5429 = CARTESIAN_POINT('',(0.,0.));
#5430 = DIRECTION('',(1.,0.));
#5431 = ( GEOMETRIC_REPRESENTATION_CONTEXT(2) 
PARAMETRIC_REPRESENTATION_CONTEXT() REPRESENTATION_CONTEXT('2D SPACE',''
  ) );
#5432 = PCURVE('',#4288,#5433);
#5433 = DEFINITIONAL_REPRESENTATION('',(#5434),#5437);
#5434 = B_SPLINE_CURVE_WITH_KNOTS('',1,(#5435,#5436),.UNSPECIFIED.,.F.,
  .F.,(2,2),(0.,2.028694102227),.PIECEWISE_BEZIER_KNOTS.);
#5435 = CARTESIAN_POINT('',(0.,2.));
#5436 = CARTESIAN_POINT('',(2.028694102227,2.));
#5437 = ( GEOMETRIC_REPRESENTATION_CONTEXT(2) 
PARAMETRIC_REPRESENTATION_CONTEXT() REPRESENTATION_CONTEXT('2D SPACE',''
  ) );
#5438 = ADVANCED_FACE('',(#5439),#4061,.T.);
#5439 = FACE_BOUND('',#5440,.T.);
#5440 = EDGE_LOOP('',(#5441,#5442,#5443,#5444,#5445,#5468));
#5441 = ORIENTED_EDGE('',*,*,#4045,.T.);
#5442 = ORIENTED_EDGE('',*,*,#4104,.T.);
#5443 = ORIENTED_EDGE('',*,*,#4345,.T.);
#5444 = ORIENTED_EDGE('',*,*,#5283,.T.);
#5445 = ORIENTED_EDGE('',*,*,#5446,.T.);
#5446 = EDGE_CURVE('',#4887,#5447,#5449,.T.);
#5447 = VERTEX_POINT('',#5448);
#5448 = CARTESIAN_POINT('',(-47.3157328073,-142.9131208574,
    -97.43608860718));
#5449 = SURFACE_CURVE('',#5450,(#5454,#5461),.PCURVE_S1.);
#5450 = LINE('',#5451,#5452);
#5451 = CARTESIAN_POINT('',(-57.96395,-140.1016313817,-129.5590886454));
#5452 = VECTOR('',#5453,1.);
#5453 = DIRECTION('',(0.313566080943,-8.279205058891E-02,0.945950204419)
  );
#5454 = PCURVE('',#4061,#5455);
#5455 = DEFINITIONAL_REPRESENTATION('',(#5456),#5460);
#5456 = LINE('',#5457,#5458);
#5457 = CARTESIAN_POINT('',(32.16573370803,-49.9518780633));
#5458 = VECTOR('',#5459,1.);
#5459 = DIRECTION('',(-0.313566080943,0.949566381504));
#5460 = ( GEOMETRIC_REPRESENTATION_CONTEXT(2) 
PARAMETRIC_REPRESENTATION_CONTEXT() REPRESENTATION_CONTEXT('2D SPACE',''
  ) );
#5461 = PCURVE('',#4902,#5462);
#5462 = DEFINITIONAL_REPRESENTATION('',(#5463),#5467);
#5463 = LINE('',#5464,#5465);
#5464 = CARTESIAN_POINT('',(32.16573370803,-49.9518780633));
#5465 = VECTOR('',#5466,1.);
#5466 = DIRECTION('',(-0.313566080943,0.949566381504));
#5467 = ( GEOMETRIC_REPRESENTATION_CONTEXT(2) 
PARAMETRIC_REPRESENTATION_CONTEXT() REPRESENTATION_CONTEXT('2D SPACE',''
  ) );
#5468 = ORIENTED_EDGE('',*,*,#5469,.F.);
#5469 = EDGE_CURVE('',#4046,#5447,#5470,.T.);
#5470 = SURFACE_CURVE('',#5471,(#5475,#5482),.PCURVE_S1.);
#5471 = LINE('',#5472,#5473);
#5472 = CARTESIAN_POINT('',(17.8135,-145.711710708,-65.46047473471));
#5473 = VECTOR('',#5474,1.);
#5474 = DIRECTION('',(-0.896983796339,3.854321078962E-02,-0.440379938244
    ));
#5475 = PCURVE('',#4061,#5476);
#5476 = DEFINITIONAL_REPRESENTATION('',(#5477),#5481);
#5477 = LINE('',#5478,#5479);
#5478 = CARTESIAN_POINT('',(-43.61171629197,14.391771936671));
#5479 = VECTOR('',#5480,1.);
#5480 = DIRECTION('',(0.896983796339,-0.44206342204));
#5481 = ( GEOMETRIC_REPRESENTATION_CONTEXT(2) 
PARAMETRIC_REPRESENTATION_CONTEXT() REPRESENTATION_CONTEXT('2D SPACE',''
  ) );
#5482 = PCURVE('',#5483,#5488);
#5483 = PLANE('',#5484);
#5484 = AXIS2_PLACEMENT_3D('',#5485,#5486,#5487);
#5485 = CARTESIAN_POINT('',(-25.79821629197,-144.4569018464,
    -79.79743934365));
#5486 = DIRECTION('',(-0.,0.996191759571,8.718932367605E-02));
#5487 = DIRECTION('',(-1.,0.,-0.));
#5488 = DEFINITIONAL_REPRESENTATION('',(#5489),#5493);
#5489 = LINE('',#5490,#5491);
#5490 = CARTESIAN_POINT('',(-43.61171629197,14.391771936671));
#5491 = VECTOR('',#5492,1.);
#5492 = DIRECTION('',(0.896983796339,-0.44206342204));
#5493 = ( GEOMETRIC_REPRESENTATION_CONTEXT(2) 
PARAMETRIC_REPRESENTATION_CONTEXT() REPRESENTATION_CONTEXT('2D SPACE',''
  ) );
#5494 = ADVANCED_FACE('',(#5495),#4087,.T.);
#5495 = FACE_BOUND('',#5496,.T.);
#5496 = EDGE_LOOP('',(#5497,#5520,#5521,#5544,#5572));
#5497 = ORIENTED_EDGE('',*,*,#5498,.F.);
#5498 = EDGE_CURVE('',#4022,#5499,#5501,.T.);
#5499 = VERTEX_POINT('',#5500);
#5500 = CARTESIAN_POINT('',(-12.0257538554,-146.4994086675,
    -56.46054007297));
#5501 = SURFACE_CURVE('',#5502,(#5506,#5513),.PCURVE_S1.);
#5502 = LINE('',#5503,#5504);
#5503 = CARTESIAN_POINT('',(-20.54462,-139.879374461,-132.0985109455));
#5504 = VECTOR('',#5505,1.);
#5505 = DIRECTION('',(0.111498339761,-8.664566512267E-02,0.989980125531)
  );
#5506 = PCURVE('',#4087,#5507);
#5507 = DEFINITIONAL_REPRESENTATION('',(#5508),#5512);
#5508 = LINE('',#5509,#5510);
#5509 = CARTESIAN_POINT('',(-5.25359629197,-52.50100806333));
#5510 = VECTOR('',#5511,1.);
#5511 = DIRECTION('',(-0.111498339761,0.993764620134));
#5512 = ( GEOMETRIC_REPRESENTATION_CONTEXT(2) 
PARAMETRIC_REPRESENTATION_CONTEXT() REPRESENTATION_CONTEXT('2D SPACE',''
  ) );
#5513 = PCURVE('',#4144,#5514);
#5514 = DEFINITIONAL_REPRESENTATION('',(#5515),#5519);
#5515 = LINE('',#5516,#5517);
#5516 = CARTESIAN_POINT('',(-5.25359629197,-52.50100806333));
#5517 = VECTOR('',#5518,1.);
#5518 = DIRECTION('',(-0.111498339761,0.993764620134));
#5519 = ( GEOMETRIC_REPRESENTATION_CONTEXT(2) 
PARAMETRIC_REPRESENTATION_CONTEXT() REPRESENTATION_CONTEXT('2D SPACE',''
  ) );
#5520 = ORIENTED_EDGE('',*,*,#4073,.T.);
#5521 = ORIENTED_EDGE('',*,*,#5522,.F.);
#5522 = EDGE_CURVE('',#5523,#4046,#5525,.T.);
#5523 = VERTEX_POINT('',#5524);
#5524 = CARTESIAN_POINT('',(-34.76347504501,-144.633635144,
    -77.77815249377));
#5525 = SURFACE_CURVE('',#5526,(#5530,#5537),.PCURVE_S1.);
#5526 = LINE('',#5527,#5528);
#5527 = CARTESIAN_POINT('',(-38.25535,-145.3053683526,-70.10318658252));
#5528 = VECTOR('',#5529,1.);
#5529 = DIRECTION('',(0.412814864713,7.941334017031E-02,-0.90734635552)
  );
#5530 = PCURVE('',#4087,#5531);
#5531 = DEFINITIONAL_REPRESENTATION('',(#5532),#5536);
#5532 = LINE('',#5533,#5534);
#5533 = CARTESIAN_POINT('',(12.45713370803,9.731311936672));
#5534 = VECTOR('',#5535,1.);
#5535 = DIRECTION('',(-0.412814864713,-0.910814957866));
#5536 = ( GEOMETRIC_REPRESENTATION_CONTEXT(2) 
PARAMETRIC_REPRESENTATION_CONTEXT() REPRESENTATION_CONTEXT('2D SPACE',''
  ) );
#5537 = PCURVE('',#5483,#5538);
#5538 = DEFINITIONAL_REPRESENTATION('',(#5539),#5543);
#5539 = LINE('',#5540,#5541);
#5540 = CARTESIAN_POINT('',(12.45713370803,9.731311936672));
#5541 = VECTOR('',#5542,1.);
#5542 = DIRECTION('',(-0.412814864713,-0.910814957866));
#5543 = ( GEOMETRIC_REPRESENTATION_CONTEXT(2) 
PARAMETRIC_REPRESENTATION_CONTEXT() REPRESENTATION_CONTEXT('2D SPACE',''
  ) );
#5544 = ORIENTED_EDGE('',*,*,#5545,.T.);
#5545 = EDGE_CURVE('',#5523,#5546,#5548,.T.);
#5546 = VERTEX_POINT('',#5547);
#5547 = CARTESIAN_POINT('',(-24.62536,-145.9580061612,-62.64639738556));
#5548 = SURFACE_CURVE('',#5549,(#5553,#5560),.PCURVE_S1.);
#5549 = LINE('',#5550,#5551);
#5550 = CARTESIAN_POINT('',(-48.23718,-142.8735264594,-97.88847900651));
#5551 = VECTOR('',#5552,1.);
#5552 = DIRECTION('',(0.555144209203,-7.252007870803E-02,0.828586594855)
  );
#5553 = PCURVE('',#4087,#5554);
#5554 = DEFINITIONAL_REPRESENTATION('',(#5555),#5559);
#5555 = LINE('',#5556,#5557);
#5556 = CARTESIAN_POINT('',(22.43896370803,-18.16019806332));
#5557 = VECTOR('',#5558,1.);
#5558 = DIRECTION('',(-0.555144209203,0.831754114501));
#5559 = ( GEOMETRIC_REPRESENTATION_CONTEXT(2) 
PARAMETRIC_REPRESENTATION_CONTEXT() REPRESENTATION_CONTEXT('2D SPACE',''
  ) );
#5560 = PCURVE('',#5561,#5566);
#5561 = PLANE('',#5562);
#5562 = AXIS2_PLACEMENT_3D('',#5563,#5564,#5565);
#5563 = CARTESIAN_POINT('',(-25.79821629197,-144.4569018464,
    -79.79743934365));
#5564 = DIRECTION('',(-0.,0.996191759571,8.718932367605E-02));
#5565 = DIRECTION('',(-1.,0.,-0.));
#5566 = DEFINITIONAL_REPRESENTATION('',(#5567),#5571);
#5567 = LINE('',#5568,#5569);
#5568 = CARTESIAN_POINT('',(22.43896370803,-18.16019806332));
#5569 = VECTOR('',#5570,1.);
#5570 = DIRECTION('',(-0.555144209203,0.831754114501));
#5571 = ( GEOMETRIC_REPRESENTATION_CONTEXT(2) 
PARAMETRIC_REPRESENTATION_CONTEXT() REPRESENTATION_CONTEXT('2D SPACE',''
  ) );
#5572 = ORIENTED_EDGE('',*,*,#5573,.T.);
#5573 = EDGE_CURVE('',#5546,#5499,#5574,.T.);
#5574 = SURFACE_CURVE('',#5575,(#5579,#5586),.PCURVE_S1.);
#5575 = LINE('',#5576,#5577);
#5576 = CARTESIAN_POINT('',(-57.6507,-144.5389140369,-78.86039952146));
#5577 = VECTOR('',#5578,1.);
#5578 = DIRECTION('',(0.896983796339,-3.854321078962E-02,0.440379938244)
  );
#5579 = PCURVE('',#4087,#5580);
#5580 = DEFINITIONAL_REPRESENTATION('',(#5581),#5585);
#5581 = LINE('',#5582,#5583);
#5582 = CARTESIAN_POINT('',(31.85248370803,0.940621936678));
#5583 = VECTOR('',#5584,1.);
#5584 = DIRECTION('',(-0.896983796339,0.44206342204));
#5585 = ( GEOMETRIC_REPRESENTATION_CONTEXT(2) 
PARAMETRIC_REPRESENTATION_CONTEXT() REPRESENTATION_CONTEXT('2D SPACE',''
  ) );
#5586 = PCURVE('',#5587,#5592);
#5587 = PLANE('',#5588);
#5588 = AXIS2_PLACEMENT_3D('',#5589,#5590,#5591);
#5589 = CARTESIAN_POINT('',(-26.40706233783,-143.8978684253,
    -86.18474072299));
#5590 = DIRECTION('',(-0.,0.996191759571,8.718932367605E-02));
#5591 = DIRECTION('',(-1.,0.,-0.));
#5592 = DEFINITIONAL_REPRESENTATION('',(#5593),#5597);
#5593 = LINE('',#5594,#5595);
#5594 = CARTESIAN_POINT('',(31.24363766217,7.352340682571));
#5595 = VECTOR('',#5596,1.);
#5596 = DIRECTION('',(-0.896983796339,0.44206342204));
#5597 = ( GEOMETRIC_REPRESENTATION_CONTEXT(2) 
PARAMETRIC_REPRESENTATION_CONTEXT() REPRESENTATION_CONTEXT('2D SPACE',''
  ) );
#5598 = ADVANCED_FACE('',(#5599),#4144,.T.);
#5599 = FACE_BOUND('',#5600,.T.);
#5600 = EDGE_LOOP('',(#5601,#5629,#5664,#5665,#5666));
#5601 = ORIENTED_EDGE('',*,*,#5602,.T.);
#5602 = EDGE_CURVE('',#5499,#5603,#5605,.T.);
#5603 = VERTEX_POINT('',#5604);
#5604 = CARTESIAN_POINT('',(-10.70084164772,-146.556337732,
    -55.81006575357));
#5605 = SURFACE_CURVE('',#5606,(#5610,#5617),.PCURVE_S1.);
#5606 = LINE('',#5607,#5608);
#5607 = CARTESIAN_POINT('',(-57.6507,-144.5389140369,-78.86039952146));
#5608 = VECTOR('',#5609,1.);
#5609 = DIRECTION('',(0.896983796339,-3.854321078962E-02,0.440379938244)
  );
#5610 = PCURVE('',#4144,#5611);
#5611 = DEFINITIONAL_REPRESENTATION('',(#5612),#5616);
#5612 = LINE('',#5613,#5614);
#5613 = CARTESIAN_POINT('',(31.85248370803,0.940621936678));
#5614 = VECTOR('',#5615,1.);
#5615 = DIRECTION('',(-0.896983796339,0.44206342204));
#5616 = ( GEOMETRIC_REPRESENTATION_CONTEXT(2) 
PARAMETRIC_REPRESENTATION_CONTEXT() REPRESENTATION_CONTEXT('2D SPACE',''
  ) );
#5617 = PCURVE('',#5618,#5623);
#5618 = PLANE('',#5619);
#5619 = AXIS2_PLACEMENT_3D('',#5620,#5621,#5622);
#5620 = CARTESIAN_POINT('',(-3.761567662166,-144.3473164295,
    -81.04952027124));
#5621 = DIRECTION('',(-0.,0.996191759571,8.718932367605E-02));
#5622 = DIRECTION('',(-1.,0.,-0.));
#5623 = DEFINITIONAL_REPRESENTATION('',(#5624),#5628);
#5624 = LINE('',#5625,#5626);
#5625 = CARTESIAN_POINT('',(53.889132337834,2.197489317444));
#5626 = VECTOR('',#5627,1.);
#5627 = DIRECTION('',(-0.896983796339,0.44206342204));
#5628 = ( GEOMETRIC_REPRESENTATION_CONTEXT(2) 
PARAMETRIC_REPRESENTATION_CONTEXT() REPRESENTATION_CONTEXT('2D SPACE',''
  ) );
#5629 = ORIENTED_EDGE('',*,*,#5630,.T.);
#5630 = EDGE_CURVE('',#5603,#4129,#5631,.T.);
#5631 = SURFACE_CURVE('',#5632,(#5637,#5648),.PCURVE_S1.);
#5632 = CIRCLE('',#5633,21.294499207368);
#5633 = AXIS2_PLACEMENT_3D('',#5634,#5635,#5636);
#5634 = CARTESIAN_POINT('',(8.399977204031,-147.3770942948,
    -46.43239150301));
#5635 = DIRECTION('',(0.,-0.996191759571,-8.718932367605E-02));
#5636 = DIRECTION('',(1.,-0.,0.));
#5637 = PCURVE('',#4144,#5638);
#5638 = DEFINITIONAL_REPRESENTATION('',(#5639),#5647);
#5639 = ( BOUNDED_CURVE() B_SPLINE_CURVE(2,(#5640,#5641,#5642,#5643,
#5644,#5645,#5646),.UNSPECIFIED.,.T.,.F.) B_SPLINE_CURVE_WITH_KNOTS((1,2
    ,2,2,2,1),(-2.094395102393,0.,2.094395102393,4.188790204786,
6.28318530718,8.377580409573),.UNSPECIFIED.) CURVE() 
GEOMETRIC_REPRESENTATION_ITEM() RATIONAL_B_SPLINE_CURVE((1.,0.5,1.,0.5,
1.,0.5,1.)) REPRESENTATION_ITEM('') );
#5640 = CARTESIAN_POINT('',(-55.49269270336,33.492595321113));
#5641 = CARTESIAN_POINT('',(-55.49269270336,70.37574987001));
#5642 = CARTESIAN_POINT('',(-23.55094389231,51.934172595562));
#5643 = CARTESIAN_POINT('',(8.390804918735,33.492595321113));
#5644 = CARTESIAN_POINT('',(-23.55094389231,15.051018046665));
#5645 = CARTESIAN_POINT('',(-55.49269270336,-3.390559227783));
#5646 = CARTESIAN_POINT('',(-55.49269270336,33.492595321113));
#5647 = ( GEOMETRIC_REPRESENTATION_CONTEXT(2) 
PARAMETRIC_REPRESENTATION_CONTEXT() REPRESENTATION_CONTEXT('2D SPACE',''
  ) );
#5648 = PCURVE('',#5649,#5654);
#5649 = PLANE('',#5650);
#5650 = AXIS2_PLACEMENT_3D('',#5651,#5652,#5653);
#5651 = CARTESIAN_POINT('',(-25.79821629197,-144.4569018464,
    -79.79743934365));
#5652 = DIRECTION('',(-0.,0.996191759571,8.718932367605E-02));
#5653 = DIRECTION('',(-1.,0.,-0.));
#5654 = DEFINITIONAL_REPRESENTATION('',(#5655),#5663);
#5655 = ( BOUNDED_CURVE() B_SPLINE_CURVE(2,(#5656,#5657,#5658,#5659,
#5660,#5661,#5662),.UNSPECIFIED.,.T.,.F.) B_SPLINE_CURVE_WITH_KNOTS((1,2
    ,2,2,2,1),(-2.094395102393,0.,2.094395102393,4.188790204786,
6.28318530718,8.377580409573),.UNSPECIFIED.) CURVE() 
GEOMETRIC_REPRESENTATION_ITEM() RATIONAL_B_SPLINE_CURVE((1.,0.5,1.,0.5,
1.,0.5,1.)) REPRESENTATION_ITEM('') );
#5656 = CARTESIAN_POINT('',(-55.49269270336,33.492595321113));
#5657 = CARTESIAN_POINT('',(-55.49269270336,70.37574987001));
#5658 = CARTESIAN_POINT('',(-23.55094389231,51.934172595562));
#5659 = CARTESIAN_POINT('',(8.390804918735,33.492595321113));
#5660 = CARTESIAN_POINT('',(-23.55094389231,15.051018046665));
#5661 = CARTESIAN_POINT('',(-55.49269270336,-3.390559227783));
#5662 = CARTESIAN_POINT('',(-55.49269270336,33.492595321113));
#5663 = ( GEOMETRIC_REPRESENTATION_CONTEXT(2) 
PARAMETRIC_REPRESENTATION_CONTEXT() REPRESENTATION_CONTEXT('2D SPACE',''
  ) );
#5664 = ORIENTED_EDGE('',*,*,#4128,.T.);
#5665 = ORIENTED_EDGE('',*,*,#4191,.T.);
#5666 = ORIENTED_EDGE('',*,*,#5498,.T.);
#5667 = ADVANCED_FACE('',(#5668),#4175,.F.);
#5668 = FACE_BOUND('',#5669,.F.);
#5669 = EDGE_LOOP('',(#5670,#5671,#5692));
#5670 = ORIENTED_EDGE('',*,*,#4245,.F.);
#5671 = ORIENTED_EDGE('',*,*,#5672,.T.);
#5672 = EDGE_CURVE('',#4218,#4129,#5673,.T.);
#5673 = SURFACE_CURVE('',#5674,(#5678,#5685),.PCURVE_S1.);
#5674 = LINE('',#5675,#5676);
#5675 = CARTESIAN_POINT('',(8.39998,-147.3770982855,-46.43239524966));
#5676 = VECTOR('',#5677,1.);
#5677 = DIRECTION('',(-0.532523775277,7.379835534144E-02,-0.843191693219
    ));
#5678 = PCURVE('',#4175,#5679);
#5679 = DEFINITIONAL_REPRESENTATION('',(#5680),#5684);
#5680 = LINE('',#5681,#5682);
#5681 = CARTESIAN_POINT('',(2.795968999436E-06,-3.384435419485E-06));
#5682 = VECTOR('',#5683,1.);
#5683 = DIRECTION('',(-0.532523775277,-0.846415045214));
#5684 = ( GEOMETRIC_REPRESENTATION_CONTEXT(2) 
PARAMETRIC_REPRESENTATION_CONTEXT() REPRESENTATION_CONTEXT('2D SPACE',''
  ) );
#5685 = PCURVE('',#5649,#5686);
#5686 = DEFINITIONAL_REPRESENTATION('',(#5687),#5691);
#5687 = LINE('',#5688,#5689);
#5688 = CARTESIAN_POINT('',(-34.19819629197,33.492591936678));
#5689 = VECTOR('',#5690,1.);
#5690 = DIRECTION('',(0.532523775277,-0.846415045214));
#5691 = ( GEOMETRIC_REPRESENTATION_CONTEXT(2) 
PARAMETRIC_REPRESENTATION_CONTEXT() REPRESENTATION_CONTEXT('2D SPACE',''
  ) );
#5692 = ORIENTED_EDGE('',*,*,#4156,.T.);
#5693 = ADVANCED_FACE('',(#5694),#4233,.F.);
#5694 = FACE_BOUND('',#5695,.F.);
#5695 = EDGE_LOOP('',(#5696,#5724,#5725,#5726));
#5696 = ORIENTED_EDGE('',*,*,#5697,.T.);
#5697 = EDGE_CURVE('',#5698,#4218,#5700,.T.);
#5698 = VERTEX_POINT('',#5699);
#5699 = CARTESIAN_POINT('',(-1.01354,-149.0424858629,-27.40431576462));
#5700 = SURFACE_CURVE('',#5701,(#5705,#5712),.PCURVE_S1.);
#5701 = LINE('',#5702,#5703);
#5702 = CARTESIAN_POINT('',(-1.01354,-149.0424858629,-27.40431576462));
#5703 = VECTOR('',#5704,1.);
#5704 = DIRECTION('',(0.442063466418,7.820740864419E-02,-0.893567844594)
  );
#5705 = PCURVE('',#4233,#5706);
#5706 = DEFINITIONAL_REPRESENTATION('',(#5707),#5711);
#5707 = LINE('',#5708,#5709);
#5708 = CARTESIAN_POINT('',(-9.413517204031,19.100816615553));
#5709 = VECTOR('',#5710,1.);
#5710 = DIRECTION('',(0.442063466418,-0.896983774468));
#5711 = ( GEOMETRIC_REPRESENTATION_CONTEXT(2) 
PARAMETRIC_REPRESENTATION_CONTEXT() REPRESENTATION_CONTEXT('2D SPACE',''
  ) );
#5712 = PCURVE('',#5713,#5718);
#5713 = PLANE('',#5714);
#5714 = AXIS2_PLACEMENT_3D('',#5715,#5716,#5717);
#5715 = CARTESIAN_POINT('',(8.399977204031,-147.3770942948,
    -46.43239150301));
#5716 = DIRECTION('',(-0.,-0.996191759571,-8.718932367605E-02));
#5717 = DIRECTION('',(1.,-0.,0.));
#5718 = DEFINITIONAL_REPRESENTATION('',(#5719),#5723);
#5719 = LINE('',#5720,#5721);
#5720 = CARTESIAN_POINT('',(-9.413517204031,19.100816615553));
#5721 = VECTOR('',#5722,1.);
#5722 = DIRECTION('',(0.442063466418,-0.896983774468));
#5723 = ( GEOMETRIC_REPRESENTATION_CONTEXT(2) 
PARAMETRIC_REPRESENTATION_CONTEXT() REPRESENTATION_CONTEXT('2D SPACE',''
  ) );
#5724 = ORIENTED_EDGE('',*,*,#4217,.T.);
#5725 = ORIENTED_EDGE('',*,*,#4321,.T.);
#5726 = ORIENTED_EDGE('',*,*,#5727,.T.);
#5727 = EDGE_CURVE('',#4272,#5698,#5728,.T.);
#5728 = SURFACE_CURVE('',#5729,(#5734,#5741),.PCURVE_S1.);
#5729 = CIRCLE('',#5730,21.294499207368);
#5730 = AXIS2_PLACEMENT_3D('',#5731,#5732,#5733);
#5731 = CARTESIAN_POINT('',(8.399977204031,-147.3770942948,
    -46.43239150301));
#5732 = DIRECTION('',(0.,-0.996191759571,-8.718932367605E-02));
#5733 = DIRECTION('',(1.,-0.,0.));
#5734 = PCURVE('',#4233,#5735);
#5735 = DEFINITIONAL_REPRESENTATION('',(#5736),#5740);
#5736 = CIRCLE('',#5737,21.294499207368);
#5737 = AXIS2_PLACEMENT_2D('',#5738,#5739);
#5738 = CARTESIAN_POINT('',(0.,0.));
#5739 = DIRECTION('',(1.,0.));
#5740 = ( GEOMETRIC_REPRESENTATION_CONTEXT(2) 
PARAMETRIC_REPRESENTATION_CONTEXT() REPRESENTATION_CONTEXT('2D SPACE',''
  ) );
#5741 = PCURVE('',#4288,#5742);
#5742 = DEFINITIONAL_REPRESENTATION('',(#5743),#5746);
#5743 = B_SPLINE_CURVE_WITH_KNOTS('',1,(#5744,#5745),.UNSPECIFIED.,.F.,
  .F.,(2,2),(0.,2.028694102227),.PIECEWISE_BEZIER_KNOTS.);
#5744 = CARTESIAN_POINT('',(0.,0.));
#5745 = CARTESIAN_POINT('',(2.028694102227,0.));
#5746 = ( GEOMETRIC_REPRESENTATION_CONTEXT(2) 
PARAMETRIC_REPRESENTATION_CONTEXT() REPRESENTATION_CONTEXT('2D SPACE',''
  ) );
#5747 = ADVANCED_FACE('',(#5748),#4288,.T.);
#5748 = FACE_BOUND('',#5749,.T.);
#5749 = EDGE_LOOP('',(#5750,#5751,#5752,#5753));
#5750 = ORIENTED_EDGE('',*,*,#5418,.F.);
#5751 = ORIENTED_EDGE('',*,*,#4271,.F.);
#5752 = ORIENTED_EDGE('',*,*,#5727,.T.);
#5753 = ORIENTED_EDGE('',*,*,#5754,.F.);
#5754 = EDGE_CURVE('',#5389,#5698,#5755,.T.);
#5755 = SURFACE_CURVE('',#5756,(#5760,#5766),.PCURVE_S1.);
#5756 = LINE('',#5757,#5758);
#5757 = CARTESIAN_POINT('',(-1.01354,-151.0348693821,-27.57869441197));
#5758 = VECTOR('',#5759,1.);
#5759 = DIRECTION('',(-0.,0.996191759571,8.718932367605E-02));
#5760 = PCURVE('',#4288,#5761);
#5761 = DEFINITIONAL_REPRESENTATION('',(#5762),#5765);
#5762 = B_SPLINE_CURVE_WITH_KNOTS('',1,(#5763,#5764),.UNSPECIFIED.,.F.,
  .F.,(2,2),(0.,2.),.PIECEWISE_BEZIER_KNOTS.);
#5763 = CARTESIAN_POINT('',(2.028694102227,2.000004302194));
#5764 = CARTESIAN_POINT('',(2.028694102227,4.302194014372E-06));
#5765 = ( GEOMETRIC_REPRESENTATION_CONTEXT(2) 
PARAMETRIC_REPRESENTATION_CONTEXT() REPRESENTATION_CONTEXT('2D SPACE',''
  ) );
#5766 = PCURVE('',#5767,#5772);
#5767 = PLANE('',#5768);
#5768 = AXIS2_PLACEMENT_3D('',#5769,#5770,#5771);
#5769 = CARTESIAN_POINT('',(-33.59647760463,-148.1472625715,
    -43.44530419026));
#5770 = DIRECTION('',(-0.44206342204,-7.820741055118E-02,0.893567866381)
  );
#5771 = DIRECTION('',(0.896983796339,-3.854321078964E-02,0.440379938244)
  );
#5772 = DEFINITIONAL_REPRESENTATION('',(#5773),#5777);
#5773 = LINE('',#5774,#5775);
#5774 = CARTESIAN_POINT('',(36.325001340752,-1.493211133998));
#5775 = VECTOR('',#5776,1.);
#5776 = DIRECTION('',(-4.800326802723E-14,1.));
#5777 = ( GEOMETRIC_REPRESENTATION_CONTEXT(2) 
PARAMETRIC_REPRESENTATION_CONTEXT() REPRESENTATION_CONTEXT('2D SPACE',''
  ) );
#5778 = ADVANCED_FACE('',(#5779),#4401,.T.);
#5779 = FACE_BOUND('',#5780,.T.);
#5780 = EDGE_LOOP('',(#5781,#5782,#5783));
#5781 = ORIENTED_EDGE('',*,*,#4385,.T.);
#5782 = ORIENTED_EDGE('',*,*,#4586,.T.);
#5783 = ORIENTED_EDGE('',*,*,#5784,.F.);
#5784 = EDGE_CURVE('',#4386,#4587,#5785,.T.);
#5785 = SURFACE_CURVE('',#5786,(#5790,#5797),.PCURVE_S1.);
#5786 = LINE('',#5787,#5788);
#5787 = CARTESIAN_POINT('',(-57.96395,-142.0940149008,-129.7334672927));
#5788 = VECTOR('',#5789,1.);
#5789 = DIRECTION('',(0.313566080943,-8.279205058891E-02,0.945950204419)
  );
#5790 = PCURVE('',#4401,#5791);
#5791 = DEFINITIONAL_REPRESENTATION('',(#5792),#5796);
#5792 = LINE('',#5793,#5794);
#5793 = CARTESIAN_POINT('',(-32.16573370803,-49.95187806325));
#5794 = VECTOR('',#5795,1.);
#5795 = DIRECTION('',(0.313566080943,0.949566381504));
#5796 = ( GEOMETRIC_REPRESENTATION_CONTEXT(2) 
PARAMETRIC_REPRESENTATION_CONTEXT() REPRESENTATION_CONTEXT('2D SPACE',''
  ) );
#5797 = PCURVE('',#4986,#5798);
#5798 = DEFINITIONAL_REPRESENTATION('',(#5799),#5803);
#5799 = LINE('',#5800,#5801);
#5800 = CARTESIAN_POINT('',(-32.16573370803,-49.95187806325));
#5801 = VECTOR('',#5802,1.);
#5802 = DIRECTION('',(0.313566080943,0.949566381504));
#5803 = ( GEOMETRIC_REPRESENTATION_CONTEXT(2) 
PARAMETRIC_REPRESENTATION_CONTEXT() REPRESENTATION_CONTEXT('2D SPACE',''
  ) );
#5804 = ADVANCED_FACE('',(#5805),#4427,.T.);
#5805 = FACE_BOUND('',#5806,.T.);
#5806 = EDGE_LOOP('',(#5807,#5828,#5829,#5830));
#5807 = ORIENTED_EDGE('',*,*,#5808,.F.);
#5808 = EDGE_CURVE('',#4636,#4386,#5809,.T.);
#5809 = SURFACE_CURVE('',#5810,(#5814,#5821),.PCURVE_S1.);
#5810 = LINE('',#5811,#5812);
#5811 = CARTESIAN_POINT('',(-56.59259,-143.8491813249,-109.6796091529));
#5812 = VECTOR('',#5813,1.);
#5813 = DIRECTION('',(0.532523775277,-7.379835534144E-02,0.843191693219)
  );
#5814 = PCURVE('',#4427,#5815);
#5815 = DEFINITIONAL_REPRESENTATION('',(#5816),#5820);
#5816 = LINE('',#5817,#5818);
#5817 = CARTESIAN_POINT('',(-30.79437370803,-29.82135806332));
#5818 = VECTOR('',#5819,1.);
#5819 = DIRECTION('',(0.532523775277,0.846415045214));
#5820 = ( GEOMETRIC_REPRESENTATION_CONTEXT(2) 
PARAMETRIC_REPRESENTATION_CONTEXT() REPRESENTATION_CONTEXT('2D SPACE',''
  ) );
#5821 = PCURVE('',#4986,#5822);
#5822 = DEFINITIONAL_REPRESENTATION('',(#5823),#5827);
#5823 = LINE('',#5824,#5825);
#5824 = CARTESIAN_POINT('',(-30.79437370803,-29.82135806332));
#5825 = VECTOR('',#5826,1.);
#5826 = DIRECTION('',(0.532523775277,0.846415045214));
#5827 = ( GEOMETRIC_REPRESENTATION_CONTEXT(2) 
PARAMETRIC_REPRESENTATION_CONTEXT() REPRESENTATION_CONTEXT('2D SPACE',''
  ) );
#5828 = ORIENTED_EDGE('',*,*,#4680,.F.);
#5829 = ORIENTED_EDGE('',*,*,#4442,.T.);
#5830 = ORIENTED_EDGE('',*,*,#4413,.T.);
#5831 = ADVANCED_FACE('',(#5832),#4485,.T.);
#5832 = FACE_BOUND('',#5833,.T.);
#5833 = EDGE_LOOP('',(#5834,#5858,#5859,#5860));
#5834 = ORIENTED_EDGE('',*,*,#5835,.F.);
#5835 = EDGE_CURVE('',#4587,#5836,#5838,.T.);
#5836 = VERTEX_POINT('',#5837);
#5837 = CARTESIAN_POINT('',(-38.54987868763,-147.3520538093,
    -69.65710745445));
#5838 = SURFACE_CURVE('',#5839,(#5844,#5851),.PCURVE_S1.);
#5839 = CIRCLE('',#5840,21.294499207368);
#5840 = AXIS2_PLACEMENT_3D('',#5841,#5842,#5843);
#5841 = CARTESIAN_POINT('',(-57.65069841701,-146.531293116,
    -79.03477955592));
#5842 = DIRECTION('',(0.,-0.996191759571,-8.718932367605E-02));
#5843 = DIRECTION('',(1.,-0.,0.));
#5844 = PCURVE('',#4485,#5845);
#5845 = DEFINITIONAL_REPRESENTATION('',(#5846),#5850);
#5846 = CIRCLE('',#5847,21.294499207368);
#5847 = AXIS2_PLACEMENT_2D('',#5848,#5849);
#5848 = CARTESIAN_POINT('',(-31.85248212504,0.94062016773));
#5849 = DIRECTION('',(1.,0.));
#5850 = ( GEOMETRIC_REPRESENTATION_CONTEXT(2) 
PARAMETRIC_REPRESENTATION_CONTEXT() REPRESENTATION_CONTEXT('2D SPACE',''
  ) );
#5851 = PCURVE('',#5126,#5852);
#5852 = DEFINITIONAL_REPRESENTATION('',(#5853),#5857);
#5853 = CIRCLE('',#5854,21.294499207368);
#5854 = AXIS2_PLACEMENT_2D('',#5855,#5856);
#5855 = CARTESIAN_POINT('',(-31.85248212504,0.94062016773));
#5856 = DIRECTION('',(1.,0.));
#5857 = ( GEOMETRIC_REPRESENTATION_CONTEXT(2) 
PARAMETRIC_REPRESENTATION_CONTEXT() REPRESENTATION_CONTEXT('2D SPACE',''
  ) );
#5858 = ORIENTED_EDGE('',*,*,#4611,.T.);
#5859 = ORIENTED_EDGE('',*,*,#4469,.T.);
#5860 = ORIENTED_EDGE('',*,*,#5861,.T.);
#5861 = EDGE_CURVE('',#4470,#5836,#5862,.T.);
#5862 = SURFACE_CURVE('',#5863,(#5867,#5874),.PCURVE_S1.);
#5863 = LINE('',#5864,#5865);
#5864 = CARTESIAN_POINT('',(8.39998,-149.3694818046,-46.60677389702));
#5865 = VECTOR('',#5866,1.);
#5866 = DIRECTION('',(-0.896983796339,3.854321078962E-02,-0.440379938244
    ));
#5867 = PCURVE('',#4485,#5868);
#5868 = DEFINITIONAL_REPRESENTATION('',(#5869),#5873);
#5869 = LINE('',#5870,#5871);
#5870 = CARTESIAN_POINT('',(34.19819629197,33.492591936668));
#5871 = VECTOR('',#5872,1.);
#5872 = DIRECTION('',(-0.896983796339,-0.44206342204));
#5873 = ( GEOMETRIC_REPRESENTATION_CONTEXT(2) 
PARAMETRIC_REPRESENTATION_CONTEXT() REPRESENTATION_CONTEXT('2D SPACE',''
  ) );
#5874 = PCURVE('',#5875,#5880);
#5875 = PLANE('',#5876);
#5876 = AXIS2_PLACEMENT_3D('',#5877,#5878,#5879);
#5877 = CARTESIAN_POINT('',(-28.16917619209,-147.0409057369,
    -73.21219061985));
#5878 = DIRECTION('',(-0.,-0.996191759571,-8.718932367605E-02));
#5879 = DIRECTION('',(1.,-0.,0.));
#5880 = DEFINITIONAL_REPRESENTATION('',(#5881),#5885);
#5881 = LINE('',#5882,#5883);
#5882 = CARTESIAN_POINT('',(36.56915619209,26.707123871703));
#5883 = VECTOR('',#5884,1.);
#5884 = DIRECTION('',(-0.896983796339,-0.44206342204));
#5885 = ( GEOMETRIC_REPRESENTATION_CONTEXT(2) 
PARAMETRIC_REPRESENTATION_CONTEXT() REPRESENTATION_CONTEXT('2D SPACE',''
  ) );
#5886 = ADVANCED_FACE('',(#5887),#4517,.T.);
#5887 = FACE_BOUND('',#5888,.T.);
#5888 = EDGE_LOOP('',(#5889,#5890,#5911));
#5889 = ORIENTED_EDGE('',*,*,#5331,.T.);
#5890 = ORIENTED_EDGE('',*,*,#5891,.F.);
#5891 = EDGE_CURVE('',#4501,#5309,#5892,.T.);
#5892 = SURFACE_CURVE('',#5893,(#5897,#5904),.PCURVE_S1.);
#5893 = LINE('',#5894,#5895);
#5894 = CARTESIAN_POINT('',(-67.06422,-148.1966851335,-60.00669868377));
#5895 = VECTOR('',#5896,1.);
#5896 = DIRECTION('',(0.997792053465,5.790722134242E-03,
    -6.616256932476E-02));
#5897 = PCURVE('',#4517,#5898);
#5898 = DEFINITIONAL_REPRESENTATION('',(#5899),#5903);
#5899 = LINE('',#5900,#5901);
#5900 = CARTESIAN_POINT('',(-41.26600370803,20.041441936675));
#5901 = VECTOR('',#5902,1.);
#5902 = DIRECTION('',(0.997792053465,-6.641549549984E-02));
#5903 = ( GEOMETRIC_REPRESENTATION_CONTEXT(2) 
PARAMETRIC_REPRESENTATION_CONTEXT() REPRESENTATION_CONTEXT('2D SPACE',''
  ) );
#5904 = PCURVE('',#5372,#5905);
#5905 = DEFINITIONAL_REPRESENTATION('',(#5906),#5910);
#5906 = LINE('',#5907,#5908);
#5907 = CARTESIAN_POINT('',(-41.26600370803,20.041441936675));
#5908 = VECTOR('',#5909,1.);
#5909 = DIRECTION('',(0.997792053465,-6.641549549984E-02));
#5910 = ( GEOMETRIC_REPRESENTATION_CONTEXT(2) 
PARAMETRIC_REPRESENTATION_CONTEXT() REPRESENTATION_CONTEXT('2D SPACE',''
  ) );
#5911 = ORIENTED_EDGE('',*,*,#4500,.T.);
#5912 = ADVANCED_FACE('',(#5913),#4545,.T.);
#5913 = FACE_BOUND('',#5914,.T.);
#5914 = EDGE_LOOP('',(#5915,#5943,#5944));
#5915 = ORIENTED_EDGE('',*,*,#5916,.T.);
#5916 = EDGE_CURVE('',#5917,#4530,#5919,.T.);
#5917 = VERTEX_POINT('',#5918);
#5918 = CARTESIAN_POINT('',(-10.70084164772,-148.5487212511,
    -55.98444440093));
#5919 = SURFACE_CURVE('',#5920,(#5924,#5931),.PCURVE_S1.);
#5920 = LINE('',#5921,#5922);
#5921 = CARTESIAN_POINT('',(8.39998,-149.3694818046,-46.60677389702));
#5922 = VECTOR('',#5923,1.);
#5923 = DIRECTION('',(-0.896983796339,3.854321078962E-02,-0.440379938244
    ));
#5924 = PCURVE('',#4545,#5925);
#5925 = DEFINITIONAL_REPRESENTATION('',(#5926),#5930);
#5926 = LINE('',#5927,#5928);
#5927 = CARTESIAN_POINT('',(34.19819629197,33.492591936668));
#5928 = VECTOR('',#5929,1.);
#5929 = DIRECTION('',(-0.896983796339,-0.44206342204));
#5930 = ( GEOMETRIC_REPRESENTATION_CONTEXT(2) 
PARAMETRIC_REPRESENTATION_CONTEXT() REPRESENTATION_CONTEXT('2D SPACE',''
  ) );
#5931 = PCURVE('',#5932,#5937);
#5932 = PLANE('',#5933);
#5933 = AXIS2_PLACEMENT_3D('',#5934,#5935,#5936);
#5934 = CARTESIAN_POINT('',(-17.66174035161,-147.1021985023,
    -72.51188299917));
#5935 = DIRECTION('',(-0.,-0.996191759571,-8.718932367605E-02));
#5936 = DIRECTION('',(1.,-0.,0.));
#5937 = DEFINITIONAL_REPRESENTATION('',(#5938),#5942);
#5938 = LINE('',#5939,#5940);
#5939 = CARTESIAN_POINT('',(26.06172035161,26.004139116056));
#5940 = VECTOR('',#5941,1.);
#5941 = DIRECTION('',(-0.896983796339,-0.44206342204));
#5942 = ( GEOMETRIC_REPRESENTATION_CONTEXT(2) 
PARAMETRIC_REPRESENTATION_CONTEXT() REPRESENTATION_CONTEXT('2D SPACE',''
  ) );
#5943 = ORIENTED_EDGE('',*,*,#4529,.T.);
#5944 = ORIENTED_EDGE('',*,*,#5945,.F.);
#5945 = EDGE_CURVE('',#5917,#4501,#5946,.T.);
#5946 = SURFACE_CURVE('',#5947,(#5952,#5959),.PCURVE_S1.);
#5947 = CIRCLE('',#5948,21.294499207368);
#5948 = AXIS2_PLACEMENT_3D('',#5949,#5950,#5951);
#5949 = CARTESIAN_POINT('',(8.399977204031,-149.3694778139,
    -46.60677015036));
#5950 = DIRECTION('',(0.,-0.996191759571,-8.718932367605E-02));
#5951 = DIRECTION('',(1.,-0.,0.));
#5952 = PCURVE('',#4545,#5953);
#5953 = DEFINITIONAL_REPRESENTATION('',(#5954),#5958);
#5954 = CIRCLE('',#5955,21.294499207368);
#5955 = AXIS2_PLACEMENT_2D('',#5956,#5957);
#5956 = CARTESIAN_POINT('',(34.198193496001,33.492595321113));
#5957 = DIRECTION('',(1.,0.));
#5958 = ( GEOMETRIC_REPRESENTATION_CONTEXT(2) 
PARAMETRIC_REPRESENTATION_CONTEXT() REPRESENTATION_CONTEXT('2D SPACE',''
  ) );
#5959 = PCURVE('',#5372,#5960);
#5960 = DEFINITIONAL_REPRESENTATION('',(#5961),#5965);
#5961 = CIRCLE('',#5962,21.294499207368);
#5962 = AXIS2_PLACEMENT_2D('',#5963,#5964);
#5963 = CARTESIAN_POINT('',(34.198193496001,33.492595321113));
#5964 = DIRECTION('',(1.,0.));
#5965 = ( GEOMETRIC_REPRESENTATION_CONTEXT(2) 
PARAMETRIC_REPRESENTATION_CONTEXT() REPRESENTATION_CONTEXT('2D SPACE',''
  ) );
#5966 = ADVANCED_FACE('',(#5967),#4571,.T.);
#5967 = FACE_BOUND('',#5968,.T.);
#5968 = EDGE_LOOP('',(#5969,#5992,#6013));
#5969 = ORIENTED_EDGE('',*,*,#5970,.F.);
#5970 = EDGE_CURVE('',#5971,#4530,#5973,.T.);
#5971 = VERTEX_POINT('',#5972);
#5972 = CARTESIAN_POINT('',(-26.90316728111,-147.9636090169,
    -62.66973696458));
#5973 = SURFACE_CURVE('',#5974,(#5978,#5985),.PCURVE_S1.);
#5974 = LINE('',#5975,#5976);
#5975 = CARTESIAN_POINT('',(-67.06422,-148.1966851335,-60.00669868377));
#5976 = VECTOR('',#5977,1.);
#5977 = DIRECTION('',(0.997792053465,5.790722134242E-03,
    -6.616256932476E-02));
#5978 = PCURVE('',#4571,#5979);
#5979 = DEFINITIONAL_REPRESENTATION('',(#5980),#5984);
#5980 = LINE('',#5981,#5982);
#5981 = CARTESIAN_POINT('',(-49.40247964839,12.552989116063));
#5982 = VECTOR('',#5983,1.);
#5983 = DIRECTION('',(0.997792053465,-6.641549549984E-02));
#5984 = ( GEOMETRIC_REPRESENTATION_CONTEXT(2) 
PARAMETRIC_REPRESENTATION_CONTEXT() REPRESENTATION_CONTEXT('2D SPACE',''
  ) );
#5985 = PCURVE('',#5932,#5986);
#5986 = DEFINITIONAL_REPRESENTATION('',(#5987),#5991);
#5987 = LINE('',#5988,#5989);
#5988 = CARTESIAN_POINT('',(-49.40247964839,12.552989116063));
#5989 = VECTOR('',#5990,1.);
#5990 = DIRECTION('',(0.997792053465,-6.641549549984E-02));
#5991 = ( GEOMETRIC_REPRESENTATION_CONTEXT(2) 
PARAMETRIC_REPRESENTATION_CONTEXT() REPRESENTATION_CONTEXT('2D SPACE',''
  ) );
#5992 = ORIENTED_EDGE('',*,*,#5993,.F.);
#5993 = EDGE_CURVE('',#4470,#5971,#5994,.T.);
#5994 = SURFACE_CURVE('',#5995,(#5999,#6006),.PCURVE_S1.);
#5995 = LINE('',#5996,#5997);
#5996 = CARTESIAN_POINT('',(-56.59259,-143.8491813249,-109.6796091529));
#5997 = VECTOR('',#5998,1.);
#5998 = DIRECTION('',(0.532523775277,-7.379835534144E-02,0.843191693219)
  );
#5999 = PCURVE('',#4571,#6000);
#6000 = DEFINITIONAL_REPRESENTATION('',(#6001),#6005);
#6001 = LINE('',#6002,#6003);
#6002 = CARTESIAN_POINT('',(-38.93084964839,-37.30981088393));
#6003 = VECTOR('',#6004,1.);
#6004 = DIRECTION('',(0.532523775277,0.846415045214));
#6005 = ( GEOMETRIC_REPRESENTATION_CONTEXT(2) 
PARAMETRIC_REPRESENTATION_CONTEXT() REPRESENTATION_CONTEXT('2D SPACE',''
  ) );
#6006 = PCURVE('',#5875,#6007);
#6007 = DEFINITIONAL_REPRESENTATION('',(#6008),#6012);
#6008 = LINE('',#6009,#6010);
#6009 = CARTESIAN_POINT('',(-28.42341380791,-36.60682612828));
#6010 = VECTOR('',#6011,1.);
#6011 = DIRECTION('',(0.532523775277,0.846415045214));
#6012 = ( GEOMETRIC_REPRESENTATION_CONTEXT(2) 
PARAMETRIC_REPRESENTATION_CONTEXT() REPRESENTATION_CONTEXT('2D SPACE',''
  ) );
#6013 = ORIENTED_EDGE('',*,*,#4557,.F.);
#6014 = ADVANCED_FACE('',(#6015),#4726,.F.);
#6015 = FACE_BOUND('',#6016,.F.);
#6016 = EDGE_LOOP('',(#6017,#6045,#6073,#6094));
#6017 = ORIENTED_EDGE('',*,*,#6018,.T.);
#6018 = EDGE_CURVE('',#4711,#6019,#6021,.T.);
#6019 = VERTEX_POINT('',#6020);
#6020 = CARTESIAN_POINT('',(-58.60913760698,-144.7084754851,
    -76.92305547085));
#6021 = SURFACE_CURVE('',#6022,(#6027,#6038),.PCURVE_S1.);
#6022 = CIRCLE('',#6023,2.025);
#6023 = AXIS2_PLACEMENT_3D('',#6024,#6025,#6026);
#6024 = CARTESIAN_POINT('',(-59.,-144.5352329772,-78.90240855285));
#6025 = DIRECTION('',(0.,0.996191759571,8.718932367606E-02));
#6026 = DIRECTION('',(1.,0.,-0.));
#6027 = PCURVE('',#4726,#6028);
#6028 = DEFINITIONAL_REPRESENTATION('',(#6029),#6037);
#6029 = ( BOUNDED_CURVE() B_SPLINE_CURVE(2,(#6030,#6031,#6032,#6033,
#6034,#6035,#6036),.UNSPECIFIED.,.T.,.F.) B_SPLINE_CURVE_WITH_KNOTS((1,2
    ,2,2,2,1),(-2.094395102393,0.,2.094395102393,4.188790204786,
6.28318530718,8.377580409573),.UNSPECIFIED.) CURVE() 
GEOMETRIC_REPRESENTATION_ITEM() RATIONAL_B_SPLINE_CURVE((1.,0.5,1.,0.5,
1.,0.5,1.)) REPRESENTATION_ITEM('') );
#6030 = CARTESIAN_POINT('',(0.67569841701,-4.216823105703E-02));
#6031 = CARTESIAN_POINT('',(0.67569841701,-3.549571116384));
#6032 = CARTESIAN_POINT('',(-2.36180158299,-1.795869673721));
#6033 = CARTESIAN_POINT('',(-5.39930158299,-4.216823105704E-02));
#6034 = CARTESIAN_POINT('',(-2.36180158299,1.711533211606));
#6035 = CARTESIAN_POINT('',(0.67569841701,3.46523465427));
#6036 = CARTESIAN_POINT('',(0.67569841701,-4.216823105703E-02));
#6037 = ( GEOMETRIC_REPRESENTATION_CONTEXT(2) 
PARAMETRIC_REPRESENTATION_CONTEXT() REPRESENTATION_CONTEXT('2D SPACE',''
  ) );
#6038 = PCURVE('',#4815,#6039);
#6039 = DEFINITIONAL_REPRESENTATION('',(#6040),#6044);
#6040 = LINE('',#6041,#6042);
#6041 = CARTESIAN_POINT('',(6.28318530718,9.999999926857E-03));
#6042 = VECTOR('',#6043,1.);
#6043 = DIRECTION('',(-1.,0.));
#6044 = ( GEOMETRIC_REPRESENTATION_CONTEXT(2) 
PARAMETRIC_REPRESENTATION_CONTEXT() REPRESENTATION_CONTEXT('2D SPACE',''
  ) );
#6045 = ORIENTED_EDGE('',*,*,#6046,.T.);
#6046 = EDGE_CURVE('',#6019,#6047,#6049,.T.);
#6047 = VERTEX_POINT('',#6048);
#6048 = CARTESIAN_POINT('',(-67.06422,-146.2043016143,-59.83232003642));
#6049 = SURFACE_CURVE('',#6050,(#6054,#6061),.PCURVE_S1.);
#6050 = LINE('',#6051,#6052);
#6051 = CARTESIAN_POINT('',(-48.23718,-142.8735264594,-97.88847900651));
#6052 = VECTOR('',#6053,1.);
#6053 = DIRECTION('',(-0.442063466418,-7.820740864419E-02,0.893567844594
    ));
#6054 = PCURVE('',#4726,#6055);
#6055 = DEFINITIONAL_REPRESENTATION('',(#6056),#6060);
#6056 = LINE('',#6057,#6058);
#6057 = CARTESIAN_POINT('',(9.41351841701,-19.10081823106));
#6058 = VECTOR('',#6059,1.);
#6059 = DIRECTION('',(-0.442063466418,0.896983774468));
#6060 = ( GEOMETRIC_REPRESENTATION_CONTEXT(2) 
PARAMETRIC_REPRESENTATION_CONTEXT() REPRESENTATION_CONTEXT('2D SPACE',''
  ) );
#6061 = PCURVE('',#6062,#6067);
#6062 = PLANE('',#6063);
#6063 = AXIS2_PLACEMENT_3D('',#6064,#6065,#6066);
#6064 = CARTESIAN_POINT('',(-57.65069841701,-144.5389095968,
    -78.86040090856));
#6065 = DIRECTION('',(-0.,-0.996191759571,-8.718932367605E-02));
#6066 = DIRECTION('',(1.,-0.,0.));
#6067 = DEFINITIONAL_REPRESENTATION('',(#6068),#6072);
#6068 = LINE('',#6069,#6070);
#6069 = CARTESIAN_POINT('',(9.41351841701,-19.10081823106));
#6070 = VECTOR('',#6071,1.);
#6071 = DIRECTION('',(-0.442063466418,0.896983774468));
#6072 = ( GEOMETRIC_REPRESENTATION_CONTEXT(2) 
PARAMETRIC_REPRESENTATION_CONTEXT() REPRESENTATION_CONTEXT('2D SPACE',''
  ) );
#6073 = ORIENTED_EDGE('',*,*,#6074,.T.);
#6074 = EDGE_CURVE('',#6047,#3259,#6075,.T.);
#6075 = SURFACE_CURVE('',#6076,(#6081,#6088),.PCURVE_S1.);
#6076 = CIRCLE('',#6077,21.294499207368);
#6077 = AXIS2_PLACEMENT_3D('',#6078,#6079,#6080);
#6078 = CARTESIAN_POINT('',(-57.65069841701,-144.5389095968,
    -78.86040090856));
#6079 = DIRECTION('',(0.,-0.996191759571,-8.718932367605E-02));
#6080 = DIRECTION('',(1.,-0.,0.));
#6081 = PCURVE('',#4726,#6082);
#6082 = DEFINITIONAL_REPRESENTATION('',(#6083),#6087);
#6083 = CIRCLE('',#6084,21.294499207368);
#6084 = AXIS2_PLACEMENT_2D('',#6085,#6086);
#6085 = CARTESIAN_POINT('',(0.,0.));
#6086 = DIRECTION('',(1.,0.));
#6087 = ( GEOMETRIC_REPRESENTATION_CONTEXT(2) 
PARAMETRIC_REPRESENTATION_CONTEXT() REPRESENTATION_CONTEXT('2D SPACE',''
  ) );
#6088 = PCURVE('',#4954,#6089);
#6089 = DEFINITIONAL_REPRESENTATION('',(#6090),#6093);
#6090 = B_SPLINE_CURVE_WITH_KNOTS('',1,(#6091,#6092),.UNSPECIFIED.,.F.,
  .F.,(2,2),(2.028694179699,3.5671350913),.PIECEWISE_BEZIER_KNOTS.);
#6091 = CARTESIAN_POINT('',(2.028694179699,0.));
#6092 = CARTESIAN_POINT('',(3.5671350913,0.));
#6093 = ( GEOMETRIC_REPRESENTATION_CONTEXT(2) 
PARAMETRIC_REPRESENTATION_CONTEXT() REPRESENTATION_CONTEXT('2D SPACE',''
  ) );
#6094 = ORIENTED_EDGE('',*,*,#4710,.T.);
#6095 = ADVANCED_FACE('',(#6096),#4756,.F.);
#6096 = FACE_BOUND('',#6097,.F.);
#6097 = EDGE_LOOP('',(#6098,#6099,#6125));
#6098 = ORIENTED_EDGE('',*,*,#4858,.T.);
#6099 = ORIENTED_EDGE('',*,*,#6100,.T.);
#6100 = EDGE_CURVE('',#4859,#4741,#6101,.T.);
#6101 = SURFACE_CURVE('',#6102,(#6106,#6113),.PCURVE_S1.);
#6102 = LINE('',#6103,#6104);
#6103 = CARTESIAN_POINT('',(-38.5686,-140.8680856974,-120.8018757064));
#6104 = VECTOR('',#6105,1.);
#6105 = DIRECTION('',(-0.412815044182,-7.941333307827E-02,0.907346274487
    ));
#6106 = PCURVE('',#4756,#6107);
#6107 = DEFINITIONAL_REPRESENTATION('',(#6108),#6112);
#6108 = LINE('',#6109,#6110);
#6109 = CARTESIAN_POINT('',(19.08209841701,-42.10180823098));
#6110 = VECTOR('',#6111,1.);
#6111 = DIRECTION('',(-0.412815044182,0.910814876524));
#6112 = ( GEOMETRIC_REPRESENTATION_CONTEXT(2) 
PARAMETRIC_REPRESENTATION_CONTEXT() REPRESENTATION_CONTEXT('2D SPACE',''
  ) );
#6113 = PCURVE('',#6114,#6119);
#6114 = PLANE('',#6115);
#6115 = AXIS2_PLACEMENT_3D('',#6116,#6117,#6118);
#6116 = CARTESIAN_POINT('',(-25.79821629197,-144.4569018464,
    -79.79743934365));
#6117 = DIRECTION('',(-0.,0.996191759571,8.718932367605E-02));
#6118 = DIRECTION('',(-1.,0.,-0.));
#6119 = DEFINITIONAL_REPRESENTATION('',(#6120),#6124);
#6120 = LINE('',#6121,#6122);
#6121 = CARTESIAN_POINT('',(12.77038370803,-41.16118806324));
#6122 = VECTOR('',#6123,1.);
#6123 = DIRECTION('',(0.412815044182,0.910814876524));
#6124 = ( GEOMETRIC_REPRESENTATION_CONTEXT(2) 
PARAMETRIC_REPRESENTATION_CONTEXT() REPRESENTATION_CONTEXT('2D SPACE',''
  ) );
#6125 = ORIENTED_EDGE('',*,*,#4740,.F.);
#6126 = ADVANCED_FACE('',(#6127),#4784,.T.);
#6127 = FACE_BOUND('',#6128,.T.);
#6128 = EDGE_LOOP('',(#6129,#6152,#6153,#6177));
#6129 = ORIENTED_EDGE('',*,*,#6130,.F.);
#6130 = EDGE_CURVE('',#4741,#6131,#6133,.T.);
#6131 = VERTEX_POINT('',#6132);
#6132 = CARTESIAN_POINT('',(-48.68467455119,-142.9526947054,
    -96.9839330036));
#6133 = SURFACE_CURVE('',#6134,(#6138,#6145),.PCURVE_S1.);
#6134 = LINE('',#6135,#6136);
#6135 = CARTESIAN_POINT('',(-56.59259,-141.8567978057,-109.5052305055));
#6136 = VECTOR('',#6137,1.);
#6137 = DIRECTION('',(0.532523775277,-7.379835534144E-02,0.843191693219)
  );
#6138 = PCURVE('',#4784,#6139);
#6139 = DEFINITIONAL_REPRESENTATION('',(#6140),#6144);
#6140 = LINE('',#6141,#6142);
#6141 = CARTESIAN_POINT('',(30.79437370803,-29.82135806328));
#6142 = VECTOR('',#6143,1.);
#6143 = DIRECTION('',(-0.532523775277,0.846415045214));
#6144 = ( GEOMETRIC_REPRESENTATION_CONTEXT(2) 
PARAMETRIC_REPRESENTATION_CONTEXT() REPRESENTATION_CONTEXT('2D SPACE',''
  ) );
#6145 = PCURVE('',#6114,#6146);
#6146 = DEFINITIONAL_REPRESENTATION('',(#6147),#6151);
#6147 = LINE('',#6148,#6149);
#6148 = CARTESIAN_POINT('',(30.79437370803,-29.82135806328));
#6149 = VECTOR('',#6150,1.);
#6150 = DIRECTION('',(-0.532523775277,0.846415045214));
#6151 = ( GEOMETRIC_REPRESENTATION_CONTEXT(2) 
PARAMETRIC_REPRESENTATION_CONTEXT() REPRESENTATION_CONTEXT('2D SPACE',''
  ) );
#6152 = ORIENTED_EDGE('',*,*,#4768,.T.);
#6153 = ORIENTED_EDGE('',*,*,#6154,.F.);
#6154 = EDGE_CURVE('',#6155,#4769,#6157,.T.);
#6155 = VERTEX_POINT('',#6156);
#6156 = CARTESIAN_POINT('',(-57.18618028374,-144.4567337934,
    -79.79935945177));
#6157 = SURFACE_CURVE('',#6158,(#6163,#6170),.PCURVE_S1.);
#6158 = CIRCLE('',#6159,2.025);
#6159 = AXIS2_PLACEMENT_3D('',#6160,#6161,#6162);
#6160 = CARTESIAN_POINT('',(-59.,-144.5352372631,-78.90240892796));
#6161 = DIRECTION('',(0.,0.996191759571,8.718932367606E-02));
#6162 = DIRECTION('',(1.,0.,-0.));
#6163 = PCURVE('',#4784,#6164);
#6164 = DEFINITIONAL_REPRESENTATION('',(#6165),#6169);
#6165 = CIRCLE('',#6166,2.025);
#6166 = AXIS2_PLACEMENT_2D('',#6167,#6168);
#6167 = CARTESIAN_POINT('',(33.20178370803,0.898451936678));
#6168 = DIRECTION('',(-1.,-0.));
#6169 = ( GEOMETRIC_REPRESENTATION_CONTEXT(2) 
PARAMETRIC_REPRESENTATION_CONTEXT() REPRESENTATION_CONTEXT('2D SPACE',''
  ) );
#6170 = PCURVE('',#4815,#6171);
#6171 = DEFINITIONAL_REPRESENTATION('',(#6172),#6176);
#6172 = LINE('',#6173,#6174);
#6173 = CARTESIAN_POINT('',(6.28318530718,1.000430217138E-02));
#6174 = VECTOR('',#6175,1.);
#6175 = DIRECTION('',(-1.,0.));
#6176 = ( GEOMETRIC_REPRESENTATION_CONTEXT(2) 
PARAMETRIC_REPRESENTATION_CONTEXT() REPRESENTATION_CONTEXT('2D SPACE',''
  ) );
#6177 = ORIENTED_EDGE('',*,*,#6178,.F.);
#6178 = EDGE_CURVE('',#6131,#6155,#6179,.T.);
#6179 = SURFACE_CURVE('',#6180,(#6184,#6191),.PCURVE_S1.);
#6180 = LINE('',#6181,#6182);
#6181 = CARTESIAN_POINT('',(-48.23718,-142.8735264594,-97.88847900651));
#6182 = VECTOR('',#6183,1.);
#6183 = DIRECTION('',(-0.442063466418,-7.820740864419E-02,0.893567844594
    ));
#6184 = PCURVE('',#4784,#6185);
#6185 = DEFINITIONAL_REPRESENTATION('',(#6186),#6190);
#6186 = LINE('',#6187,#6188);
#6187 = CARTESIAN_POINT('',(22.43896370803,-18.16019806332));
#6188 = VECTOR('',#6189,1.);
#6189 = DIRECTION('',(0.442063466418,0.896983774468));
#6190 = ( GEOMETRIC_REPRESENTATION_CONTEXT(2) 
PARAMETRIC_REPRESENTATION_CONTEXT() REPRESENTATION_CONTEXT('2D SPACE',''
  ) );
#6191 = PCURVE('',#6192,#6197);
#6192 = PLANE('',#6193);
#6193 = AXIS2_PLACEMENT_3D('',#6194,#6195,#6196);
#6194 = CARTESIAN_POINT('',(-25.79821629197,-144.4569018464,
    -79.79743934365));
#6195 = DIRECTION('',(-0.,0.996191759571,8.718932367605E-02));
#6196 = DIRECTION('',(-1.,0.,-0.));
#6197 = DEFINITIONAL_REPRESENTATION('',(#6198),#6202);
#6198 = LINE('',#6199,#6200);
#6199 = CARTESIAN_POINT('',(22.43896370803,-18.16019806332));
#6200 = VECTOR('',#6201,1.);
#6201 = DIRECTION('',(0.442063466418,0.896983774468));
#6202 = ( GEOMETRIC_REPRESENTATION_CONTEXT(2) 
PARAMETRIC_REPRESENTATION_CONTEXT() REPRESENTATION_CONTEXT('2D SPACE',''
  ) );
#6203 = ADVANCED_FACE('',(#6204),#4815,.F.);
#6204 = FACE_BOUND('',#6205,.F.);
#6205 = EDGE_LOOP('',(#6206,#6231,#6258,#6259,#6283,#6312,#6338,#6339,
    #6340,#6341));
#6206 = ORIENTED_EDGE('',*,*,#6207,.T.);
#6207 = EDGE_CURVE('',#6208,#6210,#6212,.T.);
#6208 = VERTEX_POINT('',#6209);
#6209 = CARTESIAN_POINT('',(-56.975,-144.5352372631,-78.90240892796));
#6210 = VERTEX_POINT('',#6211);
#6211 = CARTESIAN_POINT('',(-56.975,-145.3819959729,-78.97651947798));
#6212 = SEAM_CURVE('',#6213,(#6217,#6224),.PCURVE_S1.);
#6213 = LINE('',#6214,#6215);
#6214 = CARTESIAN_POINT('',(-56.975,-144.5252710597,-78.90153665962));
#6215 = VECTOR('',#6216,1.);
#6216 = DIRECTION('',(-0.,-0.996191759571,-8.718932367606E-02));
#6217 = PCURVE('',#4815,#6218);
#6218 = DEFINITIONAL_REPRESENTATION('',(#6219),#6223);
#6219 = LINE('',#6220,#6221);
#6220 = CARTESIAN_POINT('',(6.28318530718,0.));
#6221 = VECTOR('',#6222,1.);
#6222 = DIRECTION('',(0.,1.));
#6223 = ( GEOMETRIC_REPRESENTATION_CONTEXT(2) 
PARAMETRIC_REPRESENTATION_CONTEXT() REPRESENTATION_CONTEXT('2D SPACE',''
  ) );
#6224 = PCURVE('',#4815,#6225);
#6225 = DEFINITIONAL_REPRESENTATION('',(#6226),#6230);
#6226 = LINE('',#6227,#6228);
#6227 = CARTESIAN_POINT('',(4.138911435803E-13,0.));
#6228 = VECTOR('',#6229,1.);
#6229 = DIRECTION('',(0.,1.));
#6230 = ( GEOMETRIC_REPRESENTATION_CONTEXT(2) 
PARAMETRIC_REPRESENTATION_CONTEXT() REPRESENTATION_CONTEXT('2D SPACE',''
  ) );
#6231 = ORIENTED_EDGE('',*,*,#6232,.F.);
#6232 = EDGE_CURVE('',#6210,#6210,#6233,.T.);
#6233 = SURFACE_CURVE('',#6234,(#6239,#6246),.PCURVE_S1.);
#6234 = CIRCLE('',#6235,2.025);
#6235 = AXIS2_PLACEMENT_3D('',#6236,#6237,#6238);
#6236 = CARTESIAN_POINT('',(-59.,-145.3819959729,-78.97651947798));
#6237 = DIRECTION('',(0.,-0.996191759571,-8.718932367606E-02));
#6238 = DIRECTION('',(1.,0.,0.));
#6239 = PCURVE('',#4815,#6240);
#6240 = DEFINITIONAL_REPRESENTATION('',(#6241),#6245);
#6241 = LINE('',#6242,#6243);
#6242 = CARTESIAN_POINT('',(0.,0.86));
#6243 = VECTOR('',#6244,1.);
#6244 = DIRECTION('',(1.,0.));
#6245 = ( GEOMETRIC_REPRESENTATION_CONTEXT(2) 
PARAMETRIC_REPRESENTATION_CONTEXT() REPRESENTATION_CONTEXT('2D SPACE',''
  ) );
#6246 = PCURVE('',#6247,#6252);
#6247 = PLANE('',#6248);
#6248 = AXIS2_PLACEMENT_3D('',#6249,#6250,#6251);
#6249 = CARTESIAN_POINT('',(-59.,-145.3819959729,-78.97651947798));
#6250 = DIRECTION('',(-0.,-0.996191759571,-8.718932367606E-02));
#6251 = DIRECTION('',(1.,-0.,0.));
#6252 = DEFINITIONAL_REPRESENTATION('',(#6253),#6257);
#6253 = CIRCLE('',#6254,2.025);
#6254 = AXIS2_PLACEMENT_2D('',#6255,#6256);
#6255 = CARTESIAN_POINT('',(0.,0.));
#6256 = DIRECTION('',(1.,0.));
#6257 = ( GEOMETRIC_REPRESENTATION_CONTEXT(2) 
PARAMETRIC_REPRESENTATION_CONTEXT() REPRESENTATION_CONTEXT('2D SPACE',''
  ) );
#6258 = ORIENTED_EDGE('',*,*,#6207,.F.);
#6259 = ORIENTED_EDGE('',*,*,#6260,.F.);
#6260 = EDGE_CURVE('',#6261,#6208,#6263,.T.);
#6261 = VERTEX_POINT('',#6262);
#6262 = CARTESIAN_POINT('',(-57.00302319635,-144.5645085572,
    -78.56796635137));
#6263 = SURFACE_CURVE('',#6264,(#6269,#6276),.PCURVE_S1.);
#6264 = CIRCLE('',#6265,2.025);
#6265 = AXIS2_PLACEMENT_3D('',#6266,#6267,#6268);
#6266 = CARTESIAN_POINT('',(-59.,-144.5352372631,-78.90240892796));
#6267 = DIRECTION('',(0.,0.996191759571,8.718932367606E-02));
#6268 = DIRECTION('',(1.,0.,-0.));
#6269 = PCURVE('',#4815,#6270);
#6270 = DEFINITIONAL_REPRESENTATION('',(#6271),#6275);
#6271 = LINE('',#6272,#6273);
#6272 = CARTESIAN_POINT('',(6.28318530718,1.000430217138E-02));
#6273 = VECTOR('',#6274,1.);
#6274 = DIRECTION('',(-1.,0.));
#6275 = ( GEOMETRIC_REPRESENTATION_CONTEXT(2) 
PARAMETRIC_REPRESENTATION_CONTEXT() REPRESENTATION_CONTEXT('2D SPACE',''
  ) );
#6276 = PCURVE('',#6192,#6277);
#6277 = DEFINITIONAL_REPRESENTATION('',(#6278),#6282);
#6278 = CIRCLE('',#6279,2.025);
#6279 = AXIS2_PLACEMENT_2D('',#6280,#6281);
#6280 = CARTESIAN_POINT('',(33.20178370803,0.898451936678));
#6281 = DIRECTION('',(-1.,-0.));
#6282 = ( GEOMETRIC_REPRESENTATION_CONTEXT(2) 
PARAMETRIC_REPRESENTATION_CONTEXT() REPRESENTATION_CONTEXT('2D SPACE',''
  ) );
#6283 = ORIENTED_EDGE('',*,*,#6284,.F.);
#6284 = EDGE_CURVE('',#6285,#6261,#6287,.T.);
#6285 = VERTEX_POINT('',#6286);
#6286 = CARTESIAN_POINT('',(-57.00713760384,-144.5665677818,
    -78.5444384423));
#6287 = SURFACE_CURVE('',#6288,(#6293,#6300),.PCURVE_S1.);
#6288 = CIRCLE('',#6289,2.025);
#6289 = AXIS2_PLACEMENT_3D('',#6290,#6291,#6292);
#6290 = CARTESIAN_POINT('',(-59.,-144.5352372631,-78.90240892796));
#6291 = DIRECTION('',(0.,0.996191759571,8.718932367606E-02));
#6292 = DIRECTION('',(1.,0.,-0.));
#6293 = PCURVE('',#4815,#6294);
#6294 = DEFINITIONAL_REPRESENTATION('',(#6295),#6299);
#6295 = LINE('',#6296,#6297);
#6296 = CARTESIAN_POINT('',(6.28318530718,1.000430217138E-02));
#6297 = VECTOR('',#6298,1.);
#6298 = DIRECTION('',(-1.,0.));
#6299 = ( GEOMETRIC_REPRESENTATION_CONTEXT(2) 
PARAMETRIC_REPRESENTATION_CONTEXT() REPRESENTATION_CONTEXT('2D SPACE',''
  ) );
#6300 = PCURVE('',#6301,#6306);
#6301 = PLANE('',#6302);
#6302 = AXIS2_PLACEMENT_3D('',#6303,#6304,#6305);
#6303 = CARTESIAN_POINT('',(-25.79821629197,-144.4569018464,
    -79.79743934365));
#6304 = DIRECTION('',(-0.,0.996191759571,8.718932367605E-02));
#6305 = DIRECTION('',(-1.,0.,-0.));
#6306 = DEFINITIONAL_REPRESENTATION('',(#6307),#6311);
#6307 = CIRCLE('',#6308,2.025);
#6308 = AXIS2_PLACEMENT_2D('',#6309,#6310);
#6309 = CARTESIAN_POINT('',(33.20178370803,0.898451936678));
#6310 = DIRECTION('',(-1.,-0.));
#6311 = ( GEOMETRIC_REPRESENTATION_CONTEXT(2) 
PARAMETRIC_REPRESENTATION_CONTEXT() REPRESENTATION_CONTEXT('2D SPACE',''
  ) );
#6312 = ORIENTED_EDGE('',*,*,#6313,.F.);
#6313 = EDGE_CURVE('',#6019,#6285,#6314,.T.);
#6314 = SURFACE_CURVE('',#6315,(#6320,#6327),.PCURVE_S1.);
#6315 = CIRCLE('',#6316,2.025);
#6316 = AXIS2_PLACEMENT_3D('',#6317,#6318,#6319);
#6317 = CARTESIAN_POINT('',(-59.,-144.5352329772,-78.90240855285));
#6318 = DIRECTION('',(0.,0.996191759571,8.718932367606E-02));
#6319 = DIRECTION('',(1.,0.,-0.));
#6320 = PCURVE('',#4815,#6321);
#6321 = DEFINITIONAL_REPRESENTATION('',(#6322),#6326);
#6322 = LINE('',#6323,#6324);
#6323 = CARTESIAN_POINT('',(6.28318530718,9.999999926857E-03));
#6324 = VECTOR('',#6325,1.);
#6325 = DIRECTION('',(-1.,0.));
#6326 = ( GEOMETRIC_REPRESENTATION_CONTEXT(2) 
PARAMETRIC_REPRESENTATION_CONTEXT() REPRESENTATION_CONTEXT('2D SPACE',''
  ) );
#6327 = PCURVE('',#6062,#6328);
#6328 = DEFINITIONAL_REPRESENTATION('',(#6329),#6337);
#6329 = ( BOUNDED_CURVE() B_SPLINE_CURVE(2,(#6330,#6331,#6332,#6333,
#6334,#6335,#6336),.UNSPECIFIED.,.T.,.F.) B_SPLINE_CURVE_WITH_KNOTS((1,2
    ,2,2,2,1),(-2.094395102393,0.,2.094395102393,4.188790204786,
6.28318530718,8.377580409573),.UNSPECIFIED.) CURVE() 
GEOMETRIC_REPRESENTATION_ITEM() RATIONAL_B_SPLINE_CURVE((1.,0.5,1.,0.5,
1.,0.5,1.)) REPRESENTATION_ITEM('') );
#6330 = CARTESIAN_POINT('',(0.67569841701,-4.216823105703E-02));
#6331 = CARTESIAN_POINT('',(0.67569841701,-3.549571116384));
#6332 = CARTESIAN_POINT('',(-2.36180158299,-1.795869673721));
#6333 = CARTESIAN_POINT('',(-5.39930158299,-4.216823105704E-02));
#6334 = CARTESIAN_POINT('',(-2.36180158299,1.711533211606));
#6335 = CARTESIAN_POINT('',(0.67569841701,3.46523465427));
#6336 = CARTESIAN_POINT('',(0.67569841701,-4.216823105703E-02));
#6337 = ( GEOMETRIC_REPRESENTATION_CONTEXT(2) 
PARAMETRIC_REPRESENTATION_CONTEXT() REPRESENTATION_CONTEXT('2D SPACE',''
  ) );
#6338 = ORIENTED_EDGE('',*,*,#6018,.F.);
#6339 = ORIENTED_EDGE('',*,*,#4796,.F.);
#6340 = ORIENTED_EDGE('',*,*,#6154,.F.);
#6341 = ORIENTED_EDGE('',*,*,#6342,.F.);
#6342 = EDGE_CURVE('',#6208,#6155,#6343,.T.);
#6343 = SURFACE_CURVE('',#6344,(#6349,#6356),.PCURVE_S1.);
#6344 = CIRCLE('',#6345,2.025);
#6345 = AXIS2_PLACEMENT_3D('',#6346,#6347,#6348);
#6346 = CARTESIAN_POINT('',(-59.,-144.5352372631,-78.90240892796));
#6347 = DIRECTION('',(0.,0.996191759571,8.718932367606E-02));
#6348 = DIRECTION('',(1.,0.,-0.));
#6349 = PCURVE('',#4815,#6350);
#6350 = DEFINITIONAL_REPRESENTATION('',(#6351),#6355);
#6351 = LINE('',#6352,#6353);
#6352 = CARTESIAN_POINT('',(6.28318530718,1.000430217138E-02));
#6353 = VECTOR('',#6354,1.);
#6354 = DIRECTION('',(-1.,0.));
#6355 = ( GEOMETRIC_REPRESENTATION_CONTEXT(2) 
PARAMETRIC_REPRESENTATION_CONTEXT() REPRESENTATION_CONTEXT('2D SPACE',''
  ) );
#6356 = PCURVE('',#6192,#6357);
#6357 = DEFINITIONAL_REPRESENTATION('',(#6358),#6362);
#6358 = CIRCLE('',#6359,2.025);
#6359 = AXIS2_PLACEMENT_2D('',#6360,#6361);
#6360 = CARTESIAN_POINT('',(33.20178370803,0.898451936678));
#6361 = DIRECTION('',(-1.,-0.));
#6362 = ( GEOMETRIC_REPRESENTATION_CONTEXT(2) 
PARAMETRIC_REPRESENTATION_CONTEXT() REPRESENTATION_CONTEXT('2D SPACE',''
  ) );
#6363 = ADVANCED_FACE('',(#6364),#4902,.T.);
#6364 = FACE_BOUND('',#6365,.T.);
#6365 = EDGE_LOOP('',(#6366,#6367,#6368,#6400));
#6366 = ORIENTED_EDGE('',*,*,#5446,.F.);
#6367 = ORIENTED_EDGE('',*,*,#4886,.T.);
#6368 = ORIENTED_EDGE('',*,*,#6369,.T.);
#6369 = EDGE_CURVE('',#4859,#6370,#6372,.T.);
#6370 = VERTEX_POINT('',#6371);
#6371 = CARTESIAN_POINT('',(-48.23718,-142.8735264594,-97.88847900651));
#6372 = SURFACE_CURVE('',#6373,(#6378,#6389),.PCURVE_S1.);
#6373 = CIRCLE('',#6374,21.294499207368);
#6374 = AXIS2_PLACEMENT_3D('',#6375,#6376,#6377);
#6375 = CARTESIAN_POINT('',(-57.65069841701,-144.5389095968,
    -78.86040090856));
#6376 = DIRECTION('',(0.,-0.996191759571,-8.718932367605E-02));
#6377 = DIRECTION('',(1.,-0.,0.));
#6378 = PCURVE('',#4902,#6379);
#6379 = DEFINITIONAL_REPRESENTATION('',(#6380),#6388);
#6380 = ( BOUNDED_CURVE() B_SPLINE_CURVE(2,(#6381,#6382,#6383,#6384,
#6385,#6386,#6387),.UNSPECIFIED.,.T.,.F.) B_SPLINE_CURVE_WITH_KNOTS((1,2
    ,2,2,2,1),(-2.094395102393,0.,2.094395102393,4.188790204786,
6.28318530718,8.377580409573),.UNSPECIFIED.) CURVE() 
GEOMETRIC_REPRESENTATION_ITEM() RATIONAL_B_SPLINE_CURVE((1.,0.5,1.,0.5,
1.,0.5,1.)) REPRESENTATION_ITEM('') );
#6381 = CARTESIAN_POINT('',(10.557982917672,0.940620167731));
#6382 = CARTESIAN_POINT('',(10.557982917672,37.823774716628));
#6383 = CARTESIAN_POINT('',(42.499731728724,19.38219744218));
#6384 = CARTESIAN_POINT('',(74.441480539776,0.940620167731));
#6385 = CARTESIAN_POINT('',(42.499731728724,-17.50095710671));
#6386 = CARTESIAN_POINT('',(10.557982917672,-35.94253438116));
#6387 = CARTESIAN_POINT('',(10.557982917672,0.940620167731));
#6388 = ( GEOMETRIC_REPRESENTATION_CONTEXT(2) 
PARAMETRIC_REPRESENTATION_CONTEXT() REPRESENTATION_CONTEXT('2D SPACE',''
  ) );
#6389 = PCURVE('',#6114,#6390);
#6390 = DEFINITIONAL_REPRESENTATION('',(#6391),#6399);
#6391 = ( BOUNDED_CURVE() B_SPLINE_CURVE(2,(#6392,#6393,#6394,#6395,
#6396,#6397,#6398),.UNSPECIFIED.,.T.,.F.) B_SPLINE_CURVE_WITH_KNOTS((1,2
    ,2,2,2,1),(-2.094395102393,0.,2.094395102393,4.188790204786,
6.28318530718,8.377580409573),.UNSPECIFIED.) CURVE() 
GEOMETRIC_REPRESENTATION_ITEM() RATIONAL_B_SPLINE_CURVE((1.,0.5,1.,0.5,
1.,0.5,1.)) REPRESENTATION_ITEM('') );
#6392 = CARTESIAN_POINT('',(10.557982917672,0.940620167731));
#6393 = CARTESIAN_POINT('',(10.557982917672,37.823774716628));
#6394 = CARTESIAN_POINT('',(42.499731728724,19.38219744218));
#6395 = CARTESIAN_POINT('',(74.441480539776,0.940620167731));
#6396 = CARTESIAN_POINT('',(42.499731728724,-17.50095710671));
#6397 = CARTESIAN_POINT('',(10.557982917672,-35.94253438116));
#6398 = CARTESIAN_POINT('',(10.557982917672,0.940620167731));
#6399 = ( GEOMETRIC_REPRESENTATION_CONTEXT(2) 
PARAMETRIC_REPRESENTATION_CONTEXT() REPRESENTATION_CONTEXT('2D SPACE',''
  ) );
#6400 = ORIENTED_EDGE('',*,*,#6401,.F.);
#6401 = EDGE_CURVE('',#5447,#6370,#6402,.T.);
#6402 = SURFACE_CURVE('',#6403,(#6407,#6414),.PCURVE_S1.);
#6403 = LINE('',#6404,#6405);
#6404 = CARTESIAN_POINT('',(17.8135,-145.711710708,-65.46047473471));
#6405 = VECTOR('',#6406,1.);
#6406 = DIRECTION('',(-0.896983796339,3.854321078962E-02,-0.440379938244
    ));
#6407 = PCURVE('',#4902,#6408);
#6408 = DEFINITIONAL_REPRESENTATION('',(#6409),#6413);
#6409 = LINE('',#6410,#6411);
#6410 = CARTESIAN_POINT('',(-43.61171629197,14.391771936671));
#6411 = VECTOR('',#6412,1.);
#6412 = DIRECTION('',(0.896983796339,-0.44206342204));
#6413 = ( GEOMETRIC_REPRESENTATION_CONTEXT(2) 
PARAMETRIC_REPRESENTATION_CONTEXT() REPRESENTATION_CONTEXT('2D SPACE',''
  ) );
#6414 = PCURVE('',#6415,#6420);
#6415 = PLANE('',#6416);
#6416 = AXIS2_PLACEMENT_3D('',#6417,#6418,#6419);
#6417 = CARTESIAN_POINT('',(-25.79821629197,-144.4569018464,
    -79.79743934365));
#6418 = DIRECTION('',(-0.,0.996191759571,8.718932367605E-02));
#6419 = DIRECTION('',(-1.,0.,-0.));
#6420 = DEFINITIONAL_REPRESENTATION('',(#6421),#6425);
#6421 = LINE('',#6422,#6423);
#6422 = CARTESIAN_POINT('',(-43.61171629197,14.391771936671));
#6423 = VECTOR('',#6424,1.);
#6424 = DIRECTION('',(0.896983796339,-0.44206342204));
#6425 = ( GEOMETRIC_REPRESENTATION_CONTEXT(2) 
PARAMETRIC_REPRESENTATION_CONTEXT() REPRESENTATION_CONTEXT('2D SPACE',''
  ) );
#6426 = ADVANCED_FACE('',(#6427),#4954,.T.);
#6427 = FACE_BOUND('',#6428,.T.);
#6428 = EDGE_LOOP('',(#6429,#6430,#6455,#6456));
#6429 = ORIENTED_EDGE('',*,*,#5232,.F.);
#6430 = ORIENTED_EDGE('',*,*,#6431,.F.);
#6431 = EDGE_CURVE('',#6047,#5233,#6432,.T.);
#6432 = SURFACE_CURVE('',#6433,(#6437,#6443),.PCURVE_S1.);
#6433 = LINE('',#6434,#6435);
#6434 = CARTESIAN_POINT('',(-67.06422,-146.2043016143,-59.83232003642));
#6435 = VECTOR('',#6436,1.);
#6436 = DIRECTION('',(-0.,-0.996191759571,-8.718932367605E-02));
#6437 = PCURVE('',#4954,#6438);
#6438 = DEFINITIONAL_REPRESENTATION('',(#6439),#6442);
#6439 = B_SPLINE_CURVE_WITH_KNOTS('',1,(#6440,#6441),.UNSPECIFIED.,.F.,
  .F.,(2,2),(0.,2.),.PIECEWISE_BEZIER_KNOTS.);
#6440 = CARTESIAN_POINT('',(2.028694179699,4.302194014372E-06));
#6441 = CARTESIAN_POINT('',(2.028694179699,2.000004302194));
#6442 = ( GEOMETRIC_REPRESENTATION_CONTEXT(2) 
PARAMETRIC_REPRESENTATION_CONTEXT() REPRESENTATION_CONTEXT('2D SPACE',''
  ) );
#6443 = PCURVE('',#6444,#6449);
#6444 = PLANE('',#6445);
#6445 = AXIS2_PLACEMENT_3D('',#6446,#6447,#6448);
#6446 = CARTESIAN_POINT('',(-34.48128239536,-149.0919084249,
    -43.96571025812));
#6447 = DIRECTION('',(-0.44206342204,-7.820741055119E-02,0.893567866381)
  );
#6448 = DIRECTION('',(0.896983796339,-3.854321078964E-02,0.440379938244)
  );
#6449 = DEFINITIONAL_REPRESENTATION('',(#6450),#6454);
#6450 = LINE('',#6451,#6452);
#6451 = CARTESIAN_POINT('',(-36.32500134076,1.493211133997));
#6452 = VECTOR('',#6453,1.);
#6453 = DIRECTION('',(4.798939023942E-14,-1.));
#6454 = ( GEOMETRIC_REPRESENTATION_CONTEXT(2) 
PARAMETRIC_REPRESENTATION_CONTEXT() REPRESENTATION_CONTEXT('2D SPACE',''
  ) );
#6455 = ORIENTED_EDGE('',*,*,#6074,.T.);
#6456 = ORIENTED_EDGE('',*,*,#4940,.T.);
#6457 = ADVANCED_FACE('',(#6458),#4986,.T.);
#6458 = FACE_BOUND('',#6459,.T.);
#6459 = EDGE_LOOP('',(#6460,#6481,#6482,#6483,#6484,#6485));
#6460 = ORIENTED_EDGE('',*,*,#6461,.F.);
#6461 = EDGE_CURVE('',#5082,#4587,#6462,.T.);
#6462 = SURFACE_CURVE('',#6463,(#6467,#6474),.PCURVE_S1.);
#6463 = LINE('',#6464,#6465);
#6464 = CARTESIAN_POINT('',(-77.04605,-145.7648432403,-87.79199110776));
#6465 = VECTOR('',#6466,1.);
#6466 = DIRECTION('',(0.91081489669,-3.59930606261E-02,0.411242900916));
#6467 = PCURVE('',#4986,#6468);
#6468 = DEFINITIONAL_REPRESENTATION('',(#6469),#6473);
#6469 = LINE('',#6470,#6471);
#6470 = CARTESIAN_POINT('',(-51.24783370803,-7.850068063326));
#6471 = VECTOR('',#6472,1.);
#6472 = DIRECTION('',(0.91081489669,0.412814999688));
#6473 = ( GEOMETRIC_REPRESENTATION_CONTEXT(2) 
PARAMETRIC_REPRESENTATION_CONTEXT() REPRESENTATION_CONTEXT('2D SPACE',''
  ) );
#6474 = PCURVE('',#5126,#6475);
#6475 = DEFINITIONAL_REPRESENTATION('',(#6476),#6480);
#6476 = LINE('',#6477,#6478);
#6477 = CARTESIAN_POINT('',(-51.24783370803,-7.850068063326));
#6478 = VECTOR('',#6479,1.);
#6479 = DIRECTION('',(0.91081489669,0.412814999688));
#6480 = ( GEOMETRIC_REPRESENTATION_CONTEXT(2) 
PARAMETRIC_REPRESENTATION_CONTEXT() REPRESENTATION_CONTEXT('2D SPACE',''
  ) );
#6481 = ORIENTED_EDGE('',*,*,#5081,.T.);
#6482 = ORIENTED_EDGE('',*,*,#5203,.T.);
#6483 = ORIENTED_EDGE('',*,*,#4970,.F.);
#6484 = ORIENTED_EDGE('',*,*,#5808,.T.);
#6485 = ORIENTED_EDGE('',*,*,#5784,.T.);
#6486 = ADVANCED_FACE('',(#6487,#6490),#5068,.T.);
#6487 = FACE_BOUND('',#6488,.T.);
#6488 = EDGE_LOOP('',(#6489));
#6489 = ORIENTED_EDGE('',*,*,#5053,.T.);
#6490 = FACE_BOUND('',#6491,.T.);
#6491 = EDGE_LOOP('',(#6492));
#6492 = ORIENTED_EDGE('',*,*,#6493,.T.);
#6493 = EDGE_CURVE('',#6494,#6494,#6496,.T.);
#6494 = VERTEX_POINT('',#6495);
#6495 = CARTESIAN_POINT('',(-57.65,-146.6471595076,-79.08724991905));
#6496 = SURFACE_CURVE('',#6497,(#6502,#6513),.PCURVE_S1.);
#6497 = CIRCLE('',#6498,1.35);
#6498 = AXIS2_PLACEMENT_3D('',#6499,#6500,#6501);
#6499 = CARTESIAN_POINT('',(-59.,-146.6471595076,-79.08724991905));
#6500 = DIRECTION('',(0.,0.996191759571,8.718932367606E-02));
#6501 = DIRECTION('',(1.,0.,-0.));
#6502 = PCURVE('',#5068,#6503);
#6503 = DEFINITIONAL_REPRESENTATION('',(#6504),#6512);
#6504 = ( BOUNDED_CURVE() B_SPLINE_CURVE(2,(#6505,#6506,#6507,#6508,
#6509,#6510,#6511),.UNSPECIFIED.,.T.,.F.) B_SPLINE_CURVE_WITH_KNOTS((1,2
    ,2,2,2,1),(-2.094395102393,0.,2.094395102393,4.188790204786,
6.28318530718,8.377580409573),.UNSPECIFIED.) CURVE() 
GEOMETRIC_REPRESENTATION_ITEM() RATIONAL_B_SPLINE_CURVE((1.,0.5,1.,0.5,
1.,0.5,1.)) REPRESENTATION_ITEM('') );
#6505 = CARTESIAN_POINT('',(1.35,0.));
#6506 = CARTESIAN_POINT('',(1.35,-2.338268590218));
#6507 = CARTESIAN_POINT('',(-0.675,-1.169134295109));
#6508 = CARTESIAN_POINT('',(-2.7,-3.306546357698E-16));
#6509 = CARTESIAN_POINT('',(-0.675,1.169134295109));
#6510 = CARTESIAN_POINT('',(1.35,2.338268590218));
#6511 = CARTESIAN_POINT('',(1.35,0.));
#6512 = ( GEOMETRIC_REPRESENTATION_CONTEXT(2) 
PARAMETRIC_REPRESENTATION_CONTEXT() REPRESENTATION_CONTEXT('2D SPACE',''
  ) );
#6513 = PCURVE('',#6514,#6519);
#6514 = CYLINDRICAL_SURFACE('',#6515,1.35);
#6515 = AXIS2_PLACEMENT_3D('',#6516,#6517,#6518);
#6516 = CARTESIAN_POINT('',(-59.,-143.5390412177,-78.81521922918));
#6517 = DIRECTION('',(-0.,-0.996191759571,-8.718932367606E-02));
#6518 = DIRECTION('',(1.,-0.,0.));
#6519 = DEFINITIONAL_REPRESENTATION('',(#6520),#6524);
#6520 = LINE('',#6521,#6522);
#6521 = CARTESIAN_POINT('',(6.28318530718,3.12));
#6522 = VECTOR('',#6523,1.);
#6523 = DIRECTION('',(-1.,0.));
#6524 = ( GEOMETRIC_REPRESENTATION_CONTEXT(2) 
PARAMETRIC_REPRESENTATION_CONTEXT() REPRESENTATION_CONTEXT('2D SPACE',''
  ) );
#6525 = ADVANCED_FACE('',(#6526),#5126,.T.);
#6526 = FACE_BOUND('',#6527,.T.);
#6527 = EDGE_LOOP('',(#6528,#6529,#6530,#6551));
#6528 = ORIENTED_EDGE('',*,*,#6461,.T.);
#6529 = ORIENTED_EDGE('',*,*,#5835,.T.);
#6530 = ORIENTED_EDGE('',*,*,#6531,.T.);
#6531 = EDGE_CURVE('',#5836,#5110,#6532,.T.);
#6532 = SURFACE_CURVE('',#6533,(#6537,#6544),.PCURVE_S1.);
#6533 = LINE('',#6534,#6535);
#6534 = CARTESIAN_POINT('',(8.39998,-149.3694818046,-46.60677389702));
#6535 = VECTOR('',#6536,1.);
#6536 = DIRECTION('',(-0.896983796339,3.854321078962E-02,-0.440379938244
    ));
#6537 = PCURVE('',#5126,#6538);
#6538 = DEFINITIONAL_REPRESENTATION('',(#6539),#6543);
#6539 = LINE('',#6540,#6541);
#6540 = CARTESIAN_POINT('',(34.19819629197,33.492591936668));
#6541 = VECTOR('',#6542,1.);
#6542 = DIRECTION('',(-0.896983796339,-0.44206342204));
#6543 = ( GEOMETRIC_REPRESENTATION_CONTEXT(2) 
PARAMETRIC_REPRESENTATION_CONTEXT() REPRESENTATION_CONTEXT('2D SPACE',''
  ) );
#6544 = PCURVE('',#5159,#6545);
#6545 = DEFINITIONAL_REPRESENTATION('',(#6546),#6550);
#6546 = LINE('',#6547,#6548);
#6547 = CARTESIAN_POINT('',(66.05067841701,32.551971768938));
#6548 = VECTOR('',#6549,1.);
#6549 = DIRECTION('',(-0.896983796339,-0.44206342204));
#6550 = ( GEOMETRIC_REPRESENTATION_CONTEXT(2) 
PARAMETRIC_REPRESENTATION_CONTEXT() REPRESENTATION_CONTEXT('2D SPACE',''
  ) );
#6551 = ORIENTED_EDGE('',*,*,#5109,.T.);
#6552 = ADVANCED_FACE('',(#6553),#5159,.T.);
#6553 = FACE_BOUND('',#6554,.T.);
#6554 = EDGE_LOOP('',(#6555,#6556,#6580,#6606,#6607));
#6555 = ORIENTED_EDGE('',*,*,#6531,.F.);
#6556 = ORIENTED_EDGE('',*,*,#6557,.T.);
#6557 = EDGE_CURVE('',#5836,#6558,#6560,.T.);
#6558 = VERTEX_POINT('',#6559);
#6559 = CARTESIAN_POINT('',(-45.78864808396,-148.0732094424,
    -61.41745988375));
#6560 = SURFACE_CURVE('',#6561,(#6566,#6573),.PCURVE_S1.);
#6561 = CIRCLE('',#6562,21.294499207368);
#6562 = AXIS2_PLACEMENT_3D('',#6563,#6564,#6565);
#6563 = CARTESIAN_POINT('',(-57.65069841701,-146.531293116,
    -79.03477955592));
#6564 = DIRECTION('',(0.,-0.996191759571,-8.718932367605E-02));
#6565 = DIRECTION('',(1.,-0.,0.));
#6566 = PCURVE('',#5159,#6567);
#6567 = DEFINITIONAL_REPRESENTATION('',(#6568),#6572);
#6568 = CIRCLE('',#6569,21.294499207368);
#6569 = AXIS2_PLACEMENT_2D('',#6570,#6571);
#6570 = CARTESIAN_POINT('',(0.,0.));
#6571 = DIRECTION('',(1.,0.));
#6572 = ( GEOMETRIC_REPRESENTATION_CONTEXT(2) 
PARAMETRIC_REPRESENTATION_CONTEXT() REPRESENTATION_CONTEXT('2D SPACE',''
  ) );
#6573 = PCURVE('',#5875,#6574);
#6574 = DEFINITIONAL_REPRESENTATION('',(#6575),#6579);
#6575 = CIRCLE('',#6576,21.294499207368);
#6576 = AXIS2_PLACEMENT_2D('',#6577,#6578);
#6577 = CARTESIAN_POINT('',(-29.48152222492,-5.844847897235));
#6578 = DIRECTION('',(1.,0.));
#6579 = ( GEOMETRIC_REPRESENTATION_CONTEXT(2) 
PARAMETRIC_REPRESENTATION_CONTEXT() REPRESENTATION_CONTEXT('2D SPACE',''
  ) );
#6580 = ORIENTED_EDGE('',*,*,#6581,.F.);
#6581 = EDGE_CURVE('',#5233,#6558,#6582,.T.);
#6582 = SURFACE_CURVE('',#6583,(#6587,#6594),.PCURVE_S1.);
#6583 = LINE('',#6584,#6585);
#6584 = CARTESIAN_POINT('',(-67.06422,-148.1966851335,-60.00669868377));
#6585 = VECTOR('',#6586,1.);
#6586 = DIRECTION('',(0.997792053465,5.790722134242E-03,
    -6.616256932476E-02));
#6587 = PCURVE('',#5159,#6588);
#6588 = DEFINITIONAL_REPRESENTATION('',(#6589),#6593);
#6589 = LINE('',#6590,#6591);
#6590 = CARTESIAN_POINT('',(-9.41352158299,19.100821768945));
#6591 = VECTOR('',#6592,1.);
#6592 = DIRECTION('',(0.997792053465,-6.641549549984E-02));
#6593 = ( GEOMETRIC_REPRESENTATION_CONTEXT(2) 
PARAMETRIC_REPRESENTATION_CONTEXT() REPRESENTATION_CONTEXT('2D SPACE',''
  ) );
#6594 = PCURVE('',#6595,#6600);
#6595 = PLANE('',#6596);
#6596 = AXIS2_PLACEMENT_3D('',#6597,#6598,#6599);
#6597 = CARTESIAN_POINT('',(-57.65069841701,-146.531293116,
    -79.03477955592));
#6598 = DIRECTION('',(-0.,-0.996191759571,-8.718932367605E-02));
#6599 = DIRECTION('',(1.,-0.,0.));
#6600 = DEFINITIONAL_REPRESENTATION('',(#6601),#6605);
#6601 = LINE('',#6602,#6603);
#6602 = CARTESIAN_POINT('',(-9.41352158299,19.100821768945));
#6603 = VECTOR('',#6604,1.);
#6604 = DIRECTION('',(0.997792053465,-6.641549549984E-02));
#6605 = ( GEOMETRIC_REPRESENTATION_CONTEXT(2) 
PARAMETRIC_REPRESENTATION_CONTEXT() REPRESENTATION_CONTEXT('2D SPACE',''
  ) );
#6606 = ORIENTED_EDGE('',*,*,#5257,.F.);
#6607 = ORIENTED_EDGE('',*,*,#5142,.T.);
#6608 = ADVANCED_FACE('',(#6609),#5372,.T.);
#6609 = FACE_BOUND('',#6610,.T.);
#6610 = EDGE_LOOP('',(#6611,#6612,#6638,#6639));
#6611 = ORIENTED_EDGE('',*,*,#5358,.T.);
#6612 = ORIENTED_EDGE('',*,*,#6613,.T.);
#6613 = EDGE_CURVE('',#3970,#5917,#6614,.T.);
#6614 = SURFACE_CURVE('',#6615,(#6619,#6626),.PCURVE_S1.);
#6615 = LINE('',#6616,#6617);
#6616 = CARTESIAN_POINT('',(8.39998,-149.3694818046,-46.60677389702));
#6617 = VECTOR('',#6618,1.);
#6618 = DIRECTION('',(-0.896983796339,3.854321078962E-02,-0.440379938244
    ));
#6619 = PCURVE('',#5372,#6620);
#6620 = DEFINITIONAL_REPRESENTATION('',(#6621),#6625);
#6621 = LINE('',#6622,#6623);
#6622 = CARTESIAN_POINT('',(34.19819629197,33.492591936668));
#6623 = VECTOR('',#6624,1.);
#6624 = DIRECTION('',(-0.896983796339,-0.44206342204));
#6625 = ( GEOMETRIC_REPRESENTATION_CONTEXT(2) 
PARAMETRIC_REPRESENTATION_CONTEXT() REPRESENTATION_CONTEXT('2D SPACE',''
  ) );
#6626 = PCURVE('',#6627,#6632);
#6627 = PLANE('',#6628);
#6628 = AXIS2_PLACEMENT_3D('',#6629,#6630,#6631);
#6629 = CARTESIAN_POINT('',(8.399977204031,-149.3694778139,
    -46.60677015036));
#6630 = DIRECTION('',(-0.,-0.996191759571,-8.718932367605E-02));
#6631 = DIRECTION('',(1.,-0.,0.));
#6632 = DEFINITIONAL_REPRESENTATION('',(#6633),#6637);
#6633 = LINE('',#6634,#6635);
#6634 = CARTESIAN_POINT('',(2.795968999436E-06,-3.384445384785E-06));
#6635 = VECTOR('',#6636,1.);
#6636 = DIRECTION('',(-0.896983796339,-0.44206342204));
#6637 = ( GEOMETRIC_REPRESENTATION_CONTEXT(2) 
PARAMETRIC_REPRESENTATION_CONTEXT() REPRESENTATION_CONTEXT('2D SPACE',''
  ) );
#6638 = ORIENTED_EDGE('',*,*,#5945,.T.);
#6639 = ORIENTED_EDGE('',*,*,#5891,.T.);
#6640 = ADVANCED_FACE('',(#6641),#5404,.T.);
#6641 = FACE_BOUND('',#6642,.T.);
#6642 = EDGE_LOOP('',(#6643,#6666,#6667));
#6643 = ORIENTED_EDGE('',*,*,#6644,.T.);
#6644 = EDGE_CURVE('',#6645,#3970,#6647,.T.);
#6645 = VERTEX_POINT('',#6646);
#6646 = CARTESIAN_POINT('',(-9.62401,-150.3581939129,-35.31012869608));
#6647 = SURFACE_CURVE('',#6648,(#6652,#6659),.PCURVE_S1.);
#6648 = LINE('',#6649,#6650);
#6649 = CARTESIAN_POINT('',(-9.62401,-150.3581939129,-35.31012869608));
#6650 = VECTOR('',#6651,1.);
#6651 = DIRECTION('',(0.846415096421,4.643038071147E-02,-0.530495715627)
  );
#6652 = PCURVE('',#5404,#6653);
#6653 = DEFINITIONAL_REPRESENTATION('',(#6654),#6658);
#6654 = LINE('',#6655,#6656);
#6655 = CARTESIAN_POINT('',(-18.02398720403,11.33982661556));
#6656 = VECTOR('',#6657,1.);
#6657 = DIRECTION('',(0.846415096421,-0.532523693887));
#6658 = ( GEOMETRIC_REPRESENTATION_CONTEXT(2) 
PARAMETRIC_REPRESENTATION_CONTEXT() REPRESENTATION_CONTEXT('2D SPACE',''
  ) );
#6659 = PCURVE('',#6627,#6660);
#6660 = DEFINITIONAL_REPRESENTATION('',(#6661),#6665);
#6661 = LINE('',#6662,#6663);
#6662 = CARTESIAN_POINT('',(-18.02398720403,11.33982661556));
#6663 = VECTOR('',#6664,1.);
#6664 = DIRECTION('',(0.846415096421,-0.532523693887));
#6665 = ( GEOMETRIC_REPRESENTATION_CONTEXT(2) 
PARAMETRIC_REPRESENTATION_CONTEXT() REPRESENTATION_CONTEXT('2D SPACE',''
  ) );
#6666 = ORIENTED_EDGE('',*,*,#5388,.F.);
#6667 = ORIENTED_EDGE('',*,*,#6668,.T.);
#6668 = EDGE_CURVE('',#5389,#6645,#6669,.T.);
#6669 = SURFACE_CURVE('',#6670,(#6675,#6682),.PCURVE_S1.);
#6670 = CIRCLE('',#6671,21.294499207368);
#6671 = AXIS2_PLACEMENT_3D('',#6672,#6673,#6674);
#6672 = CARTESIAN_POINT('',(8.399977204031,-149.3694778139,
    -46.60677015036));
#6673 = DIRECTION('',(0.,-0.996191759571,-8.718932367605E-02));
#6674 = DIRECTION('',(1.,-0.,0.));
#6675 = PCURVE('',#5404,#6676);
#6676 = DEFINITIONAL_REPRESENTATION('',(#6677),#6681);
#6677 = CIRCLE('',#6678,21.294499207368);
#6678 = AXIS2_PLACEMENT_2D('',#6679,#6680);
#6679 = CARTESIAN_POINT('',(0.,0.));
#6680 = DIRECTION('',(1.,0.));
#6681 = ( GEOMETRIC_REPRESENTATION_CONTEXT(2) 
PARAMETRIC_REPRESENTATION_CONTEXT() REPRESENTATION_CONTEXT('2D SPACE',''
  ) );
#6682 = PCURVE('',#6683,#6688);
#6683 = PLANE('',#6684);
#6684 = AXIS2_PLACEMENT_3D('',#6685,#6686,#6687);
#6685 = CARTESIAN_POINT('',(-21.0815438079,-148.8598736237,
    -52.42936144598));
#6686 = DIRECTION('',(-0.,-0.996191759571,-8.718932367605E-02));
#6687 = DIRECTION('',(1.,-0.,0.));
#6688 = DEFINITIONAL_REPRESENTATION('',(#6689),#6693);
#6689 = CIRCLE('',#6690,21.294499207368);
#6690 = AXIS2_PLACEMENT_2D('',#6691,#6692);
#6691 = CARTESIAN_POINT('',(29.481521011931,5.844849512732));
#6692 = DIRECTION('',(1.,0.));
#6693 = ( GEOMETRIC_REPRESENTATION_CONTEXT(2) 
PARAMETRIC_REPRESENTATION_CONTEXT() REPRESENTATION_CONTEXT('2D SPACE',''
  ) );
#6694 = ADVANCED_FACE('',(#6695),#5483,.T.);
#6695 = FACE_BOUND('',#6696,.T.);
#6696 = EDGE_LOOP('',(#6697,#6698,#6699,#6722,#6759));
#6697 = ORIENTED_EDGE('',*,*,#5522,.T.);
#6698 = ORIENTED_EDGE('',*,*,#5469,.T.);
#6699 = ORIENTED_EDGE('',*,*,#6700,.T.);
#6700 = EDGE_CURVE('',#5447,#6701,#6703,.T.);
#6701 = VERTEX_POINT('',#6702);
#6702 = CARTESIAN_POINT('',(-47.30428194263,-142.91614213,
    -97.40154403351));
#6703 = SURFACE_CURVE('',#6704,(#6708,#6715),.PCURVE_S1.);
#6704 = LINE('',#6705,#6706);
#6705 = CARTESIAN_POINT('',(-57.96395,-140.1016313817,-129.5590886454));
#6706 = VECTOR('',#6707,1.);
#6707 = DIRECTION('',(0.313566080943,-8.279205058891E-02,0.945950204419)
  );
#6708 = PCURVE('',#5483,#6709);
#6709 = DEFINITIONAL_REPRESENTATION('',(#6710),#6714);
#6710 = LINE('',#6711,#6712);
#6711 = CARTESIAN_POINT('',(32.16573370803,-49.9518780633));
#6712 = VECTOR('',#6713,1.);
#6713 = DIRECTION('',(-0.313566080943,0.949566381504));
#6714 = ( GEOMETRIC_REPRESENTATION_CONTEXT(2) 
PARAMETRIC_REPRESENTATION_CONTEXT() REPRESENTATION_CONTEXT('2D SPACE',''
  ) );
#6715 = PCURVE('',#6415,#6716);
#6716 = DEFINITIONAL_REPRESENTATION('',(#6717),#6721);
#6717 = LINE('',#6718,#6719);
#6718 = CARTESIAN_POINT('',(32.16573370803,-49.9518780633));
#6719 = VECTOR('',#6720,1.);
#6720 = DIRECTION('',(-0.313566080943,0.949566381504));
#6721 = ( GEOMETRIC_REPRESENTATION_CONTEXT(2) 
PARAMETRIC_REPRESENTATION_CONTEXT() REPRESENTATION_CONTEXT('2D SPACE',''
  ) );
#6722 = ORIENTED_EDGE('',*,*,#6723,.T.);
#6723 = EDGE_CURVE('',#6701,#6724,#6726,.T.);
#6724 = VERTEX_POINT('',#6725);
#6725 = CARTESIAN_POINT('',(-36.400032656,-144.4198447911,
    -80.22081436715));
#6726 = SURFACE_CURVE('',#6727,(#6732,#6743),.PCURVE_S1.);
#6727 = CIRCLE('',#6728,21.294499207368);
#6728 = AXIS2_PLACEMENT_3D('',#6729,#6730,#6731);
#6729 = CARTESIAN_POINT('',(-57.65069841701,-144.5389095968,
    -78.86040090856));
#6730 = DIRECTION('',(0.,-0.996191759571,-8.718932367605E-02));
#6731 = DIRECTION('',(1.,-0.,0.));
#6732 = PCURVE('',#5483,#6733);
#6733 = DEFINITIONAL_REPRESENTATION('',(#6734),#6742);
#6734 = ( BOUNDED_CURVE() B_SPLINE_CURVE(2,(#6735,#6736,#6737,#6738,
#6739,#6740,#6741),.UNSPECIFIED.,.T.,.F.) B_SPLINE_CURVE_WITH_KNOTS((1,2
    ,2,2,2,1),(-2.094395102393,0.,2.094395102393,4.188790204786,
6.28318530718,8.377580409573),.UNSPECIFIED.) CURVE() 
GEOMETRIC_REPRESENTATION_ITEM() RATIONAL_B_SPLINE_CURVE((1.,0.5,1.,0.5,
1.,0.5,1.)) REPRESENTATION_ITEM('') );
#6735 = CARTESIAN_POINT('',(10.557982917672,0.940620167731));
#6736 = CARTESIAN_POINT('',(10.557982917672,37.823774716628));
#6737 = CARTESIAN_POINT('',(42.499731728724,19.38219744218));
#6738 = CARTESIAN_POINT('',(74.441480539776,0.940620167731));
#6739 = CARTESIAN_POINT('',(42.499731728724,-17.50095710671));
#6740 = CARTESIAN_POINT('',(10.557982917672,-35.94253438116));
#6741 = CARTESIAN_POINT('',(10.557982917672,0.940620167731));
#6742 = ( GEOMETRIC_REPRESENTATION_CONTEXT(2) 
PARAMETRIC_REPRESENTATION_CONTEXT() REPRESENTATION_CONTEXT('2D SPACE',''
  ) );
#6743 = PCURVE('',#6744,#6749);
#6744 = PLANE('',#6745);
#6745 = AXIS2_PLACEMENT_3D('',#6746,#6747,#6748);
#6746 = CARTESIAN_POINT('',(-25.79821629197,-144.4569018464,
    -79.79743934365));
#6747 = DIRECTION('',(-0.,0.996191759571,8.718932367605E-02));
#6748 = DIRECTION('',(-1.,0.,-0.));
#6749 = DEFINITIONAL_REPRESENTATION('',(#6750),#6758);
#6750 = ( BOUNDED_CURVE() B_SPLINE_CURVE(2,(#6751,#6752,#6753,#6754,
#6755,#6756,#6757),.UNSPECIFIED.,.T.,.F.) B_SPLINE_CURVE_WITH_KNOTS((1,2
    ,2,2,2,1),(-2.094395102393,0.,2.094395102393,4.188790204786,
6.28318530718,8.377580409573),.UNSPECIFIED.) CURVE() 
GEOMETRIC_REPRESENTATION_ITEM() RATIONAL_B_SPLINE_CURVE((1.,0.5,1.,0.5,
1.,0.5,1.)) REPRESENTATION_ITEM('') );
#6751 = CARTESIAN_POINT('',(10.557982917672,0.940620167731));
#6752 = CARTESIAN_POINT('',(10.557982917672,37.823774716628));
#6753 = CARTESIAN_POINT('',(42.499731728724,19.38219744218));
#6754 = CARTESIAN_POINT('',(74.441480539776,0.940620167731));
#6755 = CARTESIAN_POINT('',(42.499731728724,-17.50095710671));
#6756 = CARTESIAN_POINT('',(10.557982917672,-35.94253438116));
#6757 = CARTESIAN_POINT('',(10.557982917672,0.940620167731));
#6758 = ( GEOMETRIC_REPRESENTATION_CONTEXT(2) 
PARAMETRIC_REPRESENTATION_CONTEXT() REPRESENTATION_CONTEXT('2D SPACE',''
  ) );
#6759 = ORIENTED_EDGE('',*,*,#6760,.T.);
#6760 = EDGE_CURVE('',#6724,#5523,#6761,.T.);
#6761 = SURFACE_CURVE('',#6762,(#6766,#6773),.PCURVE_S1.);
#6762 = LINE('',#6763,#6764);
#6763 = CARTESIAN_POINT('',(-48.23718,-142.8735264594,-97.88847900651));
#6764 = VECTOR('',#6765,1.);
#6765 = DIRECTION('',(0.555144209203,-7.252007870803E-02,0.828586594855)
  );
#6766 = PCURVE('',#5483,#6767);
#6767 = DEFINITIONAL_REPRESENTATION('',(#6768),#6772);
#6768 = LINE('',#6769,#6770);
#6769 = CARTESIAN_POINT('',(22.43896370803,-18.16019806332));
#6770 = VECTOR('',#6771,1.);
#6771 = DIRECTION('',(-0.555144209203,0.831754114501));
#6772 = ( GEOMETRIC_REPRESENTATION_CONTEXT(2) 
PARAMETRIC_REPRESENTATION_CONTEXT() REPRESENTATION_CONTEXT('2D SPACE',''
  ) );
#6773 = PCURVE('',#6774,#6779);
#6774 = PLANE('',#6775);
#6775 = AXIS2_PLACEMENT_3D('',#6776,#6777,#6778);
#6776 = CARTESIAN_POINT('',(-25.79821629197,-144.4569018464,
    -79.79743934365));
#6777 = DIRECTION('',(-0.,0.996191759571,8.718932367605E-02));
#6778 = DIRECTION('',(-1.,0.,-0.));
#6779 = DEFINITIONAL_REPRESENTATION('',(#6780),#6784);
#6780 = LINE('',#6781,#6782);
#6781 = CARTESIAN_POINT('',(22.43896370803,-18.16019806332));
#6782 = VECTOR('',#6783,1.);
#6783 = DIRECTION('',(-0.555144209203,0.831754114501));
#6784 = ( GEOMETRIC_REPRESENTATION_CONTEXT(2) 
PARAMETRIC_REPRESENTATION_CONTEXT() REPRESENTATION_CONTEXT('2D SPACE',''
  ) );
#6785 = ADVANCED_FACE('',(#6786),#5561,.T.);
#6786 = FACE_BOUND('',#6787,.T.);
#6787 = EDGE_LOOP('',(#6788,#6816,#6817,#6840));
#6788 = ORIENTED_EDGE('',*,*,#6789,.T.);
#6789 = EDGE_CURVE('',#6790,#5546,#6792,.T.);
#6790 = VERTEX_POINT('',#6791);
#6791 = CARTESIAN_POINT('',(-28.06511030557,-145.8102007921,
    -64.33516482298));
#6792 = SURFACE_CURVE('',#6793,(#6797,#6804),.PCURVE_S1.);
#6793 = LINE('',#6794,#6795);
#6794 = CARTESIAN_POINT('',(-57.6507,-144.5389140369,-78.86039952146));
#6795 = VECTOR('',#6796,1.);
#6796 = DIRECTION('',(0.896983796339,-3.854321078962E-02,0.440379938244)
  );
#6797 = PCURVE('',#5561,#6798);
#6798 = DEFINITIONAL_REPRESENTATION('',(#6799),#6803);
#6799 = LINE('',#6800,#6801);
#6800 = CARTESIAN_POINT('',(31.85248370803,0.940621936678));
#6801 = VECTOR('',#6802,1.);
#6802 = DIRECTION('',(-0.896983796339,0.44206342204));
#6803 = ( GEOMETRIC_REPRESENTATION_CONTEXT(2) 
PARAMETRIC_REPRESENTATION_CONTEXT() REPRESENTATION_CONTEXT('2D SPACE',''
  ) );
#6804 = PCURVE('',#6805,#6810);
#6805 = PLANE('',#6806);
#6806 = AXIS2_PLACEMENT_3D('',#6807,#6808,#6809);
#6807 = CARTESIAN_POINT('',(-26.40706233783,-143.8978684253,
    -86.18474072299));
#6808 = DIRECTION('',(-0.,0.996191759571,8.718932367605E-02));
#6809 = DIRECTION('',(-1.,0.,-0.));
#6810 = DEFINITIONAL_REPRESENTATION('',(#6811),#6815);
#6811 = LINE('',#6812,#6813);
#6812 = CARTESIAN_POINT('',(31.24363766217,7.352340682571));
#6813 = VECTOR('',#6814,1.);
#6814 = DIRECTION('',(-0.896983796339,0.44206342204));
#6815 = ( GEOMETRIC_REPRESENTATION_CONTEXT(2) 
PARAMETRIC_REPRESENTATION_CONTEXT() REPRESENTATION_CONTEXT('2D SPACE',''
  ) );
#6816 = ORIENTED_EDGE('',*,*,#5545,.F.);
#6817 = ORIENTED_EDGE('',*,*,#6818,.F.);
#6818 = EDGE_CURVE('',#6819,#5523,#6821,.T.);
#6819 = VERTEX_POINT('',#6820);
#6820 = CARTESIAN_POINT('',(-35.5137064003,-144.7779574127,
    -76.12918162523));
#6821 = SURFACE_CURVE('',#6822,(#6826,#6833),.PCURVE_S1.);
#6822 = LINE('',#6823,#6824);
#6823 = CARTESIAN_POINT('',(-38.25535,-145.3053683526,-70.10318658252));
#6824 = VECTOR('',#6825,1.);
#6825 = DIRECTION('',(0.412814864713,7.941334017031E-02,-0.90734635552)
  );
#6826 = PCURVE('',#5561,#6827);
#6827 = DEFINITIONAL_REPRESENTATION('',(#6828),#6832);
#6828 = LINE('',#6829,#6830);
#6829 = CARTESIAN_POINT('',(12.45713370803,9.731311936672));
#6830 = VECTOR('',#6831,1.);
#6831 = DIRECTION('',(-0.412814864713,-0.910814957866));
#6832 = ( GEOMETRIC_REPRESENTATION_CONTEXT(2) 
PARAMETRIC_REPRESENTATION_CONTEXT() REPRESENTATION_CONTEXT('2D SPACE',''
  ) );
#6833 = PCURVE('',#6774,#6834);
#6834 = DEFINITIONAL_REPRESENTATION('',(#6835),#6839);
#6835 = LINE('',#6836,#6837);
#6836 = CARTESIAN_POINT('',(12.45713370803,9.731311936672));
#6837 = VECTOR('',#6838,1.);
#6838 = DIRECTION('',(-0.412814864713,-0.910814957866));
#6839 = ( GEOMETRIC_REPRESENTATION_CONTEXT(2) 
PARAMETRIC_REPRESENTATION_CONTEXT() REPRESENTATION_CONTEXT('2D SPACE',''
  ) );
#6840 = ORIENTED_EDGE('',*,*,#6841,.T.);
#6841 = EDGE_CURVE('',#6819,#6790,#6842,.T.);
#6842 = SURFACE_CURVE('',#6843,(#6847,#6854),.PCURVE_S1.);
#6843 = LINE('',#6844,#6845);
#6844 = CARTESIAN_POINT('',(-56.59259,-141.8567978057,-109.5052305055));
#6845 = VECTOR('',#6846,1.);
#6846 = DIRECTION('',(0.532523775277,-7.379835534144E-02,0.843191693219)
  );
#6847 = PCURVE('',#5561,#6848);
#6848 = DEFINITIONAL_REPRESENTATION('',(#6849),#6853);
#6849 = LINE('',#6850,#6851);
#6850 = CARTESIAN_POINT('',(30.79437370803,-29.82135806328));
#6851 = VECTOR('',#6852,1.);
#6852 = DIRECTION('',(-0.532523775277,0.846415045214));
#6853 = ( GEOMETRIC_REPRESENTATION_CONTEXT(2) 
PARAMETRIC_REPRESENTATION_CONTEXT() REPRESENTATION_CONTEXT('2D SPACE',''
  ) );
#6854 = PCURVE('',#6855,#6860);
#6855 = PLANE('',#6856);
#6856 = AXIS2_PLACEMENT_3D('',#6857,#6858,#6859);
#6857 = CARTESIAN_POINT('',(-25.79821629197,-144.4569018464,
    -79.79743934365));
#6858 = DIRECTION('',(-0.,0.996191759571,8.718932367605E-02));
#6859 = DIRECTION('',(-1.,0.,-0.));
#6860 = DEFINITIONAL_REPRESENTATION('',(#6861),#6865);
#6861 = LINE('',#6862,#6863);
#6862 = CARTESIAN_POINT('',(30.79437370803,-29.82135806328));
#6863 = VECTOR('',#6864,1.);
#6864 = DIRECTION('',(-0.532523775277,0.846415045214));
#6865 = ( GEOMETRIC_REPRESENTATION_CONTEXT(2) 
PARAMETRIC_REPRESENTATION_CONTEXT() REPRESENTATION_CONTEXT('2D SPACE',''
  ) );
#6866 = ADVANCED_FACE('',(#6867),#5587,.T.);
#6867 = FACE_BOUND('',#6868,.T.);
#6868 = EDGE_LOOP('',(#6869,#6892,#6893,#6916));
#6869 = ORIENTED_EDGE('',*,*,#6870,.F.);
#6870 = EDGE_CURVE('',#5499,#6871,#6873,.T.);
#6871 = VERTEX_POINT('',#6872);
#6872 = CARTESIAN_POINT('',(-11.68884140317,-146.7612221138,
    -53.46913541734));
#6873 = SURFACE_CURVE('',#6874,(#6878,#6885),.PCURVE_S1.);
#6874 = LINE('',#6875,#6876);
#6875 = CARTESIAN_POINT('',(-20.54462,-139.879374461,-132.0985109455));
#6876 = VECTOR('',#6877,1.);
#6877 = DIRECTION('',(0.111498339761,-8.664566512267E-02,0.989980125531)
  );
#6878 = PCURVE('',#5587,#6879);
#6879 = DEFINITIONAL_REPRESENTATION('',(#6880),#6884);
#6880 = LINE('',#6881,#6882);
#6881 = CARTESIAN_POINT('',(-5.86244233783,-46.08928931743));
#6882 = VECTOR('',#6883,1.);
#6883 = DIRECTION('',(-0.111498339761,0.993764620134));
#6884 = ( GEOMETRIC_REPRESENTATION_CONTEXT(2) 
PARAMETRIC_REPRESENTATION_CONTEXT() REPRESENTATION_CONTEXT('2D SPACE',''
  ) );
#6885 = PCURVE('',#5618,#6886);
#6886 = DEFINITIONAL_REPRESENTATION('',(#6887),#6891);
#6887 = LINE('',#6888,#6889);
#6888 = CARTESIAN_POINT('',(16.783052337834,-51.24414068256));
#6889 = VECTOR('',#6890,1.);
#6890 = DIRECTION('',(-0.111498339761,0.993764620134));
#6891 = ( GEOMETRIC_REPRESENTATION_CONTEXT(2) 
PARAMETRIC_REPRESENTATION_CONTEXT() REPRESENTATION_CONTEXT('2D SPACE',''
  ) );
#6892 = ORIENTED_EDGE('',*,*,#5573,.F.);
#6893 = ORIENTED_EDGE('',*,*,#6894,.T.);
#6894 = EDGE_CURVE('',#5546,#6895,#6897,.T.);
#6895 = VERTEX_POINT('',#6896);
#6896 = CARTESIAN_POINT('',(-12.85068880109,-147.4961630551,
    -45.07198220367));
#6897 = SURFACE_CURVE('',#6898,(#6902,#6909),.PCURVE_S1.);
#6898 = LINE('',#6899,#6900);
#6899 = CARTESIAN_POINT('',(-48.23718,-142.8735264594,-97.88847900651));
#6900 = VECTOR('',#6901,1.);
#6901 = DIRECTION('',(0.555144209203,-7.252007870803E-02,0.828586594855)
  );
#6902 = PCURVE('',#5587,#6903);
#6903 = DEFINITIONAL_REPRESENTATION('',(#6904),#6908);
#6904 = LINE('',#6905,#6906);
#6905 = CARTESIAN_POINT('',(21.83011766217,-11.74847931743));
#6906 = VECTOR('',#6907,1.);
#6907 = DIRECTION('',(-0.555144209203,0.831754114501));
#6908 = ( GEOMETRIC_REPRESENTATION_CONTEXT(2) 
PARAMETRIC_REPRESENTATION_CONTEXT() REPRESENTATION_CONTEXT('2D SPACE',''
  ) );
#6909 = PCURVE('',#6805,#6910);
#6910 = DEFINITIONAL_REPRESENTATION('',(#6911),#6915);
#6911 = LINE('',#6912,#6913);
#6912 = CARTESIAN_POINT('',(21.83011766217,-11.74847931743));
#6913 = VECTOR('',#6914,1.);
#6914 = DIRECTION('',(-0.555144209203,0.831754114501));
#6915 = ( GEOMETRIC_REPRESENTATION_CONTEXT(2) 
PARAMETRIC_REPRESENTATION_CONTEXT() REPRESENTATION_CONTEXT('2D SPACE',''
  ) );
#6916 = ORIENTED_EDGE('',*,*,#6917,.T.);
#6917 = EDGE_CURVE('',#6895,#6871,#6918,.T.);
#6918 = SURFACE_CURVE('',#6919,(#6924,#6935),.PCURVE_S1.);
#6919 = CIRCLE('',#6920,21.294499207368);
#6920 = AXIS2_PLACEMENT_3D('',#6921,#6922,#6923);
#6921 = CARTESIAN_POINT('',(8.399977204031,-147.3770942948,
    -46.43239150301));
#6922 = DIRECTION('',(0.,-0.996191759571,-8.718932367605E-02));
#6923 = DIRECTION('',(1.,-0.,0.));
#6924 = PCURVE('',#5587,#6925);
#6925 = DEFINITIONAL_REPRESENTATION('',(#6926),#6934);
#6926 = ( BOUNDED_CURVE() B_SPLINE_CURVE(2,(#6927,#6928,#6929,#6930,
#6931,#6932,#6933),.UNSPECIFIED.,.T.,.F.) B_SPLINE_CURVE_WITH_KNOTS((1,2
    ,2,2,2,1),(-2.094395102393,0.,2.094395102393,4.188790204786,
6.28318530718,8.377580409573),.UNSPECIFIED.) CURVE() 
GEOMETRIC_REPRESENTATION_ITEM() RATIONAL_B_SPLINE_CURVE((1.,0.5,1.,0.5,
1.,0.5,1.)) REPRESENTATION_ITEM('') );
#6927 = CARTESIAN_POINT('',(-56.10153874922,39.904314067006));
#6928 = CARTESIAN_POINT('',(-56.10153874922,76.787468615902));
#6929 = CARTESIAN_POINT('',(-24.15978993817,58.345891341454));
#6930 = CARTESIAN_POINT('',(7.781958872875,39.904314067006));
#6931 = CARTESIAN_POINT('',(-24.15978993817,21.462736792557));
#6932 = CARTESIAN_POINT('',(-56.10153874922,3.021159518109));
#6933 = CARTESIAN_POINT('',(-56.10153874922,39.904314067006));
#6934 = ( GEOMETRIC_REPRESENTATION_CONTEXT(2) 
PARAMETRIC_REPRESENTATION_CONTEXT() REPRESENTATION_CONTEXT('2D SPACE',''
  ) );
#6935 = PCURVE('',#6936,#6941);
#6936 = PLANE('',#6937);
#6937 = AXIS2_PLACEMENT_3D('',#6938,#6939,#6940);
#6938 = CARTESIAN_POINT('',(8.399977204031,-147.3770942948,
    -46.43239150301));
#6939 = DIRECTION('',(-0.,-0.996191759571,-8.718932367605E-02));
#6940 = DIRECTION('',(1.,-0.,0.));
#6941 = DEFINITIONAL_REPRESENTATION('',(#6942),#6946);
#6942 = CIRCLE('',#6943,21.294499207368);
#6943 = AXIS2_PLACEMENT_2D('',#6944,#6945);
#6944 = CARTESIAN_POINT('',(0.,0.));
#6945 = DIRECTION('',(1.,0.));
#6946 = ( GEOMETRIC_REPRESENTATION_CONTEXT(2) 
PARAMETRIC_REPRESENTATION_CONTEXT() REPRESENTATION_CONTEXT('2D SPACE',''
  ) );
#6947 = ADVANCED_FACE('',(#6948),#5618,.T.);
#6948 = FACE_BOUND('',#6949,.T.);
#6949 = EDGE_LOOP('',(#6950,#6981,#6982));
#6950 = ORIENTED_EDGE('',*,*,#6951,.T.);
#6951 = EDGE_CURVE('',#6871,#5603,#6952,.T.);
#6952 = SURFACE_CURVE('',#6953,(#6958,#6969),.PCURVE_S1.);
#6953 = CIRCLE('',#6954,21.294499207368);
#6954 = AXIS2_PLACEMENT_3D('',#6955,#6956,#6957);
#6955 = CARTESIAN_POINT('',(8.399977204031,-147.3770942948,
    -46.43239150301));
#6956 = DIRECTION('',(0.,-0.996191759571,-8.718932367605E-02));
#6957 = DIRECTION('',(1.,-0.,0.));
#6958 = PCURVE('',#5618,#6959);
#6959 = DEFINITIONAL_REPRESENTATION('',(#6960),#6968);
#6960 = ( BOUNDED_CURVE() B_SPLINE_CURVE(2,(#6961,#6962,#6963,#6964,
#6965,#6966,#6967),.UNSPECIFIED.,.T.,.F.) B_SPLINE_CURVE_WITH_KNOTS((1,2
    ,2,2,2,1),(-2.094395102393,0.,2.094395102393,4.188790204786,
6.28318530718,8.377580409573),.UNSPECIFIED.) CURVE() 
GEOMETRIC_REPRESENTATION_ITEM() RATIONAL_B_SPLINE_CURVE((1.,0.5,1.,0.5,
1.,0.5,1.)) REPRESENTATION_ITEM('') );
#6961 = CARTESIAN_POINT('',(-33.45604407356,34.749462701879));
#6962 = CARTESIAN_POINT('',(-33.45604407356,71.632617250775));
#6963 = CARTESIAN_POINT('',(-1.514295262513,53.191039976327));
#6964 = CARTESIAN_POINT('',(30.427453548539,34.749462701879));
#6965 = CARTESIAN_POINT('',(-1.514295262513,16.30788542743));
#6966 = CARTESIAN_POINT('',(-33.45604407356,-2.133691847018));
#6967 = CARTESIAN_POINT('',(-33.45604407356,34.749462701879));
#6968 = ( GEOMETRIC_REPRESENTATION_CONTEXT(2) 
PARAMETRIC_REPRESENTATION_CONTEXT() REPRESENTATION_CONTEXT('2D SPACE',''
  ) );
#6969 = PCURVE('',#6970,#6975);
#6970 = PLANE('',#6971);
#6971 = AXIS2_PLACEMENT_3D('',#6972,#6973,#6974);
#6972 = CARTESIAN_POINT('',(8.399977204031,-147.3770942948,
    -46.43239150301));
#6973 = DIRECTION('',(-0.,-0.996191759571,-8.718932367605E-02));
#6974 = DIRECTION('',(1.,-0.,0.));
#6975 = DEFINITIONAL_REPRESENTATION('',(#6976),#6980);
#6976 = CIRCLE('',#6977,21.294499207368);
#6977 = AXIS2_PLACEMENT_2D('',#6978,#6979);
#6978 = CARTESIAN_POINT('',(0.,0.));
#6979 = DIRECTION('',(1.,0.));
#6980 = ( GEOMETRIC_REPRESENTATION_CONTEXT(2) 
PARAMETRIC_REPRESENTATION_CONTEXT() REPRESENTATION_CONTEXT('2D SPACE',''
  ) );
#6981 = ORIENTED_EDGE('',*,*,#5602,.F.);
#6982 = ORIENTED_EDGE('',*,*,#6870,.T.);
#6983 = ADVANCED_FACE('',(#6984),#5649,.T.);
#6984 = FACE_BOUND('',#6985,.T.);
#6985 = EDGE_LOOP('',(#6986,#6987,#7008));
#6986 = ORIENTED_EDGE('',*,*,#5630,.F.);
#6987 = ORIENTED_EDGE('',*,*,#6988,.T.);
#6988 = EDGE_CURVE('',#5603,#4218,#6989,.T.);
#6989 = SURFACE_CURVE('',#6990,(#6994,#7001),.PCURVE_S1.);
#6990 = LINE('',#6991,#6992);
#6991 = CARTESIAN_POINT('',(-57.6507,-144.5389140369,-78.86039952146));
#6992 = VECTOR('',#6993,1.);
#6993 = DIRECTION('',(0.896983796339,-3.854321078962E-02,0.440379938244)
  );
#6994 = PCURVE('',#5649,#6995);
#6995 = DEFINITIONAL_REPRESENTATION('',(#6996),#7000);
#6996 = LINE('',#6997,#6998);
#6997 = CARTESIAN_POINT('',(31.85248370803,0.940621936678));
#6998 = VECTOR('',#6999,1.);
#6999 = DIRECTION('',(-0.896983796339,0.44206342204));
#7000 = ( GEOMETRIC_REPRESENTATION_CONTEXT(2) 
PARAMETRIC_REPRESENTATION_CONTEXT() REPRESENTATION_CONTEXT('2D SPACE',''
  ) );
#7001 = PCURVE('',#6970,#7002);
#7002 = DEFINITIONAL_REPRESENTATION('',(#7003),#7007);
#7003 = LINE('',#7004,#7005);
#7004 = CARTESIAN_POINT('',(-66.05067720403,-32.55197338443));
#7005 = VECTOR('',#7006,1.);
#7006 = DIRECTION('',(0.896983796339,0.44206342204));
#7007 = ( GEOMETRIC_REPRESENTATION_CONTEXT(2) 
PARAMETRIC_REPRESENTATION_CONTEXT() REPRESENTATION_CONTEXT('2D SPACE',''
  ) );
#7008 = ORIENTED_EDGE('',*,*,#5672,.T.);
#7009 = ADVANCED_FACE('',(#7010),#5713,.F.);
#7010 = FACE_BOUND('',#7011,.F.);
#7011 = EDGE_LOOP('',(#7012,#7035,#7036));
#7012 = ORIENTED_EDGE('',*,*,#7013,.T.);
#7013 = EDGE_CURVE('',#7014,#4218,#7016,.T.);
#7014 = VERTEX_POINT('',#7015);
#7015 = CARTESIAN_POINT('',(-7.208034718113,-148.2332812688,
    -36.64997698244));
#7016 = SURFACE_CURVE('',#7017,(#7021,#7028),.PCURVE_S1.);
#7017 = LINE('',#7018,#7019);
#7018 = CARTESIAN_POINT('',(-9.62401,-148.3658103938,-35.13575004873));
#7019 = VECTOR('',#7020,1.);
#7020 = DIRECTION('',(0.846415096421,4.643038071147E-02,-0.530495715627)
  );
#7021 = PCURVE('',#5713,#7022);
#7022 = DEFINITIONAL_REPRESENTATION('',(#7023),#7027);
#7023 = LINE('',#7024,#7025);
#7024 = CARTESIAN_POINT('',(-18.02398720403,11.33982661556));
#7025 = VECTOR('',#7026,1.);
#7026 = DIRECTION('',(0.846415096421,-0.532523693887));
#7027 = ( GEOMETRIC_REPRESENTATION_CONTEXT(2) 
PARAMETRIC_REPRESENTATION_CONTEXT() REPRESENTATION_CONTEXT('2D SPACE',''
  ) );
#7028 = PCURVE('',#6970,#7029);
#7029 = DEFINITIONAL_REPRESENTATION('',(#7030),#7034);
#7030 = LINE('',#7031,#7032);
#7031 = CARTESIAN_POINT('',(-18.02398720403,11.33982661556));
#7032 = VECTOR('',#7033,1.);
#7033 = DIRECTION('',(0.846415096421,-0.532523693887));
#7034 = ( GEOMETRIC_REPRESENTATION_CONTEXT(2) 
PARAMETRIC_REPRESENTATION_CONTEXT() REPRESENTATION_CONTEXT('2D SPACE',''
  ) );
#7035 = ORIENTED_EDGE('',*,*,#5697,.F.);
#7036 = ORIENTED_EDGE('',*,*,#7037,.F.);
#7037 = EDGE_CURVE('',#7014,#5698,#7038,.T.);
#7038 = SURFACE_CURVE('',#7039,(#7043,#7050),.PCURVE_S1.);
#7039 = LINE('',#7040,#7041);
#7040 = CARTESIAN_POINT('',(-48.23718,-142.8735264594,-97.88847900651));
#7041 = VECTOR('',#7042,1.);
#7042 = DIRECTION('',(0.555144209203,-7.252007870803E-02,0.828586594855)
  );
#7043 = PCURVE('',#5713,#7044);
#7044 = DEFINITIONAL_REPRESENTATION('',(#7045),#7049);
#7045 = LINE('',#7046,#7047);
#7046 = CARTESIAN_POINT('',(-56.63715720403,-51.65279338444));
#7047 = VECTOR('',#7048,1.);
#7048 = DIRECTION('',(0.555144209203,0.831754114501));
#7049 = ( GEOMETRIC_REPRESENTATION_CONTEXT(2) 
PARAMETRIC_REPRESENTATION_CONTEXT() REPRESENTATION_CONTEXT('2D SPACE',''
  ) );
#7050 = PCURVE('',#7051,#7056);
#7051 = PLANE('',#7052);
#7052 = AXIS2_PLACEMENT_3D('',#7053,#7054,#7055);
#7053 = CARTESIAN_POINT('',(8.399977204031,-147.3770942948,
    -46.43239150301));
#7054 = DIRECTION('',(-0.,-0.996191759571,-8.718932367605E-02));
#7055 = DIRECTION('',(1.,-0.,0.));
#7056 = DEFINITIONAL_REPRESENTATION('',(#7057),#7061);
#7057 = LINE('',#7058,#7059);
#7058 = CARTESIAN_POINT('',(-56.63715720403,-51.65279338444));
#7059 = VECTOR('',#7060,1.);
#7060 = DIRECTION('',(0.555144209203,0.831754114501));
#7061 = ( GEOMETRIC_REPRESENTATION_CONTEXT(2) 
PARAMETRIC_REPRESENTATION_CONTEXT() REPRESENTATION_CONTEXT('2D SPACE',''
  ) );
#7062 = ADVANCED_FACE('',(#7063),#5767,.T.);
#7063 = FACE_BOUND('',#7064,.T.);
#7064 = EDGE_LOOP('',(#7065,#7066,#7092));
#7065 = ORIENTED_EDGE('',*,*,#5754,.T.);
#7066 = ORIENTED_EDGE('',*,*,#7067,.F.);
#7067 = EDGE_CURVE('',#6047,#5698,#7068,.T.);
#7068 = SURFACE_CURVE('',#7069,(#7073,#7080),.PCURVE_S1.);
#7069 = LINE('',#7070,#7071);
#7070 = CARTESIAN_POINT('',(-67.06422,-146.2043016143,-59.83232003642));
#7071 = VECTOR('',#7072,1.);
#7072 = DIRECTION('',(0.896983796339,-3.854321078962E-02,0.440379938244)
  );
#7073 = PCURVE('',#5767,#7074);
#7074 = DEFINITIONAL_REPRESENTATION('',(#7075),#7079);
#7075 = LINE('',#7076,#7077);
#7076 = CARTESIAN_POINT('',(-37.31142360875,0.506788866033));
#7077 = VECTOR('',#7078,1.);
#7078 = DIRECTION('',(1.,9.971190539915E-15));
#7079 = ( GEOMETRIC_REPRESENTATION_CONTEXT(2) 
PARAMETRIC_REPRESENTATION_CONTEXT() REPRESENTATION_CONTEXT('2D SPACE',''
  ) );
#7080 = PCURVE('',#7081,#7086);
#7081 = PLANE('',#7082);
#7082 = AXIS2_PLACEMENT_3D('',#7083,#7084,#7085);
#7083 = CARTESIAN_POINT('',(-35.05649957682,-146.2669891191,
    -59.11607665893));
#7084 = DIRECTION('',(-0.,0.996191759571,8.718932367605E-02));
#7085 = DIRECTION('',(-1.,0.,-0.));
#7086 = DEFINITIONAL_REPRESENTATION('',(#7087),#7091);
#7087 = LINE('',#7088,#7089);
#7088 = CARTESIAN_POINT('',(32.00772042318,-0.718981431649));
#7089 = VECTOR('',#7090,1.);
#7090 = DIRECTION('',(-0.896983796339,0.44206342204));
#7091 = ( GEOMETRIC_REPRESENTATION_CONTEXT(2) 
PARAMETRIC_REPRESENTATION_CONTEXT() REPRESENTATION_CONTEXT('2D SPACE',''
  ) );
#7092 = ORIENTED_EDGE('',*,*,#7093,.T.);
#7093 = EDGE_CURVE('',#6047,#5389,#7094,.T.);
#7094 = SURFACE_CURVE('',#7095,(#7099,#7106),.PCURVE_S1.);
#7095 = LINE('',#7096,#7097);
#7096 = CARTESIAN_POINT('',(-67.06422,-146.2043016143,-59.83232003642));
#7097 = VECTOR('',#7098,1.);
#7098 = DIRECTION('',(0.896653130749,-6.557606541315E-02,0.437850365722)
  );
#7099 = PCURVE('',#5767,#7100);
#7100 = DEFINITIONAL_REPRESENTATION('',(#7101),#7105);
#7101 = LINE('',#7102,#7103);
#7102 = CARTESIAN_POINT('',(-37.31142360875,0.506788866033));
#7103 = VECTOR('',#7104,1.);
#7104 = DIRECTION('',(0.999631358347,-2.7150458731E-02));
#7105 = ( GEOMETRIC_REPRESENTATION_CONTEXT(2) 
PARAMETRIC_REPRESENTATION_CONTEXT() REPRESENTATION_CONTEXT('2D SPACE',''
  ) );
#7106 = PCURVE('',#6444,#7107);
#7107 = DEFINITIONAL_REPRESENTATION('',(#7108),#7112);
#7108 = LINE('',#7109,#7110);
#7109 = CARTESIAN_POINT('',(-36.32500134076,1.493211133997));
#7110 = VECTOR('',#7111,1.);
#7111 = DIRECTION('',(0.999631358347,-2.7150458731E-02));
#7112 = ( GEOMETRIC_REPRESENTATION_CONTEXT(2) 
PARAMETRIC_REPRESENTATION_CONTEXT() REPRESENTATION_CONTEXT('2D SPACE',''
  ) );
#7113 = ADVANCED_FACE('',(#7114),#5875,.T.);
#7114 = FACE_BOUND('',#7115,.T.);
#7115 = EDGE_LOOP('',(#7116,#7117,#7118,#7119));
#7116 = ORIENTED_EDGE('',*,*,#6557,.F.);
#7117 = ORIENTED_EDGE('',*,*,#5861,.F.);
#7118 = ORIENTED_EDGE('',*,*,#5993,.T.);
#7119 = ORIENTED_EDGE('',*,*,#7120,.F.);
#7120 = EDGE_CURVE('',#6558,#5971,#7121,.T.);
#7121 = SURFACE_CURVE('',#7122,(#7126,#7133),.PCURVE_S1.);
#7122 = LINE('',#7123,#7124);
#7123 = CARTESIAN_POINT('',(-67.06422,-148.1966851335,-60.00669868377));
#7124 = VECTOR('',#7125,1.);
#7125 = DIRECTION('',(0.997792053465,5.790722134242E-03,
    -6.616256932476E-02));
#7126 = PCURVE('',#5875,#7127);
#7127 = DEFINITIONAL_REPRESENTATION('',(#7128),#7132);
#7128 = LINE('',#7129,#7130);
#7129 = CARTESIAN_POINT('',(-38.89504380791,13.255973871711));
#7130 = VECTOR('',#7131,1.);
#7131 = DIRECTION('',(0.997792053465,-6.641549549984E-02));
#7132 = ( GEOMETRIC_REPRESENTATION_CONTEXT(2) 
PARAMETRIC_REPRESENTATION_CONTEXT() REPRESENTATION_CONTEXT('2D SPACE',''
  ) );
#7133 = PCURVE('',#6683,#7134);
#7134 = DEFINITIONAL_REPRESENTATION('',(#7135),#7139);
#7135 = LINE('',#7136,#7137);
#7136 = CARTESIAN_POINT('',(-45.9826761921,-7.606303871706));
#7137 = VECTOR('',#7138,1.);
#7138 = DIRECTION('',(0.997792053465,-6.641549549984E-02));
#7139 = ( GEOMETRIC_REPRESENTATION_CONTEXT(2) 
PARAMETRIC_REPRESENTATION_CONTEXT() REPRESENTATION_CONTEXT('2D SPACE',''
  ) );
#7140 = ADVANCED_FACE('',(#7141),#5932,.T.);
#7141 = FACE_BOUND('',#7142,.T.);
#7142 = EDGE_LOOP('',(#7143,#7165,#7186,#7187));
#7143 = ORIENTED_EDGE('',*,*,#7144,.F.);
#7144 = EDGE_CURVE('',#6645,#5917,#7145,.T.);
#7145 = SURFACE_CURVE('',#7146,(#7151,#7158),.PCURVE_S1.);
#7146 = CIRCLE('',#7147,21.294499207368);
#7147 = AXIS2_PLACEMENT_3D('',#7148,#7149,#7150);
#7148 = CARTESIAN_POINT('',(8.399977204031,-149.3694778139,
    -46.60677015036));
#7149 = DIRECTION('',(0.,-0.996191759571,-8.718932367605E-02));
#7150 = DIRECTION('',(1.,-0.,0.));
#7151 = PCURVE('',#5932,#7152);
#7152 = DEFINITIONAL_REPRESENTATION('',(#7153),#7157);
#7153 = CIRCLE('',#7154,21.294499207368);
#7154 = AXIS2_PLACEMENT_2D('',#7155,#7156);
#7155 = CARTESIAN_POINT('',(26.061717555641,26.004142500501));
#7156 = DIRECTION('',(1.,0.));
#7157 = ( GEOMETRIC_REPRESENTATION_CONTEXT(2) 
PARAMETRIC_REPRESENTATION_CONTEXT() REPRESENTATION_CONTEXT('2D SPACE',''
  ) );
#7158 = PCURVE('',#6627,#7159);
#7159 = DEFINITIONAL_REPRESENTATION('',(#7160),#7164);
#7160 = CIRCLE('',#7161,21.294499207368);
#7161 = AXIS2_PLACEMENT_2D('',#7162,#7163);
#7162 = CARTESIAN_POINT('',(0.,0.));
#7163 = DIRECTION('',(1.,0.));
#7164 = ( GEOMETRIC_REPRESENTATION_CONTEXT(2) 
PARAMETRIC_REPRESENTATION_CONTEXT() REPRESENTATION_CONTEXT('2D SPACE',''
  ) );
#7165 = ORIENTED_EDGE('',*,*,#7166,.F.);
#7166 = EDGE_CURVE('',#5971,#6645,#7167,.T.);
#7167 = SURFACE_CURVE('',#7168,(#7172,#7179),.PCURVE_S1.);
#7168 = LINE('',#7169,#7170);
#7169 = CARTESIAN_POINT('',(-56.59259,-143.8491813249,-109.6796091529));
#7170 = VECTOR('',#7171,1.);
#7171 = DIRECTION('',(0.532523775277,-7.379835534144E-02,0.843191693219)
  );
#7172 = PCURVE('',#5932,#7173);
#7173 = DEFINITIONAL_REPRESENTATION('',(#7174),#7178);
#7174 = LINE('',#7175,#7176);
#7175 = CARTESIAN_POINT('',(-38.93084964839,-37.30981088393));
#7176 = VECTOR('',#7177,1.);
#7177 = DIRECTION('',(0.532523775277,0.846415045214));
#7178 = ( GEOMETRIC_REPRESENTATION_CONTEXT(2) 
PARAMETRIC_REPRESENTATION_CONTEXT() REPRESENTATION_CONTEXT('2D SPACE',''
  ) );
#7179 = PCURVE('',#6683,#7180);
#7180 = DEFINITIONAL_REPRESENTATION('',(#7181),#7185);
#7181 = LINE('',#7182,#7183);
#7182 = CARTESIAN_POINT('',(-35.5110461921,-57.4691038717));
#7183 = VECTOR('',#7184,1.);
#7184 = DIRECTION('',(0.532523775277,0.846415045214));
#7185 = ( GEOMETRIC_REPRESENTATION_CONTEXT(2) 
PARAMETRIC_REPRESENTATION_CONTEXT() REPRESENTATION_CONTEXT('2D SPACE',''
  ) );
#7186 = ORIENTED_EDGE('',*,*,#5970,.T.);
#7187 = ORIENTED_EDGE('',*,*,#5916,.F.);
#7188 = ADVANCED_FACE('',(#7189),#6062,.F.);
#7189 = FACE_BOUND('',#7190,.F.);
#7190 = EDGE_LOOP('',(#7191,#7192,#7193,#7216));
#7191 = ORIENTED_EDGE('',*,*,#6046,.F.);
#7192 = ORIENTED_EDGE('',*,*,#6313,.T.);
#7193 = ORIENTED_EDGE('',*,*,#7194,.T.);
#7194 = EDGE_CURVE('',#6285,#7195,#7197,.T.);
#7195 = VERTEX_POINT('',#7196);
#7196 = CARTESIAN_POINT('',(-38.54987868763,-145.3596702902,
    -69.48272880709));
#7197 = SURFACE_CURVE('',#7198,(#7202,#7209),.PCURVE_S1.);
#7198 = LINE('',#7199,#7200);
#7199 = CARTESIAN_POINT('',(-57.6507,-144.5389140369,-78.86039952146));
#7200 = VECTOR('',#7201,1.);
#7201 = DIRECTION('',(0.896983796339,-3.854321078962E-02,0.440379938244)
  );
#7202 = PCURVE('',#6062,#7203);
#7203 = DEFINITIONAL_REPRESENTATION('',(#7204),#7208);
#7204 = LINE('',#7205,#7206);
#7205 = CARTESIAN_POINT('',(-1.582990002191E-06,1.7689469059E-06));
#7206 = VECTOR('',#7207,1.);
#7207 = DIRECTION('',(0.896983796339,0.44206342204));
#7208 = ( GEOMETRIC_REPRESENTATION_CONTEXT(2) 
PARAMETRIC_REPRESENTATION_CONTEXT() REPRESENTATION_CONTEXT('2D SPACE',''
  ) );
#7209 = PCURVE('',#6301,#7210);
#7210 = DEFINITIONAL_REPRESENTATION('',(#7211),#7215);
#7211 = LINE('',#7212,#7213);
#7212 = CARTESIAN_POINT('',(31.85248370803,0.940621936678));
#7213 = VECTOR('',#7214,1.);
#7214 = DIRECTION('',(-0.896983796339,0.44206342204));
#7215 = ( GEOMETRIC_REPRESENTATION_CONTEXT(2) 
PARAMETRIC_REPRESENTATION_CONTEXT() REPRESENTATION_CONTEXT('2D SPACE',''
  ) );
#7216 = ORIENTED_EDGE('',*,*,#7217,.T.);
#7217 = EDGE_CURVE('',#7195,#6047,#7218,.T.);
#7218 = SURFACE_CURVE('',#7219,(#7224,#7231),.PCURVE_S1.);
#7219 = CIRCLE('',#7220,21.294499207368);
#7220 = AXIS2_PLACEMENT_3D('',#7221,#7222,#7223);
#7221 = CARTESIAN_POINT('',(-57.65069841701,-144.5389095968,
    -78.86040090856));
#7222 = DIRECTION('',(0.,-0.996191759571,-8.718932367605E-02));
#7223 = DIRECTION('',(1.,-0.,0.));
#7224 = PCURVE('',#6062,#7225);
#7225 = DEFINITIONAL_REPRESENTATION('',(#7226),#7230);
#7226 = CIRCLE('',#7227,21.294499207368);
#7227 = AXIS2_PLACEMENT_2D('',#7228,#7229);
#7228 = CARTESIAN_POINT('',(0.,0.));
#7229 = DIRECTION('',(1.,0.));
#7230 = ( GEOMETRIC_REPRESENTATION_CONTEXT(2) 
PARAMETRIC_REPRESENTATION_CONTEXT() REPRESENTATION_CONTEXT('2D SPACE',''
  ) );
#7231 = PCURVE('',#7081,#7232);
#7232 = DEFINITIONAL_REPRESENTATION('',(#7233),#7241);
#7233 = ( BOUNDED_CURVE() B_SPLINE_CURVE(2,(#7234,#7235,#7236,#7237,
#7238,#7239,#7240),.UNSPECIFIED.,.T.,.F.) B_SPLINE_CURVE_WITH_KNOTS((1,2
    ,2,2,2,1),(-2.094395102393,0.,2.094395102393,4.188790204786,
6.28318530718,8.377580409573),.UNSPECIFIED.) CURVE() 
GEOMETRIC_REPRESENTATION_ITEM() RATIONAL_B_SPLINE_CURVE((1.,0.5,1.,0.5,
1.,0.5,1.)) REPRESENTATION_ITEM('') );
#7234 = CARTESIAN_POINT('',(1.299699632822,-19.81980320058));
#7235 = CARTESIAN_POINT('',(1.299699632822,17.063351348312));
#7236 = CARTESIAN_POINT('',(33.241448443874,-1.378225926136));
#7237 = CARTESIAN_POINT('',(65.183197254926,-19.81980320058));
#7238 = CARTESIAN_POINT('',(33.241448443874,-38.26138047503));
#7239 = CARTESIAN_POINT('',(1.299699632822,-56.70295774948));
#7240 = CARTESIAN_POINT('',(1.299699632822,-19.81980320058));
#7241 = ( GEOMETRIC_REPRESENTATION_CONTEXT(2) 
PARAMETRIC_REPRESENTATION_CONTEXT() REPRESENTATION_CONTEXT('2D SPACE',''
  ) );
#7242 = ADVANCED_FACE('',(#7243),#6114,.T.);
#7243 = FACE_BOUND('',#7244,.T.);
#7244 = EDGE_LOOP('',(#7245,#7246,#7247,#7248));
#7245 = ORIENTED_EDGE('',*,*,#6369,.F.);
#7246 = ORIENTED_EDGE('',*,*,#6100,.T.);
#7247 = ORIENTED_EDGE('',*,*,#6130,.T.);
#7248 = ORIENTED_EDGE('',*,*,#7249,.F.);
#7249 = EDGE_CURVE('',#6370,#6131,#7250,.T.);
#7250 = SURFACE_CURVE('',#7251,(#7255,#7262),.PCURVE_S1.);
#7251 = LINE('',#7252,#7253);
#7252 = CARTESIAN_POINT('',(-48.23718,-142.8735264594,-97.88847900651));
#7253 = VECTOR('',#7254,1.);
#7254 = DIRECTION('',(-0.442063466418,-7.820740864419E-02,0.893567844594
    ));
#7255 = PCURVE('',#6114,#7256);
#7256 = DEFINITIONAL_REPRESENTATION('',(#7257),#7261);
#7257 = LINE('',#7258,#7259);
#7258 = CARTESIAN_POINT('',(22.43896370803,-18.16019806332));
#7259 = VECTOR('',#7260,1.);
#7260 = DIRECTION('',(0.442063466418,0.896983774468));
#7261 = ( GEOMETRIC_REPRESENTATION_CONTEXT(2) 
PARAMETRIC_REPRESENTATION_CONTEXT() REPRESENTATION_CONTEXT('2D SPACE',''
  ) );
#7262 = PCURVE('',#7263,#7268);
#7263 = PLANE('',#7264);
#7264 = AXIS2_PLACEMENT_3D('',#7265,#7266,#7267);
#7265 = CARTESIAN_POINT('',(-25.79821629197,-144.4569018464,
    -79.79743934365));
#7266 = DIRECTION('',(-0.,0.996191759571,8.718932367605E-02));
#7267 = DIRECTION('',(-1.,0.,-0.));
#7268 = DEFINITIONAL_REPRESENTATION('',(#7269),#7273);
#7269 = LINE('',#7270,#7271);
#7270 = CARTESIAN_POINT('',(22.43896370803,-18.16019806332));
#7271 = VECTOR('',#7272,1.);
#7272 = DIRECTION('',(0.442063466418,0.896983774468));
#7273 = ( GEOMETRIC_REPRESENTATION_CONTEXT(2) 
PARAMETRIC_REPRESENTATION_CONTEXT() REPRESENTATION_CONTEXT('2D SPACE',''
  ) );
#7274 = ADVANCED_FACE('',(#7275),#6192,.T.);
#7275 = FACE_BOUND('',#7276,.T.);
#7276 = EDGE_LOOP('',(#7277,#7300,#7301,#7302,#7303,#7326));
#7277 = ORIENTED_EDGE('',*,*,#7278,.F.);
#7278 = EDGE_CURVE('',#6131,#7279,#7281,.T.);
#7279 = VERTEX_POINT('',#7280);
#7280 = CARTESIAN_POINT('',(-45.48805582474,-143.3956893952,
    -91.92244564535));
#7281 = SURFACE_CURVE('',#7282,(#7286,#7293),.PCURVE_S1.);
#7282 = LINE('',#7283,#7284);
#7283 = CARTESIAN_POINT('',(-56.59259,-141.8567978057,-109.5052305055));
#7284 = VECTOR('',#7285,1.);
#7285 = DIRECTION('',(0.532523775277,-7.379835534144E-02,0.843191693219)
  );
#7286 = PCURVE('',#6192,#7287);
#7287 = DEFINITIONAL_REPRESENTATION('',(#7288),#7292);
#7288 = LINE('',#7289,#7290);
#7289 = CARTESIAN_POINT('',(30.79437370803,-29.82135806328));
#7290 = VECTOR('',#7291,1.);
#7291 = DIRECTION('',(-0.532523775277,0.846415045214));
#7292 = ( GEOMETRIC_REPRESENTATION_CONTEXT(2) 
PARAMETRIC_REPRESENTATION_CONTEXT() REPRESENTATION_CONTEXT('2D SPACE',''
  ) );
#7293 = PCURVE('',#7263,#7294);
#7294 = DEFINITIONAL_REPRESENTATION('',(#7295),#7299);
#7295 = LINE('',#7296,#7297);
#7296 = CARTESIAN_POINT('',(30.79437370803,-29.82135806328));
#7297 = VECTOR('',#7298,1.);
#7298 = DIRECTION('',(-0.532523775277,0.846415045214));
#7299 = ( GEOMETRIC_REPRESENTATION_CONTEXT(2) 
PARAMETRIC_REPRESENTATION_CONTEXT() REPRESENTATION_CONTEXT('2D SPACE',''
  ) );
#7300 = ORIENTED_EDGE('',*,*,#6178,.T.);
#7301 = ORIENTED_EDGE('',*,*,#6342,.F.);
#7302 = ORIENTED_EDGE('',*,*,#6260,.F.);
#7303 = ORIENTED_EDGE('',*,*,#7304,.T.);
#7304 = EDGE_CURVE('',#6261,#7305,#7307,.T.);
#7305 = VERTEX_POINT('',#7306);
#7306 = CARTESIAN_POINT('',(-38.25535,-145.3053683526,-70.10318658252));
#7307 = SURFACE_CURVE('',#7308,(#7312,#7319),.PCURVE_S1.);
#7308 = LINE('',#7309,#7310);
#7309 = CARTESIAN_POINT('',(-77.04605,-143.7724597211,-87.6176124604));
#7310 = VECTOR('',#7311,1.);
#7311 = DIRECTION('',(0.91081489669,-3.59930606261E-02,0.411242900916));
#7312 = PCURVE('',#6192,#7313);
#7313 = DEFINITIONAL_REPRESENTATION('',(#7314),#7318);
#7314 = LINE('',#7315,#7316);
#7315 = CARTESIAN_POINT('',(51.24783370803,-7.850068063324));
#7316 = VECTOR('',#7317,1.);
#7317 = DIRECTION('',(-0.91081489669,0.412814999688));
#7318 = ( GEOMETRIC_REPRESENTATION_CONTEXT(2) 
PARAMETRIC_REPRESENTATION_CONTEXT() REPRESENTATION_CONTEXT('2D SPACE',''
  ) );
#7319 = PCURVE('',#6301,#7320);
#7320 = DEFINITIONAL_REPRESENTATION('',(#7321),#7325);
#7321 = LINE('',#7322,#7323);
#7322 = CARTESIAN_POINT('',(51.24783370803,-7.850068063324));
#7323 = VECTOR('',#7324,1.);
#7324 = DIRECTION('',(-0.91081489669,0.412814999688));
#7325 = ( GEOMETRIC_REPRESENTATION_CONTEXT(2) 
PARAMETRIC_REPRESENTATION_CONTEXT() REPRESENTATION_CONTEXT('2D SPACE',''
  ) );
#7326 = ORIENTED_EDGE('',*,*,#7327,.F.);
#7327 = EDGE_CURVE('',#7279,#7305,#7328,.T.);
#7328 = SURFACE_CURVE('',#7329,(#7333,#7340),.PCURVE_S1.);
#7329 = LINE('',#7330,#7331);
#7330 = CARTESIAN_POINT('',(-57.96395,-140.1016313817,-129.5590886454));
#7331 = VECTOR('',#7332,1.);
#7332 = DIRECTION('',(0.313566080943,-8.279205058891E-02,0.945950204419)
  );
#7333 = PCURVE('',#6192,#7334);
#7334 = DEFINITIONAL_REPRESENTATION('',(#7335),#7339);
#7335 = LINE('',#7336,#7337);
#7336 = CARTESIAN_POINT('',(32.16573370803,-49.9518780633));
#7337 = VECTOR('',#7338,1.);
#7338 = DIRECTION('',(-0.313566080943,0.949566381504));
#7339 = ( GEOMETRIC_REPRESENTATION_CONTEXT(2) 
PARAMETRIC_REPRESENTATION_CONTEXT() REPRESENTATION_CONTEXT('2D SPACE',''
  ) );
#7340 = PCURVE('',#7341,#7346);
#7341 = PLANE('',#7342);
#7342 = AXIS2_PLACEMENT_3D('',#7343,#7344,#7345);
#7343 = CARTESIAN_POINT('',(-25.79821629197,-144.4569018464,
    -79.79743934365));
#7344 = DIRECTION('',(-0.,0.996191759571,8.718932367605E-02));
#7345 = DIRECTION('',(-1.,0.,-0.));
#7346 = DEFINITIONAL_REPRESENTATION('',(#7347),#7351);
#7347 = LINE('',#7348,#7349);
#7348 = CARTESIAN_POINT('',(32.16573370803,-49.9518780633));
#7349 = VECTOR('',#7350,1.);
#7350 = DIRECTION('',(-0.313566080943,0.949566381504));
#7351 = ( GEOMETRIC_REPRESENTATION_CONTEXT(2) 
PARAMETRIC_REPRESENTATION_CONTEXT() REPRESENTATION_CONTEXT('2D SPACE',''
  ) );
#7352 = ADVANCED_FACE('',(#7353,#7356),#6247,.F.);
#7353 = FACE_BOUND('',#7354,.F.);
#7354 = EDGE_LOOP('',(#7355));
#7355 = ORIENTED_EDGE('',*,*,#6232,.T.);
#7356 = FACE_BOUND('',#7357,.F.);
#7357 = EDGE_LOOP('',(#7358));
#7358 = ORIENTED_EDGE('',*,*,#7359,.T.);
#7359 = EDGE_CURVE('',#7360,#7360,#7362,.T.);
#7360 = VERTEX_POINT('',#7361);
#7361 = CARTESIAN_POINT('',(-57.65,-145.3819959729,-78.97651947798));
#7362 = SURFACE_CURVE('',#7363,(#7368,#7379),.PCURVE_S1.);
#7363 = CIRCLE('',#7364,1.35);
#7364 = AXIS2_PLACEMENT_3D('',#7365,#7366,#7367);
#7365 = CARTESIAN_POINT('',(-59.,-145.3819959729,-78.97651947798));
#7366 = DIRECTION('',(0.,0.996191759571,8.718932367606E-02));
#7367 = DIRECTION('',(1.,0.,-0.));
#7368 = PCURVE('',#6247,#7369);
#7369 = DEFINITIONAL_REPRESENTATION('',(#7370),#7378);
#7370 = ( BOUNDED_CURVE() B_SPLINE_CURVE(2,(#7371,#7372,#7373,#7374,
#7375,#7376,#7377),.UNSPECIFIED.,.T.,.F.) B_SPLINE_CURVE_WITH_KNOTS((1,2
    ,2,2,2,1),(-2.094395102393,0.,2.094395102393,4.188790204786,
6.28318530718,8.377580409573),.UNSPECIFIED.) CURVE() 
GEOMETRIC_REPRESENTATION_ITEM() RATIONAL_B_SPLINE_CURVE((1.,0.5,1.,0.5,
1.,0.5,1.)) REPRESENTATION_ITEM('') );
#7371 = CARTESIAN_POINT('',(1.35,0.));
#7372 = CARTESIAN_POINT('',(1.35,-2.338268590218));
#7373 = CARTESIAN_POINT('',(-0.675,-1.169134295109));
#7374 = CARTESIAN_POINT('',(-2.7,-3.306546357698E-16));
#7375 = CARTESIAN_POINT('',(-0.675,1.169134295109));
#7376 = CARTESIAN_POINT('',(1.35,2.338268590218));
#7377 = CARTESIAN_POINT('',(1.35,0.));
#7378 = ( GEOMETRIC_REPRESENTATION_CONTEXT(2) 
PARAMETRIC_REPRESENTATION_CONTEXT() REPRESENTATION_CONTEXT('2D SPACE',''
  ) );
#7379 = PCURVE('',#6514,#7380);
#7380 = DEFINITIONAL_REPRESENTATION('',(#7381),#7385);
#7381 = LINE('',#7382,#7383);
#7382 = CARTESIAN_POINT('',(6.28318530718,1.85));
#7383 = VECTOR('',#7384,1.);
#7384 = DIRECTION('',(-1.,0.));
#7385 = ( GEOMETRIC_REPRESENTATION_CONTEXT(2) 
PARAMETRIC_REPRESENTATION_CONTEXT() REPRESENTATION_CONTEXT('2D SPACE',''
  ) );
#7386 = ADVANCED_FACE('',(#7387),#6301,.T.);
#7387 = FACE_BOUND('',#7388,.T.);
#7388 = EDGE_LOOP('',(#7389,#7390,#7391,#7392));
#7389 = ORIENTED_EDGE('',*,*,#7304,.F.);
#7390 = ORIENTED_EDGE('',*,*,#6284,.F.);
#7391 = ORIENTED_EDGE('',*,*,#7194,.T.);
#7392 = ORIENTED_EDGE('',*,*,#7393,.F.);
#7393 = EDGE_CURVE('',#7305,#7195,#7394,.T.);
#7394 = SURFACE_CURVE('',#7395,(#7400,#7411),.PCURVE_S1.);
#7395 = CIRCLE('',#7396,21.294499207368);
#7396 = AXIS2_PLACEMENT_3D('',#7397,#7398,#7399);
#7397 = CARTESIAN_POINT('',(-57.65069841701,-144.5389095968,
    -78.86040090856));
#7398 = DIRECTION('',(0.,-0.996191759571,-8.718932367605E-02));
#7399 = DIRECTION('',(1.,-0.,0.));
#7400 = PCURVE('',#6301,#7401);
#7401 = DEFINITIONAL_REPRESENTATION('',(#7402),#7410);
#7402 = ( BOUNDED_CURVE() B_SPLINE_CURVE(2,(#7403,#7404,#7405,#7406,
#7407,#7408,#7409),.UNSPECIFIED.,.T.,.F.) B_SPLINE_CURVE_WITH_KNOTS((1,2
    ,2,2,2,1),(-2.094395102393,0.,2.094395102393,4.188790204786,
6.28318530718,8.377580409573),.UNSPECIFIED.) CURVE() 
GEOMETRIC_REPRESENTATION_ITEM() RATIONAL_B_SPLINE_CURVE((1.,0.5,1.,0.5,
1.,0.5,1.)) REPRESENTATION_ITEM('') );
#7403 = CARTESIAN_POINT('',(10.557982917672,0.940620167731));
#7404 = CARTESIAN_POINT('',(10.557982917672,37.823774716628));
#7405 = CARTESIAN_POINT('',(42.499731728724,19.38219744218));
#7406 = CARTESIAN_POINT('',(74.441480539776,0.940620167731));
#7407 = CARTESIAN_POINT('',(42.499731728724,-17.50095710671));
#7408 = CARTESIAN_POINT('',(10.557982917672,-35.94253438116));
#7409 = CARTESIAN_POINT('',(10.557982917672,0.940620167731));
#7410 = ( GEOMETRIC_REPRESENTATION_CONTEXT(2) 
PARAMETRIC_REPRESENTATION_CONTEXT() REPRESENTATION_CONTEXT('2D SPACE',''
  ) );
#7411 = PCURVE('',#6855,#7412);
#7412 = DEFINITIONAL_REPRESENTATION('',(#7413),#7421);
#7413 = ( BOUNDED_CURVE() B_SPLINE_CURVE(2,(#7414,#7415,#7416,#7417,
#7418,#7419,#7420),.UNSPECIFIED.,.T.,.F.) B_SPLINE_CURVE_WITH_KNOTS((1,2
    ,2,2,2,1),(-2.094395102393,0.,2.094395102393,4.188790204786,
6.28318530718,8.377580409573),.UNSPECIFIED.) CURVE() 
GEOMETRIC_REPRESENTATION_ITEM() RATIONAL_B_SPLINE_CURVE((1.,0.5,1.,0.5,
1.,0.5,1.)) REPRESENTATION_ITEM('') );
#7414 = CARTESIAN_POINT('',(10.557982917672,0.940620167731));
#7415 = CARTESIAN_POINT('',(10.557982917672,37.823774716628));
#7416 = CARTESIAN_POINT('',(42.499731728724,19.38219744218));
#7417 = CARTESIAN_POINT('',(74.441480539776,0.940620167731));
#7418 = CARTESIAN_POINT('',(42.499731728724,-17.50095710671));
#7419 = CARTESIAN_POINT('',(10.557982917672,-35.94253438116));
#7420 = CARTESIAN_POINT('',(10.557982917672,0.940620167731));
#7421 = ( GEOMETRIC_REPRESENTATION_CONTEXT(2) 
PARAMETRIC_REPRESENTATION_CONTEXT() REPRESENTATION_CONTEXT('2D SPACE',''
  ) );
#7422 = ADVANCED_FACE('',(#7423),#6415,.T.);
#7423 = FACE_BOUND('',#7424,.T.);
#7424 = EDGE_LOOP('',(#7425,#7426,#7427));
#7425 = ORIENTED_EDGE('',*,*,#6700,.F.);
#7426 = ORIENTED_EDGE('',*,*,#6401,.T.);
#7427 = ORIENTED_EDGE('',*,*,#7428,.T.);
#7428 = EDGE_CURVE('',#6370,#6701,#7429,.T.);
#7429 = SURFACE_CURVE('',#7430,(#7435,#7446),.PCURVE_S1.);
#7430 = CIRCLE('',#7431,21.294499207368);
#7431 = AXIS2_PLACEMENT_3D('',#7432,#7433,#7434);
#7432 = CARTESIAN_POINT('',(-57.65069841701,-144.5389095968,
    -78.86040090856));
#7433 = DIRECTION('',(0.,-0.996191759571,-8.718932367605E-02));
#7434 = DIRECTION('',(1.,-0.,0.));
#7435 = PCURVE('',#6415,#7436);
#7436 = DEFINITIONAL_REPRESENTATION('',(#7437),#7445);
#7437 = ( BOUNDED_CURVE() B_SPLINE_CURVE(2,(#7438,#7439,#7440,#7441,
#7442,#7443,#7444),.UNSPECIFIED.,.T.,.F.) B_SPLINE_CURVE_WITH_KNOTS((1,2
    ,2,2,2,1),(-2.094395102393,0.,2.094395102393,4.188790204786,
6.28318530718,8.377580409573),.UNSPECIFIED.) CURVE() 
GEOMETRIC_REPRESENTATION_ITEM() RATIONAL_B_SPLINE_CURVE((1.,0.5,1.,0.5,
1.,0.5,1.)) REPRESENTATION_ITEM('') );
#7438 = CARTESIAN_POINT('',(10.557982917672,0.940620167731));
#7439 = CARTESIAN_POINT('',(10.557982917672,37.823774716628));
#7440 = CARTESIAN_POINT('',(42.499731728724,19.38219744218));
#7441 = CARTESIAN_POINT('',(74.441480539776,0.940620167731));
#7442 = CARTESIAN_POINT('',(42.499731728724,-17.50095710671));
#7443 = CARTESIAN_POINT('',(10.557982917672,-35.94253438116));
#7444 = CARTESIAN_POINT('',(10.557982917672,0.940620167731));
#7445 = ( GEOMETRIC_REPRESENTATION_CONTEXT(2) 
PARAMETRIC_REPRESENTATION_CONTEXT() REPRESENTATION_CONTEXT('2D SPACE',''
  ) );
#7446 = PCURVE('',#7447,#7452);
#7447 = PLANE('',#7448);
#7448 = AXIS2_PLACEMENT_3D('',#7449,#7450,#7451);
#7449 = CARTESIAN_POINT('',(-25.79821629197,-144.4569018464,
    -79.79743934365));
#7450 = DIRECTION('',(-0.,0.996191759571,8.718932367605E-02));
#7451 = DIRECTION('',(-1.,0.,-0.));
#7452 = DEFINITIONAL_REPRESENTATION('',(#7453),#7461);
#7453 = ( BOUNDED_CURVE() B_SPLINE_CURVE(2,(#7454,#7455,#7456,#7457,
#7458,#7459,#7460),.UNSPECIFIED.,.T.,.F.) B_SPLINE_CURVE_WITH_KNOTS((1,2
    ,2,2,2,1),(-2.094395102393,0.,2.094395102393,4.188790204786,
6.28318530718,8.377580409573),.UNSPECIFIED.) CURVE() 
GEOMETRIC_REPRESENTATION_ITEM() RATIONAL_B_SPLINE_CURVE((1.,0.5,1.,0.5,
1.,0.5,1.)) REPRESENTATION_ITEM('') );
#7454 = CARTESIAN_POINT('',(10.557982917672,0.940620167731));
#7455 = CARTESIAN_POINT('',(10.557982917672,37.823774716628));
#7456 = CARTESIAN_POINT('',(42.499731728724,19.38219744218));
#7457 = CARTESIAN_POINT('',(74.441480539776,0.940620167731));
#7458 = CARTESIAN_POINT('',(42.499731728724,-17.50095710671));
#7459 = CARTESIAN_POINT('',(10.557982917672,-35.94253438116));
#7460 = CARTESIAN_POINT('',(10.557982917672,0.940620167731));
#7461 = ( GEOMETRIC_REPRESENTATION_CONTEXT(2) 
PARAMETRIC_REPRESENTATION_CONTEXT() REPRESENTATION_CONTEXT('2D SPACE',''
  ) );
#7462 = ADVANCED_FACE('',(#7463),#6444,.T.);
#7463 = FACE_BOUND('',#7464,.T.);
#7464 = EDGE_LOOP('',(#7465,#7466,#7487));
#7465 = ORIENTED_EDGE('',*,*,#6431,.T.);
#7466 = ORIENTED_EDGE('',*,*,#7467,.T.);
#7467 = EDGE_CURVE('',#5233,#5389,#7468,.T.);
#7468 = SURFACE_CURVE('',#7469,(#7473,#7480),.PCURVE_S1.);
#7469 = LINE('',#7470,#7471);
#7470 = CARTESIAN_POINT('',(-67.06422,-148.1966851335,-60.00669868377));
#7471 = VECTOR('',#7472,1.);
#7472 = DIRECTION('',(0.896983796339,-3.854321078962E-02,0.440379938244)
  );
#7473 = PCURVE('',#6444,#7474);
#7474 = DEFINITIONAL_REPRESENTATION('',(#7475),#7479);
#7475 = LINE('',#7476,#7477);
#7476 = CARTESIAN_POINT('',(-36.32500134076,-0.506788866061));
#7477 = VECTOR('',#7478,1.);
#7478 = DIRECTION('',(1.,9.964251646011E-15));
#7479 = ( GEOMETRIC_REPRESENTATION_CONTEXT(2) 
PARAMETRIC_REPRESENTATION_CONTEXT() REPRESENTATION_CONTEXT('2D SPACE',''
  ) );
#7480 = PCURVE('',#6683,#7481);
#7481 = DEFINITIONAL_REPRESENTATION('',(#7482),#7486);
#7482 = LINE('',#7483,#7484);
#7483 = CARTESIAN_POINT('',(-45.9826761921,-7.606303871706));
#7484 = VECTOR('',#7485,1.);
#7485 = DIRECTION('',(0.896983796339,0.44206342204));
#7486 = ( GEOMETRIC_REPRESENTATION_CONTEXT(2) 
PARAMETRIC_REPRESENTATION_CONTEXT() REPRESENTATION_CONTEXT('2D SPACE',''
  ) );
#7487 = ORIENTED_EDGE('',*,*,#7093,.F.);
#7488 = ADVANCED_FACE('',(#7489),#6514,.F.);
#7489 = FACE_BOUND('',#7490,.F.);
#7490 = EDGE_LOOP('',(#7491,#7512,#7513,#7514));
#7491 = ORIENTED_EDGE('',*,*,#7492,.T.);
#7492 = EDGE_CURVE('',#7360,#6494,#7493,.T.);
#7493 = SEAM_CURVE('',#7494,(#7498,#7505),.PCURVE_S1.);
#7494 = LINE('',#7495,#7496);
#7495 = CARTESIAN_POINT('',(-57.65,-143.5390412177,-78.81521922918));
#7496 = VECTOR('',#7497,1.);
#7497 = DIRECTION('',(-0.,-0.996191759571,-8.718932367606E-02));
#7498 = PCURVE('',#6514,#7499);
#7499 = DEFINITIONAL_REPRESENTATION('',(#7500),#7504);
#7500 = LINE('',#7501,#7502);
#7501 = CARTESIAN_POINT('',(6.28318530718,0.));
#7502 = VECTOR('',#7503,1.);
#7503 = DIRECTION('',(0.,1.));
#7504 = ( GEOMETRIC_REPRESENTATION_CONTEXT(2) 
PARAMETRIC_REPRESENTATION_CONTEXT() REPRESENTATION_CONTEXT('2D SPACE',''
  ) );
#7505 = PCURVE('',#6514,#7506);
#7506 = DEFINITIONAL_REPRESENTATION('',(#7507),#7511);
#7507 = LINE('',#7508,#7509);
#7508 = CARTESIAN_POINT('',(4.138911435803E-13,0.));
#7509 = VECTOR('',#7510,1.);
#7510 = DIRECTION('',(0.,1.));
#7511 = ( GEOMETRIC_REPRESENTATION_CONTEXT(2) 
PARAMETRIC_REPRESENTATION_CONTEXT() REPRESENTATION_CONTEXT('2D SPACE',''
  ) );
#7512 = ORIENTED_EDGE('',*,*,#6493,.T.);
#7513 = ORIENTED_EDGE('',*,*,#7492,.F.);
#7514 = ORIENTED_EDGE('',*,*,#7359,.F.);
#7515 = ADVANCED_FACE('',(#7516),#6595,.T.);
#7516 = FACE_BOUND('',#7517,.T.);
#7517 = EDGE_LOOP('',(#7518,#7519));
#7518 = ORIENTED_EDGE('',*,*,#6581,.T.);
#7519 = ORIENTED_EDGE('',*,*,#7520,.T.);
#7520 = EDGE_CURVE('',#6558,#5233,#7521,.T.);
#7521 = SURFACE_CURVE('',#7522,(#7527,#7534),.PCURVE_S1.);
#7522 = CIRCLE('',#7523,21.294499207368);
#7523 = AXIS2_PLACEMENT_3D('',#7524,#7525,#7526);
#7524 = CARTESIAN_POINT('',(-57.65069841701,-146.531293116,
    -79.03477955592));
#7525 = DIRECTION('',(0.,-0.996191759571,-8.718932367605E-02));
#7526 = DIRECTION('',(1.,-0.,0.));
#7527 = PCURVE('',#6595,#7528);
#7528 = DEFINITIONAL_REPRESENTATION('',(#7529),#7533);
#7529 = CIRCLE('',#7530,21.294499207368);
#7530 = AXIS2_PLACEMENT_2D('',#7531,#7532);
#7531 = CARTESIAN_POINT('',(0.,0.));
#7532 = DIRECTION('',(1.,0.));
#7533 = ( GEOMETRIC_REPRESENTATION_CONTEXT(2) 
PARAMETRIC_REPRESENTATION_CONTEXT() REPRESENTATION_CONTEXT('2D SPACE',''
  ) );
#7534 = PCURVE('',#6683,#7535);
#7535 = DEFINITIONAL_REPRESENTATION('',(#7536),#7540);
#7536 = CIRCLE('',#7537,21.294499207368);
#7537 = AXIS2_PLACEMENT_2D('',#7538,#7539);
#7538 = CARTESIAN_POINT('',(-36.56915460911,-26.70712564065));
#7539 = DIRECTION('',(1.,0.));
#7540 = ( GEOMETRIC_REPRESENTATION_CONTEXT(2) 
PARAMETRIC_REPRESENTATION_CONTEXT() REPRESENTATION_CONTEXT('2D SPACE',''
  ) );
#7541 = ADVANCED_FACE('',(#7542),#6627,.T.);
#7542 = FACE_BOUND('',#7543,.T.);
#7543 = EDGE_LOOP('',(#7544,#7545,#7546));
#7544 = ORIENTED_EDGE('',*,*,#6613,.F.);
#7545 = ORIENTED_EDGE('',*,*,#6644,.F.);
#7546 = ORIENTED_EDGE('',*,*,#7144,.T.);
#7547 = ADVANCED_FACE('',(#7548),#6683,.T.);
#7548 = FACE_BOUND('',#7549,.T.);
#7549 = EDGE_LOOP('',(#7550,#7551,#7552,#7553,#7554));
#7550 = ORIENTED_EDGE('',*,*,#6668,.F.);
#7551 = ORIENTED_EDGE('',*,*,#7467,.F.);
#7552 = ORIENTED_EDGE('',*,*,#7520,.F.);
#7553 = ORIENTED_EDGE('',*,*,#7120,.T.);
#7554 = ORIENTED_EDGE('',*,*,#7166,.T.);
#7555 = ADVANCED_FACE('',(#7556),#6744,.T.);
#7556 = FACE_BOUND('',#7557,.T.);
#7557 = EDGE_LOOP('',(#7558,#7559,#7582));
#7558 = ORIENTED_EDGE('',*,*,#6723,.F.);
#7559 = ORIENTED_EDGE('',*,*,#7560,.T.);
#7560 = EDGE_CURVE('',#6701,#7561,#7563,.T.);
#7561 = VERTEX_POINT('',#7562);
#7562 = CARTESIAN_POINT('',(-46.71021324068,-143.0729985024,
    -95.60938797649));
#7563 = SURFACE_CURVE('',#7564,(#7568,#7575),.PCURVE_S1.);
#7564 = LINE('',#7565,#7566);
#7565 = CARTESIAN_POINT('',(-57.96395,-140.1016313817,-129.5590886454));
#7566 = VECTOR('',#7567,1.);
#7567 = DIRECTION('',(0.313566080943,-8.279205058891E-02,0.945950204419)
  );
#7568 = PCURVE('',#6744,#7569);
#7569 = DEFINITIONAL_REPRESENTATION('',(#7570),#7574);
#7570 = LINE('',#7571,#7572);
#7571 = CARTESIAN_POINT('',(32.16573370803,-49.9518780633));
#7572 = VECTOR('',#7573,1.);
#7573 = DIRECTION('',(-0.313566080943,0.949566381504));
#7574 = ( GEOMETRIC_REPRESENTATION_CONTEXT(2) 
PARAMETRIC_REPRESENTATION_CONTEXT() REPRESENTATION_CONTEXT('2D SPACE',''
  ) );
#7575 = PCURVE('',#7447,#7576);
#7576 = DEFINITIONAL_REPRESENTATION('',(#7577),#7581);
#7577 = LINE('',#7578,#7579);
#7578 = CARTESIAN_POINT('',(32.16573370803,-49.9518780633));
#7579 = VECTOR('',#7580,1.);
#7580 = DIRECTION('',(-0.313566080943,0.949566381504));
#7581 = ( GEOMETRIC_REPRESENTATION_CONTEXT(2) 
PARAMETRIC_REPRESENTATION_CONTEXT() REPRESENTATION_CONTEXT('2D SPACE',''
  ) );
#7582 = ORIENTED_EDGE('',*,*,#7583,.T.);
#7583 = EDGE_CURVE('',#7561,#6724,#7584,.T.);
#7584 = SURFACE_CURVE('',#7585,(#7589,#7596),.PCURVE_S1.);
#7585 = LINE('',#7586,#7587);
#7586 = CARTESIAN_POINT('',(-48.23718,-142.8735264594,-97.88847900651));
#7587 = VECTOR('',#7588,1.);
#7588 = DIRECTION('',(0.555144209203,-7.252007870803E-02,0.828586594855)
  );
#7589 = PCURVE('',#6744,#7590);
#7590 = DEFINITIONAL_REPRESENTATION('',(#7591),#7595);
#7591 = LINE('',#7592,#7593);
#7592 = CARTESIAN_POINT('',(22.43896370803,-18.16019806332));
#7593 = VECTOR('',#7594,1.);
#7594 = DIRECTION('',(-0.555144209203,0.831754114501));
#7595 = ( GEOMETRIC_REPRESENTATION_CONTEXT(2) 
PARAMETRIC_REPRESENTATION_CONTEXT() REPRESENTATION_CONTEXT('2D SPACE',''
  ) );
#7596 = PCURVE('',#7597,#7602);
#7597 = PLANE('',#7598);
#7598 = AXIS2_PLACEMENT_3D('',#7599,#7600,#7601);
#7599 = CARTESIAN_POINT('',(-25.79821629197,-144.4569018464,
    -79.79743934365));
#7600 = DIRECTION('',(-0.,0.996191759571,8.718932367605E-02));
#7601 = DIRECTION('',(-1.,0.,-0.));
#7602 = DEFINITIONAL_REPRESENTATION('',(#7603),#7607);
#7603 = LINE('',#7604,#7605);
#7604 = CARTESIAN_POINT('',(22.43896370803,-18.16019806332));
#7605 = VECTOR('',#7606,1.);
#7606 = DIRECTION('',(-0.555144209203,0.831754114501));
#7607 = ( GEOMETRIC_REPRESENTATION_CONTEXT(2) 
PARAMETRIC_REPRESENTATION_CONTEXT() REPRESENTATION_CONTEXT('2D SPACE',''
  ) );
#7608 = ADVANCED_FACE('',(#7609),#6774,.T.);
#7609 = FACE_BOUND('',#7610,.T.);
#7610 = EDGE_LOOP('',(#7611,#7612,#7613,#7645,#7677));
#7611 = ORIENTED_EDGE('',*,*,#6818,.T.);
#7612 = ORIENTED_EDGE('',*,*,#6760,.F.);
#7613 = ORIENTED_EDGE('',*,*,#7614,.T.);
#7614 = EDGE_CURVE('',#6724,#7615,#7617,.T.);
#7615 = VERTEX_POINT('',#7616);
#7616 = CARTESIAN_POINT('',(-36.35619920964,-144.5389095968,
    -78.86040090856));
#7617 = SURFACE_CURVE('',#7618,(#7623,#7634),.PCURVE_S1.);
#7618 = CIRCLE('',#7619,21.294499207368);
#7619 = AXIS2_PLACEMENT_3D('',#7620,#7621,#7622);
#7620 = CARTESIAN_POINT('',(-57.65069841701,-144.5389095968,
    -78.86040090856));
#7621 = DIRECTION('',(0.,-0.996191759571,-8.718932367605E-02));
#7622 = DIRECTION('',(1.,-0.,0.));
#7623 = PCURVE('',#6774,#7624);
#7624 = DEFINITIONAL_REPRESENTATION('',(#7625),#7633);
#7625 = ( BOUNDED_CURVE() B_SPLINE_CURVE(2,(#7626,#7627,#7628,#7629,
#7630,#7631,#7632),.UNSPECIFIED.,.T.,.F.) B_SPLINE_CURVE_WITH_KNOTS((1,2
    ,2,2,2,1),(-2.094395102393,0.,2.094395102393,4.188790204786,
6.28318530718,8.377580409573),.UNSPECIFIED.) CURVE() 
GEOMETRIC_REPRESENTATION_ITEM() RATIONAL_B_SPLINE_CURVE((1.,0.5,1.,0.5,
1.,0.5,1.)) REPRESENTATION_ITEM('') );
#7626 = CARTESIAN_POINT('',(10.557982917672,0.940620167731));
#7627 = CARTESIAN_POINT('',(10.557982917672,37.823774716628));
#7628 = CARTESIAN_POINT('',(42.499731728724,19.38219744218));
#7629 = CARTESIAN_POINT('',(74.441480539776,0.940620167731));
#7630 = CARTESIAN_POINT('',(42.499731728724,-17.50095710671));
#7631 = CARTESIAN_POINT('',(10.557982917672,-35.94253438116));
#7632 = CARTESIAN_POINT('',(10.557982917672,0.940620167731));
#7633 = ( GEOMETRIC_REPRESENTATION_CONTEXT(2) 
PARAMETRIC_REPRESENTATION_CONTEXT() REPRESENTATION_CONTEXT('2D SPACE',''
  ) );
#7634 = PCURVE('',#7597,#7635);
#7635 = DEFINITIONAL_REPRESENTATION('',(#7636),#7644);
#7636 = ( BOUNDED_CURVE() B_SPLINE_CURVE(2,(#7637,#7638,#7639,#7640,
#7641,#7642,#7643),.UNSPECIFIED.,.T.,.F.) B_SPLINE_CURVE_WITH_KNOTS((1,2
    ,2,2,2,1),(-2.094395102393,0.,2.094395102393,4.188790204786,
6.28318530718,8.377580409573),.UNSPECIFIED.) CURVE() 
GEOMETRIC_REPRESENTATION_ITEM() RATIONAL_B_SPLINE_CURVE((1.,0.5,1.,0.5,
1.,0.5,1.)) REPRESENTATION_ITEM('') );
#7637 = CARTESIAN_POINT('',(10.557982917672,0.940620167731));
#7638 = CARTESIAN_POINT('',(10.557982917672,37.823774716628));
#7639 = CARTESIAN_POINT('',(42.499731728724,19.38219744218));
#7640 = CARTESIAN_POINT('',(74.441480539776,0.940620167731));
#7641 = CARTESIAN_POINT('',(42.499731728724,-17.50095710671));
#7642 = CARTESIAN_POINT('',(10.557982917672,-35.94253438116));
#7643 = CARTESIAN_POINT('',(10.557982917672,0.940620167731));
#7644 = ( GEOMETRIC_REPRESENTATION_CONTEXT(2) 
PARAMETRIC_REPRESENTATION_CONTEXT() REPRESENTATION_CONTEXT('2D SPACE',''
  ) );
#7645 = ORIENTED_EDGE('',*,*,#7646,.T.);
#7646 = EDGE_CURVE('',#7615,#7647,#7649,.T.);
#7647 = VERTEX_POINT('',#7648);
#7648 = CARTESIAN_POINT('',(-36.39814399379,-144.6553878975,
    -77.52958920654));
#7649 = SURFACE_CURVE('',#7650,(#7655,#7666),.PCURVE_S1.);
#7650 = CIRCLE('',#7651,21.294499207368);
#7651 = AXIS2_PLACEMENT_3D('',#7652,#7653,#7654);
#7652 = CARTESIAN_POINT('',(-57.65069841701,-144.5389095968,
    -78.86040090856));
#7653 = DIRECTION('',(0.,-0.996191759571,-8.718932367605E-02));
#7654 = DIRECTION('',(1.,-0.,0.));
#7655 = PCURVE('',#6774,#7656);
#7656 = DEFINITIONAL_REPRESENTATION('',(#7657),#7665);
#7657 = ( BOUNDED_CURVE() B_SPLINE_CURVE(2,(#7658,#7659,#7660,#7661,
#7662,#7663,#7664),.UNSPECIFIED.,.T.,.F.) B_SPLINE_CURVE_WITH_KNOTS((1,2
    ,2,2,2,1),(-2.094395102393,0.,2.094395102393,4.188790204786,
6.28318530718,8.377580409573),.UNSPECIFIED.) CURVE() 
GEOMETRIC_REPRESENTATION_ITEM() RATIONAL_B_SPLINE_CURVE((1.,0.5,1.,0.5,
1.,0.5,1.)) REPRESENTATION_ITEM('') );
#7658 = CARTESIAN_POINT('',(10.557982917672,0.940620167731));
#7659 = CARTESIAN_POINT('',(10.557982917672,37.823774716628));
#7660 = CARTESIAN_POINT('',(42.499731728724,19.38219744218));
#7661 = CARTESIAN_POINT('',(74.441480539776,0.940620167731));
#7662 = CARTESIAN_POINT('',(42.499731728724,-17.50095710671));
#7663 = CARTESIAN_POINT('',(10.557982917672,-35.94253438116));
#7664 = CARTESIAN_POINT('',(10.557982917672,0.940620167731));
#7665 = ( GEOMETRIC_REPRESENTATION_CONTEXT(2) 
PARAMETRIC_REPRESENTATION_CONTEXT() REPRESENTATION_CONTEXT('2D SPACE',''
  ) );
#7666 = PCURVE('',#7597,#7667);
#7667 = DEFINITIONAL_REPRESENTATION('',(#7668),#7676);
#7668 = ( BOUNDED_CURVE() B_SPLINE_CURVE(2,(#7669,#7670,#7671,#7672,
#7673,#7674,#7675),.UNSPECIFIED.,.T.,.F.) B_SPLINE_CURVE_WITH_KNOTS((1,2
    ,2,2,2,1),(-2.094395102393,0.,2.094395102393,4.188790204786,
6.28318530718,8.377580409573),.UNSPECIFIED.) CURVE() 
GEOMETRIC_REPRESENTATION_ITEM() RATIONAL_B_SPLINE_CURVE((1.,0.5,1.,0.5,
1.,0.5,1.)) REPRESENTATION_ITEM('') );
#7669 = CARTESIAN_POINT('',(10.557982917672,0.940620167731));
#7670 = CARTESIAN_POINT('',(10.557982917672,37.823774716628));
#7671 = CARTESIAN_POINT('',(42.499731728724,19.38219744218));
#7672 = CARTESIAN_POINT('',(74.441480539776,0.940620167731));
#7673 = CARTESIAN_POINT('',(42.499731728724,-17.50095710671));
#7674 = CARTESIAN_POINT('',(10.557982917672,-35.94253438116));
#7675 = CARTESIAN_POINT('',(10.557982917672,0.940620167731));
#7676 = ( GEOMETRIC_REPRESENTATION_CONTEXT(2) 
PARAMETRIC_REPRESENTATION_CONTEXT() REPRESENTATION_CONTEXT('2D SPACE',''
  ) );
#7677 = ORIENTED_EDGE('',*,*,#7678,.T.);
#7678 = EDGE_CURVE('',#7647,#6819,#7679,.T.);
#7679 = SURFACE_CURVE('',#7680,(#7684,#7691),.PCURVE_S1.);
#7680 = LINE('',#7681,#7682);
#7681 = CARTESIAN_POINT('',(-56.59259,-141.8567978057,-109.5052305055));
#7682 = VECTOR('',#7683,1.);
#7683 = DIRECTION('',(0.532523775277,-7.379835534144E-02,0.843191693219)
  );
#7684 = PCURVE('',#6774,#7685);
#7685 = DEFINITIONAL_REPRESENTATION('',(#7686),#7690);
#7686 = LINE('',#7687,#7688);
#7687 = CARTESIAN_POINT('',(30.79437370803,-29.82135806328));
#7688 = VECTOR('',#7689,1.);
#7689 = DIRECTION('',(-0.532523775277,0.846415045214));
#7690 = ( GEOMETRIC_REPRESENTATION_CONTEXT(2) 
PARAMETRIC_REPRESENTATION_CONTEXT() REPRESENTATION_CONTEXT('2D SPACE',''
  ) );
#7691 = PCURVE('',#7692,#7697);
#7692 = PLANE('',#7693);
#7693 = AXIS2_PLACEMENT_3D('',#7694,#7695,#7696);
#7694 = CARTESIAN_POINT('',(-25.79821629197,-144.4569018464,
    -79.79743934365));
#7695 = DIRECTION('',(-0.,0.996191759571,8.718932367605E-02));
#7696 = DIRECTION('',(-1.,0.,-0.));
#7697 = DEFINITIONAL_REPRESENTATION('',(#7698),#7702);
#7698 = LINE('',#7699,#7700);
#7699 = CARTESIAN_POINT('',(30.79437370803,-29.82135806328));
#7700 = VECTOR('',#7701,1.);
#7701 = DIRECTION('',(-0.532523775277,0.846415045214));
#7702 = ( GEOMETRIC_REPRESENTATION_CONTEXT(2) 
PARAMETRIC_REPRESENTATION_CONTEXT() REPRESENTATION_CONTEXT('2D SPACE',''
  ) );
#7703 = ADVANCED_FACE('',(#7704),#6805,.T.);
#7704 = FACE_BOUND('',#7705,.T.);
#7705 = EDGE_LOOP('',(#7706,#7707,#7708,#7731));
#7706 = ORIENTED_EDGE('',*,*,#6894,.F.);
#7707 = ORIENTED_EDGE('',*,*,#6789,.F.);
#7708 = ORIENTED_EDGE('',*,*,#7709,.T.);
#7709 = EDGE_CURVE('',#6790,#7710,#7712,.T.);
#7710 = VERTEX_POINT('',#7711);
#7711 = CARTESIAN_POINT('',(-9.62401,-148.3658103938,-35.13575004873));
#7712 = SURFACE_CURVE('',#7713,(#7717,#7724),.PCURVE_S1.);
#7713 = LINE('',#7714,#7715);
#7714 = CARTESIAN_POINT('',(-56.59259,-141.8567978057,-109.5052305055));
#7715 = VECTOR('',#7716,1.);
#7716 = DIRECTION('',(0.532523775277,-7.379835534144E-02,0.843191693219)
  );
#7717 = PCURVE('',#6805,#7718);
#7718 = DEFINITIONAL_REPRESENTATION('',(#7719),#7723);
#7719 = LINE('',#7720,#7721);
#7720 = CARTESIAN_POINT('',(30.18552766217,-23.40963931739));
#7721 = VECTOR('',#7722,1.);
#7722 = DIRECTION('',(-0.532523775277,0.846415045214));
#7723 = ( GEOMETRIC_REPRESENTATION_CONTEXT(2) 
PARAMETRIC_REPRESENTATION_CONTEXT() REPRESENTATION_CONTEXT('2D SPACE',''
  ) );
#7724 = PCURVE('',#7081,#7725);
#7725 = DEFINITIONAL_REPRESENTATION('',(#7726),#7730);
#7726 = LINE('',#7727,#7728);
#7727 = CARTESIAN_POINT('',(21.53609042318,-50.58178143159));
#7728 = VECTOR('',#7729,1.);
#7729 = DIRECTION('',(-0.532523775277,0.846415045214));
#7730 = ( GEOMETRIC_REPRESENTATION_CONTEXT(2) 
PARAMETRIC_REPRESENTATION_CONTEXT() REPRESENTATION_CONTEXT('2D SPACE',''
  ) );
#7731 = ORIENTED_EDGE('',*,*,#7732,.T.);
#7732 = EDGE_CURVE('',#7710,#6895,#7733,.T.);
#7733 = SURFACE_CURVE('',#7734,(#7739,#7750),.PCURVE_S1.);
#7734 = CIRCLE('',#7735,21.294499207368);
#7735 = AXIS2_PLACEMENT_3D('',#7736,#7737,#7738);
#7736 = CARTESIAN_POINT('',(8.399977204031,-147.3770942948,
    -46.43239150301));
#7737 = DIRECTION('',(0.,-0.996191759571,-8.718932367605E-02));
#7738 = DIRECTION('',(1.,-0.,0.));
#7739 = PCURVE('',#6805,#7740);
#7740 = DEFINITIONAL_REPRESENTATION('',(#7741),#7749);
#7741 = ( BOUNDED_CURVE() B_SPLINE_CURVE(2,(#7742,#7743,#7744,#7745,
#7746,#7747,#7748),.UNSPECIFIED.,.T.,.F.) B_SPLINE_CURVE_WITH_KNOTS((1,2
    ,2,2,2,1),(-2.094395102393,0.,2.094395102393,4.188790204786,
6.28318530718,8.377580409573),.UNSPECIFIED.) CURVE() 
GEOMETRIC_REPRESENTATION_ITEM() RATIONAL_B_SPLINE_CURVE((1.,0.5,1.,0.5,
1.,0.5,1.)) REPRESENTATION_ITEM('') );
#7742 = CARTESIAN_POINT('',(-56.10153874922,39.904314067006));
#7743 = CARTESIAN_POINT('',(-56.10153874922,76.787468615902));
#7744 = CARTESIAN_POINT('',(-24.15978993817,58.345891341454));
#7745 = CARTESIAN_POINT('',(7.781958872875,39.904314067006));
#7746 = CARTESIAN_POINT('',(-24.15978993817,21.462736792557));
#7747 = CARTESIAN_POINT('',(-56.10153874922,3.021159518109));
#7748 = CARTESIAN_POINT('',(-56.10153874922,39.904314067006));
#7749 = ( GEOMETRIC_REPRESENTATION_CONTEXT(2) 
PARAMETRIC_REPRESENTATION_CONTEXT() REPRESENTATION_CONTEXT('2D SPACE',''
  ) );
#7750 = PCURVE('',#7751,#7756);
#7751 = PLANE('',#7752);
#7752 = AXIS2_PLACEMENT_3D('',#7753,#7754,#7755);
#7753 = CARTESIAN_POINT('',(8.399977204031,-147.3770942948,
    -46.43239150301));
#7754 = DIRECTION('',(-0.,-0.996191759571,-8.718932367605E-02));
#7755 = DIRECTION('',(1.,-0.,0.));
#7756 = DEFINITIONAL_REPRESENTATION('',(#7757),#7761);
#7757 = CIRCLE('',#7758,21.294499207368);
#7758 = AXIS2_PLACEMENT_2D('',#7759,#7760);
#7759 = CARTESIAN_POINT('',(0.,0.));
#7760 = DIRECTION('',(1.,0.));
#7761 = ( GEOMETRIC_REPRESENTATION_CONTEXT(2) 
PARAMETRIC_REPRESENTATION_CONTEXT() REPRESENTATION_CONTEXT('2D SPACE',''
  ) );
#7762 = ADVANCED_FACE('',(#7763),#6855,.T.);
#7763 = FACE_BOUND('',#7764,.T.);
#7764 = EDGE_LOOP('',(#7765,#7766,#7787,#7788));
#7765 = ORIENTED_EDGE('',*,*,#6841,.F.);
#7766 = ORIENTED_EDGE('',*,*,#7767,.F.);
#7767 = EDGE_CURVE('',#7305,#6819,#7768,.T.);
#7768 = SURFACE_CURVE('',#7769,(#7773,#7780),.PCURVE_S1.);
#7769 = LINE('',#7770,#7771);
#7770 = CARTESIAN_POINT('',(-38.25535,-145.3053683526,-70.10318658252));
#7771 = VECTOR('',#7772,1.);
#7772 = DIRECTION('',(0.412814864713,7.941334017031E-02,-0.90734635552)
  );
#7773 = PCURVE('',#6855,#7774);
#7774 = DEFINITIONAL_REPRESENTATION('',(#7775),#7779);
#7775 = LINE('',#7776,#7777);
#7776 = CARTESIAN_POINT('',(12.45713370803,9.731311936672));
#7777 = VECTOR('',#7778,1.);
#7778 = DIRECTION('',(-0.412814864713,-0.910814957866));
#7779 = ( GEOMETRIC_REPRESENTATION_CONTEXT(2) 
PARAMETRIC_REPRESENTATION_CONTEXT() REPRESENTATION_CONTEXT('2D SPACE',''
  ) );
#7780 = PCURVE('',#7692,#7781);
#7781 = DEFINITIONAL_REPRESENTATION('',(#7782),#7786);
#7782 = LINE('',#7783,#7784);
#7783 = CARTESIAN_POINT('',(12.45713370803,9.731311936672));
#7784 = VECTOR('',#7785,1.);
#7785 = DIRECTION('',(-0.412814864713,-0.910814957866));
#7786 = ( GEOMETRIC_REPRESENTATION_CONTEXT(2) 
PARAMETRIC_REPRESENTATION_CONTEXT() REPRESENTATION_CONTEXT('2D SPACE',''
  ) );
#7787 = ORIENTED_EDGE('',*,*,#7393,.T.);
#7788 = ORIENTED_EDGE('',*,*,#7789,.T.);
#7789 = EDGE_CURVE('',#7195,#6790,#7790,.T.);
#7790 = SURFACE_CURVE('',#7791,(#7795,#7802),.PCURVE_S1.);
#7791 = LINE('',#7792,#7793);
#7792 = CARTESIAN_POINT('',(-57.6507,-144.5389140369,-78.86039952146));
#7793 = VECTOR('',#7794,1.);
#7794 = DIRECTION('',(0.896983796339,-3.854321078962E-02,0.440379938244)
  );
#7795 = PCURVE('',#6855,#7796);
#7796 = DEFINITIONAL_REPRESENTATION('',(#7797),#7801);
#7797 = LINE('',#7798,#7799);
#7798 = CARTESIAN_POINT('',(31.85248370803,0.940621936678));
#7799 = VECTOR('',#7800,1.);
#7800 = DIRECTION('',(-0.896983796339,0.44206342204));
#7801 = ( GEOMETRIC_REPRESENTATION_CONTEXT(2) 
PARAMETRIC_REPRESENTATION_CONTEXT() REPRESENTATION_CONTEXT('2D SPACE',''
  ) );
#7802 = PCURVE('',#7081,#7803);
#7803 = DEFINITIONAL_REPRESENTATION('',(#7804),#7808);
#7804 = LINE('',#7805,#7806);
#7805 = CARTESIAN_POINT('',(22.59420042318,-19.81980143163));
#7806 = VECTOR('',#7807,1.);
#7807 = DIRECTION('',(-0.896983796339,0.44206342204));
#7808 = ( GEOMETRIC_REPRESENTATION_CONTEXT(2) 
PARAMETRIC_REPRESENTATION_CONTEXT() REPRESENTATION_CONTEXT('2D SPACE',''
  ) );
#7809 = ADVANCED_FACE('',(#7810),#6936,.F.);
#7810 = FACE_BOUND('',#7811,.F.);
#7811 = EDGE_LOOP('',(#7812,#7813,#7836));
#7812 = ORIENTED_EDGE('',*,*,#6917,.T.);
#7813 = ORIENTED_EDGE('',*,*,#7814,.T.);
#7814 = EDGE_CURVE('',#6871,#7815,#7817,.T.);
#7815 = VERTEX_POINT('',#7816);
#7816 = CARTESIAN_POINT('',(-10.31721306709,-147.8271203923,
    -41.29061532158));
#7817 = SURFACE_CURVE('',#7818,(#7822,#7829),.PCURVE_S1.);
#7818 = LINE('',#7819,#7820);
#7819 = CARTESIAN_POINT('',(-20.54462,-139.879374461,-132.0985109455));
#7820 = VECTOR('',#7821,1.);
#7821 = DIRECTION('',(0.111498339761,-8.664566512267E-02,0.989980125531)
  );
#7822 = PCURVE('',#6936,#7823);
#7823 = DEFINITIONAL_REPRESENTATION('',(#7824),#7828);
#7824 = LINE('',#7825,#7826);
#7825 = CARTESIAN_POINT('',(-28.94459720403,-85.99360338444));
#7826 = VECTOR('',#7827,1.);
#7827 = DIRECTION('',(0.111498339761,0.993764620134));
#7828 = ( GEOMETRIC_REPRESENTATION_CONTEXT(2) 
PARAMETRIC_REPRESENTATION_CONTEXT() REPRESENTATION_CONTEXT('2D SPACE',''
  ) );
#7829 = PCURVE('',#6970,#7830);
#7830 = DEFINITIONAL_REPRESENTATION('',(#7831),#7835);
#7831 = LINE('',#7832,#7833);
#7832 = CARTESIAN_POINT('',(-28.94459720403,-85.99360338444));
#7833 = VECTOR('',#7834,1.);
#7834 = DIRECTION('',(0.111498339761,0.993764620134));
#7835 = ( GEOMETRIC_REPRESENTATION_CONTEXT(2) 
PARAMETRIC_REPRESENTATION_CONTEXT() REPRESENTATION_CONTEXT('2D SPACE',''
  ) );
#7836 = ORIENTED_EDGE('',*,*,#7837,.F.);
#7837 = EDGE_CURVE('',#6895,#7815,#7838,.T.);
#7838 = SURFACE_CURVE('',#7839,(#7843,#7850),.PCURVE_S1.);
#7839 = LINE('',#7840,#7841);
#7840 = CARTESIAN_POINT('',(-48.23718,-142.8735264594,-97.88847900651));
#7841 = VECTOR('',#7842,1.);
#7842 = DIRECTION('',(0.555144209203,-7.252007870803E-02,0.828586594855)
  );
#7843 = PCURVE('',#6936,#7844);
#7844 = DEFINITIONAL_REPRESENTATION('',(#7845),#7849);
#7845 = LINE('',#7846,#7847);
#7846 = CARTESIAN_POINT('',(-56.63715720403,-51.65279338444));
#7847 = VECTOR('',#7848,1.);
#7848 = DIRECTION('',(0.555144209203,0.831754114501));
#7849 = ( GEOMETRIC_REPRESENTATION_CONTEXT(2) 
PARAMETRIC_REPRESENTATION_CONTEXT() REPRESENTATION_CONTEXT('2D SPACE',''
  ) );
#7850 = PCURVE('',#7751,#7851);
#7851 = DEFINITIONAL_REPRESENTATION('',(#7852),#7856);
#7852 = LINE('',#7853,#7854);
#7853 = CARTESIAN_POINT('',(-56.63715720403,-51.65279338444));
#7854 = VECTOR('',#7855,1.);
#7855 = DIRECTION('',(0.555144209203,0.831754114501));
#7856 = ( GEOMETRIC_REPRESENTATION_CONTEXT(2) 
PARAMETRIC_REPRESENTATION_CONTEXT() REPRESENTATION_CONTEXT('2D SPACE',''
  ) );
#7857 = ADVANCED_FACE('',(#7858),#6970,.F.);
#7858 = FACE_BOUND('',#7859,.F.);
#7859 = EDGE_LOOP('',(#7860,#7861,#7862,#7863,#7889));
#7860 = ORIENTED_EDGE('',*,*,#6951,.T.);
#7861 = ORIENTED_EDGE('',*,*,#6988,.T.);
#7862 = ORIENTED_EDGE('',*,*,#7013,.F.);
#7863 = ORIENTED_EDGE('',*,*,#7864,.F.);
#7864 = EDGE_CURVE('',#7815,#7014,#7865,.T.);
#7865 = SURFACE_CURVE('',#7866,(#7870,#7877),.PCURVE_S1.);
#7866 = LINE('',#7867,#7868);
#7867 = CARTESIAN_POINT('',(-48.23718,-142.8735264594,-97.88847900651));
#7868 = VECTOR('',#7869,1.);
#7869 = DIRECTION('',(0.555144209203,-7.252007870803E-02,0.828586594855)
  );
#7870 = PCURVE('',#6970,#7871);
#7871 = DEFINITIONAL_REPRESENTATION('',(#7872),#7876);
#7872 = LINE('',#7873,#7874);
#7873 = CARTESIAN_POINT('',(-56.63715720403,-51.65279338444));
#7874 = VECTOR('',#7875,1.);
#7875 = DIRECTION('',(0.555144209203,0.831754114501));
#7876 = ( GEOMETRIC_REPRESENTATION_CONTEXT(2) 
PARAMETRIC_REPRESENTATION_CONTEXT() REPRESENTATION_CONTEXT('2D SPACE',''
  ) );
#7877 = PCURVE('',#7878,#7883);
#7878 = PLANE('',#7879);
#7879 = AXIS2_PLACEMENT_3D('',#7880,#7881,#7882);
#7880 = CARTESIAN_POINT('',(8.399977204031,-147.3770942948,
    -46.43239150301));
#7881 = DIRECTION('',(-0.,-0.996191759571,-8.718932367605E-02));
#7882 = DIRECTION('',(1.,-0.,0.));
#7883 = DEFINITIONAL_REPRESENTATION('',(#7884),#7888);
#7884 = LINE('',#7885,#7886);
#7885 = CARTESIAN_POINT('',(-56.63715720403,-51.65279338444));
#7886 = VECTOR('',#7887,1.);
#7887 = DIRECTION('',(0.555144209203,0.831754114501));
#7888 = ( GEOMETRIC_REPRESENTATION_CONTEXT(2) 
PARAMETRIC_REPRESENTATION_CONTEXT() REPRESENTATION_CONTEXT('2D SPACE',''
  ) );
#7889 = ORIENTED_EDGE('',*,*,#7814,.F.);
#7890 = ADVANCED_FACE('',(#7891),#7051,.F.);
#7891 = FACE_BOUND('',#7892,.F.);
#7892 = EDGE_LOOP('',(#7893,#7914,#7915));
#7893 = ORIENTED_EDGE('',*,*,#7894,.T.);
#7894 = EDGE_CURVE('',#7710,#7014,#7895,.T.);
#7895 = SURFACE_CURVE('',#7896,(#7900,#7907),.PCURVE_S1.);
#7896 = LINE('',#7897,#7898);
#7897 = CARTESIAN_POINT('',(-9.62401,-148.3658103938,-35.13575004873));
#7898 = VECTOR('',#7899,1.);
#7899 = DIRECTION('',(0.846415096421,4.643038071147E-02,-0.530495715627)
  );
#7900 = PCURVE('',#7051,#7901);
#7901 = DEFINITIONAL_REPRESENTATION('',(#7902),#7906);
#7902 = LINE('',#7903,#7904);
#7903 = CARTESIAN_POINT('',(-18.02398720403,11.33982661556));
#7904 = VECTOR('',#7905,1.);
#7905 = DIRECTION('',(0.846415096421,-0.532523693887));
#7906 = ( GEOMETRIC_REPRESENTATION_CONTEXT(2) 
PARAMETRIC_REPRESENTATION_CONTEXT() REPRESENTATION_CONTEXT('2D SPACE',''
  ) );
#7907 = PCURVE('',#7878,#7908);
#7908 = DEFINITIONAL_REPRESENTATION('',(#7909),#7913);
#7909 = LINE('',#7910,#7911);
#7910 = CARTESIAN_POINT('',(-18.02398720403,11.33982661556));
#7911 = VECTOR('',#7912,1.);
#7912 = DIRECTION('',(0.846415096421,-0.532523693887));
#7913 = ( GEOMETRIC_REPRESENTATION_CONTEXT(2) 
PARAMETRIC_REPRESENTATION_CONTEXT() REPRESENTATION_CONTEXT('2D SPACE',''
  ) );
#7914 = ORIENTED_EDGE('',*,*,#7037,.T.);
#7915 = ORIENTED_EDGE('',*,*,#7916,.T.);
#7916 = EDGE_CURVE('',#5698,#7710,#7917,.T.);
#7917 = SURFACE_CURVE('',#7918,(#7923,#7930),.PCURVE_S1.);
#7918 = CIRCLE('',#7919,21.294499207368);
#7919 = AXIS2_PLACEMENT_3D('',#7920,#7921,#7922);
#7920 = CARTESIAN_POINT('',(8.399977204031,-147.3770942948,
    -46.43239150301));
#7921 = DIRECTION('',(0.,-0.996191759571,-8.718932367605E-02));
#7922 = DIRECTION('',(1.,-0.,0.));
#7923 = PCURVE('',#7051,#7924);
#7924 = DEFINITIONAL_REPRESENTATION('',(#7925),#7929);
#7925 = CIRCLE('',#7926,21.294499207368);
#7926 = AXIS2_PLACEMENT_2D('',#7927,#7928);
#7927 = CARTESIAN_POINT('',(0.,0.));
#7928 = DIRECTION('',(1.,0.));
#7929 = ( GEOMETRIC_REPRESENTATION_CONTEXT(2) 
PARAMETRIC_REPRESENTATION_CONTEXT() REPRESENTATION_CONTEXT('2D SPACE',''
  ) );
#7930 = PCURVE('',#7081,#7931);
#7931 = DEFINITIONAL_REPRESENTATION('',(#7932),#7940);
#7932 = ( BOUNDED_CURVE() B_SPLINE_CURVE(2,(#7933,#7934,#7935,#7936,
#7937,#7938,#7939),.UNSPECIFIED.,.T.,.F.) B_SPLINE_CURVE_WITH_KNOTS((1,2
    ,2,2,2,1),(-2.094395102393,0.,2.094395102393,4.188790204786,
6.28318530718,8.377580409573),.UNSPECIFIED.) CURVE() 
GEOMETRIC_REPRESENTATION_ITEM() RATIONAL_B_SPLINE_CURVE((1.,0.5,1.,0.5,
1.,0.5,1.)) REPRESENTATION_ITEM('') );
#7933 = CARTESIAN_POINT('',(-64.75097598821,12.732171952797));
#7934 = CARTESIAN_POINT('',(-64.75097598821,49.615326501694));
#7935 = CARTESIAN_POINT('',(-32.80922717716,31.173749227246));
#7936 = CARTESIAN_POINT('',(-0.867478366115,12.732171952797));
#7937 = CARTESIAN_POINT('',(-32.80922717716,-5.709405321651));
#7938 = CARTESIAN_POINT('',(-64.75097598821,-24.15098259609));
#7939 = CARTESIAN_POINT('',(-64.75097598821,12.732171952797));
#7940 = ( GEOMETRIC_REPRESENTATION_CONTEXT(2) 
PARAMETRIC_REPRESENTATION_CONTEXT() REPRESENTATION_CONTEXT('2D SPACE',''
  ) );
#7941 = ADVANCED_FACE('',(#7942),#7081,.T.);
#7942 = FACE_BOUND('',#7943,.T.);
#7943 = EDGE_LOOP('',(#7944,#7945,#7946,#7947,#7948));
#7944 = ORIENTED_EDGE('',*,*,#7217,.T.);
#7945 = ORIENTED_EDGE('',*,*,#7067,.T.);
#7946 = ORIENTED_EDGE('',*,*,#7916,.T.);
#7947 = ORIENTED_EDGE('',*,*,#7709,.F.);
#7948 = ORIENTED_EDGE('',*,*,#7789,.F.);
#7949 = ADVANCED_FACE('',(#7950),#7263,.T.);
#7950 = FACE_BOUND('',#7951,.T.);
#7951 = EDGE_LOOP('',(#7952,#7973,#7974,#7975));
#7952 = ORIENTED_EDGE('',*,*,#7953,.F.);
#7953 = EDGE_CURVE('',#6370,#7561,#7954,.T.);
#7954 = SURFACE_CURVE('',#7955,(#7959,#7966),.PCURVE_S1.);
#7955 = LINE('',#7956,#7957);
#7956 = CARTESIAN_POINT('',(-48.23718,-142.8735264594,-97.88847900651));
#7957 = VECTOR('',#7958,1.);
#7958 = DIRECTION('',(0.555144209203,-7.252007870803E-02,0.828586594855)
  );
#7959 = PCURVE('',#7263,#7960);
#7960 = DEFINITIONAL_REPRESENTATION('',(#7961),#7965);
#7961 = LINE('',#7962,#7963);
#7962 = CARTESIAN_POINT('',(22.43896370803,-18.16019806332));
#7963 = VECTOR('',#7964,1.);
#7964 = DIRECTION('',(-0.555144209203,0.831754114501));
#7965 = ( GEOMETRIC_REPRESENTATION_CONTEXT(2) 
PARAMETRIC_REPRESENTATION_CONTEXT() REPRESENTATION_CONTEXT('2D SPACE',''
  ) );
#7966 = PCURVE('',#7447,#7967);
#7967 = DEFINITIONAL_REPRESENTATION('',(#7968),#7972);
#7968 = LINE('',#7969,#7970);
#7969 = CARTESIAN_POINT('',(22.43896370803,-18.16019806332));
#7970 = VECTOR('',#7971,1.);
#7971 = DIRECTION('',(-0.555144209203,0.831754114501));
#7972 = ( GEOMETRIC_REPRESENTATION_CONTEXT(2) 
PARAMETRIC_REPRESENTATION_CONTEXT() REPRESENTATION_CONTEXT('2D SPACE',''
  ) );
#7973 = ORIENTED_EDGE('',*,*,#7249,.T.);
#7974 = ORIENTED_EDGE('',*,*,#7278,.T.);
#7975 = ORIENTED_EDGE('',*,*,#7976,.F.);
#7976 = EDGE_CURVE('',#7561,#7279,#7977,.T.);
#7977 = SURFACE_CURVE('',#7978,(#7982,#7989),.PCURVE_S1.);
#7978 = LINE('',#7979,#7980);
#7979 = CARTESIAN_POINT('',(-57.96395,-140.1016313817,-129.5590886454));
#7980 = VECTOR('',#7981,1.);
#7981 = DIRECTION('',(0.313566080943,-8.279205058891E-02,0.945950204419)
  );
#7982 = PCURVE('',#7263,#7983);
#7983 = DEFINITIONAL_REPRESENTATION('',(#7984),#7988);
#7984 = LINE('',#7985,#7986);
#7985 = CARTESIAN_POINT('',(32.16573370803,-49.9518780633));
#7986 = VECTOR('',#7987,1.);
#7987 = DIRECTION('',(-0.313566080943,0.949566381504));
#7988 = ( GEOMETRIC_REPRESENTATION_CONTEXT(2) 
PARAMETRIC_REPRESENTATION_CONTEXT() REPRESENTATION_CONTEXT('2D SPACE',''
  ) );
#7989 = PCURVE('',#7597,#7990);
#7990 = DEFINITIONAL_REPRESENTATION('',(#7991),#7995);
#7991 = LINE('',#7992,#7993);
#7992 = CARTESIAN_POINT('',(32.16573370803,-49.9518780633));
#7993 = VECTOR('',#7994,1.);
#7994 = DIRECTION('',(-0.313566080943,0.949566381504));
#7995 = ( GEOMETRIC_REPRESENTATION_CONTEXT(2) 
PARAMETRIC_REPRESENTATION_CONTEXT() REPRESENTATION_CONTEXT('2D SPACE',''
  ) );
#7996 = ADVANCED_FACE('',(#7997),#7341,.T.);
#7997 = FACE_BOUND('',#7998,.T.);
#7998 = EDGE_LOOP('',(#7999,#8020,#8021));
#7999 = ORIENTED_EDGE('',*,*,#8000,.F.);
#8000 = EDGE_CURVE('',#7279,#7647,#8001,.T.);
#8001 = SURFACE_CURVE('',#8002,(#8006,#8013),.PCURVE_S1.);
#8002 = LINE('',#8003,#8004);
#8003 = CARTESIAN_POINT('',(-56.59259,-141.8567978057,-109.5052305055));
#8004 = VECTOR('',#8005,1.);
#8005 = DIRECTION('',(0.532523775277,-7.379835534144E-02,0.843191693219)
  );
#8006 = PCURVE('',#7341,#8007);
#8007 = DEFINITIONAL_REPRESENTATION('',(#8008),#8012);
#8008 = LINE('',#8009,#8010);
#8009 = CARTESIAN_POINT('',(30.79437370803,-29.82135806328));
#8010 = VECTOR('',#8011,1.);
#8011 = DIRECTION('',(-0.532523775277,0.846415045214));
#8012 = ( GEOMETRIC_REPRESENTATION_CONTEXT(2) 
PARAMETRIC_REPRESENTATION_CONTEXT() REPRESENTATION_CONTEXT('2D SPACE',''
  ) );
#8013 = PCURVE('',#7597,#8014);
#8014 = DEFINITIONAL_REPRESENTATION('',(#8015),#8019);
#8015 = LINE('',#8016,#8017);
#8016 = CARTESIAN_POINT('',(30.79437370803,-29.82135806328));
#8017 = VECTOR('',#8018,1.);
#8018 = DIRECTION('',(-0.532523775277,0.846415045214));
#8019 = ( GEOMETRIC_REPRESENTATION_CONTEXT(2) 
PARAMETRIC_REPRESENTATION_CONTEXT() REPRESENTATION_CONTEXT('2D SPACE',''
  ) );
#8020 = ORIENTED_EDGE('',*,*,#7327,.T.);
#8021 = ORIENTED_EDGE('',*,*,#8022,.F.);
#8022 = EDGE_CURVE('',#7647,#7305,#8023,.T.);
#8023 = SURFACE_CURVE('',#8024,(#8029,#8040),.PCURVE_S1.);
#8024 = CIRCLE('',#8025,21.294499207368);
#8025 = AXIS2_PLACEMENT_3D('',#8026,#8027,#8028);
#8026 = CARTESIAN_POINT('',(-57.65069841701,-144.5389095968,
    -78.86040090856));
#8027 = DIRECTION('',(0.,-0.996191759571,-8.718932367605E-02));
#8028 = DIRECTION('',(1.,-0.,0.));
#8029 = PCURVE('',#7341,#8030);
#8030 = DEFINITIONAL_REPRESENTATION('',(#8031),#8039);
#8031 = ( BOUNDED_CURVE() B_SPLINE_CURVE(2,(#8032,#8033,#8034,#8035,
#8036,#8037,#8038),.UNSPECIFIED.,.T.,.F.) B_SPLINE_CURVE_WITH_KNOTS((1,2
    ,2,2,2,1),(-2.094395102393,0.,2.094395102393,4.188790204786,
6.28318530718,8.377580409573),.UNSPECIFIED.) CURVE() 
GEOMETRIC_REPRESENTATION_ITEM() RATIONAL_B_SPLINE_CURVE((1.,0.5,1.,0.5,
1.,0.5,1.)) REPRESENTATION_ITEM('') );
#8032 = CARTESIAN_POINT('',(10.557982917672,0.940620167731));
#8033 = CARTESIAN_POINT('',(10.557982917672,37.823774716628));
#8034 = CARTESIAN_POINT('',(42.499731728724,19.38219744218));
#8035 = CARTESIAN_POINT('',(74.441480539776,0.940620167731));
#8036 = CARTESIAN_POINT('',(42.499731728724,-17.50095710671));
#8037 = CARTESIAN_POINT('',(10.557982917672,-35.94253438116));
#8038 = CARTESIAN_POINT('',(10.557982917672,0.940620167731));
#8039 = ( GEOMETRIC_REPRESENTATION_CONTEXT(2) 
PARAMETRIC_REPRESENTATION_CONTEXT() REPRESENTATION_CONTEXT('2D SPACE',''
  ) );
#8040 = PCURVE('',#7692,#8041);
#8041 = DEFINITIONAL_REPRESENTATION('',(#8042),#8050);
#8042 = ( BOUNDED_CURVE() B_SPLINE_CURVE(2,(#8043,#8044,#8045,#8046,
#8047,#8048,#8049),.UNSPECIFIED.,.T.,.F.) B_SPLINE_CURVE_WITH_KNOTS((1,2
    ,2,2,2,1),(-2.094395102393,0.,2.094395102393,4.188790204786,
6.28318530718,8.377580409573),.UNSPECIFIED.) CURVE() 
GEOMETRIC_REPRESENTATION_ITEM() RATIONAL_B_SPLINE_CURVE((1.,0.5,1.,0.5,
1.,0.5,1.)) REPRESENTATION_ITEM('') );
#8043 = CARTESIAN_POINT('',(10.557982917672,0.940620167731));
#8044 = CARTESIAN_POINT('',(10.557982917672,37.823774716628));
#8045 = CARTESIAN_POINT('',(42.499731728724,19.38219744218));
#8046 = CARTESIAN_POINT('',(74.441480539776,0.940620167731));
#8047 = CARTESIAN_POINT('',(42.499731728724,-17.50095710671));
#8048 = CARTESIAN_POINT('',(10.557982917672,-35.94253438116));
#8049 = CARTESIAN_POINT('',(10.557982917672,0.940620167731));
#8050 = ( GEOMETRIC_REPRESENTATION_CONTEXT(2) 
PARAMETRIC_REPRESENTATION_CONTEXT() REPRESENTATION_CONTEXT('2D SPACE',''
  ) );
#8051 = ADVANCED_FACE('',(#8052),#7447,.T.);
#8052 = FACE_BOUND('',#8053,.T.);
#8053 = EDGE_LOOP('',(#8054,#8055,#8056));
#8054 = ORIENTED_EDGE('',*,*,#7428,.F.);
#8055 = ORIENTED_EDGE('',*,*,#7953,.T.);
#8056 = ORIENTED_EDGE('',*,*,#7560,.F.);
#8057 = ADVANCED_FACE('',(#8058),#7597,.T.);
#8058 = FACE_BOUND('',#8059,.T.);
#8059 = EDGE_LOOP('',(#8060,#8061,#8062,#8063,#8064));
#8060 = ORIENTED_EDGE('',*,*,#7614,.F.);
#8061 = ORIENTED_EDGE('',*,*,#7583,.F.);
#8062 = ORIENTED_EDGE('',*,*,#7976,.T.);
#8063 = ORIENTED_EDGE('',*,*,#8000,.T.);
#8064 = ORIENTED_EDGE('',*,*,#7646,.F.);
#8065 = ADVANCED_FACE('',(#8066),#7692,.T.);
#8066 = FACE_BOUND('',#8067,.T.);
#8067 = EDGE_LOOP('',(#8068,#8069,#8070));
#8068 = ORIENTED_EDGE('',*,*,#7767,.T.);
#8069 = ORIENTED_EDGE('',*,*,#7678,.F.);
#8070 = ORIENTED_EDGE('',*,*,#8022,.T.);
#8071 = ADVANCED_FACE('',(#8072),#7751,.F.);
#8072 = FACE_BOUND('',#8073,.F.);
#8073 = EDGE_LOOP('',(#8074,#8075,#8096));
#8074 = ORIENTED_EDGE('',*,*,#7837,.T.);
#8075 = ORIENTED_EDGE('',*,*,#8076,.T.);
#8076 = EDGE_CURVE('',#7815,#7710,#8077,.T.);
#8077 = SURFACE_CURVE('',#8078,(#8082,#8089),.PCURVE_S1.);
#8078 = LINE('',#8079,#8080);
#8079 = CARTESIAN_POINT('',(-20.54462,-139.879374461,-132.0985109455));
#8080 = VECTOR('',#8081,1.);
#8081 = DIRECTION('',(0.111498339761,-8.664566512267E-02,0.989980125531)
  );
#8082 = PCURVE('',#7751,#8083);
#8083 = DEFINITIONAL_REPRESENTATION('',(#8084),#8088);
#8084 = LINE('',#8085,#8086);
#8085 = CARTESIAN_POINT('',(-28.94459720403,-85.99360338444));
#8086 = VECTOR('',#8087,1.);
#8087 = DIRECTION('',(0.111498339761,0.993764620134));
#8088 = ( GEOMETRIC_REPRESENTATION_CONTEXT(2) 
PARAMETRIC_REPRESENTATION_CONTEXT() REPRESENTATION_CONTEXT('2D SPACE',''
  ) );
#8089 = PCURVE('',#7878,#8090);
#8090 = DEFINITIONAL_REPRESENTATION('',(#8091),#8095);
#8091 = LINE('',#8092,#8093);
#8092 = CARTESIAN_POINT('',(-28.94459720403,-85.99360338444));
#8093 = VECTOR('',#8094,1.);
#8094 = DIRECTION('',(0.111498339761,0.993764620134));
#8095 = ( GEOMETRIC_REPRESENTATION_CONTEXT(2) 
PARAMETRIC_REPRESENTATION_CONTEXT() REPRESENTATION_CONTEXT('2D SPACE',''
  ) );
#8096 = ORIENTED_EDGE('',*,*,#7732,.T.);
#8097 = ADVANCED_FACE('',(#8098),#7878,.F.);
#8098 = FACE_BOUND('',#8099,.F.);
#8099 = EDGE_LOOP('',(#8100,#8101,#8102));
#8100 = ORIENTED_EDGE('',*,*,#7864,.T.);
#8101 = ORIENTED_EDGE('',*,*,#7894,.F.);
#8102 = ORIENTED_EDGE('',*,*,#8076,.F.);
#8103 = ( GEOMETRIC_REPRESENTATION_CONTEXT(3) 
GLOBAL_UNCERTAINTY_ASSIGNED_CONTEXT((#8107)) 
GLOBAL_UNIT_ASSIGNED_CONTEXT((#8104,#8105,#8106)) REPRESENTATION_CONTEXT
('Context #1','3D Context with UNIT and UNCERTAINTY') );
#8104 = ( LENGTH_UNIT() NAMED_UNIT(*) SI_UNIT(.MILLI.,.METRE.) );
#8105 = ( NAMED_UNIT(*) PLANE_ANGLE_UNIT() SI_UNIT($,.RADIAN.) );
#8106 = ( NAMED_UNIT(*) SI_UNIT($,.STERADIAN.) SOLID_ANGLE_UNIT() );
#8107 = UNCERTAINTY_MEASURE_WITH_UNIT(LENGTH_MEASURE(5.E-04),#8104,
  'distance_accuracy_value','confusion accuracy');
#8108 = PRODUCT_RELATED_PRODUCT_CATEGORY('part',$,(#7));
ENDSEC;
END-ISO-10303-21;
