ISO-10303-21;
HEADER;
FILE_DESCRIPTION(('Open CASCADE Model'),'2;1');
FILE_NAME('Open CASCADE Shape Model','2026-09-14T00:50:48',('Author'),(
    'Open CASCADE'),'Open CASCADE STEP processor 7.9','Open CASCADE 7.9'
  ,'Unknown');
FILE_SCHEMA(('AUTOMOTIVE_DESIGN { 1 0 10303 214 1 1 1 1 }'));
ENDSEC;
DATA;
#1 = APPLICATION_PROTOCOL_DEFINITION('international standard',
  'automotive_design',2000,#2);
#2 = APPLICATION_CONTEXT(
  'core data for automotive mechanical design processes');
#3 = SHAPE_DEFINITION_REPRESENTATION(#4,#10);
#4 = PRODUCT_DEFINITION_SHAPE('','',#5);
#5 = PRODUCT_DEFINITION('design','',#6,#9);
#6 = PRODUCT_DEFINITION_FORMATION('','',#7);
#7 = PRODUCT('Open CASCADE STEP translator 7.9 4',
  'Open CASCADE STEP translator 7.9 4','',(#8));
#8 = PRODUCT_CONTEXT('',#2,'mechanical');
#9 = PRODUCT_DEFINITION_CONTEXT('part definition',#2,'design');
#10 = ADVANCED_BREP_SHAPE_REPRESENTATION('',(#11,#15),#14325);
#11 = AXIS2_PLACEMENT_3D('',#12,#13,#14);
#12 = CARTESIAN_POINT('',(0.,0.,0.));
#13 = DIRECTION('',(0.,0.,1.));
#14 = DIRECTION('',(1.,0.,-0.));
#15 = MANIFOLD_SOLID_BREP('',#16);
#16 = CLOSED_SHELL('',(#17,#137,#213,#289,#5277,#9350,#9377,#9404,#9431,
    #9458,#9485,#9512,#9539,#9566,#9593,#9620,#9647,#9674,#9701,#9728,
    #9755,#9782,#9809,#9836,#9863,#9890,#9917,#9944,#9971,#9998,#10025,
    #10052,#10079,#10106,#10133,#10160,#10187,#10214,#10241,#10268,
    #10295,#10322,#10349,#10376,#10403,#10430,#10457,#10484,#10511,
    #10538,#10565,#10592,#10619,#10646,#10673,#10700,#10727,#10754,
    #10781,#10808,#10835,#10862,#10889,#10916,#10943,#10970,#10997,
    #11024,#11051,#11078,#11105,#11132,#11159,#11186,#11213,#11240,
    #11267,#11294,#11321,#11348,#11375,#11402,#11429,#11456,#11483,
    #11510,#11537,#11564,#11591,#11618,#11645,#11672,#11699,#11726,
    #11753,#11780,#11787,#11834,#11861,#11888,#11915,#11942,#11969,
    #11996,#12023,#12050,#12077,#12104,#12131,#12158,#12185,#12212,
    #12239,#12266,#12293,#12320,#12347,#12374,#12401,#12428,#12455,
    #12482,#12509,#12536,#12563,#12590,#12617,#12644,#12671,#12698,
    #12725,#12752,#12779,#12806,#12833,#12860,#12887,#12914,#12941,
    #12968,#12995,#13022,#13049,#13076,#13103,#13130,#13157,#13184,
    #13211,#13238,#13265,#13292,#13319,#13346,#13373,#13400,#13427,
    #13454,#13481,#13508,#13535,#13562,#13589,#13616,#13643,#13670,
    #13697,#13724,#13751,#13778,#13805,#13832,#13859,#13886,#13913,
    #13940,#13967,#13994,#14021,#14048,#14075,#14102,#14129,#14156,
    #14183,#14210,#14237,#14264,#14291,#14318));
#17 = ADVANCED_FACE('',(#18),#32,.F.);
#18 = FACE_BOUND('',#19,.F.);
#19 = EDGE_LOOP('',(#20,#55,#83,#111));
#20 = ORIENTED_EDGE('',*,*,#21,.T.);
#21 = EDGE_CURVE('',#22,#24,#26,.T.);
#22 = VERTEX_POINT('',#23);
#23 = CARTESIAN_POINT('',(12.0856,3.373399923024,9.278));
#24 = VERTEX_POINT('',#25);
#25 = CARTESIAN_POINT('',(13.9144,3.373399923024,9.278));
#26 = SURFACE_CURVE('',#27,(#31,#43),.PCURVE_S1.);
#27 = LINE('',#28,#29);
#28 = CARTESIAN_POINT('',(12.0856,3.373399923024,9.278));
#29 = VECTOR('',#30,1.);
#30 = DIRECTION('',(1.,0.,0.));
#31 = PCURVE('',#32,#37);
#32 = PLANE('',#33);
#33 = AXIS2_PLACEMENT_3D('',#34,#35,#36);
#34 = CARTESIAN_POINT('',(12.0856,3.373399923024,9.278));
#35 = DIRECTION('',(0.,-0.999657324976,-2.617694830788E-02));
#36 = DIRECTION('',(0.,-2.617694830788E-02,0.999657324976));
#37 = DEFINITIONAL_REPRESENTATION('',(#38),#42);
#38 = LINE('',#39,#40);
#39 = CARTESIAN_POINT('',(0.,0.));
#40 = VECTOR('',#41,1.);
#41 = DIRECTION('',(0.,-1.));
#42 = ( GEOMETRIC_REPRESENTATION_CONTEXT(2) 
PARAMETRIC_REPRESENTATION_CONTEXT() REPRESENTATION_CONTEXT('2D SPACE',''
  ) );
#43 = PCURVE('',#44,#49);
#44 = PLANE('',#45);
#45 = AXIS2_PLACEMENT_3D('',#46,#47,#48);
#46 = CARTESIAN_POINT('',(12.0856,4.178,9.278));
#47 = DIRECTION('',(0.,0.,-1.));
#48 = DIRECTION('',(0.,-1.,0.));
#49 = DEFINITIONAL_REPRESENTATION('',(#50),#54);
#50 = LINE('',#51,#52);
#51 = CARTESIAN_POINT('',(0.804600076976,0.));
#52 = VECTOR('',#53,1.);
#53 = DIRECTION('',(0.,-1.));
#54 = ( GEOMETRIC_REPRESENTATION_CONTEXT(2) 
PARAMETRIC_REPRESENTATION_CONTEXT() REPRESENTATION_CONTEXT('2D SPACE',''
  ) );
#55 = ORIENTED_EDGE('',*,*,#56,.T.);
#56 = EDGE_CURVE('',#24,#57,#59,.T.);
#57 = VERTEX_POINT('',#58);
#58 = CARTESIAN_POINT('',(13.9144,3.368634873484,9.459969900425));
#59 = SURFACE_CURVE('',#60,(#64,#71),.PCURVE_S1.);
#60 = LINE('',#61,#62);
#61 = CARTESIAN_POINT('',(13.9144,3.373399923024,9.278));
#62 = VECTOR('',#63,1.);
#63 = DIRECTION('',(0.,-2.617694830788E-02,0.999657324976));
#64 = PCURVE('',#32,#65);
#65 = DEFINITIONAL_REPRESENTATION('',(#66),#70);
#66 = LINE('',#67,#68);
#67 = CARTESIAN_POINT('',(0.,-1.8288));
#68 = VECTOR('',#69,1.);
#69 = DIRECTION('',(1.,0.));
#70 = ( GEOMETRIC_REPRESENTATION_CONTEXT(2) 
PARAMETRIC_REPRESENTATION_CONTEXT() REPRESENTATION_CONTEXT('2D SPACE',''
  ) );
#71 = PCURVE('',#72,#77);
#72 = PLANE('',#73);
#73 = AXIS2_PLACEMENT_3D('',#74,#75,#76);
#74 = CARTESIAN_POINT('',(13.9144,-2.641910382948,8.492324845314));
#75 = DIRECTION('',(1.,0.,0.));
#76 = DIRECTION('',(-0.,0.,1.));
#77 = DEFINITIONAL_REPRESENTATION('',(#78),#82);
#78 = LINE('',#79,#80);
#79 = CARTESIAN_POINT('',(0.785675154686,-6.015310305972));
#80 = VECTOR('',#81,1.);
#81 = DIRECTION('',(0.999657324976,2.617694830788E-02));
#82 = ( GEOMETRIC_REPRESENTATION_CONTEXT(2) 
PARAMETRIC_REPRESENTATION_CONTEXT() REPRESENTATION_CONTEXT('2D SPACE',''
  ) );
#83 = ORIENTED_EDGE('',*,*,#84,.F.);
#84 = EDGE_CURVE('',#85,#57,#87,.T.);
#85 = VERTEX_POINT('',#86);
#86 = CARTESIAN_POINT('',(12.0856,3.368634873484,9.459969900425));
#87 = SURFACE_CURVE('',#88,(#92,#99),.PCURVE_S1.);
#88 = LINE('',#89,#90);
#89 = CARTESIAN_POINT('',(12.0856,3.368634873484,9.459969900425));
#90 = VECTOR('',#91,1.);
#91 = DIRECTION('',(1.,0.,0.));
#92 = PCURVE('',#32,#93);
#93 = DEFINITIONAL_REPRESENTATION('',(#94),#98);
#94 = LINE('',#95,#96);
#95 = CARTESIAN_POINT('',(0.182032278341,0.));
#96 = VECTOR('',#97,1.);
#97 = DIRECTION('',(0.,-1.));
#98 = ( GEOMETRIC_REPRESENTATION_CONTEXT(2) 
PARAMETRIC_REPRESENTATION_CONTEXT() REPRESENTATION_CONTEXT('2D SPACE',''
  ) );
#99 = PCURVE('',#100,#105);
#100 = PLANE('',#101);
#101 = AXIS2_PLACEMENT_3D('',#102,#103,#104);
#102 = CARTESIAN_POINT('',(12.0856,3.368634873484,9.459969900425));
#103 = DIRECTION('',(0.,-0.996917333733,-7.845909572784E-02));
#104 = DIRECTION('',(0.,-7.845909572784E-02,0.996917333733));
#105 = DEFINITIONAL_REPRESENTATION('',(#106),#110);
#106 = LINE('',#107,#108);
#107 = CARTESIAN_POINT('',(0.,0.));
#108 = VECTOR('',#109,1.);
#109 = DIRECTION('',(0.,-1.));
#110 = ( GEOMETRIC_REPRESENTATION_CONTEXT(2) 
PARAMETRIC_REPRESENTATION_CONTEXT() REPRESENTATION_CONTEXT('2D SPACE',''
  ) );
#111 = ORIENTED_EDGE('',*,*,#112,.F.);
#112 = EDGE_CURVE('',#22,#85,#113,.T.);
#113 = SURFACE_CURVE('',#114,(#118,#125),.PCURVE_S1.);
#114 = LINE('',#115,#116);
#115 = CARTESIAN_POINT('',(12.0856,3.373399923024,9.278));
#116 = VECTOR('',#117,1.);
#117 = DIRECTION('',(0.,-2.617694830788E-02,0.999657324976));
#118 = PCURVE('',#32,#119);
#119 = DEFINITIONAL_REPRESENTATION('',(#120),#124);
#120 = LINE('',#121,#122);
#121 = CARTESIAN_POINT('',(0.,0.));
#122 = VECTOR('',#123,1.);
#123 = DIRECTION('',(1.,0.));
#124 = ( GEOMETRIC_REPRESENTATION_CONTEXT(2) 
PARAMETRIC_REPRESENTATION_CONTEXT() REPRESENTATION_CONTEXT('2D SPACE',''
  ) );
#125 = PCURVE('',#126,#131);
#126 = PLANE('',#127);
#127 = AXIS2_PLACEMENT_3D('',#128,#129,#130);
#128 = CARTESIAN_POINT('',(12.0856,-2.641910382948,8.492324845314));
#129 = DIRECTION('',(1.,0.,0.));
#130 = DIRECTION('',(-0.,0.,1.));
#131 = DEFINITIONAL_REPRESENTATION('',(#132),#136);
#132 = LINE('',#133,#134);
#133 = CARTESIAN_POINT('',(0.785675154686,-6.015310305972));
#134 = VECTOR('',#135,1.);
#135 = DIRECTION('',(0.999657324976,2.617694830788E-02));
#136 = ( GEOMETRIC_REPRESENTATION_CONTEXT(2) 
PARAMETRIC_REPRESENTATION_CONTEXT() REPRESENTATION_CONTEXT('2D SPACE',''
  ) );
#137 = ADVANCED_FACE('',(#138),#44,.F.);
#138 = FACE_BOUND('',#139,.F.);
#139 = EDGE_LOOP('',(#140,#170,#191,#192));
#140 = ORIENTED_EDGE('',*,*,#141,.T.);
#141 = EDGE_CURVE('',#142,#144,#146,.T.);
#142 = VERTEX_POINT('',#143);
#143 = CARTESIAN_POINT('',(12.0856,4.178,9.278));
#144 = VERTEX_POINT('',#145);
#145 = CARTESIAN_POINT('',(13.9144,4.178,9.278));
#146 = SURFACE_CURVE('',#147,(#151,#158),.PCURVE_S1.);
#147 = LINE('',#148,#149);
#148 = CARTESIAN_POINT('',(12.0856,4.178,9.278));
#149 = VECTOR('',#150,1.);
#150 = DIRECTION('',(1.,0.,0.));
#151 = PCURVE('',#44,#152);
#152 = DEFINITIONAL_REPRESENTATION('',(#153),#157);
#153 = LINE('',#154,#155);
#154 = CARTESIAN_POINT('',(0.,-0.));
#155 = VECTOR('',#156,1.);
#156 = DIRECTION('',(0.,-1.));
#157 = ( GEOMETRIC_REPRESENTATION_CONTEXT(2) 
PARAMETRIC_REPRESENTATION_CONTEXT() REPRESENTATION_CONTEXT('2D SPACE',''
  ) );
#158 = PCURVE('',#159,#164);
#159 = PLANE('',#160);
#160 = AXIS2_PLACEMENT_3D('',#161,#162,#163);
#161 = CARTESIAN_POINT('',(12.0856,4.178,7.));
#162 = DIRECTION('',(0.,-1.,0.));
#163 = DIRECTION('',(0.,0.,1.));
#164 = DEFINITIONAL_REPRESENTATION('',(#165),#169);
#165 = LINE('',#166,#167);
#166 = CARTESIAN_POINT('',(2.278,0.));
#167 = VECTOR('',#168,1.);
#168 = DIRECTION('',(0.,-1.));
#169 = ( GEOMETRIC_REPRESENTATION_CONTEXT(2) 
PARAMETRIC_REPRESENTATION_CONTEXT() REPRESENTATION_CONTEXT('2D SPACE',''
  ) );
#170 = ORIENTED_EDGE('',*,*,#171,.T.);
#171 = EDGE_CURVE('',#144,#24,#172,.T.);
#172 = SURFACE_CURVE('',#173,(#177,#184),.PCURVE_S1.);
#173 = LINE('',#174,#175);
#174 = CARTESIAN_POINT('',(13.9144,4.178,9.278));
#175 = VECTOR('',#176,1.);
#176 = DIRECTION('',(0.,-1.,0.));
#177 = PCURVE('',#44,#178);
#178 = DEFINITIONAL_REPRESENTATION('',(#179),#183);
#179 = LINE('',#180,#181);
#180 = CARTESIAN_POINT('',(0.,-1.8288));
#181 = VECTOR('',#182,1.);
#182 = DIRECTION('',(1.,0.));
#183 = ( GEOMETRIC_REPRESENTATION_CONTEXT(2) 
PARAMETRIC_REPRESENTATION_CONTEXT() REPRESENTATION_CONTEXT('2D SPACE',''
  ) );
#184 = PCURVE('',#72,#185);
#185 = DEFINITIONAL_REPRESENTATION('',(#186),#190);
#186 = LINE('',#187,#188);
#187 = CARTESIAN_POINT('',(0.785675154686,-6.819910382948));
#188 = VECTOR('',#189,1.);
#189 = DIRECTION('',(0.,1.));
#190 = ( GEOMETRIC_REPRESENTATION_CONTEXT(2) 
PARAMETRIC_REPRESENTATION_CONTEXT() REPRESENTATION_CONTEXT('2D SPACE',''
  ) );
#191 = ORIENTED_EDGE('',*,*,#21,.F.);
#192 = ORIENTED_EDGE('',*,*,#193,.F.);
#193 = EDGE_CURVE('',#142,#22,#194,.T.);
#194 = SURFACE_CURVE('',#195,(#199,#206),.PCURVE_S1.);
#195 = LINE('',#196,#197);
#196 = CARTESIAN_POINT('',(12.0856,4.178,9.278));
#197 = VECTOR('',#198,1.);
#198 = DIRECTION('',(0.,-1.,0.));
#199 = PCURVE('',#44,#200);
#200 = DEFINITIONAL_REPRESENTATION('',(#201),#205);
#201 = LINE('',#202,#203);
#202 = CARTESIAN_POINT('',(0.,-0.));
#203 = VECTOR('',#204,1.);
#204 = DIRECTION('',(1.,0.));
#205 = ( GEOMETRIC_REPRESENTATION_CONTEXT(2) 
PARAMETRIC_REPRESENTATION_CONTEXT() REPRESENTATION_CONTEXT('2D SPACE',''
  ) );
#206 = PCURVE('',#126,#207);
#207 = DEFINITIONAL_REPRESENTATION('',(#208),#212);
#208 = LINE('',#209,#210);
#209 = CARTESIAN_POINT('',(0.785675154686,-6.819910382948));
#210 = VECTOR('',#211,1.);
#211 = DIRECTION('',(0.,1.));
#212 = ( GEOMETRIC_REPRESENTATION_CONTEXT(2) 
PARAMETRIC_REPRESENTATION_CONTEXT() REPRESENTATION_CONTEXT('2D SPACE',''
  ) );
#213 = ADVANCED_FACE('',(#214),#100,.F.);
#214 = FACE_BOUND('',#215,.F.);
#215 = EDGE_LOOP('',(#216,#217,#240,#268));
#216 = ORIENTED_EDGE('',*,*,#84,.T.);
#217 = ORIENTED_EDGE('',*,*,#218,.T.);
#218 = EDGE_CURVE('',#57,#219,#221,.T.);
#219 = VERTEX_POINT('',#220);
#220 = CARTESIAN_POINT('',(13.9144,3.340382279149,9.818953148375));
#221 = SURFACE_CURVE('',#222,(#226,#233),.PCURVE_S1.);
#222 = LINE('',#223,#224);
#223 = CARTESIAN_POINT('',(13.9144,3.368634873484,9.459969900425));
#224 = VECTOR('',#225,1.);
#225 = DIRECTION('',(0.,-7.845909572784E-02,0.996917333733));
#226 = PCURVE('',#100,#227);
#227 = DEFINITIONAL_REPRESENTATION('',(#228),#232);
#228 = LINE('',#229,#230);
#229 = CARTESIAN_POINT('',(0.,-1.8288));
#230 = VECTOR('',#231,1.);
#231 = DIRECTION('',(1.,0.));
#232 = ( GEOMETRIC_REPRESENTATION_CONTEXT(2) 
PARAMETRIC_REPRESENTATION_CONTEXT() REPRESENTATION_CONTEXT('2D SPACE',''
  ) );
#233 = PCURVE('',#72,#234);
#234 = DEFINITIONAL_REPRESENTATION('',(#235),#239);
#235 = LINE('',#236,#237);
#236 = CARTESIAN_POINT('',(0.967645055111,-6.010545256432));
#237 = VECTOR('',#238,1.);
#238 = DIRECTION('',(0.996917333733,7.845909572784E-02));
#239 = ( GEOMETRIC_REPRESENTATION_CONTEXT(2) 
PARAMETRIC_REPRESENTATION_CONTEXT() REPRESENTATION_CONTEXT('2D SPACE',''
  ) );
#240 = ORIENTED_EDGE('',*,*,#241,.F.);
#241 = EDGE_CURVE('',#242,#219,#244,.T.);
#242 = VERTEX_POINT('',#243);
#243 = CARTESIAN_POINT('',(12.0856,3.340382279149,9.818953148375));
#244 = SURFACE_CURVE('',#245,(#249,#256),.PCURVE_S1.);
#245 = LINE('',#246,#247);
#246 = CARTESIAN_POINT('',(12.0856,3.340382279149,9.818953148375));
#247 = VECTOR('',#248,1.);
#248 = DIRECTION('',(1.,0.,0.));
#249 = PCURVE('',#100,#250);
#250 = DEFINITIONAL_REPRESENTATION('',(#251),#255);
#251 = LINE('',#252,#253);
#252 = CARTESIAN_POINT('',(0.360093295404,0.));
#253 = VECTOR('',#254,1.);
#254 = DIRECTION('',(0.,-1.));
#255 = ( GEOMETRIC_REPRESENTATION_CONTEXT(2) 
PARAMETRIC_REPRESENTATION_CONTEXT() REPRESENTATION_CONTEXT('2D SPACE',''
  ) );
#256 = PCURVE('',#257,#262);
#257 = PLANE('',#258);
#258 = AXIS2_PLACEMENT_3D('',#259,#260,#261);
#259 = CARTESIAN_POINT('',(12.0856,3.340382279149,9.818953148375));
#260 = DIRECTION('',(0.,-0.991444861374,-0.13052619222));
#261 = DIRECTION('',(0.,-0.13052619222,0.991444861374));
#262 = DEFINITIONAL_REPRESENTATION('',(#263),#267);
#263 = LINE('',#264,#265);
#264 = CARTESIAN_POINT('',(0.,0.));
#265 = VECTOR('',#266,1.);
#266 = DIRECTION('',(0.,-1.));
#267 = ( GEOMETRIC_REPRESENTATION_CONTEXT(2) 
PARAMETRIC_REPRESENTATION_CONTEXT() REPRESENTATION_CONTEXT('2D SPACE',''
  ) );
#268 = ORIENTED_EDGE('',*,*,#269,.F.);
#269 = EDGE_CURVE('',#85,#242,#270,.T.);
#270 = SURFACE_CURVE('',#271,(#275,#282),.PCURVE_S1.);
#271 = LINE('',#272,#273);
#272 = CARTESIAN_POINT('',(12.0856,3.368634873484,9.459969900425));
#273 = VECTOR('',#274,1.);
#274 = DIRECTION('',(0.,-7.845909572784E-02,0.996917333733));
#275 = PCURVE('',#100,#276);
#276 = DEFINITIONAL_REPRESENTATION('',(#277),#281);
#277 = LINE('',#278,#279);
#278 = CARTESIAN_POINT('',(0.,0.));
#279 = VECTOR('',#280,1.);
#280 = DIRECTION('',(1.,0.));
#281 = ( GEOMETRIC_REPRESENTATION_CONTEXT(2) 
PARAMETRIC_REPRESENTATION_CONTEXT() REPRESENTATION_CONTEXT('2D SPACE',''
  ) );
#282 = PCURVE('',#126,#283);
#283 = DEFINITIONAL_REPRESENTATION('',(#284),#288);
#284 = LINE('',#285,#286);
#285 = CARTESIAN_POINT('',(0.967645055111,-6.010545256432));
#286 = VECTOR('',#287,1.);
#287 = DIRECTION('',(0.996917333733,7.845909572784E-02));
#288 = ( GEOMETRIC_REPRESENTATION_CONTEXT(2) 
PARAMETRIC_REPRESENTATION_CONTEXT() REPRESENTATION_CONTEXT('2D SPACE',''
  ) );
#289 = ADVANCED_FACE('',(#290,#2831),#126,.F.);
#290 = FACE_BOUND('',#291,.F.);
#291 = EDGE_LOOP('',(#292,#293,#294,#317,#345,#373,#401,#429,#457,#485,
    #513,#541,#569,#597,#625,#653,#681,#709,#737,#765,#793,#821,#849,
    #877,#905,#933,#961,#989,#1017,#1045,#1073,#1101,#1129,#1157,#1185,
    #1213,#1241,#1269,#1297,#1325,#1353,#1381,#1409,#1437,#1465,#1493,
    #1521,#1549,#1577,#1605,#1633,#1661,#1689,#1717,#1745,#1773,#1801,
    #1829,#1857,#1885,#1913,#1941,#1969,#1997,#2025,#2053,#2081,#2109,
    #2137,#2165,#2193,#2221,#2249,#2277,#2305,#2333,#2361,#2389,#2417,
    #2445,#2473,#2501,#2529,#2557,#2585,#2613,#2641,#2669,#2697,#2725,
    #2753,#2781,#2809,#2830));
#292 = ORIENTED_EDGE('',*,*,#112,.T.);
#293 = ORIENTED_EDGE('',*,*,#269,.T.);
#294 = ORIENTED_EDGE('',*,*,#295,.T.);
#295 = EDGE_CURVE('',#242,#296,#298,.T.);
#296 = VERTEX_POINT('',#297);
#297 = CARTESIAN_POINT('',(12.0856,3.293380672455,10.175965795718));
#298 = SURFACE_CURVE('',#299,(#303,#310),.PCURVE_S1.);
#299 = LINE('',#300,#301);
#300 = CARTESIAN_POINT('',(12.0856,3.340382279149,9.818953148375));
#301 = VECTOR('',#302,1.);
#302 = DIRECTION('',(0.,-0.13052619222,0.991444861374));
#303 = PCURVE('',#126,#304);
#304 = DEFINITIONAL_REPRESENTATION('',(#305),#309);
#305 = LINE('',#306,#307);
#306 = CARTESIAN_POINT('',(1.326628303061,-5.982292662097));
#307 = VECTOR('',#308,1.);
#308 = DIRECTION('',(0.991444861374,0.13052619222));
#309 = ( GEOMETRIC_REPRESENTATION_CONTEXT(2) 
PARAMETRIC_REPRESENTATION_CONTEXT() REPRESENTATION_CONTEXT('2D SPACE',''
  ) );
#310 = PCURVE('',#257,#311);
#311 = DEFINITIONAL_REPRESENTATION('',(#312),#316);
#312 = LINE('',#313,#314);
#313 = CARTESIAN_POINT('',(0.,0.));
#314 = VECTOR('',#315,1.);
#315 = DIRECTION('',(1.,0.));
#316 = ( GEOMETRIC_REPRESENTATION_CONTEXT(2) 
PARAMETRIC_REPRESENTATION_CONTEXT() REPRESENTATION_CONTEXT('2D SPACE',''
  ) );
#317 = ORIENTED_EDGE('',*,*,#318,.T.);
#318 = EDGE_CURVE('',#296,#319,#321,.T.);
#319 = VERTEX_POINT('',#320);
#320 = CARTESIAN_POINT('',(12.0856,3.227758881541,10.530029295605));
#321 = SURFACE_CURVE('',#322,(#326,#333),.PCURVE_S1.);
#322 = LINE('',#323,#324);
#323 = CARTESIAN_POINT('',(12.0856,3.293380672455,10.175965795718));
#324 = VECTOR('',#325,1.);
#325 = DIRECTION('',(0.,-0.182235525492,0.983254907564));
#326 = PCURVE('',#126,#327);
#327 = DEFINITIONAL_REPRESENTATION('',(#328),#332);
#328 = LINE('',#329,#330);
#329 = CARTESIAN_POINT('',(1.683640950404,-5.935291055404));
#330 = VECTOR('',#331,1.);
#331 = DIRECTION('',(0.983254907564,0.182235525492));
#332 = ( GEOMETRIC_REPRESENTATION_CONTEXT(2) 
PARAMETRIC_REPRESENTATION_CONTEXT() REPRESENTATION_CONTEXT('2D SPACE',''
  ) );
#333 = PCURVE('',#334,#339);
#334 = PLANE('',#335);
#335 = AXIS2_PLACEMENT_3D('',#336,#337,#338);
#336 = CARTESIAN_POINT('',(12.0856,3.293380672455,10.175965795718));
#337 = DIRECTION('',(0.,-0.983254907564,-0.182235525492));
#338 = DIRECTION('',(0.,-0.182235525492,0.983254907564));
#339 = DEFINITIONAL_REPRESENTATION('',(#340),#344);
#340 = LINE('',#341,#342);
#341 = CARTESIAN_POINT('',(0.,0.));
#342 = VECTOR('',#343,1.);
#343 = DIRECTION('',(1.,0.));
#344 = ( GEOMETRIC_REPRESENTATION_CONTEXT(2) 
PARAMETRIC_REPRESENTATION_CONTEXT() REPRESENTATION_CONTEXT('2D SPACE',''
  ) );
#345 = ORIENTED_EDGE('',*,*,#346,.T.);
#346 = EDGE_CURVE('',#319,#347,#349,.T.);
#347 = VERTEX_POINT('',#348);
#348 = CARTESIAN_POINT('',(12.0856,3.143696771174,10.880173184593));
#349 = SURFACE_CURVE('',#350,(#354,#361),.PCURVE_S1.);
#350 = LINE('',#351,#352);
#351 = CARTESIAN_POINT('',(12.0856,3.227758881541,10.530029295605));
#352 = VECTOR('',#353,1.);
#353 = DIRECTION('',(0.,-0.233445363856,0.972369920398));
#354 = PCURVE('',#126,#355);
#355 = DEFINITIONAL_REPRESENTATION('',(#356),#360);
#356 = LINE('',#357,#358);
#357 = CARTESIAN_POINT('',(2.037704450291,-5.86966926449));
#358 = VECTOR('',#359,1.);
#359 = DIRECTION('',(0.972369920398,0.233445363856));
#360 = ( GEOMETRIC_REPRESENTATION_CONTEXT(2) 
PARAMETRIC_REPRESENTATION_CONTEXT() REPRESENTATION_CONTEXT('2D SPACE',''
  ) );
#361 = PCURVE('',#362,#367);
#362 = PLANE('',#363);
#363 = AXIS2_PLACEMENT_3D('',#364,#365,#366);
#364 = CARTESIAN_POINT('',(12.0856,3.227758881541,10.530029295605));
#365 = DIRECTION('',(0.,-0.972369920398,-0.233445363856));
#366 = DIRECTION('',(0.,-0.233445363856,0.972369920398));
#367 = DEFINITIONAL_REPRESENTATION('',(#368),#372);
#368 = LINE('',#369,#370);
#369 = CARTESIAN_POINT('',(0.,0.));
#370 = VECTOR('',#371,1.);
#371 = DIRECTION('',(1.,0.));
#372 = ( GEOMETRIC_REPRESENTATION_CONTEXT(2) 
PARAMETRIC_REPRESENTATION_CONTEXT() REPRESENTATION_CONTEXT('2D SPACE',''
  ) );
#373 = ORIENTED_EDGE('',*,*,#374,.T.);
#374 = EDGE_CURVE('',#347,#375,#377,.T.);
#375 = VERTEX_POINT('',#376);
#376 = CARTESIAN_POINT('',(12.0856,3.041424749754,11.22543774262));
#377 = SURFACE_CURVE('',#378,(#382,#389),.PCURVE_S1.);
#378 = LINE('',#379,#380);
#379 = CARTESIAN_POINT('',(12.0856,3.143696771174,10.880173184593));
#380 = VECTOR('',#381,1.);
#381 = DIRECTION('',(0.,-0.284015344704,0.958819734868));
#382 = PCURVE('',#126,#383);
#383 = DEFINITIONAL_REPRESENTATION('',(#384),#388);
#384 = LINE('',#385,#386);
#385 = CARTESIAN_POINT('',(2.387848339279,-5.785607154122));
#386 = VECTOR('',#387,1.);
#387 = DIRECTION('',(0.958819734868,0.284015344704));
#388 = ( GEOMETRIC_REPRESENTATION_CONTEXT(2) 
PARAMETRIC_REPRESENTATION_CONTEXT() REPRESENTATION_CONTEXT('2D SPACE',''
  ) );
#389 = PCURVE('',#390,#395);
#390 = PLANE('',#391);
#391 = AXIS2_PLACEMENT_3D('',#392,#393,#394);
#392 = CARTESIAN_POINT('',(12.0856,3.143696771174,10.880173184593));
#393 = DIRECTION('',(0.,-0.958819734868,-0.284015344704));
#394 = DIRECTION('',(0.,-0.284015344704,0.958819734868));
#395 = DEFINITIONAL_REPRESENTATION('',(#396),#400);
#396 = LINE('',#397,#398);
#397 = CARTESIAN_POINT('',(0.,0.));
#398 = VECTOR('',#399,1.);
#399 = DIRECTION('',(1.,0.));
#400 = ( GEOMETRIC_REPRESENTATION_CONTEXT(2) 
PARAMETRIC_REPRESENTATION_CONTEXT() REPRESENTATION_CONTEXT('2D SPACE',''
  ) );
#401 = ORIENTED_EDGE('',*,*,#402,.T.);
#402 = EDGE_CURVE('',#375,#403,#405,.T.);
#403 = VERTEX_POINT('',#404);
#404 = CARTESIAN_POINT('',(12.0856,2.921223137784,11.564876623532));
#405 = SURFACE_CURVE('',#406,(#410,#417),.PCURVE_S1.);
#406 = LINE('',#407,#408);
#407 = CARTESIAN_POINT('',(12.0856,3.041424749754,11.22543774262));
#408 = VECTOR('',#409,1.);
#409 = DIRECTION('',(0.,-0.333806859234,0.942641491092));
#410 = PCURVE('',#126,#411);
#411 = DEFINITIONAL_REPRESENTATION('',(#412),#416);
#412 = LINE('',#413,#414);
#413 = CARTESIAN_POINT('',(2.733112897307,-5.683335132702));
#414 = VECTOR('',#415,1.);
#415 = DIRECTION('',(0.942641491092,0.333806859234));
#416 = ( GEOMETRIC_REPRESENTATION_CONTEXT(2) 
PARAMETRIC_REPRESENTATION_CONTEXT() REPRESENTATION_CONTEXT('2D SPACE',''
  ) );
#417 = PCURVE('',#418,#423);
#418 = PLANE('',#419);
#419 = AXIS2_PLACEMENT_3D('',#420,#421,#422);
#420 = CARTESIAN_POINT('',(12.0856,3.041424749754,11.22543774262));
#421 = DIRECTION('',(0.,-0.942641491092,-0.333806859234));
#422 = DIRECTION('',(0.,-0.333806859234,0.942641491092));
#423 = DEFINITIONAL_REPRESENTATION('',(#424),#428);
#424 = LINE('',#425,#426);
#425 = CARTESIAN_POINT('',(0.,0.));
#426 = VECTOR('',#427,1.);
#427 = DIRECTION('',(1.,0.));
#428 = ( GEOMETRIC_REPRESENTATION_CONTEXT(2) 
PARAMETRIC_REPRESENTATION_CONTEXT() REPRESENTATION_CONTEXT('2D SPACE',''
  ) );
#429 = ORIENTED_EDGE('',*,*,#430,.T.);
#430 = EDGE_CURVE('',#403,#431,#433,.T.);
#431 = VERTEX_POINT('',#432);
#432 = CARTESIAN_POINT('',(12.0856,2.783421399527,11.897559448951));
#433 = SURFACE_CURVE('',#434,(#438,#445),.PCURVE_S1.);
#434 = LINE('',#435,#436);
#435 = CARTESIAN_POINT('',(12.0856,2.921223137784,11.564876623532));
#436 = VECTOR('',#437,1.);
#437 = DIRECTION('',(0.,-0.382683432365,0.923879532511));
#438 = PCURVE('',#126,#439);
#439 = DEFINITIONAL_REPRESENTATION('',(#440),#444);
#440 = LINE('',#441,#442);
#441 = CARTESIAN_POINT('',(3.072551778219,-5.563133520732));
#442 = VECTOR('',#443,1.);
#443 = DIRECTION('',(0.923879532511,0.382683432365));
#444 = ( GEOMETRIC_REPRESENTATION_CONTEXT(2) 
PARAMETRIC_REPRESENTATION_CONTEXT() REPRESENTATION_CONTEXT('2D SPACE',''
  ) );
#445 = PCURVE('',#446,#451);
#446 = PLANE('',#447);
#447 = AXIS2_PLACEMENT_3D('',#448,#449,#450);
#448 = CARTESIAN_POINT('',(12.0856,2.921223137784,11.564876623532));
#449 = DIRECTION('',(0.,-0.923879532511,-0.382683432365));
#450 = DIRECTION('',(0.,-0.382683432365,0.923879532511));
#451 = DEFINITIONAL_REPRESENTATION('',(#452),#456);
#452 = LINE('',#453,#454);
#453 = CARTESIAN_POINT('',(0.,0.));
#454 = VECTOR('',#455,1.);
#455 = DIRECTION('',(1.,0.));
#456 = ( GEOMETRIC_REPRESENTATION_CONTEXT(2) 
PARAMETRIC_REPRESENTATION_CONTEXT() REPRESENTATION_CONTEXT('2D SPACE',''
  ) );
#457 = ORIENTED_EDGE('',*,*,#458,.T.);
#458 = EDGE_CURVE('',#431,#459,#461,.T.);
#459 = VERTEX_POINT('',#460);
#460 = CARTESIAN_POINT('',(12.0856,2.628397239969,12.222574358376));
#461 = SURFACE_CURVE('',#462,(#466,#473),.PCURVE_S1.);
#462 = LINE('',#463,#464);
#463 = CARTESIAN_POINT('',(12.0856,2.783421399527,11.897559448951));
#464 = VECTOR('',#465,1.);
#465 = DIRECTION('',(0.,-0.430511096808,0.90258528435));
#466 = PCURVE('',#126,#467);
#467 = DEFINITIONAL_REPRESENTATION('',(#468),#472);
#468 = LINE('',#469,#470);
#469 = CARTESIAN_POINT('',(3.405234603637,-5.425331782475));
#470 = VECTOR('',#471,1.);
#471 = DIRECTION('',(0.90258528435,0.430511096808));
#472 = ( GEOMETRIC_REPRESENTATION_CONTEXT(2) 
PARAMETRIC_REPRESENTATION_CONTEXT() REPRESENTATION_CONTEXT('2D SPACE',''
  ) );
#473 = PCURVE('',#474,#479);
#474 = PLANE('',#475);
#475 = AXIS2_PLACEMENT_3D('',#476,#477,#478);
#476 = CARTESIAN_POINT('',(12.0856,2.783421399527,11.897559448951));
#477 = DIRECTION('',(0.,-0.90258528435,-0.430511096808));
#478 = DIRECTION('',(0.,-0.430511096808,0.90258528435));
#479 = DEFINITIONAL_REPRESENTATION('',(#480),#484);
#480 = LINE('',#481,#482);
#481 = CARTESIAN_POINT('',(0.,0.));
#482 = VECTOR('',#483,1.);
#483 = DIRECTION('',(1.,0.));
#484 = ( GEOMETRIC_REPRESENTATION_CONTEXT(2) 
PARAMETRIC_REPRESENTATION_CONTEXT() REPRESENTATION_CONTEXT('2D SPACE',''
  ) );
#485 = ORIENTED_EDGE('',*,*,#486,.T.);
#486 = EDGE_CURVE('',#459,#487,#489,.T.);
#487 = VERTEX_POINT('',#488);
#488 = CARTESIAN_POINT('',(12.0856,2.456575569556,12.539030508532));
#489 = SURFACE_CURVE('',#490,(#494,#501),.PCURVE_S1.);
#490 = LINE('',#491,#492);
#491 = CARTESIAN_POINT('',(12.0856,2.628397239969,12.222574358376));
#492 = VECTOR('',#493,1.);
#493 = DIRECTION('',(0.,-0.47715876026,0.878817112662));
#494 = PCURVE('',#126,#495);
#495 = DEFINITIONAL_REPRESENTATION('',(#496),#500);
#496 = LINE('',#497,#498);
#497 = CARTESIAN_POINT('',(3.730249513062,-5.270307622918));
#498 = VECTOR('',#499,1.);
#499 = DIRECTION('',(0.878817112662,0.47715876026));
#500 = ( GEOMETRIC_REPRESENTATION_CONTEXT(2) 
PARAMETRIC_REPRESENTATION_CONTEXT() REPRESENTATION_CONTEXT('2D SPACE',''
  ) );
#501 = PCURVE('',#502,#507);
#502 = PLANE('',#503);
#503 = AXIS2_PLACEMENT_3D('',#504,#505,#506);
#504 = CARTESIAN_POINT('',(12.0856,2.628397239969,12.222574358376));
#505 = DIRECTION('',(0.,-0.878817112662,-0.47715876026));
#506 = DIRECTION('',(0.,-0.47715876026,0.878817112662));
#507 = DEFINITIONAL_REPRESENTATION('',(#508),#512);
#508 = LINE('',#509,#510);
#509 = CARTESIAN_POINT('',(0.,0.));
#510 = VECTOR('',#511,1.);
#511 = DIRECTION('',(1.,0.));
#512 = ( GEOMETRIC_REPRESENTATION_CONTEXT(2) 
PARAMETRIC_REPRESENTATION_CONTEXT() REPRESENTATION_CONTEXT('2D SPACE',''
  ) );
#513 = ORIENTED_EDGE('',*,*,#514,.T.);
#514 = EDGE_CURVE('',#487,#515,#517,.T.);
#515 = VERTEX_POINT('',#516);
#516 = CARTESIAN_POINT('',(12.0856,2.268427339544,12.846060515108));
#517 = SURFACE_CURVE('',#518,(#522,#529),.PCURVE_S1.);
#518 = LINE('',#519,#520);
#519 = CARTESIAN_POINT('',(12.0856,2.456575569556,12.539030508532));
#520 = VECTOR('',#521,1.);
#521 = DIRECTION('',(0.,-0.522498564716,0.852640164354));
#522 = PCURVE('',#126,#523);
#523 = DEFINITIONAL_REPRESENTATION('',(#524),#528);
#524 = LINE('',#525,#526);
#525 = CARTESIAN_POINT('',(4.046705663218,-5.098485952505));
#526 = VECTOR('',#527,1.);
#527 = DIRECTION('',(0.852640164354,0.522498564716));
#528 = ( GEOMETRIC_REPRESENTATION_CONTEXT(2) 
PARAMETRIC_REPRESENTATION_CONTEXT() REPRESENTATION_CONTEXT('2D SPACE',''
  ) );
#529 = PCURVE('',#530,#535);
#530 = PLANE('',#531);
#531 = AXIS2_PLACEMENT_3D('',#532,#533,#534);
#532 = CARTESIAN_POINT('',(12.0856,2.456575569556,12.539030508532));
#533 = DIRECTION('',(0.,-0.852640164354,-0.522498564716));
#534 = DIRECTION('',(0.,-0.522498564716,0.852640164354));
#535 = DEFINITIONAL_REPRESENTATION('',(#536),#540);
#536 = LINE('',#537,#538);
#537 = CARTESIAN_POINT('',(0.,0.));
#538 = VECTOR('',#539,1.);
#539 = DIRECTION('',(1.,0.));
#540 = ( GEOMETRIC_REPRESENTATION_CONTEXT(2) 
PARAMETRIC_REPRESENTATION_CONTEXT() REPRESENTATION_CONTEXT('2D SPACE',''
  ) );
#541 = ORIENTED_EDGE('',*,*,#542,.T.);
#542 = EDGE_CURVE('',#515,#543,#545,.T.);
#543 = VERTEX_POINT('',#544);
#544 = CARTESIAN_POINT('',(12.0856,2.064468251152,13.142822830198));
#545 = SURFACE_CURVE('',#546,(#550,#557),.PCURVE_S1.);
#546 = LINE('',#547,#548);
#547 = CARTESIAN_POINT('',(12.0856,2.268427339544,12.846060515108));
#548 = VECTOR('',#549,1.);
#549 = DIRECTION('',(0.,-0.566406236925,0.824126188622));
#550 = PCURVE('',#126,#551);
#551 = DEFINITIONAL_REPRESENTATION('',(#552),#556);
#552 = LINE('',#553,#554);
#553 = CARTESIAN_POINT('',(4.353735669794,-4.910337722492));
#554 = VECTOR('',#555,1.);
#555 = DIRECTION('',(0.824126188622,0.566406236925));
#556 = ( GEOMETRIC_REPRESENTATION_CONTEXT(2) 
PARAMETRIC_REPRESENTATION_CONTEXT() REPRESENTATION_CONTEXT('2D SPACE',''
  ) );
#557 = PCURVE('',#558,#563);
#558 = PLANE('',#559);
#559 = AXIS2_PLACEMENT_3D('',#560,#561,#562);
#560 = CARTESIAN_POINT('',(12.0856,2.268427339544,12.846060515108));
#561 = DIRECTION('',(0.,-0.824126188622,-0.566406236925));
#562 = DIRECTION('',(0.,-0.566406236925,0.824126188622));
#563 = DEFINITIONAL_REPRESENTATION('',(#564),#568);
#564 = LINE('',#565,#566);
#565 = CARTESIAN_POINT('',(0.,0.));
#566 = VECTOR('',#567,1.);
#567 = DIRECTION('',(1.,0.));
#568 = ( GEOMETRIC_REPRESENTATION_CONTEXT(2) 
PARAMETRIC_REPRESENTATION_CONTEXT() REPRESENTATION_CONTEXT('2D SPACE',''
  ) );
#569 = ORIENTED_EDGE('',*,*,#570,.T.);
#570 = EDGE_CURVE('',#543,#571,#573,.T.);
#571 = VERTEX_POINT('',#572);
#572 = CARTESIAN_POINT('',(12.0856,1.845257342065,13.428504048923));
#573 = SURFACE_CURVE('',#574,(#578,#585),.PCURVE_S1.);
#574 = LINE('',#575,#576);
#575 = CARTESIAN_POINT('',(12.0856,2.064468251152,13.142822830198));
#576 = VECTOR('',#577,1.);
#577 = DIRECTION('',(0.,-0.608761429009,0.793353340291));
#578 = PCURVE('',#126,#579);
#579 = DEFINITIONAL_REPRESENTATION('',(#580),#584);
#580 = LINE('',#581,#582);
#581 = CARTESIAN_POINT('',(4.650497984884,-4.706378634101));
#582 = VECTOR('',#583,1.);
#583 = DIRECTION('',(0.793353340291,0.608761429009));
#584 = ( GEOMETRIC_REPRESENTATION_CONTEXT(2) 
PARAMETRIC_REPRESENTATION_CONTEXT() REPRESENTATION_CONTEXT('2D SPACE',''
  ) );
#585 = PCURVE('',#586,#591);
#586 = PLANE('',#587);
#587 = AXIS2_PLACEMENT_3D('',#588,#589,#590);
#588 = CARTESIAN_POINT('',(12.0856,2.064468251152,13.142822830198));
#589 = DIRECTION('',(0.,-0.793353340291,-0.608761429009));
#590 = DIRECTION('',(0.,-0.608761429009,0.793353340291));
#591 = DEFINITIONAL_REPRESENTATION('',(#592),#596);
#592 = LINE('',#593,#594);
#593 = CARTESIAN_POINT('',(0.,0.));
#594 = VECTOR('',#595,1.);
#595 = DIRECTION('',(1.,0.));
#596 = ( GEOMETRIC_REPRESENTATION_CONTEXT(2) 
PARAMETRIC_REPRESENTATION_CONTEXT() REPRESENTATION_CONTEXT('2D SPACE',''
  ) );
#597 = ORIENTED_EDGE('',*,*,#598,.T.);
#598 = EDGE_CURVE('',#571,#599,#601,.T.);
#599 = VERTEX_POINT('',#600);
#600 = CARTESIAN_POINT('',(12.0856,1.611395454148,13.702321138921));
#601 = SURFACE_CURVE('',#602,(#606,#613),.PCURVE_S1.);
#602 = LINE('',#603,#604);
#603 = CARTESIAN_POINT('',(12.0856,1.845257342065,13.428504048923));
#604 = VECTOR('',#605,1.);
#605 = DIRECTION('',(0.,-0.64944804833,0.7604059656));
#606 = PCURVE('',#126,#607);
#607 = DEFINITIONAL_REPRESENTATION('',(#608),#612);
#608 = LINE('',#609,#610);
#609 = CARTESIAN_POINT('',(4.936179203609,-4.487167725014));
#610 = VECTOR('',#611,1.);
#611 = DIRECTION('',(0.7604059656,0.64944804833));
#612 = ( GEOMETRIC_REPRESENTATION_CONTEXT(2) 
PARAMETRIC_REPRESENTATION_CONTEXT() REPRESENTATION_CONTEXT('2D SPACE',''
  ) );
#613 = PCURVE('',#614,#619);
#614 = PLANE('',#615);
#615 = AXIS2_PLACEMENT_3D('',#616,#617,#618);
#616 = CARTESIAN_POINT('',(12.0856,1.845257342065,13.428504048923));
#617 = DIRECTION('',(0.,-0.7604059656,-0.64944804833));
#618 = DIRECTION('',(0.,-0.64944804833,0.7604059656));
#619 = DEFINITIONAL_REPRESENTATION('',(#620),#624);
#620 = LINE('',#621,#622);
#621 = CARTESIAN_POINT('',(0.,0.));
#622 = VECTOR('',#623,1.);
#623 = DIRECTION('',(1.,0.));
#624 = ( GEOMETRIC_REPRESENTATION_CONTEXT(2) 
PARAMETRIC_REPRESENTATION_CONTEXT() REPRESENTATION_CONTEXT('2D SPACE',''
  ) );
#625 = ORIENTED_EDGE('',*,*,#626,.T.);
#626 = EDGE_CURVE('',#599,#627,#629,.T.);
#627 = VERTEX_POINT('',#628);
#628 = CARTESIAN_POINT('',(12.0856,1.36352358658,13.96352358658));
#629 = SURFACE_CURVE('',#630,(#634,#641),.PCURVE_S1.);
#630 = LINE('',#631,#632);
#631 = CARTESIAN_POINT('',(12.0856,1.611395454148,13.702321138921));
#632 = VECTOR('',#633,1.);
#633 = DIRECTION('',(0.,-0.688354575694,0.725374371012));
#634 = PCURVE('',#126,#635);
#635 = DEFINITIONAL_REPRESENTATION('',(#636),#640);
#636 = LINE('',#637,#638);
#637 = CARTESIAN_POINT('',(5.209996293607,-4.253305837097));
#638 = VECTOR('',#639,1.);
#639 = DIRECTION('',(0.725374371012,0.688354575694));
#640 = ( GEOMETRIC_REPRESENTATION_CONTEXT(2) 
PARAMETRIC_REPRESENTATION_CONTEXT() REPRESENTATION_CONTEXT('2D SPACE',''
  ) );
#641 = PCURVE('',#642,#647);
#642 = PLANE('',#643);
#643 = AXIS2_PLACEMENT_3D('',#644,#645,#646);
#644 = CARTESIAN_POINT('',(12.0856,1.611395454148,13.702321138921));
#645 = DIRECTION('',(0.,-0.725374371012,-0.688354575694));
#646 = DIRECTION('',(0.,-0.688354575694,0.725374371012));
#647 = DEFINITIONAL_REPRESENTATION('',(#648),#652);
#648 = LINE('',#649,#650);
#649 = CARTESIAN_POINT('',(0.,0.));
#650 = VECTOR('',#651,1.);
#651 = DIRECTION('',(1.,0.));
#652 = ( GEOMETRIC_REPRESENTATION_CONTEXT(2) 
PARAMETRIC_REPRESENTATION_CONTEXT() REPRESENTATION_CONTEXT('2D SPACE',''
  ) );
#653 = ORIENTED_EDGE('',*,*,#654,.T.);
#654 = EDGE_CURVE('',#627,#655,#657,.T.);
#655 = VERTEX_POINT('',#656);
#656 = CARTESIAN_POINT('',(12.0856,1.102321138921,14.211395454148));
#657 = SURFACE_CURVE('',#658,(#662,#669),.PCURVE_S1.);
#658 = LINE('',#659,#660);
#659 = CARTESIAN_POINT('',(12.0856,1.36352358658,13.96352358658));
#660 = VECTOR('',#661,1.);
#661 = DIRECTION('',(0.,-0.725374371012,0.688354575694));
#662 = PCURVE('',#126,#663);
#663 = DEFINITIONAL_REPRESENTATION('',(#664),#668);
#664 = LINE('',#665,#666);
#665 = CARTESIAN_POINT('',(5.471198741266,-4.005433969529));
#666 = VECTOR('',#667,1.);
#667 = DIRECTION('',(0.688354575694,0.725374371012));
#668 = ( GEOMETRIC_REPRESENTATION_CONTEXT(2) 
PARAMETRIC_REPRESENTATION_CONTEXT() REPRESENTATION_CONTEXT('2D SPACE',''
  ) );
#669 = PCURVE('',#670,#675);
#670 = PLANE('',#671);
#671 = AXIS2_PLACEMENT_3D('',#672,#673,#674);
#672 = CARTESIAN_POINT('',(12.0856,1.36352358658,13.96352358658));
#673 = DIRECTION('',(0.,-0.688354575694,-0.725374371012));
#674 = DIRECTION('',(0.,-0.725374371012,0.688354575694));
#675 = DEFINITIONAL_REPRESENTATION('',(#676),#680);
#676 = LINE('',#677,#678);
#677 = CARTESIAN_POINT('',(0.,0.));
#678 = VECTOR('',#679,1.);
#679 = DIRECTION('',(1.,0.));
#680 = ( GEOMETRIC_REPRESENTATION_CONTEXT(2) 
PARAMETRIC_REPRESENTATION_CONTEXT() REPRESENTATION_CONTEXT('2D SPACE',''
  ) );
#681 = ORIENTED_EDGE('',*,*,#682,.T.);
#682 = EDGE_CURVE('',#655,#683,#685,.T.);
#683 = VERTEX_POINT('',#684);
#684 = CARTESIAN_POINT('',(12.0856,0.828504048923,14.445257342065));
#685 = SURFACE_CURVE('',#686,(#690,#697),.PCURVE_S1.);
#686 = LINE('',#687,#688);
#687 = CARTESIAN_POINT('',(12.0856,1.102321138921,14.211395454148));
#688 = VECTOR('',#689,1.);
#689 = DIRECTION('',(0.,-0.7604059656,0.64944804833));
#690 = PCURVE('',#126,#691);
#691 = DEFINITIONAL_REPRESENTATION('',(#692),#696);
#692 = LINE('',#693,#694);
#693 = CARTESIAN_POINT('',(5.719070608835,-3.744231521869));
#694 = VECTOR('',#695,1.);
#695 = DIRECTION('',(0.64944804833,0.7604059656));
#696 = ( GEOMETRIC_REPRESENTATION_CONTEXT(2) 
PARAMETRIC_REPRESENTATION_CONTEXT() REPRESENTATION_CONTEXT('2D SPACE',''
  ) );
#697 = PCURVE('',#698,#703);
#698 = PLANE('',#699);
#699 = AXIS2_PLACEMENT_3D('',#700,#701,#702);
#700 = CARTESIAN_POINT('',(12.0856,1.102321138921,14.211395454148));
#701 = DIRECTION('',(0.,-0.64944804833,-0.7604059656));
#702 = DIRECTION('',(0.,-0.7604059656,0.64944804833));
#703 = DEFINITIONAL_REPRESENTATION('',(#704),#708);
#704 = LINE('',#705,#706);
#705 = CARTESIAN_POINT('',(0.,0.));
#706 = VECTOR('',#707,1.);
#707 = DIRECTION('',(1.,0.));
#708 = ( GEOMETRIC_REPRESENTATION_CONTEXT(2) 
PARAMETRIC_REPRESENTATION_CONTEXT() REPRESENTATION_CONTEXT('2D SPACE',''
  ) );
#709 = ORIENTED_EDGE('',*,*,#710,.T.);
#710 = EDGE_CURVE('',#683,#711,#713,.T.);
#711 = VERTEX_POINT('',#712);
#712 = CARTESIAN_POINT('',(12.0856,0.542822830198,14.664468251152));
#713 = SURFACE_CURVE('',#714,(#718,#725),.PCURVE_S1.);
#714 = LINE('',#715,#716);
#715 = CARTESIAN_POINT('',(12.0856,0.828504048923,14.445257342065));
#716 = VECTOR('',#717,1.);
#717 = DIRECTION('',(0.,-0.793353340291,0.608761429009));
#718 = PCURVE('',#126,#719);
#719 = DEFINITIONAL_REPRESENTATION('',(#720),#724);
#720 = LINE('',#721,#722);
#721 = CARTESIAN_POINT('',(5.952932496752,-3.470414431871));
#722 = VECTOR('',#723,1.);
#723 = DIRECTION('',(0.608761429009,0.793353340291));
#724 = ( GEOMETRIC_REPRESENTATION_CONTEXT(2) 
PARAMETRIC_REPRESENTATION_CONTEXT() REPRESENTATION_CONTEXT('2D SPACE',''
  ) );
#725 = PCURVE('',#726,#731);
#726 = PLANE('',#727);
#727 = AXIS2_PLACEMENT_3D('',#728,#729,#730);
#728 = CARTESIAN_POINT('',(12.0856,0.828504048923,14.445257342065));
#729 = DIRECTION('',(0.,-0.608761429009,-0.793353340291));
#730 = DIRECTION('',(0.,-0.793353340291,0.608761429009));
#731 = DEFINITIONAL_REPRESENTATION('',(#732),#736);
#732 = LINE('',#733,#734);
#733 = CARTESIAN_POINT('',(0.,0.));
#734 = VECTOR('',#735,1.);
#735 = DIRECTION('',(1.,0.));
#736 = ( GEOMETRIC_REPRESENTATION_CONTEXT(2) 
PARAMETRIC_REPRESENTATION_CONTEXT() REPRESENTATION_CONTEXT('2D SPACE',''
  ) );
#737 = ORIENTED_EDGE('',*,*,#738,.T.);
#738 = EDGE_CURVE('',#711,#739,#741,.T.);
#739 = VERTEX_POINT('',#740);
#740 = CARTESIAN_POINT('',(12.0856,0.246060515108,14.868427339544));
#741 = SURFACE_CURVE('',#742,(#746,#753),.PCURVE_S1.);
#742 = LINE('',#743,#744);
#743 = CARTESIAN_POINT('',(12.0856,0.542822830198,14.664468251152));
#744 = VECTOR('',#745,1.);
#745 = DIRECTION('',(0.,-0.824126188622,0.566406236925));
#746 = PCURVE('',#126,#747);
#747 = DEFINITIONAL_REPRESENTATION('',(#748),#752);
#748 = LINE('',#749,#750);
#749 = CARTESIAN_POINT('',(6.172143405838,-3.184733213146));
#750 = VECTOR('',#751,1.);
#751 = DIRECTION('',(0.566406236925,0.824126188622));
#752 = ( GEOMETRIC_REPRESENTATION_CONTEXT(2) 
PARAMETRIC_REPRESENTATION_CONTEXT() REPRESENTATION_CONTEXT('2D SPACE',''
  ) );
#753 = PCURVE('',#754,#759);
#754 = PLANE('',#755);
#755 = AXIS2_PLACEMENT_3D('',#756,#757,#758);
#756 = CARTESIAN_POINT('',(12.0856,0.542822830198,14.664468251152));
#757 = DIRECTION('',(0.,-0.566406236925,-0.824126188622));
#758 = DIRECTION('',(0.,-0.824126188622,0.566406236925));
#759 = DEFINITIONAL_REPRESENTATION('',(#760),#764);
#760 = LINE('',#761,#762);
#761 = CARTESIAN_POINT('',(0.,0.));
#762 = VECTOR('',#763,1.);
#763 = DIRECTION('',(1.,0.));
#764 = ( GEOMETRIC_REPRESENTATION_CONTEXT(2) 
PARAMETRIC_REPRESENTATION_CONTEXT() REPRESENTATION_CONTEXT('2D SPACE',''
  ) );
#765 = ORIENTED_EDGE('',*,*,#766,.T.);
#766 = EDGE_CURVE('',#739,#767,#769,.T.);
#767 = VERTEX_POINT('',#768);
#768 = CARTESIAN_POINT('',(12.0856,-6.096949146831E-02,15.056575569556)
  );
#769 = SURFACE_CURVE('',#770,(#774,#781),.PCURVE_S1.);
#770 = LINE('',#771,#772);
#771 = CARTESIAN_POINT('',(12.0856,0.246060515108,14.868427339544));
#772 = VECTOR('',#773,1.);
#773 = DIRECTION('',(0.,-0.852640164354,0.522498564716));
#774 = PCURVE('',#126,#775);
#775 = DEFINITIONAL_REPRESENTATION('',(#776),#780);
#776 = LINE('',#777,#778);
#777 = CARTESIAN_POINT('',(6.37610249423,-2.887970898056));
#778 = VECTOR('',#779,1.);
#779 = DIRECTION('',(0.522498564716,0.852640164354));
#780 = ( GEOMETRIC_REPRESENTATION_CONTEXT(2) 
PARAMETRIC_REPRESENTATION_CONTEXT() REPRESENTATION_CONTEXT('2D SPACE',''
  ) );
#781 = PCURVE('',#782,#787);
#782 = PLANE('',#783);
#783 = AXIS2_PLACEMENT_3D('',#784,#785,#786);
#784 = CARTESIAN_POINT('',(12.0856,0.246060515108,14.868427339544));
#785 = DIRECTION('',(0.,-0.522498564716,-0.852640164354));
#786 = DIRECTION('',(0.,-0.852640164354,0.522498564716));
#787 = DEFINITIONAL_REPRESENTATION('',(#788),#792);
#788 = LINE('',#789,#790);
#789 = CARTESIAN_POINT('',(0.,0.));
#790 = VECTOR('',#791,1.);
#791 = DIRECTION('',(1.,0.));
#792 = ( GEOMETRIC_REPRESENTATION_CONTEXT(2) 
PARAMETRIC_REPRESENTATION_CONTEXT() REPRESENTATION_CONTEXT('2D SPACE',''
  ) );
#793 = ORIENTED_EDGE('',*,*,#794,.T.);
#794 = EDGE_CURVE('',#767,#795,#797,.T.);
#795 = VERTEX_POINT('',#796);
#796 = CARTESIAN_POINT('',(12.0856,-0.377425641624,15.228397239969));
#797 = SURFACE_CURVE('',#798,(#802,#809),.PCURVE_S1.);
#798 = LINE('',#799,#800);
#799 = CARTESIAN_POINT('',(12.0856,-6.096949146831E-02,15.056575569556)
  );
#800 = VECTOR('',#801,1.);
#801 = DIRECTION('',(0.,-0.878817112662,0.47715876026));
#802 = PCURVE('',#126,#803);
#803 = DEFINITIONAL_REPRESENTATION('',(#804),#808);
#804 = LINE('',#805,#806);
#805 = CARTESIAN_POINT('',(6.564250724242,-2.58094089148));
#806 = VECTOR('',#807,1.);
#807 = DIRECTION('',(0.47715876026,0.878817112662));
#808 = ( GEOMETRIC_REPRESENTATION_CONTEXT(2) 
PARAMETRIC_REPRESENTATION_CONTEXT() REPRESENTATION_CONTEXT('2D SPACE',''
  ) );
#809 = PCURVE('',#810,#815);
#810 = PLANE('',#811);
#811 = AXIS2_PLACEMENT_3D('',#812,#813,#814);
#812 = CARTESIAN_POINT('',(12.0856,-6.096949146831E-02,15.056575569556)
  );
#813 = DIRECTION('',(0.,-0.47715876026,-0.878817112662));
#814 = DIRECTION('',(0.,-0.878817112662,0.47715876026));
#815 = DEFINITIONAL_REPRESENTATION('',(#816),#820);
#816 = LINE('',#817,#818);
#817 = CARTESIAN_POINT('',(0.,0.));
#818 = VECTOR('',#819,1.);
#819 = DIRECTION('',(1.,0.));
#820 = ( GEOMETRIC_REPRESENTATION_CONTEXT(2) 
PARAMETRIC_REPRESENTATION_CONTEXT() REPRESENTATION_CONTEXT('2D SPACE',''
  ) );
#821 = ORIENTED_EDGE('',*,*,#822,.T.);
#822 = EDGE_CURVE('',#795,#823,#825,.T.);
#823 = VERTEX_POINT('',#824);
#824 = CARTESIAN_POINT('',(12.0856,-0.702440551049,15.383421399527));
#825 = SURFACE_CURVE('',#826,(#830,#837),.PCURVE_S1.);
#826 = LINE('',#827,#828);
#827 = CARTESIAN_POINT('',(12.0856,-0.377425641624,15.228397239969));
#828 = VECTOR('',#829,1.);
#829 = DIRECTION('',(0.,-0.90258528435,0.430511096808));
#830 = PCURVE('',#126,#831);
#831 = DEFINITIONAL_REPRESENTATION('',(#832),#836);
#832 = LINE('',#833,#834);
#833 = CARTESIAN_POINT('',(6.736072394655,-2.264484741324));
#834 = VECTOR('',#835,1.);
#835 = DIRECTION('',(0.430511096808,0.90258528435));
#836 = ( GEOMETRIC_REPRESENTATION_CONTEXT(2) 
PARAMETRIC_REPRESENTATION_CONTEXT() REPRESENTATION_CONTEXT('2D SPACE',''
  ) );
#837 = PCURVE('',#838,#843);
#838 = PLANE('',#839);
#839 = AXIS2_PLACEMENT_3D('',#840,#841,#842);
#840 = CARTESIAN_POINT('',(12.0856,-0.377425641624,15.228397239969));
#841 = DIRECTION('',(0.,-0.430511096808,-0.90258528435));
#842 = DIRECTION('',(0.,-0.90258528435,0.430511096808));
#843 = DEFINITIONAL_REPRESENTATION('',(#844),#848);
#844 = LINE('',#845,#846);
#845 = CARTESIAN_POINT('',(0.,0.));
#846 = VECTOR('',#847,1.);
#847 = DIRECTION('',(1.,0.));
#848 = ( GEOMETRIC_REPRESENTATION_CONTEXT(2) 
PARAMETRIC_REPRESENTATION_CONTEXT() REPRESENTATION_CONTEXT('2D SPACE',''
  ) );
#849 = ORIENTED_EDGE('',*,*,#850,.T.);
#850 = EDGE_CURVE('',#823,#851,#853,.T.);
#851 = VERTEX_POINT('',#852);
#852 = CARTESIAN_POINT('',(12.0856,-1.035123376468,15.521223137784));
#853 = SURFACE_CURVE('',#854,(#858,#865),.PCURVE_S1.);
#854 = LINE('',#855,#856);
#855 = CARTESIAN_POINT('',(12.0856,-0.702440551049,15.383421399527));
#856 = VECTOR('',#857,1.);
#857 = DIRECTION('',(0.,-0.923879532511,0.382683432365));
#858 = PCURVE('',#126,#859);
#859 = DEFINITIONAL_REPRESENTATION('',(#860),#864);
#860 = LINE('',#861,#862);
#861 = CARTESIAN_POINT('',(6.891096554213,-1.939469831899));
#862 = VECTOR('',#863,1.);
#863 = DIRECTION('',(0.382683432365,0.923879532511));
#864 = ( GEOMETRIC_REPRESENTATION_CONTEXT(2) 
PARAMETRIC_REPRESENTATION_CONTEXT() REPRESENTATION_CONTEXT('2D SPACE',''
  ) );
#865 = PCURVE('',#866,#871);
#866 = PLANE('',#867);
#867 = AXIS2_PLACEMENT_3D('',#868,#869,#870);
#868 = CARTESIAN_POINT('',(12.0856,-0.702440551049,15.383421399527));
#869 = DIRECTION('',(0.,-0.382683432365,-0.923879532511));
#870 = DIRECTION('',(0.,-0.923879532511,0.382683432365));
#871 = DEFINITIONAL_REPRESENTATION('',(#872),#876);
#872 = LINE('',#873,#874);
#873 = CARTESIAN_POINT('',(0.,0.));
#874 = VECTOR('',#875,1.);
#875 = DIRECTION('',(1.,0.));
#876 = ( GEOMETRIC_REPRESENTATION_CONTEXT(2) 
PARAMETRIC_REPRESENTATION_CONTEXT() REPRESENTATION_CONTEXT('2D SPACE',''
  ) );
#877 = ORIENTED_EDGE('',*,*,#878,.T.);
#878 = EDGE_CURVE('',#851,#879,#881,.T.);
#879 = VERTEX_POINT('',#880);
#880 = CARTESIAN_POINT('',(12.0856,-1.37456225738,15.641424749754));
#881 = SURFACE_CURVE('',#882,(#886,#893),.PCURVE_S1.);
#882 = LINE('',#883,#884);
#883 = CARTESIAN_POINT('',(12.0856,-1.035123376468,15.521223137784));
#884 = VECTOR('',#885,1.);
#885 = DIRECTION('',(0.,-0.942641491092,0.333806859234));
#886 = PCURVE('',#126,#887);
#887 = DEFINITIONAL_REPRESENTATION('',(#888),#892);
#888 = LINE('',#889,#890);
#889 = CARTESIAN_POINT('',(7.02889829247,-1.606787006481));
#890 = VECTOR('',#891,1.);
#891 = DIRECTION('',(0.333806859234,0.942641491092));
#892 = ( GEOMETRIC_REPRESENTATION_CONTEXT(2) 
PARAMETRIC_REPRESENTATION_CONTEXT() REPRESENTATION_CONTEXT('2D SPACE',''
  ) );
#893 = PCURVE('',#894,#899);
#894 = PLANE('',#895);
#895 = AXIS2_PLACEMENT_3D('',#896,#897,#898);
#896 = CARTESIAN_POINT('',(12.0856,-1.035123376468,15.521223137784));
#897 = DIRECTION('',(0.,-0.333806859234,-0.942641491092));
#898 = DIRECTION('',(0.,-0.942641491092,0.333806859234));
#899 = DEFINITIONAL_REPRESENTATION('',(#900),#904);
#900 = LINE('',#901,#902);
#901 = CARTESIAN_POINT('',(0.,0.));
#902 = VECTOR('',#903,1.);
#903 = DIRECTION('',(1.,0.));
#904 = ( GEOMETRIC_REPRESENTATION_CONTEXT(2) 
PARAMETRIC_REPRESENTATION_CONTEXT() REPRESENTATION_CONTEXT('2D SPACE',''
  ) );
#905 = ORIENTED_EDGE('',*,*,#906,.T.);
#906 = EDGE_CURVE('',#879,#907,#909,.T.);
#907 = VERTEX_POINT('',#908);
#908 = CARTESIAN_POINT('',(12.0856,-1.719826815407,15.743696771174));
#909 = SURFACE_CURVE('',#910,(#914,#921),.PCURVE_S1.);
#910 = LINE('',#911,#912);
#911 = CARTESIAN_POINT('',(12.0856,-1.37456225738,15.641424749754));
#912 = VECTOR('',#913,1.);
#913 = DIRECTION('',(0.,-0.958819734868,0.284015344704));
#914 = PCURVE('',#126,#915);
#915 = DEFINITIONAL_REPRESENTATION('',(#916),#920);
#916 = LINE('',#917,#918);
#917 = CARTESIAN_POINT('',(7.14909990444,-1.267348125569));
#918 = VECTOR('',#919,1.);
#919 = DIRECTION('',(0.284015344704,0.958819734868));
#920 = ( GEOMETRIC_REPRESENTATION_CONTEXT(2) 
PARAMETRIC_REPRESENTATION_CONTEXT() REPRESENTATION_CONTEXT('2D SPACE',''
  ) );
#921 = PCURVE('',#922,#927);
#922 = PLANE('',#923);
#923 = AXIS2_PLACEMENT_3D('',#924,#925,#926);
#924 = CARTESIAN_POINT('',(12.0856,-1.37456225738,15.641424749754));
#925 = DIRECTION('',(0.,-0.284015344704,-0.958819734868));
#926 = DIRECTION('',(0.,-0.958819734868,0.284015344704));
#927 = DEFINITIONAL_REPRESENTATION('',(#928),#932);
#928 = LINE('',#929,#930);
#929 = CARTESIAN_POINT('',(0.,0.));
#930 = VECTOR('',#931,1.);
#931 = DIRECTION('',(1.,0.));
#932 = ( GEOMETRIC_REPRESENTATION_CONTEXT(2) 
PARAMETRIC_REPRESENTATION_CONTEXT() REPRESENTATION_CONTEXT('2D SPACE',''
  ) );
#933 = ORIENTED_EDGE('',*,*,#934,.T.);
#934 = EDGE_CURVE('',#907,#935,#937,.T.);
#935 = VERTEX_POINT('',#936);
#936 = CARTESIAN_POINT('',(12.0856,-2.069970704395,15.827758881541));
#937 = SURFACE_CURVE('',#938,(#942,#949),.PCURVE_S1.);
#938 = LINE('',#939,#940);
#939 = CARTESIAN_POINT('',(12.0856,-1.719826815407,15.743696771174));
#940 = VECTOR('',#941,1.);
#941 = DIRECTION('',(0.,-0.972369920398,0.233445363856));
#942 = PCURVE('',#126,#943);
#943 = DEFINITIONAL_REPRESENTATION('',(#944),#948);
#944 = LINE('',#945,#946);
#945 = CARTESIAN_POINT('',(7.25137192586,-0.922083567542));
#946 = VECTOR('',#947,1.);
#947 = DIRECTION('',(0.233445363856,0.972369920398));
#948 = ( GEOMETRIC_REPRESENTATION_CONTEXT(2) 
PARAMETRIC_REPRESENTATION_CONTEXT() REPRESENTATION_CONTEXT('2D SPACE',''
  ) );
#949 = PCURVE('',#950,#955);
#950 = PLANE('',#951);
#951 = AXIS2_PLACEMENT_3D('',#952,#953,#954);
#952 = CARTESIAN_POINT('',(12.0856,-1.719826815407,15.743696771174));
#953 = DIRECTION('',(0.,-0.233445363856,-0.972369920398));
#954 = DIRECTION('',(0.,-0.972369920398,0.233445363856));
#955 = DEFINITIONAL_REPRESENTATION('',(#956),#960);
#956 = LINE('',#957,#958);
#957 = CARTESIAN_POINT('',(0.,0.));
#958 = VECTOR('',#959,1.);
#959 = DIRECTION('',(1.,0.));
#960 = ( GEOMETRIC_REPRESENTATION_CONTEXT(2) 
PARAMETRIC_REPRESENTATION_CONTEXT() REPRESENTATION_CONTEXT('2D SPACE',''
  ) );
#961 = ORIENTED_EDGE('',*,*,#962,.T.);
#962 = EDGE_CURVE('',#935,#963,#965,.T.);
#963 = VERTEX_POINT('',#964);
#964 = CARTESIAN_POINT('',(12.0856,-2.424034204282,15.893380672455));
#965 = SURFACE_CURVE('',#966,(#970,#977),.PCURVE_S1.);
#966 = LINE('',#967,#968);
#967 = CARTESIAN_POINT('',(12.0856,-2.069970704395,15.827758881541));
#968 = VECTOR('',#969,1.);
#969 = DIRECTION('',(0.,-0.983254907564,0.182235525492));
#970 = PCURVE('',#126,#971);
#971 = DEFINITIONAL_REPRESENTATION('',(#972),#976);
#972 = LINE('',#973,#974);
#973 = CARTESIAN_POINT('',(7.335434036227,-0.571939678554));
#974 = VECTOR('',#975,1.);
#975 = DIRECTION('',(0.182235525492,0.983254907564));
#976 = ( GEOMETRIC_REPRESENTATION_CONTEXT(2) 
PARAMETRIC_REPRESENTATION_CONTEXT() REPRESENTATION_CONTEXT('2D SPACE',''
  ) );
#977 = PCURVE('',#978,#983);
#978 = PLANE('',#979);
#979 = AXIS2_PLACEMENT_3D('',#980,#981,#982);
#980 = CARTESIAN_POINT('',(12.0856,-2.069970704395,15.827758881541));
#981 = DIRECTION('',(0.,-0.182235525492,-0.983254907564));
#982 = DIRECTION('',(0.,-0.983254907564,0.182235525492));
#983 = DEFINITIONAL_REPRESENTATION('',(#984),#988);
#984 = LINE('',#985,#986);
#985 = CARTESIAN_POINT('',(0.,0.));
#986 = VECTOR('',#987,1.);
#987 = DIRECTION('',(1.,0.));
#988 = ( GEOMETRIC_REPRESENTATION_CONTEXT(2) 
PARAMETRIC_REPRESENTATION_CONTEXT() REPRESENTATION_CONTEXT('2D SPACE',''
  ) );
#989 = ORIENTED_EDGE('',*,*,#990,.T.);
#990 = EDGE_CURVE('',#963,#991,#993,.T.);
#991 = VERTEX_POINT('',#992);
#992 = CARTESIAN_POINT('',(12.0856,-2.781046851625,15.940382279148));
#993 = SURFACE_CURVE('',#994,(#998,#1005),.PCURVE_S1.);
#994 = LINE('',#995,#996);
#995 = CARTESIAN_POINT('',(12.0856,-2.424034204282,15.893380672455));
#996 = VECTOR('',#997,1.);
#997 = DIRECTION('',(0.,-0.991444861374,0.13052619222));
#998 = PCURVE('',#126,#999);
#999 = DEFINITIONAL_REPRESENTATION('',(#1000),#1004);
#1000 = LINE('',#1001,#1002);
#1001 = CARTESIAN_POINT('',(7.401055827142,-0.217876178667));
#1002 = VECTOR('',#1003,1.);
#1003 = DIRECTION('',(0.13052619222,0.991444861374));
#1004 = ( GEOMETRIC_REPRESENTATION_CONTEXT(2) 
PARAMETRIC_REPRESENTATION_CONTEXT() REPRESENTATION_CONTEXT('2D SPACE',''
  ) );
#1005 = PCURVE('',#1006,#1011);
#1006 = PLANE('',#1007);
#1007 = AXIS2_PLACEMENT_3D('',#1008,#1009,#1010);
#1008 = CARTESIAN_POINT('',(12.0856,-2.424034204282,15.893380672455));
#1009 = DIRECTION('',(0.,-0.13052619222,-0.991444861374));
#1010 = DIRECTION('',(0.,-0.991444861374,0.13052619222));
#1011 = DEFINITIONAL_REPRESENTATION('',(#1012),#1016);
#1012 = LINE('',#1013,#1014);
#1013 = CARTESIAN_POINT('',(0.,0.));
#1014 = VECTOR('',#1015,1.);
#1015 = DIRECTION('',(1.,0.));
#1016 = ( GEOMETRIC_REPRESENTATION_CONTEXT(2) 
PARAMETRIC_REPRESENTATION_CONTEXT() REPRESENTATION_CONTEXT('2D SPACE',''
  ) );
#1017 = ORIENTED_EDGE('',*,*,#1018,.T.);
#1018 = EDGE_CURVE('',#991,#1019,#1021,.T.);
#1019 = VERTEX_POINT('',#1020);
#1020 = CARTESIAN_POINT('',(12.0856,-3.140030099575,15.968634873484));
#1021 = SURFACE_CURVE('',#1022,(#1026,#1033),.PCURVE_S1.);
#1022 = LINE('',#1023,#1024);
#1023 = CARTESIAN_POINT('',(12.0856,-2.781046851625,15.940382279148));
#1024 = VECTOR('',#1025,1.);
#1025 = DIRECTION('',(0.,-0.996917333733,7.845909572785E-02));
#1026 = PCURVE('',#126,#1027);
#1027 = DEFINITIONAL_REPRESENTATION('',(#1028),#1032);
#1028 = LINE('',#1029,#1030);
#1029 = CARTESIAN_POINT('',(7.448057433835,0.139136468677));
#1030 = VECTOR('',#1031,1.);
#1031 = DIRECTION('',(7.845909572785E-02,0.996917333733));
#1032 = ( GEOMETRIC_REPRESENTATION_CONTEXT(2) 
PARAMETRIC_REPRESENTATION_CONTEXT() REPRESENTATION_CONTEXT('2D SPACE',''
  ) );
#1033 = PCURVE('',#1034,#1039);
#1034 = PLANE('',#1035);
#1035 = AXIS2_PLACEMENT_3D('',#1036,#1037,#1038);
#1036 = CARTESIAN_POINT('',(12.0856,-2.781046851625,15.940382279148));
#1037 = DIRECTION('',(0.,-7.845909572785E-02,-0.996917333733));
#1038 = DIRECTION('',(0.,-0.996917333733,7.845909572785E-02));
#1039 = DEFINITIONAL_REPRESENTATION('',(#1040),#1044);
#1040 = LINE('',#1041,#1042);
#1041 = CARTESIAN_POINT('',(0.,0.));
#1042 = VECTOR('',#1043,1.);
#1043 = DIRECTION('',(1.,0.));
#1044 = ( GEOMETRIC_REPRESENTATION_CONTEXT(2) 
PARAMETRIC_REPRESENTATION_CONTEXT() REPRESENTATION_CONTEXT('2D SPACE',''
  ) );
#1045 = ORIENTED_EDGE('',*,*,#1046,.T.);
#1046 = EDGE_CURVE('',#1019,#1047,#1049,.T.);
#1047 = VERTEX_POINT('',#1048);
#1048 = CARTESIAN_POINT('',(12.0856,-3.5,15.978061017063));
#1049 = SURFACE_CURVE('',#1050,(#1054,#1061),.PCURVE_S1.);
#1050 = LINE('',#1051,#1052);
#1051 = CARTESIAN_POINT('',(12.0856,-3.140030099575,15.968634873484));
#1052 = VECTOR('',#1053,1.);
#1053 = DIRECTION('',(0.,-0.999657324976,2.617694830787E-02));
#1054 = PCURVE('',#126,#1055);
#1055 = DEFINITIONAL_REPRESENTATION('',(#1056),#1060);
#1056 = LINE('',#1057,#1058);
#1057 = CARTESIAN_POINT('',(7.47631002817,0.498119716626));
#1058 = VECTOR('',#1059,1.);
#1059 = DIRECTION('',(2.617694830787E-02,0.999657324976));
#1060 = ( GEOMETRIC_REPRESENTATION_CONTEXT(2) 
PARAMETRIC_REPRESENTATION_CONTEXT() REPRESENTATION_CONTEXT('2D SPACE',''
  ) );
#1061 = PCURVE('',#1062,#1067);
#1062 = PLANE('',#1063);
#1063 = AXIS2_PLACEMENT_3D('',#1064,#1065,#1066);
#1064 = CARTESIAN_POINT('',(12.0856,-3.140030099575,15.968634873484));
#1065 = DIRECTION('',(0.,-2.617694830787E-02,-0.999657324976));
#1066 = DIRECTION('',(0.,-0.999657324976,2.617694830787E-02));
#1067 = DEFINITIONAL_REPRESENTATION('',(#1068),#1072);
#1068 = LINE('',#1069,#1070);
#1069 = CARTESIAN_POINT('',(0.,0.));
#1070 = VECTOR('',#1071,1.);
#1071 = DIRECTION('',(1.,0.));
#1072 = ( GEOMETRIC_REPRESENTATION_CONTEXT(2) 
PARAMETRIC_REPRESENTATION_CONTEXT() REPRESENTATION_CONTEXT('2D SPACE',''
  ) );
#1073 = ORIENTED_EDGE('',*,*,#1074,.T.);
#1074 = EDGE_CURVE('',#1047,#1075,#1077,.T.);
#1075 = VERTEX_POINT('',#1076);
#1076 = CARTESIAN_POINT('',(12.0856,-3.859969900425,15.968634873484));
#1077 = SURFACE_CURVE('',#1078,(#1082,#1089),.PCURVE_S1.);
#1078 = LINE('',#1079,#1080);
#1079 = CARTESIAN_POINT('',(12.0856,-3.5,15.978061017063));
#1080 = VECTOR('',#1081,1.);
#1081 = DIRECTION('',(0.,-0.999657324976,-2.617694830787E-02));
#1082 = PCURVE('',#126,#1083);
#1083 = DEFINITIONAL_REPRESENTATION('',(#1084),#1088);
#1084 = LINE('',#1085,#1086);
#1085 = CARTESIAN_POINT('',(7.485736171749,0.858089617052));
#1086 = VECTOR('',#1087,1.);
#1087 = DIRECTION('',(-2.617694830787E-02,0.999657324976));
#1088 = ( GEOMETRIC_REPRESENTATION_CONTEXT(2) 
PARAMETRIC_REPRESENTATION_CONTEXT() REPRESENTATION_CONTEXT('2D SPACE',''
  ) );
#1089 = PCURVE('',#1090,#1095);
#1090 = PLANE('',#1091);
#1091 = AXIS2_PLACEMENT_3D('',#1092,#1093,#1094);
#1092 = CARTESIAN_POINT('',(12.0856,-3.5,15.978061017063));
#1093 = DIRECTION('',(0.,2.617694830787E-02,-0.999657324976));
#1094 = DIRECTION('',(0.,-0.999657324976,-2.617694830787E-02));
#1095 = DEFINITIONAL_REPRESENTATION('',(#1096),#1100);
#1096 = LINE('',#1097,#1098);
#1097 = CARTESIAN_POINT('',(0.,0.));
#1098 = VECTOR('',#1099,1.);
#1099 = DIRECTION('',(1.,0.));
#1100 = ( GEOMETRIC_REPRESENTATION_CONTEXT(2) 
PARAMETRIC_REPRESENTATION_CONTEXT() REPRESENTATION_CONTEXT('2D SPACE',''
  ) );
#1101 = ORIENTED_EDGE('',*,*,#1102,.T.);
#1102 = EDGE_CURVE('',#1075,#1103,#1105,.T.);
#1103 = VERTEX_POINT('',#1104);
#1104 = CARTESIAN_POINT('',(12.0856,-4.218953148375,15.940382279149));
#1105 = SURFACE_CURVE('',#1106,(#1110,#1117),.PCURVE_S1.);
#1106 = LINE('',#1107,#1108);
#1107 = CARTESIAN_POINT('',(12.0856,-3.859969900425,15.968634873484));
#1108 = VECTOR('',#1109,1.);
#1109 = DIRECTION('',(0.,-0.996917333733,-7.845909572785E-02));
#1110 = PCURVE('',#126,#1111);
#1111 = DEFINITIONAL_REPRESENTATION('',(#1112),#1116);
#1112 = LINE('',#1113,#1114);
#1113 = CARTESIAN_POINT('',(7.47631002817,1.218059517477));
#1114 = VECTOR('',#1115,1.);
#1115 = DIRECTION('',(-7.845909572785E-02,0.996917333733));
#1116 = ( GEOMETRIC_REPRESENTATION_CONTEXT(2) 
PARAMETRIC_REPRESENTATION_CONTEXT() REPRESENTATION_CONTEXT('2D SPACE',''
  ) );
#1117 = PCURVE('',#1118,#1123);
#1118 = PLANE('',#1119);
#1119 = AXIS2_PLACEMENT_3D('',#1120,#1121,#1122);
#1120 = CARTESIAN_POINT('',(12.0856,-3.859969900425,15.968634873484));
#1121 = DIRECTION('',(0.,7.845909572785E-02,-0.996917333733));
#1122 = DIRECTION('',(0.,-0.996917333733,-7.845909572785E-02));
#1123 = DEFINITIONAL_REPRESENTATION('',(#1124),#1128);
#1124 = LINE('',#1125,#1126);
#1125 = CARTESIAN_POINT('',(0.,0.));
#1126 = VECTOR('',#1127,1.);
#1127 = DIRECTION('',(1.,0.));
#1128 = ( GEOMETRIC_REPRESENTATION_CONTEXT(2) 
PARAMETRIC_REPRESENTATION_CONTEXT() REPRESENTATION_CONTEXT('2D SPACE',''
  ) );
#1129 = ORIENTED_EDGE('',*,*,#1130,.T.);
#1130 = EDGE_CURVE('',#1103,#1131,#1133,.T.);
#1131 = VERTEX_POINT('',#1132);
#1132 = CARTESIAN_POINT('',(12.0856,-4.575965795718,15.893380672455));
#1133 = SURFACE_CURVE('',#1134,(#1138,#1145),.PCURVE_S1.);
#1134 = LINE('',#1135,#1136);
#1135 = CARTESIAN_POINT('',(12.0856,-4.218953148375,15.940382279149));
#1136 = VECTOR('',#1137,1.);
#1137 = DIRECTION('',(0.,-0.991444861374,-0.13052619222));
#1138 = PCURVE('',#126,#1139);
#1139 = DEFINITIONAL_REPRESENTATION('',(#1140),#1144);
#1140 = LINE('',#1141,#1142);
#1141 = CARTESIAN_POINT('',(7.448057433835,1.577042765426));
#1142 = VECTOR('',#1143,1.);
#1143 = DIRECTION('',(-0.13052619222,0.991444861374));
#1144 = ( GEOMETRIC_REPRESENTATION_CONTEXT(2) 
PARAMETRIC_REPRESENTATION_CONTEXT() REPRESENTATION_CONTEXT('2D SPACE',''
  ) );
#1145 = PCURVE('',#1146,#1151);
#1146 = PLANE('',#1147);
#1147 = AXIS2_PLACEMENT_3D('',#1148,#1149,#1150);
#1148 = CARTESIAN_POINT('',(12.0856,-4.218953148375,15.940382279149));
#1149 = DIRECTION('',(0.,0.13052619222,-0.991444861374));
#1150 = DIRECTION('',(0.,-0.991444861374,-0.13052619222));
#1151 = DEFINITIONAL_REPRESENTATION('',(#1152),#1156);
#1152 = LINE('',#1153,#1154);
#1153 = CARTESIAN_POINT('',(0.,0.));
#1154 = VECTOR('',#1155,1.);
#1155 = DIRECTION('',(1.,0.));
#1156 = ( GEOMETRIC_REPRESENTATION_CONTEXT(2) 
PARAMETRIC_REPRESENTATION_CONTEXT() REPRESENTATION_CONTEXT('2D SPACE',''
  ) );
#1157 = ORIENTED_EDGE('',*,*,#1158,.T.);
#1158 = EDGE_CURVE('',#1131,#1159,#1161,.T.);
#1159 = VERTEX_POINT('',#1160);
#1160 = CARTESIAN_POINT('',(12.0856,-4.930029295605,15.827758881541));
#1161 = SURFACE_CURVE('',#1162,(#1166,#1173),.PCURVE_S1.);
#1162 = LINE('',#1163,#1164);
#1163 = CARTESIAN_POINT('',(12.0856,-4.575965795718,15.893380672455));
#1164 = VECTOR('',#1165,1.);
#1165 = DIRECTION('',(0.,-0.983254907564,-0.182235525492));
#1166 = PCURVE('',#126,#1167);
#1167 = DEFINITIONAL_REPRESENTATION('',(#1168),#1172);
#1168 = LINE('',#1169,#1170);
#1169 = CARTESIAN_POINT('',(7.401055827142,1.93405541277));
#1170 = VECTOR('',#1171,1.);
#1171 = DIRECTION('',(-0.182235525492,0.983254907564));
#1172 = ( GEOMETRIC_REPRESENTATION_CONTEXT(2) 
PARAMETRIC_REPRESENTATION_CONTEXT() REPRESENTATION_CONTEXT('2D SPACE',''
  ) );
#1173 = PCURVE('',#1174,#1179);
#1174 = PLANE('',#1175);
#1175 = AXIS2_PLACEMENT_3D('',#1176,#1177,#1178);
#1176 = CARTESIAN_POINT('',(12.0856,-4.575965795718,15.893380672455));
#1177 = DIRECTION('',(0.,0.182235525492,-0.983254907564));
#1178 = DIRECTION('',(0.,-0.983254907564,-0.182235525492));
#1179 = DEFINITIONAL_REPRESENTATION('',(#1180),#1184);
#1180 = LINE('',#1181,#1182);
#1181 = CARTESIAN_POINT('',(0.,0.));
#1182 = VECTOR('',#1183,1.);
#1183 = DIRECTION('',(1.,0.));
#1184 = ( GEOMETRIC_REPRESENTATION_CONTEXT(2) 
PARAMETRIC_REPRESENTATION_CONTEXT() REPRESENTATION_CONTEXT('2D SPACE',''
  ) );
#1185 = ORIENTED_EDGE('',*,*,#1186,.T.);
#1186 = EDGE_CURVE('',#1159,#1187,#1189,.T.);
#1187 = VERTEX_POINT('',#1188);
#1188 = CARTESIAN_POINT('',(12.0856,-5.280173184593,15.743696771174));
#1189 = SURFACE_CURVE('',#1190,(#1194,#1201),.PCURVE_S1.);
#1190 = LINE('',#1191,#1192);
#1191 = CARTESIAN_POINT('',(12.0856,-4.930029295605,15.827758881541));
#1192 = VECTOR('',#1193,1.);
#1193 = DIRECTION('',(0.,-0.972369920398,-0.233445363856));
#1194 = PCURVE('',#126,#1195);
#1195 = DEFINITIONAL_REPRESENTATION('',(#1196),#1200);
#1196 = LINE('',#1197,#1198);
#1197 = CARTESIAN_POINT('',(7.335434036227,2.288118912657));
#1198 = VECTOR('',#1199,1.);
#1199 = DIRECTION('',(-0.233445363856,0.972369920398));
#1200 = ( GEOMETRIC_REPRESENTATION_CONTEXT(2) 
PARAMETRIC_REPRESENTATION_CONTEXT() REPRESENTATION_CONTEXT('2D SPACE',''
  ) );
#1201 = PCURVE('',#1202,#1207);
#1202 = PLANE('',#1203);
#1203 = AXIS2_PLACEMENT_3D('',#1204,#1205,#1206);
#1204 = CARTESIAN_POINT('',(12.0856,-4.930029295605,15.827758881541));
#1205 = DIRECTION('',(0.,0.233445363856,-0.972369920398));
#1206 = DIRECTION('',(0.,-0.972369920398,-0.233445363856));
#1207 = DEFINITIONAL_REPRESENTATION('',(#1208),#1212);
#1208 = LINE('',#1209,#1210);
#1209 = CARTESIAN_POINT('',(0.,0.));
#1210 = VECTOR('',#1211,1.);
#1211 = DIRECTION('',(1.,0.));
#1212 = ( GEOMETRIC_REPRESENTATION_CONTEXT(2) 
PARAMETRIC_REPRESENTATION_CONTEXT() REPRESENTATION_CONTEXT('2D SPACE',''
  ) );
#1213 = ORIENTED_EDGE('',*,*,#1214,.T.);
#1214 = EDGE_CURVE('',#1187,#1215,#1217,.T.);
#1215 = VERTEX_POINT('',#1216);
#1216 = CARTESIAN_POINT('',(12.0856,-5.62543774262,15.641424749754));
#1217 = SURFACE_CURVE('',#1218,(#1222,#1229),.PCURVE_S1.);
#1218 = LINE('',#1219,#1220);
#1219 = CARTESIAN_POINT('',(12.0856,-5.280173184593,15.743696771174));
#1220 = VECTOR('',#1221,1.);
#1221 = DIRECTION('',(0.,-0.958819734868,-0.284015344704));
#1222 = PCURVE('',#126,#1223);
#1223 = DEFINITIONAL_REPRESENTATION('',(#1224),#1228);
#1224 = LINE('',#1225,#1226);
#1225 = CARTESIAN_POINT('',(7.25137192586,2.638262801645));
#1226 = VECTOR('',#1227,1.);
#1227 = DIRECTION('',(-0.284015344704,0.958819734868));
#1228 = ( GEOMETRIC_REPRESENTATION_CONTEXT(2) 
PARAMETRIC_REPRESENTATION_CONTEXT() REPRESENTATION_CONTEXT('2D SPACE',''
  ) );
#1229 = PCURVE('',#1230,#1235);
#1230 = PLANE('',#1231);
#1231 = AXIS2_PLACEMENT_3D('',#1232,#1233,#1234);
#1232 = CARTESIAN_POINT('',(12.0856,-5.280173184593,15.743696771174));
#1233 = DIRECTION('',(0.,0.284015344704,-0.958819734868));
#1234 = DIRECTION('',(0.,-0.958819734868,-0.284015344704));
#1235 = DEFINITIONAL_REPRESENTATION('',(#1236),#1240);
#1236 = LINE('',#1237,#1238);
#1237 = CARTESIAN_POINT('',(0.,0.));
#1238 = VECTOR('',#1239,1.);
#1239 = DIRECTION('',(1.,0.));
#1240 = ( GEOMETRIC_REPRESENTATION_CONTEXT(2) 
PARAMETRIC_REPRESENTATION_CONTEXT() REPRESENTATION_CONTEXT('2D SPACE',''
  ) );
#1241 = ORIENTED_EDGE('',*,*,#1242,.T.);
#1242 = EDGE_CURVE('',#1215,#1243,#1245,.T.);
#1243 = VERTEX_POINT('',#1244);
#1244 = CARTESIAN_POINT('',(12.0856,-5.964876623532,15.521223137784));
#1245 = SURFACE_CURVE('',#1246,(#1250,#1257),.PCURVE_S1.);
#1246 = LINE('',#1247,#1248);
#1247 = CARTESIAN_POINT('',(12.0856,-5.62543774262,15.641424749754));
#1248 = VECTOR('',#1249,1.);
#1249 = DIRECTION('',(0.,-0.942641491092,-0.333806859234));
#1250 = PCURVE('',#126,#1251);
#1251 = DEFINITIONAL_REPRESENTATION('',(#1252),#1256);
#1252 = LINE('',#1253,#1254);
#1253 = CARTESIAN_POINT('',(7.14909990444,2.983527359672));
#1254 = VECTOR('',#1255,1.);
#1255 = DIRECTION('',(-0.333806859234,0.942641491092));
#1256 = ( GEOMETRIC_REPRESENTATION_CONTEXT(2) 
PARAMETRIC_REPRESENTATION_CONTEXT() REPRESENTATION_CONTEXT('2D SPACE',''
  ) );
#1257 = PCURVE('',#1258,#1263);
#1258 = PLANE('',#1259);
#1259 = AXIS2_PLACEMENT_3D('',#1260,#1261,#1262);
#1260 = CARTESIAN_POINT('',(12.0856,-5.62543774262,15.641424749754));
#1261 = DIRECTION('',(0.,0.333806859234,-0.942641491092));
#1262 = DIRECTION('',(0.,-0.942641491092,-0.333806859234));
#1263 = DEFINITIONAL_REPRESENTATION('',(#1264),#1268);
#1264 = LINE('',#1265,#1266);
#1265 = CARTESIAN_POINT('',(0.,0.));
#1266 = VECTOR('',#1267,1.);
#1267 = DIRECTION('',(1.,0.));
#1268 = ( GEOMETRIC_REPRESENTATION_CONTEXT(2) 
PARAMETRIC_REPRESENTATION_CONTEXT() REPRESENTATION_CONTEXT('2D SPACE',''
  ) );
#1269 = ORIENTED_EDGE('',*,*,#1270,.T.);
#1270 = EDGE_CURVE('',#1243,#1271,#1273,.T.);
#1271 = VERTEX_POINT('',#1272);
#1272 = CARTESIAN_POINT('',(12.0856,-6.297559448951,15.383421399527));
#1273 = SURFACE_CURVE('',#1274,(#1278,#1285),.PCURVE_S1.);
#1274 = LINE('',#1275,#1276);
#1275 = CARTESIAN_POINT('',(12.0856,-5.964876623532,15.521223137784));
#1276 = VECTOR('',#1277,1.);
#1277 = DIRECTION('',(0.,-0.923879532511,-0.382683432365));
#1278 = PCURVE('',#126,#1279);
#1279 = DEFINITIONAL_REPRESENTATION('',(#1280),#1284);
#1280 = LINE('',#1281,#1282);
#1281 = CARTESIAN_POINT('',(7.02889829247,3.322966240584));
#1282 = VECTOR('',#1283,1.);
#1283 = DIRECTION('',(-0.382683432365,0.923879532511));
#1284 = ( GEOMETRIC_REPRESENTATION_CONTEXT(2) 
PARAMETRIC_REPRESENTATION_CONTEXT() REPRESENTATION_CONTEXT('2D SPACE',''
  ) );
#1285 = PCURVE('',#1286,#1291);
#1286 = PLANE('',#1287);
#1287 = AXIS2_PLACEMENT_3D('',#1288,#1289,#1290);
#1288 = CARTESIAN_POINT('',(12.0856,-5.964876623532,15.521223137784));
#1289 = DIRECTION('',(0.,0.382683432365,-0.923879532511));
#1290 = DIRECTION('',(0.,-0.923879532511,-0.382683432365));
#1291 = DEFINITIONAL_REPRESENTATION('',(#1292),#1296);
#1292 = LINE('',#1293,#1294);
#1293 = CARTESIAN_POINT('',(0.,0.));
#1294 = VECTOR('',#1295,1.);
#1295 = DIRECTION('',(1.,0.));
#1296 = ( GEOMETRIC_REPRESENTATION_CONTEXT(2) 
PARAMETRIC_REPRESENTATION_CONTEXT() REPRESENTATION_CONTEXT('2D SPACE',''
  ) );
#1297 = ORIENTED_EDGE('',*,*,#1298,.T.);
#1298 = EDGE_CURVE('',#1271,#1299,#1301,.T.);
#1299 = VERTEX_POINT('',#1300);
#1300 = CARTESIAN_POINT('',(12.0856,-6.622574358376,15.228397239969));
#1301 = SURFACE_CURVE('',#1302,(#1306,#1313),.PCURVE_S1.);
#1302 = LINE('',#1303,#1304);
#1303 = CARTESIAN_POINT('',(12.0856,-6.297559448951,15.383421399527));
#1304 = VECTOR('',#1305,1.);
#1305 = DIRECTION('',(0.,-0.90258528435,-0.430511096808));
#1306 = PCURVE('',#126,#1307);
#1307 = DEFINITIONAL_REPRESENTATION('',(#1308),#1312);
#1308 = LINE('',#1309,#1310);
#1309 = CARTESIAN_POINT('',(6.891096554213,3.655649066002));
#1310 = VECTOR('',#1311,1.);
#1311 = DIRECTION('',(-0.430511096808,0.90258528435));
#1312 = ( GEOMETRIC_REPRESENTATION_CONTEXT(2) 
PARAMETRIC_REPRESENTATION_CONTEXT() REPRESENTATION_CONTEXT('2D SPACE',''
  ) );
#1313 = PCURVE('',#1314,#1319);
#1314 = PLANE('',#1315);
#1315 = AXIS2_PLACEMENT_3D('',#1316,#1317,#1318);
#1316 = CARTESIAN_POINT('',(12.0856,-6.297559448951,15.383421399527));
#1317 = DIRECTION('',(0.,0.430511096808,-0.90258528435));
#1318 = DIRECTION('',(0.,-0.90258528435,-0.430511096808));
#1319 = DEFINITIONAL_REPRESENTATION('',(#1320),#1324);
#1320 = LINE('',#1321,#1322);
#1321 = CARTESIAN_POINT('',(0.,0.));
#1322 = VECTOR('',#1323,1.);
#1323 = DIRECTION('',(1.,0.));
#1324 = ( GEOMETRIC_REPRESENTATION_CONTEXT(2) 
PARAMETRIC_REPRESENTATION_CONTEXT() REPRESENTATION_CONTEXT('2D SPACE',''
  ) );
#1325 = ORIENTED_EDGE('',*,*,#1326,.T.);
#1326 = EDGE_CURVE('',#1299,#1327,#1329,.T.);
#1327 = VERTEX_POINT('',#1328);
#1328 = CARTESIAN_POINT('',(12.0856,-6.939030508532,15.056575569556));
#1329 = SURFACE_CURVE('',#1330,(#1334,#1341),.PCURVE_S1.);
#1330 = LINE('',#1331,#1332);
#1331 = CARTESIAN_POINT('',(12.0856,-6.622574358376,15.228397239969));
#1332 = VECTOR('',#1333,1.);
#1333 = DIRECTION('',(0.,-0.878817112662,-0.47715876026));
#1334 = PCURVE('',#126,#1335);
#1335 = DEFINITIONAL_REPRESENTATION('',(#1336),#1340);
#1336 = LINE('',#1337,#1338);
#1337 = CARTESIAN_POINT('',(6.736072394655,3.980663975427));
#1338 = VECTOR('',#1339,1.);
#1339 = DIRECTION('',(-0.47715876026,0.878817112662));
#1340 = ( GEOMETRIC_REPRESENTATION_CONTEXT(2) 
PARAMETRIC_REPRESENTATION_CONTEXT() REPRESENTATION_CONTEXT('2D SPACE',''
  ) );
#1341 = PCURVE('',#1342,#1347);
#1342 = PLANE('',#1343);
#1343 = AXIS2_PLACEMENT_3D('',#1344,#1345,#1346);
#1344 = CARTESIAN_POINT('',(12.0856,-6.622574358376,15.228397239969));
#1345 = DIRECTION('',(0.,0.47715876026,-0.878817112662));
#1346 = DIRECTION('',(0.,-0.878817112662,-0.47715876026));
#1347 = DEFINITIONAL_REPRESENTATION('',(#1348),#1352);
#1348 = LINE('',#1349,#1350);
#1349 = CARTESIAN_POINT('',(0.,0.));
#1350 = VECTOR('',#1351,1.);
#1351 = DIRECTION('',(1.,0.));
#1352 = ( GEOMETRIC_REPRESENTATION_CONTEXT(2) 
PARAMETRIC_REPRESENTATION_CONTEXT() REPRESENTATION_CONTEXT('2D SPACE',''
  ) );
#1353 = ORIENTED_EDGE('',*,*,#1354,.T.);
#1354 = EDGE_CURVE('',#1327,#1355,#1357,.T.);
#1355 = VERTEX_POINT('',#1356);
#1356 = CARTESIAN_POINT('',(12.0856,-7.246060515108,14.868427339544));
#1357 = SURFACE_CURVE('',#1358,(#1362,#1369),.PCURVE_S1.);
#1358 = LINE('',#1359,#1360);
#1359 = CARTESIAN_POINT('',(12.0856,-6.939030508532,15.056575569556));
#1360 = VECTOR('',#1361,1.);
#1361 = DIRECTION('',(0.,-0.852640164354,-0.522498564716));
#1362 = PCURVE('',#126,#1363);
#1363 = DEFINITIONAL_REPRESENTATION('',(#1364),#1368);
#1364 = LINE('',#1365,#1366);
#1365 = CARTESIAN_POINT('',(6.564250724242,4.297120125583));
#1366 = VECTOR('',#1367,1.);
#1367 = DIRECTION('',(-0.522498564716,0.852640164354));
#1368 = ( GEOMETRIC_REPRESENTATION_CONTEXT(2) 
PARAMETRIC_REPRESENTATION_CONTEXT() REPRESENTATION_CONTEXT('2D SPACE',''
  ) );
#1369 = PCURVE('',#1370,#1375);
#1370 = PLANE('',#1371);
#1371 = AXIS2_PLACEMENT_3D('',#1372,#1373,#1374);
#1372 = CARTESIAN_POINT('',(12.0856,-6.939030508532,15.056575569556));
#1373 = DIRECTION('',(0.,0.522498564716,-0.852640164354));
#1374 = DIRECTION('',(0.,-0.852640164354,-0.522498564716));
#1375 = DEFINITIONAL_REPRESENTATION('',(#1376),#1380);
#1376 = LINE('',#1377,#1378);
#1377 = CARTESIAN_POINT('',(0.,0.));
#1378 = VECTOR('',#1379,1.);
#1379 = DIRECTION('',(1.,0.));
#1380 = ( GEOMETRIC_REPRESENTATION_CONTEXT(2) 
PARAMETRIC_REPRESENTATION_CONTEXT() REPRESENTATION_CONTEXT('2D SPACE',''
  ) );
#1381 = ORIENTED_EDGE('',*,*,#1382,.T.);
#1382 = EDGE_CURVE('',#1355,#1383,#1385,.T.);
#1383 = VERTEX_POINT('',#1384);
#1384 = CARTESIAN_POINT('',(12.0856,-7.542822830198,14.664468251152));
#1385 = SURFACE_CURVE('',#1386,(#1390,#1397),.PCURVE_S1.);
#1386 = LINE('',#1387,#1388);
#1387 = CARTESIAN_POINT('',(12.0856,-7.246060515108,14.868427339544));
#1388 = VECTOR('',#1389,1.);
#1389 = DIRECTION('',(0.,-0.824126188622,-0.566406236925));
#1390 = PCURVE('',#126,#1391);
#1391 = DEFINITIONAL_REPRESENTATION('',(#1392),#1396);
#1392 = LINE('',#1393,#1394);
#1393 = CARTESIAN_POINT('',(6.37610249423,4.604150132159));
#1394 = VECTOR('',#1395,1.);
#1395 = DIRECTION('',(-0.566406236925,0.824126188622));
#1396 = ( GEOMETRIC_REPRESENTATION_CONTEXT(2) 
PARAMETRIC_REPRESENTATION_CONTEXT() REPRESENTATION_CONTEXT('2D SPACE',''
  ) );
#1397 = PCURVE('',#1398,#1403);
#1398 = PLANE('',#1399);
#1399 = AXIS2_PLACEMENT_3D('',#1400,#1401,#1402);
#1400 = CARTESIAN_POINT('',(12.0856,-7.246060515108,14.868427339544));
#1401 = DIRECTION('',(0.,0.566406236925,-0.824126188622));
#1402 = DIRECTION('',(0.,-0.824126188622,-0.566406236925));
#1403 = DEFINITIONAL_REPRESENTATION('',(#1404),#1408);
#1404 = LINE('',#1405,#1406);
#1405 = CARTESIAN_POINT('',(0.,0.));
#1406 = VECTOR('',#1407,1.);
#1407 = DIRECTION('',(1.,0.));
#1408 = ( GEOMETRIC_REPRESENTATION_CONTEXT(2) 
PARAMETRIC_REPRESENTATION_CONTEXT() REPRESENTATION_CONTEXT('2D SPACE',''
  ) );
#1409 = ORIENTED_EDGE('',*,*,#1410,.T.);
#1410 = EDGE_CURVE('',#1383,#1411,#1413,.T.);
#1411 = VERTEX_POINT('',#1412);
#1412 = CARTESIAN_POINT('',(12.0856,-7.828504048923,14.445257342065));
#1413 = SURFACE_CURVE('',#1414,(#1418,#1425),.PCURVE_S1.);
#1414 = LINE('',#1415,#1416);
#1415 = CARTESIAN_POINT('',(12.0856,-7.542822830198,14.664468251152));
#1416 = VECTOR('',#1417,1.);
#1417 = DIRECTION('',(0.,-0.793353340291,-0.608761429009));
#1418 = PCURVE('',#126,#1419);
#1419 = DEFINITIONAL_REPRESENTATION('',(#1420),#1424);
#1420 = LINE('',#1421,#1422);
#1421 = CARTESIAN_POINT('',(6.172143405838,4.900912447249));
#1422 = VECTOR('',#1423,1.);
#1423 = DIRECTION('',(-0.608761429009,0.793353340291));
#1424 = ( GEOMETRIC_REPRESENTATION_CONTEXT(2) 
PARAMETRIC_REPRESENTATION_CONTEXT() REPRESENTATION_CONTEXT('2D SPACE',''
  ) );
#1425 = PCURVE('',#1426,#1431);
#1426 = PLANE('',#1427);
#1427 = AXIS2_PLACEMENT_3D('',#1428,#1429,#1430);
#1428 = CARTESIAN_POINT('',(12.0856,-7.542822830198,14.664468251152));
#1429 = DIRECTION('',(0.,0.608761429009,-0.793353340291));
#1430 = DIRECTION('',(0.,-0.793353340291,-0.608761429009));
#1431 = DEFINITIONAL_REPRESENTATION('',(#1432),#1436);
#1432 = LINE('',#1433,#1434);
#1433 = CARTESIAN_POINT('',(0.,0.));
#1434 = VECTOR('',#1435,1.);
#1435 = DIRECTION('',(1.,0.));
#1436 = ( GEOMETRIC_REPRESENTATION_CONTEXT(2) 
PARAMETRIC_REPRESENTATION_CONTEXT() REPRESENTATION_CONTEXT('2D SPACE',''
  ) );
#1437 = ORIENTED_EDGE('',*,*,#1438,.T.);
#1438 = EDGE_CURVE('',#1411,#1439,#1441,.T.);
#1439 = VERTEX_POINT('',#1440);
#1440 = CARTESIAN_POINT('',(12.0856,-8.102321138921,14.211395454148));
#1441 = SURFACE_CURVE('',#1442,(#1446,#1453),.PCURVE_S1.);
#1442 = LINE('',#1443,#1444);
#1443 = CARTESIAN_POINT('',(12.0856,-7.828504048923,14.445257342065));
#1444 = VECTOR('',#1445,1.);
#1445 = DIRECTION('',(0.,-0.7604059656,-0.64944804833));
#1446 = PCURVE('',#126,#1447);
#1447 = DEFINITIONAL_REPRESENTATION('',(#1448),#1452);
#1448 = LINE('',#1449,#1450);
#1449 = CARTESIAN_POINT('',(5.952932496752,5.186593665975));
#1450 = VECTOR('',#1451,1.);
#1451 = DIRECTION('',(-0.64944804833,0.7604059656));
#1452 = ( GEOMETRIC_REPRESENTATION_CONTEXT(2) 
PARAMETRIC_REPRESENTATION_CONTEXT() REPRESENTATION_CONTEXT('2D SPACE',''
  ) );
#1453 = PCURVE('',#1454,#1459);
#1454 = PLANE('',#1455);
#1455 = AXIS2_PLACEMENT_3D('',#1456,#1457,#1458);
#1456 = CARTESIAN_POINT('',(12.0856,-7.828504048923,14.445257342065));
#1457 = DIRECTION('',(0.,0.64944804833,-0.7604059656));
#1458 = DIRECTION('',(0.,-0.7604059656,-0.64944804833));
#1459 = DEFINITIONAL_REPRESENTATION('',(#1460),#1464);
#1460 = LINE('',#1461,#1462);
#1461 = CARTESIAN_POINT('',(0.,0.));
#1462 = VECTOR('',#1463,1.);
#1463 = DIRECTION('',(1.,0.));
#1464 = ( GEOMETRIC_REPRESENTATION_CONTEXT(2) 
PARAMETRIC_REPRESENTATION_CONTEXT() REPRESENTATION_CONTEXT('2D SPACE',''
  ) );
#1465 = ORIENTED_EDGE('',*,*,#1466,.T.);
#1466 = EDGE_CURVE('',#1439,#1467,#1469,.T.);
#1467 = VERTEX_POINT('',#1468);
#1468 = CARTESIAN_POINT('',(12.0856,-8.36352358658,13.96352358658));
#1469 = SURFACE_CURVE('',#1470,(#1474,#1481),.PCURVE_S1.);
#1470 = LINE('',#1471,#1472);
#1471 = CARTESIAN_POINT('',(12.0856,-8.102321138921,14.211395454148));
#1472 = VECTOR('',#1473,1.);
#1473 = DIRECTION('',(0.,-0.725374371012,-0.688354575694));
#1474 = PCURVE('',#126,#1475);
#1475 = DEFINITIONAL_REPRESENTATION('',(#1476),#1480);
#1476 = LINE('',#1477,#1478);
#1477 = CARTESIAN_POINT('',(5.719070608835,5.460410755972));
#1478 = VECTOR('',#1479,1.);
#1479 = DIRECTION('',(-0.688354575694,0.725374371012));
#1480 = ( GEOMETRIC_REPRESENTATION_CONTEXT(2) 
PARAMETRIC_REPRESENTATION_CONTEXT() REPRESENTATION_CONTEXT('2D SPACE',''
  ) );
#1481 = PCURVE('',#1482,#1487);
#1482 = PLANE('',#1483);
#1483 = AXIS2_PLACEMENT_3D('',#1484,#1485,#1486);
#1484 = CARTESIAN_POINT('',(12.0856,-8.102321138921,14.211395454148));
#1485 = DIRECTION('',(0.,0.688354575694,-0.725374371012));
#1486 = DIRECTION('',(0.,-0.725374371012,-0.688354575694));
#1487 = DEFINITIONAL_REPRESENTATION('',(#1488),#1492);
#1488 = LINE('',#1489,#1490);
#1489 = CARTESIAN_POINT('',(0.,0.));
#1490 = VECTOR('',#1491,1.);
#1491 = DIRECTION('',(1.,0.));
#1492 = ( GEOMETRIC_REPRESENTATION_CONTEXT(2) 
PARAMETRIC_REPRESENTATION_CONTEXT() REPRESENTATION_CONTEXT('2D SPACE',''
  ) );
#1493 = ORIENTED_EDGE('',*,*,#1494,.T.);
#1494 = EDGE_CURVE('',#1467,#1495,#1497,.T.);
#1495 = VERTEX_POINT('',#1496);
#1496 = CARTESIAN_POINT('',(12.0856,-8.611395454148,13.702321138921));
#1497 = SURFACE_CURVE('',#1498,(#1502,#1509),.PCURVE_S1.);
#1498 = LINE('',#1499,#1500);
#1499 = CARTESIAN_POINT('',(12.0856,-8.36352358658,13.96352358658));
#1500 = VECTOR('',#1501,1.);
#1501 = DIRECTION('',(0.,-0.688354575694,-0.725374371012));
#1502 = PCURVE('',#126,#1503);
#1503 = DEFINITIONAL_REPRESENTATION('',(#1504),#1508);
#1504 = LINE('',#1505,#1506);
#1505 = CARTESIAN_POINT('',(5.471198741266,5.721613203632));
#1506 = VECTOR('',#1507,1.);
#1507 = DIRECTION('',(-0.725374371012,0.688354575694));
#1508 = ( GEOMETRIC_REPRESENTATION_CONTEXT(2) 
PARAMETRIC_REPRESENTATION_CONTEXT() REPRESENTATION_CONTEXT('2D SPACE',''
  ) );
#1509 = PCURVE('',#1510,#1515);
#1510 = PLANE('',#1511);
#1511 = AXIS2_PLACEMENT_3D('',#1512,#1513,#1514);
#1512 = CARTESIAN_POINT('',(12.0856,-8.36352358658,13.96352358658));
#1513 = DIRECTION('',(0.,0.725374371012,-0.688354575694));
#1514 = DIRECTION('',(0.,-0.688354575694,-0.725374371012));
#1515 = DEFINITIONAL_REPRESENTATION('',(#1516),#1520);
#1516 = LINE('',#1517,#1518);
#1517 = CARTESIAN_POINT('',(0.,0.));
#1518 = VECTOR('',#1519,1.);
#1519 = DIRECTION('',(1.,0.));
#1520 = ( GEOMETRIC_REPRESENTATION_CONTEXT(2) 
PARAMETRIC_REPRESENTATION_CONTEXT() REPRESENTATION_CONTEXT('2D SPACE',''
  ) );
#1521 = ORIENTED_EDGE('',*,*,#1522,.T.);
#1522 = EDGE_CURVE('',#1495,#1523,#1525,.T.);
#1523 = VERTEX_POINT('',#1524);
#1524 = CARTESIAN_POINT('',(12.0856,-8.845257342065,13.428504048923));
#1525 = SURFACE_CURVE('',#1526,(#1530,#1537),.PCURVE_S1.);
#1526 = LINE('',#1527,#1528);
#1527 = CARTESIAN_POINT('',(12.0856,-8.611395454148,13.702321138921));
#1528 = VECTOR('',#1529,1.);
#1529 = DIRECTION('',(0.,-0.64944804833,-0.7604059656));
#1530 = PCURVE('',#126,#1531);
#1531 = DEFINITIONAL_REPRESENTATION('',(#1532),#1536);
#1532 = LINE('',#1533,#1534);
#1533 = CARTESIAN_POINT('',(5.209996293607,5.9694850712));
#1534 = VECTOR('',#1535,1.);
#1535 = DIRECTION('',(-0.7604059656,0.64944804833));
#1536 = ( GEOMETRIC_REPRESENTATION_CONTEXT(2) 
PARAMETRIC_REPRESENTATION_CONTEXT() REPRESENTATION_CONTEXT('2D SPACE',''
  ) );
#1537 = PCURVE('',#1538,#1543);
#1538 = PLANE('',#1539);
#1539 = AXIS2_PLACEMENT_3D('',#1540,#1541,#1542);
#1540 = CARTESIAN_POINT('',(12.0856,-8.611395454148,13.702321138921));
#1541 = DIRECTION('',(0.,0.7604059656,-0.64944804833));
#1542 = DIRECTION('',(0.,-0.64944804833,-0.7604059656));
#1543 = DEFINITIONAL_REPRESENTATION('',(#1544),#1548);
#1544 = LINE('',#1545,#1546);
#1545 = CARTESIAN_POINT('',(0.,0.));
#1546 = VECTOR('',#1547,1.);
#1547 = DIRECTION('',(1.,0.));
#1548 = ( GEOMETRIC_REPRESENTATION_CONTEXT(2) 
PARAMETRIC_REPRESENTATION_CONTEXT() REPRESENTATION_CONTEXT('2D SPACE',''
  ) );
#1549 = ORIENTED_EDGE('',*,*,#1550,.T.);
#1550 = EDGE_CURVE('',#1523,#1551,#1553,.T.);
#1551 = VERTEX_POINT('',#1552);
#1552 = CARTESIAN_POINT('',(12.0856,-9.064468251152,13.142822830198));
#1553 = SURFACE_CURVE('',#1554,(#1558,#1565),.PCURVE_S1.);
#1554 = LINE('',#1555,#1556);
#1555 = CARTESIAN_POINT('',(12.0856,-8.845257342065,13.428504048923));
#1556 = VECTOR('',#1557,1.);
#1557 = DIRECTION('',(0.,-0.608761429009,-0.793353340291));
#1558 = PCURVE('',#126,#1559);
#1559 = DEFINITIONAL_REPRESENTATION('',(#1560),#1564);
#1560 = LINE('',#1561,#1562);
#1561 = CARTESIAN_POINT('',(4.936179203609,6.203346959117));
#1562 = VECTOR('',#1563,1.);
#1563 = DIRECTION('',(-0.793353340291,0.608761429009));
#1564 = ( GEOMETRIC_REPRESENTATION_CONTEXT(2) 
PARAMETRIC_REPRESENTATION_CONTEXT() REPRESENTATION_CONTEXT('2D SPACE',''
  ) );
#1565 = PCURVE('',#1566,#1571);
#1566 = PLANE('',#1567);
#1567 = AXIS2_PLACEMENT_3D('',#1568,#1569,#1570);
#1568 = CARTESIAN_POINT('',(12.0856,-8.845257342065,13.428504048923));
#1569 = DIRECTION('',(0.,0.793353340291,-0.608761429009));
#1570 = DIRECTION('',(0.,-0.608761429009,-0.793353340291));
#1571 = DEFINITIONAL_REPRESENTATION('',(#1572),#1576);
#1572 = LINE('',#1573,#1574);
#1573 = CARTESIAN_POINT('',(0.,0.));
#1574 = VECTOR('',#1575,1.);
#1575 = DIRECTION('',(1.,0.));
#1576 = ( GEOMETRIC_REPRESENTATION_CONTEXT(2) 
PARAMETRIC_REPRESENTATION_CONTEXT() REPRESENTATION_CONTEXT('2D SPACE',''
  ) );
#1577 = ORIENTED_EDGE('',*,*,#1578,.T.);
#1578 = EDGE_CURVE('',#1551,#1579,#1581,.T.);
#1579 = VERTEX_POINT('',#1580);
#1580 = CARTESIAN_POINT('',(12.0856,-9.268427339544,12.846060515108));
#1581 = SURFACE_CURVE('',#1582,(#1586,#1593),.PCURVE_S1.);
#1582 = LINE('',#1583,#1584);
#1583 = CARTESIAN_POINT('',(12.0856,-9.064468251152,13.142822830198));
#1584 = VECTOR('',#1585,1.);
#1585 = DIRECTION('',(0.,-0.566406236925,-0.824126188622));
#1586 = PCURVE('',#126,#1587);
#1587 = DEFINITIONAL_REPRESENTATION('',(#1588),#1592);
#1588 = LINE('',#1589,#1590);
#1589 = CARTESIAN_POINT('',(4.650497984884,6.422557868204));
#1590 = VECTOR('',#1591,1.);
#1591 = DIRECTION('',(-0.824126188622,0.566406236925));
#1592 = ( GEOMETRIC_REPRESENTATION_CONTEXT(2) 
PARAMETRIC_REPRESENTATION_CONTEXT() REPRESENTATION_CONTEXT('2D SPACE',''
  ) );
#1593 = PCURVE('',#1594,#1599);
#1594 = PLANE('',#1595);
#1595 = AXIS2_PLACEMENT_3D('',#1596,#1597,#1598);
#1596 = CARTESIAN_POINT('',(12.0856,-9.064468251152,13.142822830198));
#1597 = DIRECTION('',(0.,0.824126188622,-0.566406236925));
#1598 = DIRECTION('',(0.,-0.566406236925,-0.824126188622));
#1599 = DEFINITIONAL_REPRESENTATION('',(#1600),#1604);
#1600 = LINE('',#1601,#1602);
#1601 = CARTESIAN_POINT('',(0.,0.));
#1602 = VECTOR('',#1603,1.);
#1603 = DIRECTION('',(1.,0.));
#1604 = ( GEOMETRIC_REPRESENTATION_CONTEXT(2) 
PARAMETRIC_REPRESENTATION_CONTEXT() REPRESENTATION_CONTEXT('2D SPACE',''
  ) );
#1605 = ORIENTED_EDGE('',*,*,#1606,.T.);
#1606 = EDGE_CURVE('',#1579,#1607,#1609,.T.);
#1607 = VERTEX_POINT('',#1608);
#1608 = CARTESIAN_POINT('',(12.0856,-9.456575569556,12.539030508532));
#1609 = SURFACE_CURVE('',#1610,(#1614,#1621),.PCURVE_S1.);
#1610 = LINE('',#1611,#1612);
#1611 = CARTESIAN_POINT('',(12.0856,-9.268427339544,12.846060515108));
#1612 = VECTOR('',#1613,1.);
#1613 = DIRECTION('',(0.,-0.522498564716,-0.852640164354));
#1614 = PCURVE('',#126,#1615);
#1615 = DEFINITIONAL_REPRESENTATION('',(#1616),#1620);
#1616 = LINE('',#1617,#1618);
#1617 = CARTESIAN_POINT('',(4.353735669794,6.626516956595));
#1618 = VECTOR('',#1619,1.);
#1619 = DIRECTION('',(-0.852640164354,0.522498564716));
#1620 = ( GEOMETRIC_REPRESENTATION_CONTEXT(2) 
PARAMETRIC_REPRESENTATION_CONTEXT() REPRESENTATION_CONTEXT('2D SPACE',''
  ) );
#1621 = PCURVE('',#1622,#1627);
#1622 = PLANE('',#1623);
#1623 = AXIS2_PLACEMENT_3D('',#1624,#1625,#1626);
#1624 = CARTESIAN_POINT('',(12.0856,-9.268427339544,12.846060515108));
#1625 = DIRECTION('',(0.,0.852640164354,-0.522498564716));
#1626 = DIRECTION('',(0.,-0.522498564716,-0.852640164354));
#1627 = DEFINITIONAL_REPRESENTATION('',(#1628),#1632);
#1628 = LINE('',#1629,#1630);
#1629 = CARTESIAN_POINT('',(0.,0.));
#1630 = VECTOR('',#1631,1.);
#1631 = DIRECTION('',(1.,0.));
#1632 = ( GEOMETRIC_REPRESENTATION_CONTEXT(2) 
PARAMETRIC_REPRESENTATION_CONTEXT() REPRESENTATION_CONTEXT('2D SPACE',''
  ) );
#1633 = ORIENTED_EDGE('',*,*,#1634,.T.);
#1634 = EDGE_CURVE('',#1607,#1635,#1637,.T.);
#1635 = VERTEX_POINT('',#1636);
#1636 = CARTESIAN_POINT('',(12.0856,-9.628397239969,12.222574358376));
#1637 = SURFACE_CURVE('',#1638,(#1642,#1649),.PCURVE_S1.);
#1638 = LINE('',#1639,#1640);
#1639 = CARTESIAN_POINT('',(12.0856,-9.456575569556,12.539030508532));
#1640 = VECTOR('',#1641,1.);
#1641 = DIRECTION('',(0.,-0.47715876026,-0.878817112662));
#1642 = PCURVE('',#126,#1643);
#1643 = DEFINITIONAL_REPRESENTATION('',(#1644),#1648);
#1644 = LINE('',#1645,#1646);
#1645 = CARTESIAN_POINT('',(4.046705663218,6.814665186608));
#1646 = VECTOR('',#1647,1.);
#1647 = DIRECTION('',(-0.878817112662,0.47715876026));
#1648 = ( GEOMETRIC_REPRESENTATION_CONTEXT(2) 
PARAMETRIC_REPRESENTATION_CONTEXT() REPRESENTATION_CONTEXT('2D SPACE',''
  ) );
#1649 = PCURVE('',#1650,#1655);
#1650 = PLANE('',#1651);
#1651 = AXIS2_PLACEMENT_3D('',#1652,#1653,#1654);
#1652 = CARTESIAN_POINT('',(12.0856,-9.456575569556,12.539030508532));
#1653 = DIRECTION('',(0.,0.878817112662,-0.47715876026));
#1654 = DIRECTION('',(0.,-0.47715876026,-0.878817112662));
#1655 = DEFINITIONAL_REPRESENTATION('',(#1656),#1660);
#1656 = LINE('',#1657,#1658);
#1657 = CARTESIAN_POINT('',(0.,0.));
#1658 = VECTOR('',#1659,1.);
#1659 = DIRECTION('',(1.,0.));
#1660 = ( GEOMETRIC_REPRESENTATION_CONTEXT(2) 
PARAMETRIC_REPRESENTATION_CONTEXT() REPRESENTATION_CONTEXT('2D SPACE',''
  ) );
#1661 = ORIENTED_EDGE('',*,*,#1662,.T.);
#1662 = EDGE_CURVE('',#1635,#1663,#1665,.T.);
#1663 = VERTEX_POINT('',#1664);
#1664 = CARTESIAN_POINT('',(12.0856,-9.783421399527,11.897559448951));
#1665 = SURFACE_CURVE('',#1666,(#1670,#1677),.PCURVE_S1.);
#1666 = LINE('',#1667,#1668);
#1667 = CARTESIAN_POINT('',(12.0856,-9.628397239969,12.222574358376));
#1668 = VECTOR('',#1669,1.);
#1669 = DIRECTION('',(0.,-0.430511096808,-0.90258528435));
#1670 = PCURVE('',#126,#1671);
#1671 = DEFINITIONAL_REPRESENTATION('',(#1672),#1676);
#1672 = LINE('',#1673,#1674);
#1673 = CARTESIAN_POINT('',(3.730249513062,6.986486857021));
#1674 = VECTOR('',#1675,1.);
#1675 = DIRECTION('',(-0.90258528435,0.430511096808));
#1676 = ( GEOMETRIC_REPRESENTATION_CONTEXT(2) 
PARAMETRIC_REPRESENTATION_CONTEXT() REPRESENTATION_CONTEXT('2D SPACE',''
  ) );
#1677 = PCURVE('',#1678,#1683);
#1678 = PLANE('',#1679);
#1679 = AXIS2_PLACEMENT_3D('',#1680,#1681,#1682);
#1680 = CARTESIAN_POINT('',(12.0856,-9.628397239969,12.222574358376));
#1681 = DIRECTION('',(0.,0.90258528435,-0.430511096808));
#1682 = DIRECTION('',(0.,-0.430511096808,-0.90258528435));
#1683 = DEFINITIONAL_REPRESENTATION('',(#1684),#1688);
#1684 = LINE('',#1685,#1686);
#1685 = CARTESIAN_POINT('',(0.,0.));
#1686 = VECTOR('',#1687,1.);
#1687 = DIRECTION('',(1.,0.));
#1688 = ( GEOMETRIC_REPRESENTATION_CONTEXT(2) 
PARAMETRIC_REPRESENTATION_CONTEXT() REPRESENTATION_CONTEXT('2D SPACE',''
  ) );
#1689 = ORIENTED_EDGE('',*,*,#1690,.T.);
#1690 = EDGE_CURVE('',#1663,#1691,#1693,.T.);
#1691 = VERTEX_POINT('',#1692);
#1692 = CARTESIAN_POINT('',(12.0856,-9.921223137784,11.564876623532));
#1693 = SURFACE_CURVE('',#1694,(#1698,#1705),.PCURVE_S1.);
#1694 = LINE('',#1695,#1696);
#1695 = CARTESIAN_POINT('',(12.0856,-9.783421399527,11.897559448951));
#1696 = VECTOR('',#1697,1.);
#1697 = DIRECTION('',(0.,-0.382683432365,-0.923879532511));
#1698 = PCURVE('',#126,#1699);
#1699 = DEFINITIONAL_REPRESENTATION('',(#1700),#1704);
#1700 = LINE('',#1701,#1702);
#1701 = CARTESIAN_POINT('',(3.405234603637,7.141511016578));
#1702 = VECTOR('',#1703,1.);
#1703 = DIRECTION('',(-0.923879532511,0.382683432365));
#1704 = ( GEOMETRIC_REPRESENTATION_CONTEXT(2) 
PARAMETRIC_REPRESENTATION_CONTEXT() REPRESENTATION_CONTEXT('2D SPACE',''
  ) );
#1705 = PCURVE('',#1706,#1711);
#1706 = PLANE('',#1707);
#1707 = AXIS2_PLACEMENT_3D('',#1708,#1709,#1710);
#1708 = CARTESIAN_POINT('',(12.0856,-9.783421399527,11.897559448951));
#1709 = DIRECTION('',(0.,0.923879532511,-0.382683432365));
#1710 = DIRECTION('',(0.,-0.382683432365,-0.923879532511));
#1711 = DEFINITIONAL_REPRESENTATION('',(#1712),#1716);
#1712 = LINE('',#1713,#1714);
#1713 = CARTESIAN_POINT('',(0.,0.));
#1714 = VECTOR('',#1715,1.);
#1715 = DIRECTION('',(1.,0.));
#1716 = ( GEOMETRIC_REPRESENTATION_CONTEXT(2) 
PARAMETRIC_REPRESENTATION_CONTEXT() REPRESENTATION_CONTEXT('2D SPACE',''
  ) );
#1717 = ORIENTED_EDGE('',*,*,#1718,.T.);
#1718 = EDGE_CURVE('',#1691,#1719,#1721,.T.);
#1719 = VERTEX_POINT('',#1720);
#1720 = CARTESIAN_POINT('',(12.0856,-10.04142474975,11.22543774262));
#1721 = SURFACE_CURVE('',#1722,(#1726,#1733),.PCURVE_S1.);
#1722 = LINE('',#1723,#1724);
#1723 = CARTESIAN_POINT('',(12.0856,-9.921223137784,11.564876623532));
#1724 = VECTOR('',#1725,1.);
#1725 = DIRECTION('',(0.,-0.333806859234,-0.942641491092));
#1726 = PCURVE('',#126,#1727);
#1727 = DEFINITIONAL_REPRESENTATION('',(#1728),#1732);
#1728 = LINE('',#1729,#1730);
#1729 = CARTESIAN_POINT('',(3.072551778219,7.279312754835));
#1730 = VECTOR('',#1731,1.);
#1731 = DIRECTION('',(-0.942641491092,0.333806859234));
#1732 = ( GEOMETRIC_REPRESENTATION_CONTEXT(2) 
PARAMETRIC_REPRESENTATION_CONTEXT() REPRESENTATION_CONTEXT('2D SPACE',''
  ) );
#1733 = PCURVE('',#1734,#1739);
#1734 = PLANE('',#1735);
#1735 = AXIS2_PLACEMENT_3D('',#1736,#1737,#1738);
#1736 = CARTESIAN_POINT('',(12.0856,-9.921223137784,11.564876623532));
#1737 = DIRECTION('',(0.,0.942641491092,-0.333806859234));
#1738 = DIRECTION('',(0.,-0.333806859234,-0.942641491092));
#1739 = DEFINITIONAL_REPRESENTATION('',(#1740),#1744);
#1740 = LINE('',#1741,#1742);
#1741 = CARTESIAN_POINT('',(0.,0.));
#1742 = VECTOR('',#1743,1.);
#1743 = DIRECTION('',(1.,0.));
#1744 = ( GEOMETRIC_REPRESENTATION_CONTEXT(2) 
PARAMETRIC_REPRESENTATION_CONTEXT() REPRESENTATION_CONTEXT('2D SPACE',''
  ) );
#1745 = ORIENTED_EDGE('',*,*,#1746,.T.);
#1746 = EDGE_CURVE('',#1719,#1747,#1749,.T.);
#1747 = VERTEX_POINT('',#1748);
#1748 = CARTESIAN_POINT('',(12.0856,-10.14369677117,10.880173184593));
#1749 = SURFACE_CURVE('',#1750,(#1754,#1761),.PCURVE_S1.);
#1750 = LINE('',#1751,#1752);
#1751 = CARTESIAN_POINT('',(12.0856,-10.04142474975,11.22543774262));
#1752 = VECTOR('',#1753,1.);
#1753 = DIRECTION('',(0.,-0.284015344704,-0.958819734868));
#1754 = PCURVE('',#126,#1755);
#1755 = DEFINITIONAL_REPRESENTATION('',(#1756),#1760);
#1756 = LINE('',#1757,#1758);
#1757 = CARTESIAN_POINT('',(2.733112897307,7.399514366805));
#1758 = VECTOR('',#1759,1.);
#1759 = DIRECTION('',(-0.958819734868,0.284015344704));
#1760 = ( GEOMETRIC_REPRESENTATION_CONTEXT(2) 
PARAMETRIC_REPRESENTATION_CONTEXT() REPRESENTATION_CONTEXT('2D SPACE',''
  ) );
#1761 = PCURVE('',#1762,#1767);
#1762 = PLANE('',#1763);
#1763 = AXIS2_PLACEMENT_3D('',#1764,#1765,#1766);
#1764 = CARTESIAN_POINT('',(12.0856,-10.04142474975,11.22543774262));
#1765 = DIRECTION('',(0.,0.958819734868,-0.284015344704));
#1766 = DIRECTION('',(0.,-0.284015344704,-0.958819734868));
#1767 = DEFINITIONAL_REPRESENTATION('',(#1768),#1772);
#1768 = LINE('',#1769,#1770);
#1769 = CARTESIAN_POINT('',(0.,0.));
#1770 = VECTOR('',#1771,1.);
#1771 = DIRECTION('',(1.,0.));
#1772 = ( GEOMETRIC_REPRESENTATION_CONTEXT(2) 
PARAMETRIC_REPRESENTATION_CONTEXT() REPRESENTATION_CONTEXT('2D SPACE',''
  ) );
#1773 = ORIENTED_EDGE('',*,*,#1774,.T.);
#1774 = EDGE_CURVE('',#1747,#1775,#1777,.T.);
#1775 = VERTEX_POINT('',#1776);
#1776 = CARTESIAN_POINT('',(12.0856,-10.22775888154,10.530029295605));
#1777 = SURFACE_CURVE('',#1778,(#1782,#1789),.PCURVE_S1.);
#1778 = LINE('',#1779,#1780);
#1779 = CARTESIAN_POINT('',(12.0856,-10.14369677117,10.880173184593));
#1780 = VECTOR('',#1781,1.);
#1781 = DIRECTION('',(0.,-0.233445363856,-0.972369920398));
#1782 = PCURVE('',#126,#1783);
#1783 = DEFINITIONAL_REPRESENTATION('',(#1784),#1788);
#1784 = LINE('',#1785,#1786);
#1785 = CARTESIAN_POINT('',(2.387848339279,7.501786388225));
#1786 = VECTOR('',#1787,1.);
#1787 = DIRECTION('',(-0.972369920398,0.233445363856));
#1788 = ( GEOMETRIC_REPRESENTATION_CONTEXT(2) 
PARAMETRIC_REPRESENTATION_CONTEXT() REPRESENTATION_CONTEXT('2D SPACE',''
  ) );
#1789 = PCURVE('',#1790,#1795);
#1790 = PLANE('',#1791);
#1791 = AXIS2_PLACEMENT_3D('',#1792,#1793,#1794);
#1792 = CARTESIAN_POINT('',(12.0856,-10.14369677117,10.880173184593));
#1793 = DIRECTION('',(0.,0.972369920398,-0.233445363856));
#1794 = DIRECTION('',(0.,-0.233445363856,-0.972369920398));
#1795 = DEFINITIONAL_REPRESENTATION('',(#1796),#1800);
#1796 = LINE('',#1797,#1798);
#1797 = CARTESIAN_POINT('',(0.,0.));
#1798 = VECTOR('',#1799,1.);
#1799 = DIRECTION('',(1.,0.));
#1800 = ( GEOMETRIC_REPRESENTATION_CONTEXT(2) 
PARAMETRIC_REPRESENTATION_CONTEXT() REPRESENTATION_CONTEXT('2D SPACE',''
  ) );
#1801 = ORIENTED_EDGE('',*,*,#1802,.T.);
#1802 = EDGE_CURVE('',#1775,#1803,#1805,.T.);
#1803 = VERTEX_POINT('',#1804);
#1804 = CARTESIAN_POINT('',(12.0856,-10.29338067245,10.175965795718));
#1805 = SURFACE_CURVE('',#1806,(#1810,#1817),.PCURVE_S1.);
#1806 = LINE('',#1807,#1808);
#1807 = CARTESIAN_POINT('',(12.0856,-10.22775888154,10.530029295605));
#1808 = VECTOR('',#1809,1.);
#1809 = DIRECTION('',(0.,-0.182235525492,-0.983254907564));
#1810 = PCURVE('',#126,#1811);
#1811 = DEFINITIONAL_REPRESENTATION('',(#1812),#1816);
#1812 = LINE('',#1813,#1814);
#1813 = CARTESIAN_POINT('',(2.037704450291,7.585848498593));
#1814 = VECTOR('',#1815,1.);
#1815 = DIRECTION('',(-0.983254907564,0.182235525492));
#1816 = ( GEOMETRIC_REPRESENTATION_CONTEXT(2) 
PARAMETRIC_REPRESENTATION_CONTEXT() REPRESENTATION_CONTEXT('2D SPACE',''
  ) );
#1817 = PCURVE('',#1818,#1823);
#1818 = PLANE('',#1819);
#1819 = AXIS2_PLACEMENT_3D('',#1820,#1821,#1822);
#1820 = CARTESIAN_POINT('',(12.0856,-10.22775888154,10.530029295605));
#1821 = DIRECTION('',(0.,0.983254907564,-0.182235525492));
#1822 = DIRECTION('',(0.,-0.182235525492,-0.983254907564));
#1823 = DEFINITIONAL_REPRESENTATION('',(#1824),#1828);
#1824 = LINE('',#1825,#1826);
#1825 = CARTESIAN_POINT('',(0.,0.));
#1826 = VECTOR('',#1827,1.);
#1827 = DIRECTION('',(1.,0.));
#1828 = ( GEOMETRIC_REPRESENTATION_CONTEXT(2) 
PARAMETRIC_REPRESENTATION_CONTEXT() REPRESENTATION_CONTEXT('2D SPACE',''
  ) );
#1829 = ORIENTED_EDGE('',*,*,#1830,.T.);
#1830 = EDGE_CURVE('',#1803,#1831,#1833,.T.);
#1831 = VERTEX_POINT('',#1832);
#1832 = CARTESIAN_POINT('',(12.0856,-10.34038227914,9.818953148375));
#1833 = SURFACE_CURVE('',#1834,(#1838,#1845),.PCURVE_S1.);
#1834 = LINE('',#1835,#1836);
#1835 = CARTESIAN_POINT('',(12.0856,-10.29338067245,10.175965795718));
#1836 = VECTOR('',#1837,1.);
#1837 = DIRECTION('',(0.,-0.13052619222,-0.991444861374));
#1838 = PCURVE('',#126,#1839);
#1839 = DEFINITIONAL_REPRESENTATION('',(#1840),#1844);
#1840 = LINE('',#1841,#1842);
#1841 = CARTESIAN_POINT('',(1.683640950404,7.651470289507));
#1842 = VECTOR('',#1843,1.);
#1843 = DIRECTION('',(-0.991444861374,0.13052619222));
#1844 = ( GEOMETRIC_REPRESENTATION_CONTEXT(2) 
PARAMETRIC_REPRESENTATION_CONTEXT() REPRESENTATION_CONTEXT('2D SPACE',''
  ) );
#1845 = PCURVE('',#1846,#1851);
#1846 = PLANE('',#1847);
#1847 = AXIS2_PLACEMENT_3D('',#1848,#1849,#1850);
#1848 = CARTESIAN_POINT('',(12.0856,-10.29338067245,10.175965795718));
#1849 = DIRECTION('',(0.,0.991444861374,-0.13052619222));
#1850 = DIRECTION('',(0.,-0.13052619222,-0.991444861374));
#1851 = DEFINITIONAL_REPRESENTATION('',(#1852),#1856);
#1852 = LINE('',#1853,#1854);
#1853 = CARTESIAN_POINT('',(0.,0.));
#1854 = VECTOR('',#1855,1.);
#1855 = DIRECTION('',(1.,0.));
#1856 = ( GEOMETRIC_REPRESENTATION_CONTEXT(2) 
PARAMETRIC_REPRESENTATION_CONTEXT() REPRESENTATION_CONTEXT('2D SPACE',''
  ) );
#1857 = ORIENTED_EDGE('',*,*,#1858,.T.);
#1858 = EDGE_CURVE('',#1831,#1859,#1861,.T.);
#1859 = VERTEX_POINT('',#1860);
#1860 = CARTESIAN_POINT('',(12.0856,-10.36863487348,9.459969900425));
#1861 = SURFACE_CURVE('',#1862,(#1866,#1873),.PCURVE_S1.);
#1862 = LINE('',#1863,#1864);
#1863 = CARTESIAN_POINT('',(12.0856,-10.34038227914,9.818953148375));
#1864 = VECTOR('',#1865,1.);
#1865 = DIRECTION('',(0.,-7.845909572784E-02,-0.996917333733));
#1866 = PCURVE('',#126,#1867);
#1867 = DEFINITIONAL_REPRESENTATION('',(#1868),#1872);
#1868 = LINE('',#1869,#1870);
#1869 = CARTESIAN_POINT('',(1.326628303061,7.6984718962));
#1870 = VECTOR('',#1871,1.);
#1871 = DIRECTION('',(-0.996917333733,7.845909572784E-02));
#1872 = ( GEOMETRIC_REPRESENTATION_CONTEXT(2) 
PARAMETRIC_REPRESENTATION_CONTEXT() REPRESENTATION_CONTEXT('2D SPACE',''
  ) );
#1873 = PCURVE('',#1874,#1879);
#1874 = PLANE('',#1875);
#1875 = AXIS2_PLACEMENT_3D('',#1876,#1877,#1878);
#1876 = CARTESIAN_POINT('',(12.0856,-10.34038227914,9.818953148375));
#1877 = DIRECTION('',(0.,0.996917333733,-7.845909572784E-02));
#1878 = DIRECTION('',(0.,-7.845909572784E-02,-0.996917333733));
#1879 = DEFINITIONAL_REPRESENTATION('',(#1880),#1884);
#1880 = LINE('',#1881,#1882);
#1881 = CARTESIAN_POINT('',(0.,0.));
#1882 = VECTOR('',#1883,1.);
#1883 = DIRECTION('',(1.,0.));
#1884 = ( GEOMETRIC_REPRESENTATION_CONTEXT(2) 
PARAMETRIC_REPRESENTATION_CONTEXT() REPRESENTATION_CONTEXT('2D SPACE',''
  ) );
#1885 = ORIENTED_EDGE('',*,*,#1886,.T.);
#1886 = EDGE_CURVE('',#1859,#1887,#1889,.T.);
#1887 = VERTEX_POINT('',#1888);
#1888 = CARTESIAN_POINT('',(12.0856,-10.37806101706,9.1));
#1889 = SURFACE_CURVE('',#1890,(#1894,#1901),.PCURVE_S1.);
#1890 = LINE('',#1891,#1892);
#1891 = CARTESIAN_POINT('',(12.0856,-10.36863487348,9.459969900425));
#1892 = VECTOR('',#1893,1.);
#1893 = DIRECTION('',(0.,-2.617694830787E-02,-0.999657324976));
#1894 = PCURVE('',#126,#1895);
#1895 = DEFINITIONAL_REPRESENTATION('',(#1896),#1900);
#1896 = LINE('',#1897,#1898);
#1897 = CARTESIAN_POINT('',(0.967645055111,7.726724490535));
#1898 = VECTOR('',#1899,1.);
#1899 = DIRECTION('',(-0.999657324976,2.617694830787E-02));
#1900 = ( GEOMETRIC_REPRESENTATION_CONTEXT(2) 
PARAMETRIC_REPRESENTATION_CONTEXT() REPRESENTATION_CONTEXT('2D SPACE',''
  ) );
#1901 = PCURVE('',#1902,#1907);
#1902 = PLANE('',#1903);
#1903 = AXIS2_PLACEMENT_3D('',#1904,#1905,#1906);
#1904 = CARTESIAN_POINT('',(12.0856,-10.36863487348,9.459969900425));
#1905 = DIRECTION('',(0.,0.999657324976,-2.617694830787E-02));
#1906 = DIRECTION('',(0.,-2.617694830787E-02,-0.999657324976));
#1907 = DEFINITIONAL_REPRESENTATION('',(#1908),#1912);
#1908 = LINE('',#1909,#1910);
#1909 = CARTESIAN_POINT('',(0.,0.));
#1910 = VECTOR('',#1911,1.);
#1911 = DIRECTION('',(1.,0.));
#1912 = ( GEOMETRIC_REPRESENTATION_CONTEXT(2) 
PARAMETRIC_REPRESENTATION_CONTEXT() REPRESENTATION_CONTEXT('2D SPACE',''
  ) );
#1913 = ORIENTED_EDGE('',*,*,#1914,.T.);
#1914 = EDGE_CURVE('',#1887,#1915,#1917,.T.);
#1915 = VERTEX_POINT('',#1916);
#1916 = CARTESIAN_POINT('',(12.0856,-10.36863487348,8.740030099575));
#1917 = SURFACE_CURVE('',#1918,(#1922,#1929),.PCURVE_S1.);
#1918 = LINE('',#1919,#1920);
#1919 = CARTESIAN_POINT('',(12.0856,-10.37806101706,9.1));
#1920 = VECTOR('',#1921,1.);
#1921 = DIRECTION('',(0.,2.617694830787E-02,-0.999657324976));
#1922 = PCURVE('',#126,#1923);
#1923 = DEFINITIONAL_REPRESENTATION('',(#1924),#1928);
#1924 = LINE('',#1925,#1926);
#1925 = CARTESIAN_POINT('',(0.607675154686,7.736150634115));
#1926 = VECTOR('',#1927,1.);
#1927 = DIRECTION('',(-0.999657324976,-2.617694830787E-02));
#1928 = ( GEOMETRIC_REPRESENTATION_CONTEXT(2) 
PARAMETRIC_REPRESENTATION_CONTEXT() REPRESENTATION_CONTEXT('2D SPACE',''
  ) );
#1929 = PCURVE('',#1930,#1935);
#1930 = PLANE('',#1931);
#1931 = AXIS2_PLACEMENT_3D('',#1932,#1933,#1934);
#1932 = CARTESIAN_POINT('',(12.0856,-10.37806101706,9.1));
#1933 = DIRECTION('',(-0.,0.999657324976,2.617694830787E-02));
#1934 = DIRECTION('',(0.,2.617694830787E-02,-0.999657324976));
#1935 = DEFINITIONAL_REPRESENTATION('',(#1936),#1940);
#1936 = LINE('',#1937,#1938);
#1937 = CARTESIAN_POINT('',(0.,0.));
#1938 = VECTOR('',#1939,1.);
#1939 = DIRECTION('',(1.,0.));
#1940 = ( GEOMETRIC_REPRESENTATION_CONTEXT(2) 
PARAMETRIC_REPRESENTATION_CONTEXT() REPRESENTATION_CONTEXT('2D SPACE',''
  ) );
#1941 = ORIENTED_EDGE('',*,*,#1942,.T.);
#1942 = EDGE_CURVE('',#1915,#1943,#1945,.T.);
#1943 = VERTEX_POINT('',#1944);
#1944 = CARTESIAN_POINT('',(12.0856,-10.34038227914,8.381046851625));
#1945 = SURFACE_CURVE('',#1946,(#1950,#1957),.PCURVE_S1.);
#1946 = LINE('',#1947,#1948);
#1947 = CARTESIAN_POINT('',(12.0856,-10.36863487348,8.740030099575));
#1948 = VECTOR('',#1949,1.);
#1949 = DIRECTION('',(0.,7.845909572784E-02,-0.996917333733));
#1950 = PCURVE('',#126,#1951);
#1951 = DEFINITIONAL_REPRESENTATION('',(#1952),#1956);
#1952 = LINE('',#1953,#1954);
#1953 = CARTESIAN_POINT('',(0.247705254261,7.726724490535));
#1954 = VECTOR('',#1955,1.);
#1955 = DIRECTION('',(-0.996917333733,-7.845909572784E-02));
#1956 = ( GEOMETRIC_REPRESENTATION_CONTEXT(2) 
PARAMETRIC_REPRESENTATION_CONTEXT() REPRESENTATION_CONTEXT('2D SPACE',''
  ) );
#1957 = PCURVE('',#1958,#1963);
#1958 = PLANE('',#1959);
#1959 = AXIS2_PLACEMENT_3D('',#1960,#1961,#1962);
#1960 = CARTESIAN_POINT('',(12.0856,-10.36863487348,8.740030099575));
#1961 = DIRECTION('',(-0.,0.996917333733,7.845909572784E-02));
#1962 = DIRECTION('',(0.,7.845909572784E-02,-0.996917333733));
#1963 = DEFINITIONAL_REPRESENTATION('',(#1964),#1968);
#1964 = LINE('',#1965,#1966);
#1965 = CARTESIAN_POINT('',(0.,0.));
#1966 = VECTOR('',#1967,1.);
#1967 = DIRECTION('',(1.,0.));
#1968 = ( GEOMETRIC_REPRESENTATION_CONTEXT(2) 
PARAMETRIC_REPRESENTATION_CONTEXT() REPRESENTATION_CONTEXT('2D SPACE',''
  ) );
#1969 = ORIENTED_EDGE('',*,*,#1970,.T.);
#1970 = EDGE_CURVE('',#1943,#1971,#1973,.T.);
#1971 = VERTEX_POINT('',#1972);
#1972 = CARTESIAN_POINT('',(12.0856,-10.29338067245,8.024034204282));
#1973 = SURFACE_CURVE('',#1974,(#1978,#1985),.PCURVE_S1.);
#1974 = LINE('',#1975,#1976);
#1975 = CARTESIAN_POINT('',(12.0856,-10.34038227914,8.381046851625));
#1976 = VECTOR('',#1977,1.);
#1977 = DIRECTION('',(0.,0.13052619222,-0.991444861374));
#1978 = PCURVE('',#126,#1979);
#1979 = DEFINITIONAL_REPRESENTATION('',(#1980),#1984);
#1980 = LINE('',#1981,#1982);
#1981 = CARTESIAN_POINT('',(-0.111277993689,7.6984718962));
#1982 = VECTOR('',#1983,1.);
#1983 = DIRECTION('',(-0.991444861374,-0.13052619222));
#1984 = ( GEOMETRIC_REPRESENTATION_CONTEXT(2) 
PARAMETRIC_REPRESENTATION_CONTEXT() REPRESENTATION_CONTEXT('2D SPACE',''
  ) );
#1985 = PCURVE('',#1986,#1991);
#1986 = PLANE('',#1987);
#1987 = AXIS2_PLACEMENT_3D('',#1988,#1989,#1990);
#1988 = CARTESIAN_POINT('',(12.0856,-10.34038227914,8.381046851625));
#1989 = DIRECTION('',(-0.,0.991444861374,0.13052619222));
#1990 = DIRECTION('',(0.,0.13052619222,-0.991444861374));
#1991 = DEFINITIONAL_REPRESENTATION('',(#1992),#1996);
#1992 = LINE('',#1993,#1994);
#1993 = CARTESIAN_POINT('',(0.,0.));
#1994 = VECTOR('',#1995,1.);
#1995 = DIRECTION('',(1.,0.));
#1996 = ( GEOMETRIC_REPRESENTATION_CONTEXT(2) 
PARAMETRIC_REPRESENTATION_CONTEXT() REPRESENTATION_CONTEXT('2D SPACE',''
  ) );
#1997 = ORIENTED_EDGE('',*,*,#1998,.T.);
#1998 = EDGE_CURVE('',#1971,#1999,#2001,.T.);
#1999 = VERTEX_POINT('',#2000);
#2000 = CARTESIAN_POINT('',(12.0856,-10.22775888154,7.669970704395));
#2001 = SURFACE_CURVE('',#2002,(#2006,#2013),.PCURVE_S1.);
#2002 = LINE('',#2003,#2004);
#2003 = CARTESIAN_POINT('',(12.0856,-10.29338067245,8.024034204282));
#2004 = VECTOR('',#2005,1.);
#2005 = DIRECTION('',(0.,0.182235525492,-0.983254907564));
#2006 = PCURVE('',#126,#2007);
#2007 = DEFINITIONAL_REPRESENTATION('',(#2008),#2012);
#2008 = LINE('',#2009,#2010);
#2009 = CARTESIAN_POINT('',(-0.468290641032,7.651470289507));
#2010 = VECTOR('',#2011,1.);
#2011 = DIRECTION('',(-0.983254907564,-0.182235525492));
#2012 = ( GEOMETRIC_REPRESENTATION_CONTEXT(2) 
PARAMETRIC_REPRESENTATION_CONTEXT() REPRESENTATION_CONTEXT('2D SPACE',''
  ) );
#2013 = PCURVE('',#2014,#2019);
#2014 = PLANE('',#2015);
#2015 = AXIS2_PLACEMENT_3D('',#2016,#2017,#2018);
#2016 = CARTESIAN_POINT('',(12.0856,-10.29338067245,8.024034204282));
#2017 = DIRECTION('',(-0.,0.983254907564,0.182235525492));
#2018 = DIRECTION('',(0.,0.182235525492,-0.983254907564));
#2019 = DEFINITIONAL_REPRESENTATION('',(#2020),#2024);
#2020 = LINE('',#2021,#2022);
#2021 = CARTESIAN_POINT('',(0.,0.));
#2022 = VECTOR('',#2023,1.);
#2023 = DIRECTION('',(1.,0.));
#2024 = ( GEOMETRIC_REPRESENTATION_CONTEXT(2) 
PARAMETRIC_REPRESENTATION_CONTEXT() REPRESENTATION_CONTEXT('2D SPACE',''
  ) );
#2025 = ORIENTED_EDGE('',*,*,#2026,.T.);
#2026 = EDGE_CURVE('',#1999,#2027,#2029,.T.);
#2027 = VERTEX_POINT('',#2028);
#2028 = CARTESIAN_POINT('',(12.0856,-10.14369677117,7.319826815407));
#2029 = SURFACE_CURVE('',#2030,(#2034,#2041),.PCURVE_S1.);
#2030 = LINE('',#2031,#2032);
#2031 = CARTESIAN_POINT('',(12.0856,-10.22775888154,7.669970704395));
#2032 = VECTOR('',#2033,1.);
#2033 = DIRECTION('',(0.,0.233445363856,-0.972369920398));
#2034 = PCURVE('',#126,#2035);
#2035 = DEFINITIONAL_REPRESENTATION('',(#2036),#2040);
#2036 = LINE('',#2037,#2038);
#2037 = CARTESIAN_POINT('',(-0.822354140919,7.585848498593));
#2038 = VECTOR('',#2039,1.);
#2039 = DIRECTION('',(-0.972369920398,-0.233445363856));
#2040 = ( GEOMETRIC_REPRESENTATION_CONTEXT(2) 
PARAMETRIC_REPRESENTATION_CONTEXT() REPRESENTATION_CONTEXT('2D SPACE',''
  ) );
#2041 = PCURVE('',#2042,#2047);
#2042 = PLANE('',#2043);
#2043 = AXIS2_PLACEMENT_3D('',#2044,#2045,#2046);
#2044 = CARTESIAN_POINT('',(12.0856,-10.22775888154,7.669970704395));
#2045 = DIRECTION('',(-0.,0.972369920398,0.233445363856));
#2046 = DIRECTION('',(0.,0.233445363856,-0.972369920398));
#2047 = DEFINITIONAL_REPRESENTATION('',(#2048),#2052);
#2048 = LINE('',#2049,#2050);
#2049 = CARTESIAN_POINT('',(0.,0.));
#2050 = VECTOR('',#2051,1.);
#2051 = DIRECTION('',(1.,0.));
#2052 = ( GEOMETRIC_REPRESENTATION_CONTEXT(2) 
PARAMETRIC_REPRESENTATION_CONTEXT() REPRESENTATION_CONTEXT('2D SPACE',''
  ) );
#2053 = ORIENTED_EDGE('',*,*,#2054,.T.);
#2054 = EDGE_CURVE('',#2027,#2055,#2057,.T.);
#2055 = VERTEX_POINT('',#2056);
#2056 = CARTESIAN_POINT('',(12.0856,-10.04142474975,6.97456225738));
#2057 = SURFACE_CURVE('',#2058,(#2062,#2069),.PCURVE_S1.);
#2058 = LINE('',#2059,#2060);
#2059 = CARTESIAN_POINT('',(12.0856,-10.14369677117,7.319826815407));
#2060 = VECTOR('',#2061,1.);
#2061 = DIRECTION('',(0.,0.284015344704,-0.958819734868));
#2062 = PCURVE('',#126,#2063);
#2063 = DEFINITIONAL_REPRESENTATION('',(#2064),#2068);
#2064 = LINE('',#2065,#2066);
#2065 = CARTESIAN_POINT('',(-1.172498029907,7.501786388225));
#2066 = VECTOR('',#2067,1.);
#2067 = DIRECTION('',(-0.958819734868,-0.284015344704));
#2068 = ( GEOMETRIC_REPRESENTATION_CONTEXT(2) 
PARAMETRIC_REPRESENTATION_CONTEXT() REPRESENTATION_CONTEXT('2D SPACE',''
  ) );
#2069 = PCURVE('',#2070,#2075);
#2070 = PLANE('',#2071);
#2071 = AXIS2_PLACEMENT_3D('',#2072,#2073,#2074);
#2072 = CARTESIAN_POINT('',(12.0856,-10.14369677117,7.319826815407));
#2073 = DIRECTION('',(-0.,0.958819734868,0.284015344704));
#2074 = DIRECTION('',(0.,0.284015344704,-0.958819734868));
#2075 = DEFINITIONAL_REPRESENTATION('',(#2076),#2080);
#2076 = LINE('',#2077,#2078);
#2077 = CARTESIAN_POINT('',(0.,0.));
#2078 = VECTOR('',#2079,1.);
#2079 = DIRECTION('',(1.,0.));
#2080 = ( GEOMETRIC_REPRESENTATION_CONTEXT(2) 
PARAMETRIC_REPRESENTATION_CONTEXT() REPRESENTATION_CONTEXT('2D SPACE',''
  ) );
#2081 = ORIENTED_EDGE('',*,*,#2082,.T.);
#2082 = EDGE_CURVE('',#2055,#2083,#2085,.T.);
#2083 = VERTEX_POINT('',#2084);
#2084 = CARTESIAN_POINT('',(12.0856,-9.921223137784,6.635123376468));
#2085 = SURFACE_CURVE('',#2086,(#2090,#2097),.PCURVE_S1.);
#2086 = LINE('',#2087,#2088);
#2087 = CARTESIAN_POINT('',(12.0856,-10.04142474975,6.97456225738));
#2088 = VECTOR('',#2089,1.);
#2089 = DIRECTION('',(0.,0.333806859234,-0.942641491092));
#2090 = PCURVE('',#126,#2091);
#2091 = DEFINITIONAL_REPRESENTATION('',(#2092),#2096);
#2092 = LINE('',#2093,#2094);
#2093 = CARTESIAN_POINT('',(-1.517762587934,7.399514366805));
#2094 = VECTOR('',#2095,1.);
#2095 = DIRECTION('',(-0.942641491092,-0.333806859234));
#2096 = ( GEOMETRIC_REPRESENTATION_CONTEXT(2) 
PARAMETRIC_REPRESENTATION_CONTEXT() REPRESENTATION_CONTEXT('2D SPACE',''
  ) );
#2097 = PCURVE('',#2098,#2103);
#2098 = PLANE('',#2099);
#2099 = AXIS2_PLACEMENT_3D('',#2100,#2101,#2102);
#2100 = CARTESIAN_POINT('',(12.0856,-10.04142474975,6.97456225738));
#2101 = DIRECTION('',(-0.,0.942641491092,0.333806859234));
#2102 = DIRECTION('',(0.,0.333806859234,-0.942641491092));
#2103 = DEFINITIONAL_REPRESENTATION('',(#2104),#2108);
#2104 = LINE('',#2105,#2106);
#2105 = CARTESIAN_POINT('',(0.,0.));
#2106 = VECTOR('',#2107,1.);
#2107 = DIRECTION('',(1.,0.));
#2108 = ( GEOMETRIC_REPRESENTATION_CONTEXT(2) 
PARAMETRIC_REPRESENTATION_CONTEXT() REPRESENTATION_CONTEXT('2D SPACE',''
  ) );
#2109 = ORIENTED_EDGE('',*,*,#2110,.T.);
#2110 = EDGE_CURVE('',#2083,#2111,#2113,.T.);
#2111 = VERTEX_POINT('',#2112);
#2112 = CARTESIAN_POINT('',(12.0856,-9.783421399527,6.302440551049));
#2113 = SURFACE_CURVE('',#2114,(#2118,#2125),.PCURVE_S1.);
#2114 = LINE('',#2115,#2116);
#2115 = CARTESIAN_POINT('',(12.0856,-9.921223137784,6.635123376468));
#2116 = VECTOR('',#2117,1.);
#2117 = DIRECTION('',(0.,0.382683432365,-0.923879532511));
#2118 = PCURVE('',#126,#2119);
#2119 = DEFINITIONAL_REPRESENTATION('',(#2120),#2124);
#2120 = LINE('',#2121,#2122);
#2121 = CARTESIAN_POINT('',(-1.857201468846,7.279312754835));
#2122 = VECTOR('',#2123,1.);
#2123 = DIRECTION('',(-0.923879532511,-0.382683432365));
#2124 = ( GEOMETRIC_REPRESENTATION_CONTEXT(2) 
PARAMETRIC_REPRESENTATION_CONTEXT() REPRESENTATION_CONTEXT('2D SPACE',''
  ) );
#2125 = PCURVE('',#2126,#2131);
#2126 = PLANE('',#2127);
#2127 = AXIS2_PLACEMENT_3D('',#2128,#2129,#2130);
#2128 = CARTESIAN_POINT('',(12.0856,-9.921223137784,6.635123376468));
#2129 = DIRECTION('',(-0.,0.923879532511,0.382683432365));
#2130 = DIRECTION('',(0.,0.382683432365,-0.923879532511));
#2131 = DEFINITIONAL_REPRESENTATION('',(#2132),#2136);
#2132 = LINE('',#2133,#2134);
#2133 = CARTESIAN_POINT('',(0.,0.));
#2134 = VECTOR('',#2135,1.);
#2135 = DIRECTION('',(1.,0.));
#2136 = ( GEOMETRIC_REPRESENTATION_CONTEXT(2) 
PARAMETRIC_REPRESENTATION_CONTEXT() REPRESENTATION_CONTEXT('2D SPACE',''
  ) );
#2137 = ORIENTED_EDGE('',*,*,#2138,.T.);
#2138 = EDGE_CURVE('',#2111,#2139,#2141,.T.);
#2139 = VERTEX_POINT('',#2140);
#2140 = CARTESIAN_POINT('',(12.0856,-9.628397239969,5.977425641624));
#2141 = SURFACE_CURVE('',#2142,(#2146,#2153),.PCURVE_S1.);
#2142 = LINE('',#2143,#2144);
#2143 = CARTESIAN_POINT('',(12.0856,-9.783421399527,6.302440551049));
#2144 = VECTOR('',#2145,1.);
#2145 = DIRECTION('',(0.,0.430511096808,-0.90258528435));
#2146 = PCURVE('',#126,#2147);
#2147 = DEFINITIONAL_REPRESENTATION('',(#2148),#2152);
#2148 = LINE('',#2149,#2150);
#2149 = CARTESIAN_POINT('',(-2.189884294265,7.141511016578));
#2150 = VECTOR('',#2151,1.);
#2151 = DIRECTION('',(-0.90258528435,-0.430511096808));
#2152 = ( GEOMETRIC_REPRESENTATION_CONTEXT(2) 
PARAMETRIC_REPRESENTATION_CONTEXT() REPRESENTATION_CONTEXT('2D SPACE',''
  ) );
#2153 = PCURVE('',#2154,#2159);
#2154 = PLANE('',#2155);
#2155 = AXIS2_PLACEMENT_3D('',#2156,#2157,#2158);
#2156 = CARTESIAN_POINT('',(12.0856,-9.783421399527,6.302440551049));
#2157 = DIRECTION('',(-0.,0.90258528435,0.430511096808));
#2158 = DIRECTION('',(0.,0.430511096808,-0.90258528435));
#2159 = DEFINITIONAL_REPRESENTATION('',(#2160),#2164);
#2160 = LINE('',#2161,#2162);
#2161 = CARTESIAN_POINT('',(0.,0.));
#2162 = VECTOR('',#2163,1.);
#2163 = DIRECTION('',(1.,0.));
#2164 = ( GEOMETRIC_REPRESENTATION_CONTEXT(2) 
PARAMETRIC_REPRESENTATION_CONTEXT() REPRESENTATION_CONTEXT('2D SPACE',''
  ) );
#2165 = ORIENTED_EDGE('',*,*,#2166,.T.);
#2166 = EDGE_CURVE('',#2139,#2167,#2169,.T.);
#2167 = VERTEX_POINT('',#2168);
#2168 = CARTESIAN_POINT('',(12.0856,-9.456575569556,5.660969491468));
#2169 = SURFACE_CURVE('',#2170,(#2174,#2181),.PCURVE_S1.);
#2170 = LINE('',#2171,#2172);
#2171 = CARTESIAN_POINT('',(12.0856,-9.628397239969,5.977425641624));
#2172 = VECTOR('',#2173,1.);
#2173 = DIRECTION('',(0.,0.47715876026,-0.878817112662));
#2174 = PCURVE('',#126,#2175);
#2175 = DEFINITIONAL_REPRESENTATION('',(#2176),#2180);
#2176 = LINE('',#2177,#2178);
#2177 = CARTESIAN_POINT('',(-2.51489920369,6.986486857021));
#2178 = VECTOR('',#2179,1.);
#2179 = DIRECTION('',(-0.878817112662,-0.47715876026));
#2180 = ( GEOMETRIC_REPRESENTATION_CONTEXT(2) 
PARAMETRIC_REPRESENTATION_CONTEXT() REPRESENTATION_CONTEXT('2D SPACE',''
  ) );
#2181 = PCURVE('',#2182,#2187);
#2182 = PLANE('',#2183);
#2183 = AXIS2_PLACEMENT_3D('',#2184,#2185,#2186);
#2184 = CARTESIAN_POINT('',(12.0856,-9.628397239969,5.977425641624));
#2185 = DIRECTION('',(-0.,0.878817112662,0.47715876026));
#2186 = DIRECTION('',(0.,0.47715876026,-0.878817112662));
#2187 = DEFINITIONAL_REPRESENTATION('',(#2188),#2192);
#2188 = LINE('',#2189,#2190);
#2189 = CARTESIAN_POINT('',(0.,0.));
#2190 = VECTOR('',#2191,1.);
#2191 = DIRECTION('',(1.,0.));
#2192 = ( GEOMETRIC_REPRESENTATION_CONTEXT(2) 
PARAMETRIC_REPRESENTATION_CONTEXT() REPRESENTATION_CONTEXT('2D SPACE',''
  ) );
#2193 = ORIENTED_EDGE('',*,*,#2194,.T.);
#2194 = EDGE_CURVE('',#2167,#2195,#2197,.T.);
#2195 = VERTEX_POINT('',#2196);
#2196 = CARTESIAN_POINT('',(12.0856,-9.268427339544,5.353939484892));
#2197 = SURFACE_CURVE('',#2198,(#2202,#2209),.PCURVE_S1.);
#2198 = LINE('',#2199,#2200);
#2199 = CARTESIAN_POINT('',(12.0856,-9.456575569556,5.660969491468));
#2200 = VECTOR('',#2201,1.);
#2201 = DIRECTION('',(0.,0.522498564716,-0.852640164354));
#2202 = PCURVE('',#126,#2203);
#2203 = DEFINITIONAL_REPRESENTATION('',(#2204),#2208);
#2204 = LINE('',#2205,#2206);
#2205 = CARTESIAN_POINT('',(-2.831355353846,6.814665186608));
#2206 = VECTOR('',#2207,1.);
#2207 = DIRECTION('',(-0.852640164354,-0.522498564716));
#2208 = ( GEOMETRIC_REPRESENTATION_CONTEXT(2) 
PARAMETRIC_REPRESENTATION_CONTEXT() REPRESENTATION_CONTEXT('2D SPACE',''
  ) );
#2209 = PCURVE('',#2210,#2215);
#2210 = PLANE('',#2211);
#2211 = AXIS2_PLACEMENT_3D('',#2212,#2213,#2214);
#2212 = CARTESIAN_POINT('',(12.0856,-9.456575569556,5.660969491468));
#2213 = DIRECTION('',(-0.,0.852640164354,0.522498564716));
#2214 = DIRECTION('',(0.,0.522498564716,-0.852640164354));
#2215 = DEFINITIONAL_REPRESENTATION('',(#2216),#2220);
#2216 = LINE('',#2217,#2218);
#2217 = CARTESIAN_POINT('',(0.,0.));
#2218 = VECTOR('',#2219,1.);
#2219 = DIRECTION('',(1.,0.));
#2220 = ( GEOMETRIC_REPRESENTATION_CONTEXT(2) 
PARAMETRIC_REPRESENTATION_CONTEXT() REPRESENTATION_CONTEXT('2D SPACE',''
  ) );
#2221 = ORIENTED_EDGE('',*,*,#2222,.T.);
#2222 = EDGE_CURVE('',#2195,#2223,#2225,.T.);
#2223 = VERTEX_POINT('',#2224);
#2224 = CARTESIAN_POINT('',(12.0856,-9.064468251152,5.057177169802));
#2225 = SURFACE_CURVE('',#2226,(#2230,#2237),.PCURVE_S1.);
#2226 = LINE('',#2227,#2228);
#2227 = CARTESIAN_POINT('',(12.0856,-9.268427339544,5.353939484892));
#2228 = VECTOR('',#2229,1.);
#2229 = DIRECTION('',(0.,0.566406236925,-0.824126188622));
#2230 = PCURVE('',#126,#2231);
#2231 = DEFINITIONAL_REPRESENTATION('',(#2232),#2236);
#2232 = LINE('',#2233,#2234);
#2233 = CARTESIAN_POINT('',(-3.138385360422,6.626516956595));
#2234 = VECTOR('',#2235,1.);
#2235 = DIRECTION('',(-0.824126188622,-0.566406236925));
#2236 = ( GEOMETRIC_REPRESENTATION_CONTEXT(2) 
PARAMETRIC_REPRESENTATION_CONTEXT() REPRESENTATION_CONTEXT('2D SPACE',''
  ) );
#2237 = PCURVE('',#2238,#2243);
#2238 = PLANE('',#2239);
#2239 = AXIS2_PLACEMENT_3D('',#2240,#2241,#2242);
#2240 = CARTESIAN_POINT('',(12.0856,-9.268427339544,5.353939484892));
#2241 = DIRECTION('',(-0.,0.824126188622,0.566406236925));
#2242 = DIRECTION('',(0.,0.566406236925,-0.824126188622));
#2243 = DEFINITIONAL_REPRESENTATION('',(#2244),#2248);
#2244 = LINE('',#2245,#2246);
#2245 = CARTESIAN_POINT('',(0.,0.));
#2246 = VECTOR('',#2247,1.);
#2247 = DIRECTION('',(1.,0.));
#2248 = ( GEOMETRIC_REPRESENTATION_CONTEXT(2) 
PARAMETRIC_REPRESENTATION_CONTEXT() REPRESENTATION_CONTEXT('2D SPACE',''
  ) );
#2249 = ORIENTED_EDGE('',*,*,#2250,.T.);
#2250 = EDGE_CURVE('',#2223,#2251,#2253,.T.);
#2251 = VERTEX_POINT('',#2252);
#2252 = CARTESIAN_POINT('',(12.0856,-8.845257342065,4.771495951077));
#2253 = SURFACE_CURVE('',#2254,(#2258,#2265),.PCURVE_S1.);
#2254 = LINE('',#2255,#2256);
#2255 = CARTESIAN_POINT('',(12.0856,-9.064468251152,5.057177169802));
#2256 = VECTOR('',#2257,1.);
#2257 = DIRECTION('',(0.,0.608761429009,-0.793353340291));
#2258 = PCURVE('',#126,#2259);
#2259 = DEFINITIONAL_REPRESENTATION('',(#2260),#2264);
#2260 = LINE('',#2261,#2262);
#2261 = CARTESIAN_POINT('',(-3.435147675512,6.422557868204));
#2262 = VECTOR('',#2263,1.);
#2263 = DIRECTION('',(-0.793353340291,-0.608761429009));
#2264 = ( GEOMETRIC_REPRESENTATION_CONTEXT(2) 
PARAMETRIC_REPRESENTATION_CONTEXT() REPRESENTATION_CONTEXT('2D SPACE',''
  ) );
#2265 = PCURVE('',#2266,#2271);
#2266 = PLANE('',#2267);
#2267 = AXIS2_PLACEMENT_3D('',#2268,#2269,#2270);
#2268 = CARTESIAN_POINT('',(12.0856,-9.064468251152,5.057177169802));
#2269 = DIRECTION('',(-0.,0.793353340291,0.608761429009));
#2270 = DIRECTION('',(0.,0.608761429009,-0.793353340291));
#2271 = DEFINITIONAL_REPRESENTATION('',(#2272),#2276);
#2272 = LINE('',#2273,#2274);
#2273 = CARTESIAN_POINT('',(0.,0.));
#2274 = VECTOR('',#2275,1.);
#2275 = DIRECTION('',(1.,0.));
#2276 = ( GEOMETRIC_REPRESENTATION_CONTEXT(2) 
PARAMETRIC_REPRESENTATION_CONTEXT() REPRESENTATION_CONTEXT('2D SPACE',''
  ) );
#2277 = ORIENTED_EDGE('',*,*,#2278,.T.);
#2278 = EDGE_CURVE('',#2251,#2279,#2281,.T.);
#2279 = VERTEX_POINT('',#2280);
#2280 = CARTESIAN_POINT('',(12.0856,-8.611395454148,4.497678861079));
#2281 = SURFACE_CURVE('',#2282,(#2286,#2293),.PCURVE_S1.);
#2282 = LINE('',#2283,#2284);
#2283 = CARTESIAN_POINT('',(12.0856,-8.845257342065,4.771495951077));
#2284 = VECTOR('',#2285,1.);
#2285 = DIRECTION('',(0.,0.64944804833,-0.7604059656));
#2286 = PCURVE('',#126,#2287);
#2287 = DEFINITIONAL_REPRESENTATION('',(#2288),#2292);
#2288 = LINE('',#2289,#2290);
#2289 = CARTESIAN_POINT('',(-3.720828894237,6.203346959117));
#2290 = VECTOR('',#2291,1.);
#2291 = DIRECTION('',(-0.7604059656,-0.64944804833));
#2292 = ( GEOMETRIC_REPRESENTATION_CONTEXT(2) 
PARAMETRIC_REPRESENTATION_CONTEXT() REPRESENTATION_CONTEXT('2D SPACE',''
  ) );
#2293 = PCURVE('',#2294,#2299);
#2294 = PLANE('',#2295);
#2295 = AXIS2_PLACEMENT_3D('',#2296,#2297,#2298);
#2296 = CARTESIAN_POINT('',(12.0856,-8.845257342065,4.771495951077));
#2297 = DIRECTION('',(-0.,0.7604059656,0.64944804833));
#2298 = DIRECTION('',(0.,0.64944804833,-0.7604059656));
#2299 = DEFINITIONAL_REPRESENTATION('',(#2300),#2304);
#2300 = LINE('',#2301,#2302);
#2301 = CARTESIAN_POINT('',(0.,0.));
#2302 = VECTOR('',#2303,1.);
#2303 = DIRECTION('',(1.,0.));
#2304 = ( GEOMETRIC_REPRESENTATION_CONTEXT(2) 
PARAMETRIC_REPRESENTATION_CONTEXT() REPRESENTATION_CONTEXT('2D SPACE',''
  ) );
#2305 = ORIENTED_EDGE('',*,*,#2306,.T.);
#2306 = EDGE_CURVE('',#2279,#2307,#2309,.T.);
#2307 = VERTEX_POINT('',#2308);
#2308 = CARTESIAN_POINT('',(12.0856,-8.36352358658,4.23647641342));
#2309 = SURFACE_CURVE('',#2310,(#2314,#2321),.PCURVE_S1.);
#2310 = LINE('',#2311,#2312);
#2311 = CARTESIAN_POINT('',(12.0856,-8.611395454148,4.497678861079));
#2312 = VECTOR('',#2313,1.);
#2313 = DIRECTION('',(0.,0.688354575694,-0.725374371012));
#2314 = PCURVE('',#126,#2315);
#2315 = DEFINITIONAL_REPRESENTATION('',(#2316),#2320);
#2316 = LINE('',#2317,#2318);
#2317 = CARTESIAN_POINT('',(-3.994645984235,5.9694850712));
#2318 = VECTOR('',#2319,1.);
#2319 = DIRECTION('',(-0.725374371012,-0.688354575694));
#2320 = ( GEOMETRIC_REPRESENTATION_CONTEXT(2) 
PARAMETRIC_REPRESENTATION_CONTEXT() REPRESENTATION_CONTEXT('2D SPACE',''
  ) );
#2321 = PCURVE('',#2322,#2327);
#2322 = PLANE('',#2323);
#2323 = AXIS2_PLACEMENT_3D('',#2324,#2325,#2326);
#2324 = CARTESIAN_POINT('',(12.0856,-8.611395454148,4.497678861079));
#2325 = DIRECTION('',(-0.,0.725374371012,0.688354575694));
#2326 = DIRECTION('',(0.,0.688354575694,-0.725374371012));
#2327 = DEFINITIONAL_REPRESENTATION('',(#2328),#2332);
#2328 = LINE('',#2329,#2330);
#2329 = CARTESIAN_POINT('',(0.,0.));
#2330 = VECTOR('',#2331,1.);
#2331 = DIRECTION('',(1.,0.));
#2332 = ( GEOMETRIC_REPRESENTATION_CONTEXT(2) 
PARAMETRIC_REPRESENTATION_CONTEXT() REPRESENTATION_CONTEXT('2D SPACE',''
  ) );
#2333 = ORIENTED_EDGE('',*,*,#2334,.T.);
#2334 = EDGE_CURVE('',#2307,#2335,#2337,.T.);
#2335 = VERTEX_POINT('',#2336);
#2336 = CARTESIAN_POINT('',(12.0856,-8.102321138921,3.988604545852));
#2337 = SURFACE_CURVE('',#2338,(#2342,#2349),.PCURVE_S1.);
#2338 = LINE('',#2339,#2340);
#2339 = CARTESIAN_POINT('',(12.0856,-8.36352358658,4.23647641342));
#2340 = VECTOR('',#2341,1.);
#2341 = DIRECTION('',(0.,0.725374371012,-0.688354575694));
#2342 = PCURVE('',#126,#2343);
#2343 = DEFINITIONAL_REPRESENTATION('',(#2344),#2348);
#2344 = LINE('',#2345,#2346);
#2345 = CARTESIAN_POINT('',(-4.255848431894,5.721613203632));
#2346 = VECTOR('',#2347,1.);
#2347 = DIRECTION('',(-0.688354575694,-0.725374371012));
#2348 = ( GEOMETRIC_REPRESENTATION_CONTEXT(2) 
PARAMETRIC_REPRESENTATION_CONTEXT() REPRESENTATION_CONTEXT('2D SPACE',''
  ) );
#2349 = PCURVE('',#2350,#2355);
#2350 = PLANE('',#2351);
#2351 = AXIS2_PLACEMENT_3D('',#2352,#2353,#2354);
#2352 = CARTESIAN_POINT('',(12.0856,-8.36352358658,4.23647641342));
#2353 = DIRECTION('',(-0.,0.688354575694,0.725374371012));
#2354 = DIRECTION('',(0.,0.725374371012,-0.688354575694));
#2355 = DEFINITIONAL_REPRESENTATION('',(#2356),#2360);
#2356 = LINE('',#2357,#2358);
#2357 = CARTESIAN_POINT('',(0.,0.));
#2358 = VECTOR('',#2359,1.);
#2359 = DIRECTION('',(1.,0.));
#2360 = ( GEOMETRIC_REPRESENTATION_CONTEXT(2) 
PARAMETRIC_REPRESENTATION_CONTEXT() REPRESENTATION_CONTEXT('2D SPACE',''
  ) );
#2361 = ORIENTED_EDGE('',*,*,#2362,.T.);
#2362 = EDGE_CURVE('',#2335,#2363,#2365,.T.);
#2363 = VERTEX_POINT('',#2364);
#2364 = CARTESIAN_POINT('',(12.0856,-7.828504048923,3.754742657935));
#2365 = SURFACE_CURVE('',#2366,(#2370,#2377),.PCURVE_S1.);
#2366 = LINE('',#2367,#2368);
#2367 = CARTESIAN_POINT('',(12.0856,-8.102321138921,3.988604545852));
#2368 = VECTOR('',#2369,1.);
#2369 = DIRECTION('',(0.,0.7604059656,-0.64944804833));
#2370 = PCURVE('',#126,#2371);
#2371 = DEFINITIONAL_REPRESENTATION('',(#2372),#2376);
#2372 = LINE('',#2373,#2374);
#2373 = CARTESIAN_POINT('',(-4.503720299462,5.460410755972));
#2374 = VECTOR('',#2375,1.);
#2375 = DIRECTION('',(-0.64944804833,-0.7604059656));
#2376 = ( GEOMETRIC_REPRESENTATION_CONTEXT(2) 
PARAMETRIC_REPRESENTATION_CONTEXT() REPRESENTATION_CONTEXT('2D SPACE',''
  ) );
#2377 = PCURVE('',#2378,#2383);
#2378 = PLANE('',#2379);
#2379 = AXIS2_PLACEMENT_3D('',#2380,#2381,#2382);
#2380 = CARTESIAN_POINT('',(12.0856,-8.102321138921,3.988604545852));
#2381 = DIRECTION('',(-0.,0.64944804833,0.7604059656));
#2382 = DIRECTION('',(0.,0.7604059656,-0.64944804833));
#2383 = DEFINITIONAL_REPRESENTATION('',(#2384),#2388);
#2384 = LINE('',#2385,#2386);
#2385 = CARTESIAN_POINT('',(0.,0.));
#2386 = VECTOR('',#2387,1.);
#2387 = DIRECTION('',(1.,0.));
#2388 = ( GEOMETRIC_REPRESENTATION_CONTEXT(2) 
PARAMETRIC_REPRESENTATION_CONTEXT() REPRESENTATION_CONTEXT('2D SPACE',''
  ) );
#2389 = ORIENTED_EDGE('',*,*,#2390,.T.);
#2390 = EDGE_CURVE('',#2363,#2391,#2393,.T.);
#2391 = VERTEX_POINT('',#2392);
#2392 = CARTESIAN_POINT('',(12.0856,-7.542822830198,3.535531748848));
#2393 = SURFACE_CURVE('',#2394,(#2398,#2405),.PCURVE_S1.);
#2394 = LINE('',#2395,#2396);
#2395 = CARTESIAN_POINT('',(12.0856,-7.828504048923,3.754742657935));
#2396 = VECTOR('',#2397,1.);
#2397 = DIRECTION('',(0.,0.793353340291,-0.608761429009));
#2398 = PCURVE('',#126,#2399);
#2399 = DEFINITIONAL_REPRESENTATION('',(#2400),#2404);
#2400 = LINE('',#2401,#2402);
#2401 = CARTESIAN_POINT('',(-4.737582187379,5.186593665975));
#2402 = VECTOR('',#2403,1.);
#2403 = DIRECTION('',(-0.608761429009,-0.793353340291));
#2404 = ( GEOMETRIC_REPRESENTATION_CONTEXT(2) 
PARAMETRIC_REPRESENTATION_CONTEXT() REPRESENTATION_CONTEXT('2D SPACE',''
  ) );
#2405 = PCURVE('',#2406,#2411);
#2406 = PLANE('',#2407);
#2407 = AXIS2_PLACEMENT_3D('',#2408,#2409,#2410);
#2408 = CARTESIAN_POINT('',(12.0856,-7.828504048923,3.754742657935));
#2409 = DIRECTION('',(-0.,0.608761429009,0.793353340291));
#2410 = DIRECTION('',(0.,0.793353340291,-0.608761429009));
#2411 = DEFINITIONAL_REPRESENTATION('',(#2412),#2416);
#2412 = LINE('',#2413,#2414);
#2413 = CARTESIAN_POINT('',(0.,0.));
#2414 = VECTOR('',#2415,1.);
#2415 = DIRECTION('',(1.,0.));
#2416 = ( GEOMETRIC_REPRESENTATION_CONTEXT(2) 
PARAMETRIC_REPRESENTATION_CONTEXT() REPRESENTATION_CONTEXT('2D SPACE',''
  ) );
#2417 = ORIENTED_EDGE('',*,*,#2418,.T.);
#2418 = EDGE_CURVE('',#2391,#2419,#2421,.T.);
#2419 = VERTEX_POINT('',#2420);
#2420 = CARTESIAN_POINT('',(12.0856,-7.246060515108,3.331572660456));
#2421 = SURFACE_CURVE('',#2422,(#2426,#2433),.PCURVE_S1.);
#2422 = LINE('',#2423,#2424);
#2423 = CARTESIAN_POINT('',(12.0856,-7.542822830198,3.535531748848));
#2424 = VECTOR('',#2425,1.);
#2425 = DIRECTION('',(0.,0.824126188622,-0.566406236925));
#2426 = PCURVE('',#126,#2427);
#2427 = DEFINITIONAL_REPRESENTATION('',(#2428),#2432);
#2428 = LINE('',#2429,#2430);
#2429 = CARTESIAN_POINT('',(-4.956793096466,4.900912447249));
#2430 = VECTOR('',#2431,1.);
#2431 = DIRECTION('',(-0.566406236925,-0.824126188622));
#2432 = ( GEOMETRIC_REPRESENTATION_CONTEXT(2) 
PARAMETRIC_REPRESENTATION_CONTEXT() REPRESENTATION_CONTEXT('2D SPACE',''
  ) );
#2433 = PCURVE('',#2434,#2439);
#2434 = PLANE('',#2435);
#2435 = AXIS2_PLACEMENT_3D('',#2436,#2437,#2438);
#2436 = CARTESIAN_POINT('',(12.0856,-7.542822830198,3.535531748848));
#2437 = DIRECTION('',(-0.,0.566406236925,0.824126188622));
#2438 = DIRECTION('',(0.,0.824126188622,-0.566406236925));
#2439 = DEFINITIONAL_REPRESENTATION('',(#2440),#2444);
#2440 = LINE('',#2441,#2442);
#2441 = CARTESIAN_POINT('',(0.,0.));
#2442 = VECTOR('',#2443,1.);
#2443 = DIRECTION('',(1.,0.));
#2444 = ( GEOMETRIC_REPRESENTATION_CONTEXT(2) 
PARAMETRIC_REPRESENTATION_CONTEXT() REPRESENTATION_CONTEXT('2D SPACE',''
  ) );
#2445 = ORIENTED_EDGE('',*,*,#2446,.T.);
#2446 = EDGE_CURVE('',#2419,#2447,#2449,.T.);
#2447 = VERTEX_POINT('',#2448);
#2448 = CARTESIAN_POINT('',(12.0856,-6.939030508532,3.143424430444));
#2449 = SURFACE_CURVE('',#2450,(#2454,#2461),.PCURVE_S1.);
#2450 = LINE('',#2451,#2452);
#2451 = CARTESIAN_POINT('',(12.0856,-7.246060515108,3.331572660456));
#2452 = VECTOR('',#2453,1.);
#2453 = DIRECTION('',(0.,0.852640164354,-0.522498564716));
#2454 = PCURVE('',#126,#2455);
#2455 = DEFINITIONAL_REPRESENTATION('',(#2456),#2460);
#2456 = LINE('',#2457,#2458);
#2457 = CARTESIAN_POINT('',(-5.160752184858,4.604150132159));
#2458 = VECTOR('',#2459,1.);
#2459 = DIRECTION('',(-0.522498564716,-0.852640164354));
#2460 = ( GEOMETRIC_REPRESENTATION_CONTEXT(2) 
PARAMETRIC_REPRESENTATION_CONTEXT() REPRESENTATION_CONTEXT('2D SPACE',''
  ) );
#2461 = PCURVE('',#2462,#2467);
#2462 = PLANE('',#2463);
#2463 = AXIS2_PLACEMENT_3D('',#2464,#2465,#2466);
#2464 = CARTESIAN_POINT('',(12.0856,-7.246060515108,3.331572660456));
#2465 = DIRECTION('',(-0.,0.522498564716,0.852640164354));
#2466 = DIRECTION('',(0.,0.852640164354,-0.522498564716));
#2467 = DEFINITIONAL_REPRESENTATION('',(#2468),#2472);
#2468 = LINE('',#2469,#2470);
#2469 = CARTESIAN_POINT('',(0.,0.));
#2470 = VECTOR('',#2471,1.);
#2471 = DIRECTION('',(1.,0.));
#2472 = ( GEOMETRIC_REPRESENTATION_CONTEXT(2) 
PARAMETRIC_REPRESENTATION_CONTEXT() REPRESENTATION_CONTEXT('2D SPACE',''
  ) );
#2473 = ORIENTED_EDGE('',*,*,#2474,.T.);
#2474 = EDGE_CURVE('',#2447,#2475,#2477,.T.);
#2475 = VERTEX_POINT('',#2476);
#2476 = CARTESIAN_POINT('',(12.0856,-6.622574358376,2.971602760031));
#2477 = SURFACE_CURVE('',#2478,(#2482,#2489),.PCURVE_S1.);
#2478 = LINE('',#2479,#2480);
#2479 = CARTESIAN_POINT('',(12.0856,-6.939030508532,3.143424430444));
#2480 = VECTOR('',#2481,1.);
#2481 = DIRECTION('',(0.,0.878817112662,-0.47715876026));
#2482 = PCURVE('',#126,#2483);
#2483 = DEFINITIONAL_REPRESENTATION('',(#2484),#2488);
#2484 = LINE('',#2485,#2486);
#2485 = CARTESIAN_POINT('',(-5.34890041487,4.297120125583));
#2486 = VECTOR('',#2487,1.);
#2487 = DIRECTION('',(-0.47715876026,-0.878817112662));
#2488 = ( GEOMETRIC_REPRESENTATION_CONTEXT(2) 
PARAMETRIC_REPRESENTATION_CONTEXT() REPRESENTATION_CONTEXT('2D SPACE',''
  ) );
#2489 = PCURVE('',#2490,#2495);
#2490 = PLANE('',#2491);
#2491 = AXIS2_PLACEMENT_3D('',#2492,#2493,#2494);
#2492 = CARTESIAN_POINT('',(12.0856,-6.939030508532,3.143424430444));
#2493 = DIRECTION('',(-0.,0.47715876026,0.878817112662));
#2494 = DIRECTION('',(0.,0.878817112662,-0.47715876026));
#2495 = DEFINITIONAL_REPRESENTATION('',(#2496),#2500);
#2496 = LINE('',#2497,#2498);
#2497 = CARTESIAN_POINT('',(0.,0.));
#2498 = VECTOR('',#2499,1.);
#2499 = DIRECTION('',(1.,0.));
#2500 = ( GEOMETRIC_REPRESENTATION_CONTEXT(2) 
PARAMETRIC_REPRESENTATION_CONTEXT() REPRESENTATION_CONTEXT('2D SPACE',''
  ) );
#2501 = ORIENTED_EDGE('',*,*,#2502,.T.);
#2502 = EDGE_CURVE('',#2475,#2503,#2505,.T.);
#2503 = VERTEX_POINT('',#2504);
#2504 = CARTESIAN_POINT('',(12.0856,-6.297559448951,2.816578600473));
#2505 = SURFACE_CURVE('',#2506,(#2510,#2517),.PCURVE_S1.);
#2506 = LINE('',#2507,#2508);
#2507 = CARTESIAN_POINT('',(12.0856,-6.622574358376,2.971602760031));
#2508 = VECTOR('',#2509,1.);
#2509 = DIRECTION('',(0.,0.90258528435,-0.430511096808));
#2510 = PCURVE('',#126,#2511);
#2511 = DEFINITIONAL_REPRESENTATION('',(#2512),#2516);
#2512 = LINE('',#2513,#2514);
#2513 = CARTESIAN_POINT('',(-5.520722085283,3.980663975427));
#2514 = VECTOR('',#2515,1.);
#2515 = DIRECTION('',(-0.430511096808,-0.90258528435));
#2516 = ( GEOMETRIC_REPRESENTATION_CONTEXT(2) 
PARAMETRIC_REPRESENTATION_CONTEXT() REPRESENTATION_CONTEXT('2D SPACE',''
  ) );
#2517 = PCURVE('',#2518,#2523);
#2518 = PLANE('',#2519);
#2519 = AXIS2_PLACEMENT_3D('',#2520,#2521,#2522);
#2520 = CARTESIAN_POINT('',(12.0856,-6.622574358376,2.971602760031));
#2521 = DIRECTION('',(-0.,0.430511096808,0.90258528435));
#2522 = DIRECTION('',(0.,0.90258528435,-0.430511096808));
#2523 = DEFINITIONAL_REPRESENTATION('',(#2524),#2528);
#2524 = LINE('',#2525,#2526);
#2525 = CARTESIAN_POINT('',(0.,0.));
#2526 = VECTOR('',#2527,1.);
#2527 = DIRECTION('',(1.,0.));
#2528 = ( GEOMETRIC_REPRESENTATION_CONTEXT(2) 
PARAMETRIC_REPRESENTATION_CONTEXT() REPRESENTATION_CONTEXT('2D SPACE',''
  ) );
#2529 = ORIENTED_EDGE('',*,*,#2530,.T.);
#2530 = EDGE_CURVE('',#2503,#2531,#2533,.T.);
#2531 = VERTEX_POINT('',#2532);
#2532 = CARTESIAN_POINT('',(12.0856,-5.964876623532,2.678776862216));
#2533 = SURFACE_CURVE('',#2534,(#2538,#2545),.PCURVE_S1.);
#2534 = LINE('',#2535,#2536);
#2535 = CARTESIAN_POINT('',(12.0856,-6.297559448951,2.816578600473));
#2536 = VECTOR('',#2537,1.);
#2537 = DIRECTION('',(0.,0.923879532511,-0.382683432365));
#2538 = PCURVE('',#126,#2539);
#2539 = DEFINITIONAL_REPRESENTATION('',(#2540),#2544);
#2540 = LINE('',#2541,#2542);
#2541 = CARTESIAN_POINT('',(-5.675746244841,3.655649066002));
#2542 = VECTOR('',#2543,1.);
#2543 = DIRECTION('',(-0.382683432365,-0.923879532511));
#2544 = ( GEOMETRIC_REPRESENTATION_CONTEXT(2) 
PARAMETRIC_REPRESENTATION_CONTEXT() REPRESENTATION_CONTEXT('2D SPACE',''
  ) );
#2545 = PCURVE('',#2546,#2551);
#2546 = PLANE('',#2547);
#2547 = AXIS2_PLACEMENT_3D('',#2548,#2549,#2550);
#2548 = CARTESIAN_POINT('',(12.0856,-6.297559448951,2.816578600473));
#2549 = DIRECTION('',(-0.,0.382683432365,0.923879532511));
#2550 = DIRECTION('',(0.,0.923879532511,-0.382683432365));
#2551 = DEFINITIONAL_REPRESENTATION('',(#2552),#2556);
#2552 = LINE('',#2553,#2554);
#2553 = CARTESIAN_POINT('',(0.,0.));
#2554 = VECTOR('',#2555,1.);
#2555 = DIRECTION('',(1.,0.));
#2556 = ( GEOMETRIC_REPRESENTATION_CONTEXT(2) 
PARAMETRIC_REPRESENTATION_CONTEXT() REPRESENTATION_CONTEXT('2D SPACE',''
  ) );
#2557 = ORIENTED_EDGE('',*,*,#2558,.T.);
#2558 = EDGE_CURVE('',#2531,#2559,#2561,.T.);
#2559 = VERTEX_POINT('',#2560);
#2560 = CARTESIAN_POINT('',(12.0856,-5.62543774262,2.558575250246));
#2561 = SURFACE_CURVE('',#2562,(#2566,#2573),.PCURVE_S1.);
#2562 = LINE('',#2563,#2564);
#2563 = CARTESIAN_POINT('',(12.0856,-5.964876623532,2.678776862216));
#2564 = VECTOR('',#2565,1.);
#2565 = DIRECTION('',(0.,0.942641491092,-0.333806859234));
#2566 = PCURVE('',#126,#2567);
#2567 = DEFINITIONAL_REPRESENTATION('',(#2568),#2572);
#2568 = LINE('',#2569,#2570);
#2569 = CARTESIAN_POINT('',(-5.813547983098,3.322966240584));
#2570 = VECTOR('',#2571,1.);
#2571 = DIRECTION('',(-0.333806859234,-0.942641491092));
#2572 = ( GEOMETRIC_REPRESENTATION_CONTEXT(2) 
PARAMETRIC_REPRESENTATION_CONTEXT() REPRESENTATION_CONTEXT('2D SPACE',''
  ) );
#2573 = PCURVE('',#2574,#2579);
#2574 = PLANE('',#2575);
#2575 = AXIS2_PLACEMENT_3D('',#2576,#2577,#2578);
#2576 = CARTESIAN_POINT('',(12.0856,-5.964876623532,2.678776862216));
#2577 = DIRECTION('',(-0.,0.333806859234,0.942641491092));
#2578 = DIRECTION('',(0.,0.942641491092,-0.333806859234));
#2579 = DEFINITIONAL_REPRESENTATION('',(#2580),#2584);
#2580 = LINE('',#2581,#2582);
#2581 = CARTESIAN_POINT('',(0.,0.));
#2582 = VECTOR('',#2583,1.);
#2583 = DIRECTION('',(1.,0.));
#2584 = ( GEOMETRIC_REPRESENTATION_CONTEXT(2) 
PARAMETRIC_REPRESENTATION_CONTEXT() REPRESENTATION_CONTEXT('2D SPACE',''
  ) );
#2585 = ORIENTED_EDGE('',*,*,#2586,.T.);
#2586 = EDGE_CURVE('',#2559,#2587,#2589,.T.);
#2587 = VERTEX_POINT('',#2588);
#2588 = CARTESIAN_POINT('',(12.0856,-5.280173184593,2.456303228826));
#2589 = SURFACE_CURVE('',#2590,(#2594,#2601),.PCURVE_S1.);
#2590 = LINE('',#2591,#2592);
#2591 = CARTESIAN_POINT('',(12.0856,-5.62543774262,2.558575250246));
#2592 = VECTOR('',#2593,1.);
#2593 = DIRECTION('',(0.,0.958819734868,-0.284015344704));
#2594 = PCURVE('',#126,#2595);
#2595 = DEFINITIONAL_REPRESENTATION('',(#2596),#2600);
#2596 = LINE('',#2597,#2598);
#2597 = CARTESIAN_POINT('',(-5.933749595068,2.983527359672));
#2598 = VECTOR('',#2599,1.);
#2599 = DIRECTION('',(-0.284015344704,-0.958819734868));
#2600 = ( GEOMETRIC_REPRESENTATION_CONTEXT(2) 
PARAMETRIC_REPRESENTATION_CONTEXT() REPRESENTATION_CONTEXT('2D SPACE',''
  ) );
#2601 = PCURVE('',#2602,#2607);
#2602 = PLANE('',#2603);
#2603 = AXIS2_PLACEMENT_3D('',#2604,#2605,#2606);
#2604 = CARTESIAN_POINT('',(12.0856,-5.62543774262,2.558575250246));
#2605 = DIRECTION('',(-0.,0.284015344704,0.958819734868));
#2606 = DIRECTION('',(0.,0.958819734868,-0.284015344704));
#2607 = DEFINITIONAL_REPRESENTATION('',(#2608),#2612);
#2608 = LINE('',#2609,#2610);
#2609 = CARTESIAN_POINT('',(0.,0.));
#2610 = VECTOR('',#2611,1.);
#2611 = DIRECTION('',(1.,0.));
#2612 = ( GEOMETRIC_REPRESENTATION_CONTEXT(2) 
PARAMETRIC_REPRESENTATION_CONTEXT() REPRESENTATION_CONTEXT('2D SPACE',''
  ) );
#2613 = ORIENTED_EDGE('',*,*,#2614,.T.);
#2614 = EDGE_CURVE('',#2587,#2615,#2617,.T.);
#2615 = VERTEX_POINT('',#2616);
#2616 = CARTESIAN_POINT('',(12.0856,-4.930029295605,2.372241118459));
#2617 = SURFACE_CURVE('',#2618,(#2622,#2629),.PCURVE_S1.);
#2618 = LINE('',#2619,#2620);
#2619 = CARTESIAN_POINT('',(12.0856,-5.280173184593,2.456303228826));
#2620 = VECTOR('',#2621,1.);
#2621 = DIRECTION('',(0.,0.972369920398,-0.233445363856));
#2622 = PCURVE('',#126,#2623);
#2623 = DEFINITIONAL_REPRESENTATION('',(#2624),#2628);
#2624 = LINE('',#2625,#2626);
#2625 = CARTESIAN_POINT('',(-6.036021616487,2.638262801645));
#2626 = VECTOR('',#2627,1.);
#2627 = DIRECTION('',(-0.233445363856,-0.972369920398));
#2628 = ( GEOMETRIC_REPRESENTATION_CONTEXT(2) 
PARAMETRIC_REPRESENTATION_CONTEXT() REPRESENTATION_CONTEXT('2D SPACE',''
  ) );
#2629 = PCURVE('',#2630,#2635);
#2630 = PLANE('',#2631);
#2631 = AXIS2_PLACEMENT_3D('',#2632,#2633,#2634);
#2632 = CARTESIAN_POINT('',(12.0856,-5.280173184593,2.456303228826));
#2633 = DIRECTION('',(-0.,0.233445363856,0.972369920398));
#2634 = DIRECTION('',(0.,0.972369920398,-0.233445363856));
#2635 = DEFINITIONAL_REPRESENTATION('',(#2636),#2640);
#2636 = LINE('',#2637,#2638);
#2637 = CARTESIAN_POINT('',(0.,0.));
#2638 = VECTOR('',#2639,1.);
#2639 = DIRECTION('',(1.,0.));
#2640 = ( GEOMETRIC_REPRESENTATION_CONTEXT(2) 
PARAMETRIC_REPRESENTATION_CONTEXT() REPRESENTATION_CONTEXT('2D SPACE',''
  ) );
#2641 = ORIENTED_EDGE('',*,*,#2642,.T.);
#2642 = EDGE_CURVE('',#2615,#2643,#2645,.T.);
#2643 = VERTEX_POINT('',#2644);
#2644 = CARTESIAN_POINT('',(12.0856,-4.575965795718,2.306619327545));
#2645 = SURFACE_CURVE('',#2646,(#2650,#2657),.PCURVE_S1.);
#2646 = LINE('',#2647,#2648);
#2647 = CARTESIAN_POINT('',(12.0856,-4.930029295605,2.372241118459));
#2648 = VECTOR('',#2649,1.);
#2649 = DIRECTION('',(0.,0.983254907564,-0.182235525492));
#2650 = PCURVE('',#126,#2651);
#2651 = DEFINITIONAL_REPRESENTATION('',(#2652),#2656);
#2652 = LINE('',#2653,#2654);
#2653 = CARTESIAN_POINT('',(-6.120083726855,2.288118912657));
#2654 = VECTOR('',#2655,1.);
#2655 = DIRECTION('',(-0.182235525492,-0.983254907564));
#2656 = ( GEOMETRIC_REPRESENTATION_CONTEXT(2) 
PARAMETRIC_REPRESENTATION_CONTEXT() REPRESENTATION_CONTEXT('2D SPACE',''
  ) );
#2657 = PCURVE('',#2658,#2663);
#2658 = PLANE('',#2659);
#2659 = AXIS2_PLACEMENT_3D('',#2660,#2661,#2662);
#2660 = CARTESIAN_POINT('',(12.0856,-4.930029295605,2.372241118459));
#2661 = DIRECTION('',(-0.,0.182235525492,0.983254907564));
#2662 = DIRECTION('',(0.,0.983254907564,-0.182235525492));
#2663 = DEFINITIONAL_REPRESENTATION('',(#2664),#2668);
#2664 = LINE('',#2665,#2666);
#2665 = CARTESIAN_POINT('',(0.,0.));
#2666 = VECTOR('',#2667,1.);
#2667 = DIRECTION('',(1.,0.));
#2668 = ( GEOMETRIC_REPRESENTATION_CONTEXT(2) 
PARAMETRIC_REPRESENTATION_CONTEXT() REPRESENTATION_CONTEXT('2D SPACE',''
  ) );
#2669 = ORIENTED_EDGE('',*,*,#2670,.T.);
#2670 = EDGE_CURVE('',#2643,#2671,#2673,.T.);
#2671 = VERTEX_POINT('',#2672);
#2672 = CARTESIAN_POINT('',(12.0856,-4.218953148375,2.259617720851));
#2673 = SURFACE_CURVE('',#2674,(#2678,#2685),.PCURVE_S1.);
#2674 = LINE('',#2675,#2676);
#2675 = CARTESIAN_POINT('',(12.0856,-4.575965795718,2.306619327545));
#2676 = VECTOR('',#2677,1.);
#2677 = DIRECTION('',(0.,0.991444861374,-0.13052619222));
#2678 = PCURVE('',#126,#2679);
#2679 = DEFINITIONAL_REPRESENTATION('',(#2680),#2684);
#2680 = LINE('',#2681,#2682);
#2681 = CARTESIAN_POINT('',(-6.185705517769,1.93405541277));
#2682 = VECTOR('',#2683,1.);
#2683 = DIRECTION('',(-0.13052619222,-0.991444861374));
#2684 = ( GEOMETRIC_REPRESENTATION_CONTEXT(2) 
PARAMETRIC_REPRESENTATION_CONTEXT() REPRESENTATION_CONTEXT('2D SPACE',''
  ) );
#2685 = PCURVE('',#2686,#2691);
#2686 = PLANE('',#2687);
#2687 = AXIS2_PLACEMENT_3D('',#2688,#2689,#2690);
#2688 = CARTESIAN_POINT('',(12.0856,-4.575965795718,2.306619327545));
#2689 = DIRECTION('',(-0.,0.13052619222,0.991444861374));
#2690 = DIRECTION('',(0.,0.991444861374,-0.13052619222));
#2691 = DEFINITIONAL_REPRESENTATION('',(#2692),#2696);
#2692 = LINE('',#2693,#2694);
#2693 = CARTESIAN_POINT('',(0.,0.));
#2694 = VECTOR('',#2695,1.);
#2695 = DIRECTION('',(1.,0.));
#2696 = ( GEOMETRIC_REPRESENTATION_CONTEXT(2) 
PARAMETRIC_REPRESENTATION_CONTEXT() REPRESENTATION_CONTEXT('2D SPACE',''
  ) );
#2697 = ORIENTED_EDGE('',*,*,#2698,.T.);
#2698 = EDGE_CURVE('',#2671,#2699,#2701,.T.);
#2699 = VERTEX_POINT('',#2700);
#2700 = CARTESIAN_POINT('',(12.0856,-3.859969900425,2.231365126516));
#2701 = SURFACE_CURVE('',#2702,(#2706,#2713),.PCURVE_S1.);
#2702 = LINE('',#2703,#2704);
#2703 = CARTESIAN_POINT('',(12.0856,-4.218953148375,2.259617720851));
#2704 = VECTOR('',#2705,1.);
#2705 = DIRECTION('',(0.,0.996917333733,-7.845909572784E-02));
#2706 = PCURVE('',#126,#2707);
#2707 = DEFINITIONAL_REPRESENTATION('',(#2708),#2712);
#2708 = LINE('',#2709,#2710);
#2709 = CARTESIAN_POINT('',(-6.232707124462,1.577042765426));
#2710 = VECTOR('',#2711,1.);
#2711 = DIRECTION('',(-7.845909572784E-02,-0.996917333733));
#2712 = ( GEOMETRIC_REPRESENTATION_CONTEXT(2) 
PARAMETRIC_REPRESENTATION_CONTEXT() REPRESENTATION_CONTEXT('2D SPACE',''
  ) );
#2713 = PCURVE('',#2714,#2719);
#2714 = PLANE('',#2715);
#2715 = AXIS2_PLACEMENT_3D('',#2716,#2717,#2718);
#2716 = CARTESIAN_POINT('',(12.0856,-4.218953148375,2.259617720851));
#2717 = DIRECTION('',(-0.,7.845909572784E-02,0.996917333733));
#2718 = DIRECTION('',(0.,0.996917333733,-7.845909572784E-02));
#2719 = DEFINITIONAL_REPRESENTATION('',(#2720),#2724);
#2720 = LINE('',#2721,#2722);
#2721 = CARTESIAN_POINT('',(0.,0.));
#2722 = VECTOR('',#2723,1.);
#2723 = DIRECTION('',(1.,0.));
#2724 = ( GEOMETRIC_REPRESENTATION_CONTEXT(2) 
PARAMETRIC_REPRESENTATION_CONTEXT() REPRESENTATION_CONTEXT('2D SPACE',''
  ) );
#2725 = ORIENTED_EDGE('',*,*,#2726,.T.);
#2726 = EDGE_CURVE('',#2699,#2727,#2729,.T.);
#2727 = VERTEX_POINT('',#2728);
#2728 = CARTESIAN_POINT('',(12.0856,-3.502330147641,2.222));
#2729 = SURFACE_CURVE('',#2730,(#2734,#2741),.PCURVE_S1.);
#2730 = LINE('',#2731,#2732);
#2731 = CARTESIAN_POINT('',(12.0856,-3.859969900425,2.231365126516));
#2732 = VECTOR('',#2733,1.);
#2733 = DIRECTION('',(0.,0.999657324976,-2.617694830787E-02));
#2734 = PCURVE('',#126,#2735);
#2735 = DEFINITIONAL_REPRESENTATION('',(#2736),#2740);
#2736 = LINE('',#2737,#2738);
#2737 = CARTESIAN_POINT('',(-6.260959718797,1.218059517477));
#2738 = VECTOR('',#2739,1.);
#2739 = DIRECTION('',(-2.617694830787E-02,-0.999657324976));
#2740 = ( GEOMETRIC_REPRESENTATION_CONTEXT(2) 
PARAMETRIC_REPRESENTATION_CONTEXT() REPRESENTATION_CONTEXT('2D SPACE',''
  ) );
#2741 = PCURVE('',#2742,#2747);
#2742 = PLANE('',#2743);
#2743 = AXIS2_PLACEMENT_3D('',#2744,#2745,#2746);
#2744 = CARTESIAN_POINT('',(12.0856,-3.859969900425,2.231365126516));
#2745 = DIRECTION('',(-0.,2.617694830787E-02,0.999657324976));
#2746 = DIRECTION('',(0.,0.999657324976,-2.617694830787E-02));
#2747 = DEFINITIONAL_REPRESENTATION('',(#2748),#2752);
#2748 = LINE('',#2749,#2750);
#2749 = CARTESIAN_POINT('',(0.,0.));
#2750 = VECTOR('',#2751,1.);
#2751 = DIRECTION('',(1.,0.));
#2752 = ( GEOMETRIC_REPRESENTATION_CONTEXT(2) 
PARAMETRIC_REPRESENTATION_CONTEXT() REPRESENTATION_CONTEXT('2D SPACE',''
  ) );
#2753 = ORIENTED_EDGE('',*,*,#2754,.T.);
#2754 = EDGE_CURVE('',#2727,#2755,#2757,.T.);
#2755 = VERTEX_POINT('',#2756);
#2756 = CARTESIAN_POINT('',(12.0856,4.178,2.222));
#2757 = SURFACE_CURVE('',#2758,(#2762,#2769),.PCURVE_S1.);
#2758 = LINE('',#2759,#2760);
#2759 = CARTESIAN_POINT('',(12.0856,-3.502330147641,2.222));
#2760 = VECTOR('',#2761,1.);
#2761 = DIRECTION('',(0.,1.,5.782163023115E-17));
#2762 = PCURVE('',#126,#2763);
#2763 = DEFINITIONAL_REPRESENTATION('',(#2764),#2768);
#2764 = LINE('',#2765,#2766);
#2765 = CARTESIAN_POINT('',(-6.270324845314,0.860419764693));
#2766 = VECTOR('',#2767,1.);
#2767 = DIRECTION('',(5.782163023115E-17,-1.));
#2768 = ( GEOMETRIC_REPRESENTATION_CONTEXT(2) 
PARAMETRIC_REPRESENTATION_CONTEXT() REPRESENTATION_CONTEXT('2D SPACE',''
  ) );
#2769 = PCURVE('',#2770,#2775);
#2770 = PLANE('',#2771);
#2771 = AXIS2_PLACEMENT_3D('',#2772,#2773,#2774);
#2772 = CARTESIAN_POINT('',(12.0856,-3.502330147641,2.222));
#2773 = DIRECTION('',(0.,-5.782163023115E-17,1.));
#2774 = DIRECTION('',(0.,1.,5.782163023115E-17));
#2775 = DEFINITIONAL_REPRESENTATION('',(#2776),#2780);
#2776 = LINE('',#2777,#2778);
#2777 = CARTESIAN_POINT('',(0.,0.));
#2778 = VECTOR('',#2779,1.);
#2779 = DIRECTION('',(1.,0.));
#2780 = ( GEOMETRIC_REPRESENTATION_CONTEXT(2) 
PARAMETRIC_REPRESENTATION_CONTEXT() REPRESENTATION_CONTEXT('2D SPACE',''
  ) );
#2781 = ORIENTED_EDGE('',*,*,#2782,.T.);
#2782 = EDGE_CURVE('',#2755,#2783,#2785,.T.);
#2783 = VERTEX_POINT('',#2784);
#2784 = CARTESIAN_POINT('',(12.0856,4.178,7.));
#2785 = SURFACE_CURVE('',#2786,(#2790,#2797),.PCURVE_S1.);
#2786 = LINE('',#2787,#2788);
#2787 = CARTESIAN_POINT('',(12.0856,4.178,2.222));
#2788 = VECTOR('',#2789,1.);
#2789 = DIRECTION('',(0.,0.,1.));
#2790 = PCURVE('',#126,#2791);
#2791 = DEFINITIONAL_REPRESENTATION('',(#2792),#2796);
#2792 = LINE('',#2793,#2794);
#2793 = CARTESIAN_POINT('',(-6.270324845314,-6.819910382948));
#2794 = VECTOR('',#2795,1.);
#2795 = DIRECTION('',(1.,0.));
#2796 = ( GEOMETRIC_REPRESENTATION_CONTEXT(2) 
PARAMETRIC_REPRESENTATION_CONTEXT() REPRESENTATION_CONTEXT('2D SPACE',''
  ) );
#2797 = PCURVE('',#2798,#2803);
#2798 = PLANE('',#2799);
#2799 = AXIS2_PLACEMENT_3D('',#2800,#2801,#2802);
#2800 = CARTESIAN_POINT('',(12.0856,4.178,2.222));
#2801 = DIRECTION('',(0.,-1.,0.));
#2802 = DIRECTION('',(0.,0.,1.));
#2803 = DEFINITIONAL_REPRESENTATION('',(#2804),#2808);
#2804 = LINE('',#2805,#2806);
#2805 = CARTESIAN_POINT('',(0.,0.));
#2806 = VECTOR('',#2807,1.);
#2807 = DIRECTION('',(1.,0.));
#2808 = ( GEOMETRIC_REPRESENTATION_CONTEXT(2) 
PARAMETRIC_REPRESENTATION_CONTEXT() REPRESENTATION_CONTEXT('2D SPACE',''
  ) );
#2809 = ORIENTED_EDGE('',*,*,#2810,.T.);
#2810 = EDGE_CURVE('',#2783,#142,#2811,.T.);
#2811 = SURFACE_CURVE('',#2812,(#2816,#2823),.PCURVE_S1.);
#2812 = LINE('',#2813,#2814);
#2813 = CARTESIAN_POINT('',(12.0856,4.178,7.));
#2814 = VECTOR('',#2815,1.);
#2815 = DIRECTION('',(0.,0.,1.));
#2816 = PCURVE('',#126,#2817);
#2817 = DEFINITIONAL_REPRESENTATION('',(#2818),#2822);
#2818 = LINE('',#2819,#2820);
#2819 = CARTESIAN_POINT('',(-1.492324845314,-6.819910382948));
#2820 = VECTOR('',#2821,1.);
#2821 = DIRECTION('',(1.,0.));
#2822 = ( GEOMETRIC_REPRESENTATION_CONTEXT(2) 
PARAMETRIC_REPRESENTATION_CONTEXT() REPRESENTATION_CONTEXT('2D SPACE',''
  ) );
#2823 = PCURVE('',#159,#2824);
#2824 = DEFINITIONAL_REPRESENTATION('',(#2825),#2829);
#2825 = LINE('',#2826,#2827);
#2826 = CARTESIAN_POINT('',(0.,0.));
#2827 = VECTOR('',#2828,1.);
#2828 = DIRECTION('',(1.,0.));
#2829 = ( GEOMETRIC_REPRESENTATION_CONTEXT(2) 
PARAMETRIC_REPRESENTATION_CONTEXT() REPRESENTATION_CONTEXT('2D SPACE',''
  ) );
#2830 = ORIENTED_EDGE('',*,*,#193,.T.);
#2831 = FACE_BOUND('',#2832,.F.);
#2832 = EDGE_LOOP('',(#2833,#2861,#2887,#2913,#2939,#2965,#2991,#3017,
    #3043,#3069,#3095,#3121,#3147,#3173,#3199,#3225,#3251,#3277,#3303,
    #3329,#3355,#3381,#3407,#3433,#3459,#3485,#3511,#3537,#3563,#3589,
    #3615,#3641,#3667,#3693,#3719,#3745,#3771,#3797,#3823,#3849,#3875,
    #3901,#3927,#3953,#3979,#4005,#4031,#4057,#4083,#4109,#4135,#4161,
    #4187,#4213,#4239,#4265,#4291,#4317,#4343,#4369,#4395,#4421,#4447,
    #4473,#4499,#4525,#4551,#4577,#4603,#4629,#4655,#4681,#4707,#4733,
    #4759,#4785,#4811,#4837,#4863,#4889,#4915,#4941,#4967,#4993,#5019,
    #5045,#5071,#5097,#5123,#5149,#5175,#5201,#5227,#5253));
#2833 = ORIENTED_EDGE('',*,*,#2834,.T.);
#2834 = EDGE_CURVE('',#2835,#2837,#2839,.T.);
#2835 = VERTEX_POINT('',#2836);
#2836 = CARTESIAN_POINT('',(12.0856,2.986211118786,9.781728259412));
#2837 = VERTEX_POINT('',#2838);
#2838 = CARTESIAN_POINT('',(12.0856,3.013000892228,9.44133191323));
#2839 = SURFACE_CURVE('',#2840,(#2844,#2850),.PCURVE_S1.);
#2840 = LINE('',#2841,#2842);
#2841 = CARTESIAN_POINT('',(12.0856,3.032709910079,9.190905097266));
#2842 = VECTOR('',#2843,1.);
#2843 = DIRECTION('',(0.,7.845909572785E-02,-0.996917333733));
#2844 = PCURVE('',#126,#2845);
#2845 = DEFINITIONAL_REPRESENTATION('',(#2846),#2849);
#2846 = B_SPLINE_CURVE_WITH_KNOTS('',1,(#2847,#2848),.UNSPECIFIED.,.F.,
  .F.,(2,2),(-0.592650104632,-0.251201185385),.PIECEWISE_BEZIER_KNOTS.);
#2847 = CARTESIAN_POINT('',(1.289403414098,-5.628121501735));
#2848 = CARTESIAN_POINT('',(0.949007067916,-5.654911275176));
#2849 = ( GEOMETRIC_REPRESENTATION_CONTEXT(2) 
PARAMETRIC_REPRESENTATION_CONTEXT() REPRESENTATION_CONTEXT('2D SPACE',''
  ) );
#2850 = PCURVE('',#2851,#2856);
#2851 = PLANE('',#2852);
#2852 = AXIS2_PLACEMENT_3D('',#2853,#2854,#2855);
#2853 = CARTESIAN_POINT('',(12.,3.013000892228,9.44133191323));
#2854 = DIRECTION('',(0.,-0.996917333733,-7.845909572785E-02));
#2855 = DIRECTION('',(0.,-7.845909572785E-02,0.996917333733));
#2856 = DEFINITIONAL_REPRESENTATION('',(#2857),#2860);
#2857 = B_SPLINE_CURVE_WITH_KNOTS('',1,(#2858,#2859),.UNSPECIFIED.,.F.,
  .F.,(2,2),(-0.592650104632,-0.251201185385),.PIECEWISE_BEZIER_KNOTS.);
#2858 = CARTESIAN_POINT('',(0.341448919247,-8.56E-02));
#2859 = CARTESIAN_POINT('',(0.,-8.56E-02));
#2860 = ( GEOMETRIC_REPRESENTATION_CONTEXT(2) 
PARAMETRIC_REPRESENTATION_CONTEXT() REPRESENTATION_CONTEXT('2D SPACE',''
  ) );
#2861 = ORIENTED_EDGE('',*,*,#2862,.T.);
#2862 = EDGE_CURVE('',#2837,#2863,#2865,.T.);
#2863 = VERTEX_POINT('',#2864);
#2864 = CARTESIAN_POINT('',(12.0856,3.026600076976,8.922));
#2865 = SURFACE_CURVE('',#2866,(#2870,#2876),.PCURVE_S1.);
#2866 = LINE('',#2867,#2868);
#2867 = CARTESIAN_POINT('',(12.0856,3.030279817855,8.781476365222));
#2868 = VECTOR('',#2869,1.);
#2869 = DIRECTION('',(0.,2.617694830787E-02,-0.999657324976));
#2870 = PCURVE('',#126,#2871);
#2871 = DEFINITIONAL_REPRESENTATION('',(#2872),#2875);
#2872 = B_SPLINE_CURVE_WITH_KNOTS('',1,(#2873,#2874),.UNSPECIFIED.,.F.,
  .F.,(2,2),(-0.660081741535,-0.140571805225),.PIECEWISE_BEZIER_KNOTS.);
#2873 = CARTESIAN_POINT('',(0.949007067916,-5.654911275176));
#2874 = CARTESIAN_POINT('',(0.429675154686,-5.668510459924));
#2875 = ( GEOMETRIC_REPRESENTATION_CONTEXT(2) 
PARAMETRIC_REPRESENTATION_CONTEXT() REPRESENTATION_CONTEXT('2D SPACE',''
  ) );
#2876 = PCURVE('',#2877,#2882);
#2877 = PLANE('',#2878);
#2878 = AXIS2_PLACEMENT_3D('',#2879,#2880,#2881);
#2879 = CARTESIAN_POINT('',(12.,3.026600076976,8.922));
#2880 = DIRECTION('',(0.,-0.999657324976,-2.617694830787E-02));
#2881 = DIRECTION('',(0.,-2.617694830787E-02,0.999657324976));
#2882 = DEFINITIONAL_REPRESENTATION('',(#2883),#2886);
#2883 = B_SPLINE_CURVE_WITH_KNOTS('',1,(#2884,#2885),.UNSPECIFIED.,.F.,
  .F.,(2,2),(-0.660081741535,-0.140571805225),.PIECEWISE_BEZIER_KNOTS.);
#2884 = CARTESIAN_POINT('',(0.51950993631,-8.56E-02));
#2885 = CARTESIAN_POINT('',(0.,-8.56E-02));
#2886 = ( GEOMETRIC_REPRESENTATION_CONTEXT(2) 
PARAMETRIC_REPRESENTATION_CONTEXT() REPRESENTATION_CONTEXT('2D SPACE',''
  ) );
#2887 = ORIENTED_EDGE('',*,*,#2888,.T.);
#2888 = EDGE_CURVE('',#2863,#2889,#2891,.T.);
#2889 = VERTEX_POINT('',#2890);
#2890 = CARTESIAN_POINT('',(12.0856,3.822,8.922));
#2891 = SURFACE_CURVE('',#2892,(#2896,#2902),.PCURVE_S1.);
#2892 = LINE('',#2893,#2894);
#2893 = CARTESIAN_POINT('',(12.0856,0.590044808526,8.922));
#2894 = VECTOR('',#2895,1.);
#2895 = DIRECTION('',(-0.,1.,0.));
#2896 = PCURVE('',#126,#2897);
#2897 = DEFINITIONAL_REPRESENTATION('',(#2898),#2901);
#2898 = B_SPLINE_CURVE_WITH_KNOTS('',1,(#2899,#2900),.UNSPECIFIED.,.F.,
  .F.,(2,2),(2.43655526845,3.231955191474),.PIECEWISE_BEZIER_KNOTS.);
#2899 = CARTESIAN_POINT('',(0.429675154686,-5.668510459924));
#2900 = CARTESIAN_POINT('',(0.429675154686,-6.463910382948));
#2901 = ( GEOMETRIC_REPRESENTATION_CONTEXT(2) 
PARAMETRIC_REPRESENTATION_CONTEXT() REPRESENTATION_CONTEXT('2D SPACE',''
  ) );
#2902 = PCURVE('',#2903,#2908);
#2903 = PLANE('',#2904);
#2904 = AXIS2_PLACEMENT_3D('',#2905,#2906,#2907);
#2905 = CARTESIAN_POINT('',(12.,3.822,8.922));
#2906 = DIRECTION('',(0.,0.,-1.));
#2907 = DIRECTION('',(0.,-1.,0.));
#2908 = DEFINITIONAL_REPRESENTATION('',(#2909),#2912);
#2909 = B_SPLINE_CURVE_WITH_KNOTS('',1,(#2910,#2911),.UNSPECIFIED.,.F.,
  .F.,(2,2),(2.43655526845,3.231955191474),.PIECEWISE_BEZIER_KNOTS.);
#2910 = CARTESIAN_POINT('',(0.795399923024,-8.56E-02));
#2911 = CARTESIAN_POINT('',(0.,-8.56E-02));
#2912 = ( GEOMETRIC_REPRESENTATION_CONTEXT(2) 
PARAMETRIC_REPRESENTATION_CONTEXT() REPRESENTATION_CONTEXT('2D SPACE',''
  ) );
#2913 = ORIENTED_EDGE('',*,*,#2914,.T.);
#2914 = EDGE_CURVE('',#2889,#2915,#2917,.T.);
#2915 = VERTEX_POINT('',#2916);
#2916 = CARTESIAN_POINT('',(12.0856,3.822,7.));
#2917 = SURFACE_CURVE('',#2918,(#2922,#2928),.PCURVE_S1.);
#2918 = LINE('',#2919,#2920);
#2919 = CARTESIAN_POINT('',(12.0856,3.822,7.746162422657));
#2920 = VECTOR('',#2921,1.);
#2921 = DIRECTION('',(0.,0.,-1.));
#2922 = PCURVE('',#126,#2923);
#2923 = DEFINITIONAL_REPRESENTATION('',(#2924),#2927);
#2924 = B_SPLINE_CURVE_WITH_KNOTS('',1,(#2925,#2926),.UNSPECIFIED.,.F.,
  .F.,(2,2),(-1.175837577343,0.746162422657),.PIECEWISE_BEZIER_KNOTS.);
#2925 = CARTESIAN_POINT('',(0.429675154686,-6.463910382948));
#2926 = CARTESIAN_POINT('',(-1.492324845314,-6.463910382948));
#2927 = ( GEOMETRIC_REPRESENTATION_CONTEXT(2) 
PARAMETRIC_REPRESENTATION_CONTEXT() REPRESENTATION_CONTEXT('2D SPACE',''
  ) );
#2928 = PCURVE('',#2929,#2934);
#2929 = PLANE('',#2930);
#2930 = AXIS2_PLACEMENT_3D('',#2931,#2932,#2933);
#2931 = CARTESIAN_POINT('',(12.,3.822,7.));
#2932 = DIRECTION('',(0.,-1.,0.));
#2933 = DIRECTION('',(0.,0.,1.));
#2934 = DEFINITIONAL_REPRESENTATION('',(#2935),#2938);
#2935 = B_SPLINE_CURVE_WITH_KNOTS('',1,(#2936,#2937),.UNSPECIFIED.,.F.,
  .F.,(2,2),(-1.175837577343,0.746162422657),.PIECEWISE_BEZIER_KNOTS.);
#2936 = CARTESIAN_POINT('',(1.922,-8.56E-02));
#2937 = CARTESIAN_POINT('',(0.,-8.56E-02));
#2938 = ( GEOMETRIC_REPRESENTATION_CONTEXT(2) 
PARAMETRIC_REPRESENTATION_CONTEXT() REPRESENTATION_CONTEXT('2D SPACE',''
  ) );
#2939 = ORIENTED_EDGE('',*,*,#2940,.T.);
#2940 = EDGE_CURVE('',#2915,#2941,#2943,.T.);
#2941 = VERTEX_POINT('',#2942);
#2942 = CARTESIAN_POINT('',(12.0856,3.822,2.578));
#2943 = SURFACE_CURVE('',#2944,(#2948,#2954),.PCURVE_S1.);
#2944 = LINE('',#2945,#2946);
#2945 = CARTESIAN_POINT('',(12.0856,3.822,5.535162422657));
#2946 = VECTOR('',#2947,1.);
#2947 = DIRECTION('',(0.,0.,-1.));
#2948 = PCURVE('',#126,#2949);
#2949 = DEFINITIONAL_REPRESENTATION('',(#2950),#2953);
#2950 = B_SPLINE_CURVE_WITH_KNOTS('',1,(#2951,#2952),.UNSPECIFIED.,.F.,
  .F.,(2,2),(-1.464837577343,2.957162422657),.PIECEWISE_BEZIER_KNOTS.);
#2951 = CARTESIAN_POINT('',(-1.492324845314,-6.463910382948));
#2952 = CARTESIAN_POINT('',(-5.914324845314,-6.463910382948));
#2953 = ( GEOMETRIC_REPRESENTATION_CONTEXT(2) 
PARAMETRIC_REPRESENTATION_CONTEXT() REPRESENTATION_CONTEXT('2D SPACE',''
  ) );
#2954 = PCURVE('',#2955,#2960);
#2955 = PLANE('',#2956);
#2956 = AXIS2_PLACEMENT_3D('',#2957,#2958,#2959);
#2957 = CARTESIAN_POINT('',(12.,3.822,2.578));
#2958 = DIRECTION('',(0.,-1.,0.));
#2959 = DIRECTION('',(0.,0.,1.));
#2960 = DEFINITIONAL_REPRESENTATION('',(#2961),#2964);
#2961 = B_SPLINE_CURVE_WITH_KNOTS('',1,(#2962,#2963),.UNSPECIFIED.,.F.,
  .F.,(2,2),(-1.464837577343,2.957162422657),.PIECEWISE_BEZIER_KNOTS.);
#2962 = CARTESIAN_POINT('',(4.422,-8.56E-02));
#2963 = CARTESIAN_POINT('',(0.,-8.56E-02));
#2964 = ( GEOMETRIC_REPRESENTATION_CONTEXT(2) 
PARAMETRIC_REPRESENTATION_CONTEXT() REPRESENTATION_CONTEXT('2D SPACE',''
  ) );
#2965 = ORIENTED_EDGE('',*,*,#2966,.T.);
#2966 = EDGE_CURVE('',#2941,#2967,#2969,.T.);
#2967 = VERTEX_POINT('',#2968);
#2968 = CARTESIAN_POINT('',(12.0856,-3.497669852359,2.578));
#2969 = SURFACE_CURVE('',#2970,(#2974,#2980),.PCURVE_S1.);
#2970 = LINE('',#2971,#2972);
#2971 = CARTESIAN_POINT('',(12.0856,-3.069790117654,2.578));
#2972 = VECTOR('',#2973,1.);
#2973 = DIRECTION('',(0.,-1.,-6.067066121936E-17));
#2974 = PCURVE('',#126,#2975);
#2975 = DEFINITIONAL_REPRESENTATION('',(#2976),#2979);
#2976 = B_SPLINE_CURVE_WITH_KNOTS('',1,(#2977,#2978),.UNSPECIFIED.,.F.,
  .F.,(2,2),(-6.891790117654,0.427879734705),.PIECEWISE_BEZIER_KNOTS.);
#2977 = CARTESIAN_POINT('',(-5.914324845314,-6.463910382948));
#2978 = CARTESIAN_POINT('',(-5.914324845314,0.855759469411));
#2979 = ( GEOMETRIC_REPRESENTATION_CONTEXT(2) 
PARAMETRIC_REPRESENTATION_CONTEXT() REPRESENTATION_CONTEXT('2D SPACE',''
  ) );
#2980 = PCURVE('',#2981,#2986);
#2981 = PLANE('',#2982);
#2982 = AXIS2_PLACEMENT_3D('',#2983,#2984,#2985);
#2983 = CARTESIAN_POINT('',(12.,-3.497669852359,2.578));
#2984 = DIRECTION('',(0.,-6.067066121936E-17,1.));
#2985 = DIRECTION('',(0.,1.,6.067066121936E-17));
#2986 = DEFINITIONAL_REPRESENTATION('',(#2987),#2990);
#2987 = B_SPLINE_CURVE_WITH_KNOTS('',1,(#2988,#2989),.UNSPECIFIED.,.F.,
  .F.,(2,2),(-6.891790117654,0.427879734705),.PIECEWISE_BEZIER_KNOTS.);
#2988 = CARTESIAN_POINT('',(7.319669852359,-8.56E-02));
#2989 = CARTESIAN_POINT('',(0.,-8.56E-02));
#2990 = ( GEOMETRIC_REPRESENTATION_CONTEXT(2) 
PARAMETRIC_REPRESENTATION_CONTEXT() REPRESENTATION_CONTEXT('2D SPACE',''
  ) );
#2991 = ORIENTED_EDGE('',*,*,#2992,.T.);
#2992 = EDGE_CURVE('',#2967,#2993,#2995,.T.);
#2993 = VERTEX_POINT('',#2994);
#2994 = CARTESIAN_POINT('',(12.0856,-3.84133191323,2.586999107772));
#2995 = SURFACE_CURVE('',#2996,(#3000,#3006),.PCURVE_S1.);
#2996 = LINE('',#2997,#2998);
#2997 = CARTESIAN_POINT('',(12.0856,-3.31929730682,2.573329150512));
#2998 = VECTOR('',#2999,1.);
#2999 = DIRECTION('',(0.,-0.999657324976,2.617694830787E-02));
#3000 = PCURVE('',#126,#3001);
#3001 = DEFINITIONAL_REPRESENTATION('',(#3002),#3005);
#3002 = B_SPLINE_CURVE_WITH_KNOTS('',1,(#3003,#3004),.UNSPECIFIED.,.F.,
  .F.,(2,2),(0.178433690308,0.522213555953),.PIECEWISE_BEZIER_KNOTS.);
#3003 = CARTESIAN_POINT('',(-5.914324845314,0.855759469411));
#3004 = CARTESIAN_POINT('',(-5.905325737542,1.199421530282));
#3005 = ( GEOMETRIC_REPRESENTATION_CONTEXT(2) 
PARAMETRIC_REPRESENTATION_CONTEXT() REPRESENTATION_CONTEXT('2D SPACE',''
  ) );
#3006 = PCURVE('',#3007,#3012);
#3007 = PLANE('',#3008);
#3008 = AXIS2_PLACEMENT_3D('',#3009,#3010,#3011);
#3009 = CARTESIAN_POINT('',(12.,-3.84133191323,2.586999107772));
#3010 = DIRECTION('',(-0.,2.617694830787E-02,0.999657324976));
#3011 = DIRECTION('',(0.,0.999657324976,-2.617694830787E-02));
#3012 = DEFINITIONAL_REPRESENTATION('',(#3013),#3016);
#3013 = B_SPLINE_CURVE_WITH_KNOTS('',1,(#3014,#3015),.UNSPECIFIED.,.F.,
  .F.,(2,2),(0.178433690308,0.522213555953),.PIECEWISE_BEZIER_KNOTS.);
#3014 = CARTESIAN_POINT('',(0.343779865645,-8.56E-02));
#3015 = CARTESIAN_POINT('',(0.,-8.56E-02));
#3016 = ( GEOMETRIC_REPRESENTATION_CONTEXT(2) 
PARAMETRIC_REPRESENTATION_CONTEXT() REPRESENTATION_CONTEXT('2D SPACE',''
  ) );
#3017 = ORIENTED_EDGE('',*,*,#3018,.T.);
#3018 = EDGE_CURVE('',#2993,#3019,#3021,.T.);
#3019 = VERTEX_POINT('',#3020);
#3020 = CARTESIAN_POINT('',(12.0856,-4.181728259412,2.613788881214));
#3021 = SURFACE_CURVE('',#3022,(#3026,#3032),.PCURVE_S1.);
#3022 = LINE('',#3023,#3024);
#3023 = CARTESIAN_POINT('',(12.0856,-3.646460156681,2.57166236792));
#3024 = VECTOR('',#3025,1.);
#3025 = DIRECTION('',(0.,-0.996917333733,7.845909572784E-02));
#3026 = PCURVE('',#126,#3027);
#3027 = DEFINITIONAL_REPRESENTATION('',(#3028),#3031);
#3028 = B_SPLINE_CURVE_WITH_KNOTS('',1,(#3029,#3030),.UNSPECIFIED.,.F.,
  .F.,(2,2),(0.195474338699,0.536923257946),.PIECEWISE_BEZIER_KNOTS.);
#3029 = CARTESIAN_POINT('',(-5.905325737542,1.199421530282));
#3030 = CARTESIAN_POINT('',(-5.8785359641,1.539817876463));
#3031 = ( GEOMETRIC_REPRESENTATION_CONTEXT(2) 
PARAMETRIC_REPRESENTATION_CONTEXT() REPRESENTATION_CONTEXT('2D SPACE',''
  ) );
#3032 = PCURVE('',#3033,#3038);
#3033 = PLANE('',#3034);
#3034 = AXIS2_PLACEMENT_3D('',#3035,#3036,#3037);
#3035 = CARTESIAN_POINT('',(12.,-4.181728259412,2.613788881214));
#3036 = DIRECTION('',(-0.,7.845909572784E-02,0.996917333733));
#3037 = DIRECTION('',(0.,0.996917333733,-7.845909572784E-02));
#3038 = DEFINITIONAL_REPRESENTATION('',(#3039),#3042);
#3039 = B_SPLINE_CURVE_WITH_KNOTS('',1,(#3040,#3041),.UNSPECIFIED.,.F.,
  .F.,(2,2),(0.195474338699,0.536923257946),.PIECEWISE_BEZIER_KNOTS.);
#3040 = CARTESIAN_POINT('',(0.341448919247,-8.56E-02));
#3041 = CARTESIAN_POINT('',(0.,-8.56E-02));
#3042 = ( GEOMETRIC_REPRESENTATION_CONTEXT(2) 
PARAMETRIC_REPRESENTATION_CONTEXT() REPRESENTATION_CONTEXT('2D SPACE',''
  ) );
#3043 = ORIENTED_EDGE('',*,*,#3044,.T.);
#3044 = EDGE_CURVE('',#3019,#3045,#3047,.T.);
#3045 = VERTEX_POINT('',#3046);
#3046 = CARTESIAN_POINT('',(12.0856,-4.520256035821,2.658356908481));
#3047 = SURFACE_CURVE('',#3048,(#3052,#3058),.PCURVE_S1.);
#3048 = LINE('',#3049,#3050);
#3049 = CARTESIAN_POINT('',(12.0856,-3.974569481043,2.586515910644));
#3050 = VECTOR('',#3051,1.);
#3051 = DIRECTION('',(0.,-0.991444861374,0.13052619222));
#3052 = PCURVE('',#126,#3053);
#3053 = DEFINITIONAL_REPRESENTATION('',(#3054),#3057);
#3054 = B_SPLINE_CURVE_WITH_KNOTS('',1,(#3055,#3056),.UNSPECIFIED.,.F.,
  .F.,(2,2),(0.208946343301,0.550395262548),.PIECEWISE_BEZIER_KNOTS.);
#3055 = CARTESIAN_POINT('',(-5.8785359641,1.539817876463));
#3056 = CARTESIAN_POINT('',(-5.833967936833,1.878345652872));
#3057 = ( GEOMETRIC_REPRESENTATION_CONTEXT(2) 
PARAMETRIC_REPRESENTATION_CONTEXT() REPRESENTATION_CONTEXT('2D SPACE',''
  ) );
#3058 = PCURVE('',#3059,#3064);
#3059 = PLANE('',#3060);
#3060 = AXIS2_PLACEMENT_3D('',#3061,#3062,#3063);
#3061 = CARTESIAN_POINT('',(12.,-4.520256035821,2.658356908481));
#3062 = DIRECTION('',(-0.,0.13052619222,0.991444861374));
#3063 = DIRECTION('',(0.,0.991444861374,-0.13052619222));
#3064 = DEFINITIONAL_REPRESENTATION('',(#3065),#3068);
#3065 = B_SPLINE_CURVE_WITH_KNOTS('',1,(#3066,#3067),.UNSPECIFIED.,.F.,
  .F.,(2,2),(0.208946343301,0.550395262548),.PIECEWISE_BEZIER_KNOTS.);
#3066 = CARTESIAN_POINT('',(0.341448919247,-8.56E-02));
#3067 = CARTESIAN_POINT('',(0.,-8.56E-02));
#3068 = ( GEOMETRIC_REPRESENTATION_CONTEXT(2) 
PARAMETRIC_REPRESENTATION_CONTEXT() REPRESENTATION_CONTEXT('2D SPACE',''
  ) );
#3069 = ORIENTED_EDGE('',*,*,#3070,.T.);
#3070 = EDGE_CURVE('',#3045,#3071,#3073,.T.);
#3071 = VERTEX_POINT('',#3072);
#3072 = CARTESIAN_POINT('',(12.0856,-4.855987361353,2.720581031708));
#3073 = SURFACE_CURVE('',#3074,(#3078,#3084),.PCURVE_S1.);
#3074 = LINE('',#3075,#3076);
#3075 = CARTESIAN_POINT('',(12.0856,-4.302815383248,2.618056665603));
#3076 = VECTOR('',#3077,1.);
#3077 = DIRECTION('',(0.,-0.983254907564,0.182235525492));
#3078 = PCURVE('',#126,#3079);
#3079 = DEFINITIONAL_REPRESENTATION('',(#3080),#3083);
#3080 = B_SPLINE_CURVE_WITH_KNOTS('',1,(#3081,#3082),.UNSPECIFIED.,.F.,
  .F.,(2,2),(0.221143724684,0.562592643931),.PIECEWISE_BEZIER_KNOTS.);
#3081 = CARTESIAN_POINT('',(-5.833967936833,1.878345652872));
#3082 = CARTESIAN_POINT('',(-5.771743813606,2.214076978404));
#3083 = ( GEOMETRIC_REPRESENTATION_CONTEXT(2) 
PARAMETRIC_REPRESENTATION_CONTEXT() REPRESENTATION_CONTEXT('2D SPACE',''
  ) );
#3084 = PCURVE('',#3085,#3090);
#3085 = PLANE('',#3086);
#3086 = AXIS2_PLACEMENT_3D('',#3087,#3088,#3089);
#3087 = CARTESIAN_POINT('',(12.,-4.855987361353,2.720581031708));
#3088 = DIRECTION('',(-0.,0.182235525492,0.983254907564));
#3089 = DIRECTION('',(0.,0.983254907564,-0.182235525492));
#3090 = DEFINITIONAL_REPRESENTATION('',(#3091),#3094);
#3091 = B_SPLINE_CURVE_WITH_KNOTS('',1,(#3092,#3093),.UNSPECIFIED.,.F.,
  .F.,(2,2),(0.221143724684,0.562592643931),.PIECEWISE_BEZIER_KNOTS.);
#3092 = CARTESIAN_POINT('',(0.341448919247,-8.56E-02));
#3093 = CARTESIAN_POINT('',(0.,-8.56E-02));
#3094 = ( GEOMETRIC_REPRESENTATION_CONTEXT(2) 
PARAMETRIC_REPRESENTATION_CONTEXT() REPRESENTATION_CONTEXT('2D SPACE',''
  ) );
#3095 = ORIENTED_EDGE('',*,*,#3096,.T.);
#3096 = EDGE_CURVE('',#3071,#3097,#3099,.T.);
#3097 = VERTEX_POINT('',#3098);
#3098 = CARTESIAN_POINT('',(12.0856,-5.188002019781,2.8002906989));
#3099 = SURFACE_CURVE('',#3100,(#3104,#3110),.PCURVE_S1.);
#3100 = LINE('',#3101,#3102);
#3101 = CARTESIAN_POINT('',(12.0856,-4.630365402339,2.666413991767));
#3102 = VECTOR('',#3103,1.);
#3103 = DIRECTION('',(0.,-0.972369920398,0.233445363856));
#3104 = PCURVE('',#126,#3105);
#3105 = DEFINITIONAL_REPRESENTATION('',(#3106),#3109);
#3106 = B_SPLINE_CURVE_WITH_KNOTS('',1,(#3107,#3108),.UNSPECIFIED.,.F.,
  .F.,(2,2),(0.232033050674,0.573481969921),.PIECEWISE_BEZIER_KNOTS.);
#3107 = CARTESIAN_POINT('',(-5.771743813606,2.214076978404));
#3108 = CARTESIAN_POINT('',(-5.692034146414,2.546091636832));
#3109 = ( GEOMETRIC_REPRESENTATION_CONTEXT(2) 
PARAMETRIC_REPRESENTATION_CONTEXT() REPRESENTATION_CONTEXT('2D SPACE',''
  ) );
#3110 = PCURVE('',#3111,#3116);
#3111 = PLANE('',#3112);
#3112 = AXIS2_PLACEMENT_3D('',#3113,#3114,#3115);
#3113 = CARTESIAN_POINT('',(12.,-5.188002019781,2.8002906989));
#3114 = DIRECTION('',(-0.,0.233445363856,0.972369920398));
#3115 = DIRECTION('',(0.,0.972369920398,-0.233445363856));
#3116 = DEFINITIONAL_REPRESENTATION('',(#3117),#3120);
#3117 = B_SPLINE_CURVE_WITH_KNOTS('',1,(#3118,#3119),.UNSPECIFIED.,.F.,
  .F.,(2,2),(0.232033050674,0.573481969921),.PIECEWISE_BEZIER_KNOTS.);
#3118 = CARTESIAN_POINT('',(0.341448919247,-8.56E-02));
#3119 = CARTESIAN_POINT('',(0.,-8.56E-02));
#3120 = ( GEOMETRIC_REPRESENTATION_CONTEXT(2) 
PARAMETRIC_REPRESENTATION_CONTEXT() REPRESENTATION_CONTEXT('2D SPACE',''
  ) );
#3121 = ORIENTED_EDGE('',*,*,#3122,.T.);
#3122 = EDGE_CURVE('',#3097,#3123,#3125,.T.);
#3123 = VERTEX_POINT('',#3124);
#3124 = CARTESIAN_POINT('',(12.0856,-5.515389982004,2.897267431399));
#3125 = SURFACE_CURVE('',#3126,(#3130,#3136),.PCURVE_S1.);
#3126 = LINE('',#3127,#3128);
#3127 = CARTESIAN_POINT('',(12.0856,-4.956366058102,2.731677001132));
#3128 = VECTOR('',#3129,1.);
#3129 = DIRECTION('',(0.,-0.958819734868,0.284015344704));
#3130 = PCURVE('',#126,#3131);
#3131 = DEFINITIONAL_REPRESENTATION('',(#3132),#3135);
#3132 = B_SPLINE_CURVE_WITH_KNOTS('',1,(#3133,#3134),.UNSPECIFIED.,.F.,
  .F.,(2,2),(0.241584474385,0.583033393632),.PIECEWISE_BEZIER_KNOTS.);
#3133 = CARTESIAN_POINT('',(-5.692034146414,2.546091636832));
#3134 = CARTESIAN_POINT('',(-5.595057413915,2.873479599055));
#3135 = ( GEOMETRIC_REPRESENTATION_CONTEXT(2) 
PARAMETRIC_REPRESENTATION_CONTEXT() REPRESENTATION_CONTEXT('2D SPACE',''
  ) );
#3136 = PCURVE('',#3137,#3142);
#3137 = PLANE('',#3138);
#3138 = AXIS2_PLACEMENT_3D('',#3139,#3140,#3141);
#3139 = CARTESIAN_POINT('',(12.,-5.515389982004,2.897267431399));
#3140 = DIRECTION('',(-0.,0.284015344704,0.958819734868));
#3141 = DIRECTION('',(0.,0.958819734868,-0.284015344704));
#3142 = DEFINITIONAL_REPRESENTATION('',(#3143),#3146);
#3143 = B_SPLINE_CURVE_WITH_KNOTS('',1,(#3144,#3145),.UNSPECIFIED.,.F.,
  .F.,(2,2),(0.241584474385,0.583033393632),.PIECEWISE_BEZIER_KNOTS.);
#3144 = CARTESIAN_POINT('',(0.341448919247,-8.56E-02));
#3145 = CARTESIAN_POINT('',(0.,-8.56E-02));
#3146 = ( GEOMETRIC_REPRESENTATION_CONTEXT(2) 
PARAMETRIC_REPRESENTATION_CONTEXT() REPRESENTATION_CONTEXT('2D SPACE',''
  ) );
#3147 = ORIENTED_EDGE('',*,*,#3148,.T.);
#3148 = EDGE_CURVE('',#3123,#3149,#3151,.T.);
#3149 = VERTEX_POINT('',#3150);
#3150 = CARTESIAN_POINT('',(12.0856,-5.837253900375,3.011245422721));
#3151 = SURFACE_CURVE('',#3152,(#3156,#3162),.PCURVE_S1.);
#3152 = LINE('',#3153,#3154);
#3153 = CARTESIAN_POINT('',(12.0856,-5.279944704909,2.813891885965));
#3154 = VECTOR('',#3155,1.);
#3155 = DIRECTION('',(0.,-0.942641491092,0.333806859234));
#3156 = PCURVE('',#126,#3157);
#3157 = DEFINITIONAL_REPRESENTATION('',(#3158),#3161);
#3158 = B_SPLINE_CURVE_WITH_KNOTS('',1,(#3159,#3160),.UNSPECIFIED.,.F.,
  .F.,(2,2),(0.249771816029,0.591220735276),.PIECEWISE_BEZIER_KNOTS.);
#3159 = CARTESIAN_POINT('',(-5.595057413915,2.873479599055));
#3160 = CARTESIAN_POINT('',(-5.481079422593,3.195343517426));
#3161 = ( GEOMETRIC_REPRESENTATION_CONTEXT(2) 
PARAMETRIC_REPRESENTATION_CONTEXT() REPRESENTATION_CONTEXT('2D SPACE',''
  ) );
#3162 = PCURVE('',#3163,#3168);
#3163 = PLANE('',#3164);
#3164 = AXIS2_PLACEMENT_3D('',#3165,#3166,#3167);
#3165 = CARTESIAN_POINT('',(12.,-5.837253900375,3.011245422721));
#3166 = DIRECTION('',(-0.,0.333806859234,0.942641491092));
#3167 = DIRECTION('',(0.,0.942641491092,-0.333806859234));
#3168 = DEFINITIONAL_REPRESENTATION('',(#3169),#3172);
#3169 = B_SPLINE_CURVE_WITH_KNOTS('',1,(#3170,#3171),.UNSPECIFIED.,.F.,
  .F.,(2,2),(0.249771816029,0.591220735276),.PIECEWISE_BEZIER_KNOTS.);
#3170 = CARTESIAN_POINT('',(0.341448919247,-8.56E-02));
#3171 = CARTESIAN_POINT('',(0.,-8.56E-02));
#3172 = ( GEOMETRIC_REPRESENTATION_CONTEXT(2) 
PARAMETRIC_REPRESENTATION_CONTEXT() REPRESENTATION_CONTEXT('2D SPACE',''
  ) );
#3173 = ORIENTED_EDGE('',*,*,#3174,.T.);
#3174 = EDGE_CURVE('',#3149,#3175,#3177,.T.);
#3175 = VERTEX_POINT('',#3176);
#3176 = CARTESIAN_POINT('',(12.0856,-6.152711568265,3.141912267116));
#3177 = SURFACE_CURVE('',#3178,(#3182,#3188),.PCURVE_S1.);
#3178 = LINE('',#3179,#3180);
#3179 = CARTESIAN_POINT('',(12.0856,-5.600211694599,2.913059326234));
#3180 = VECTOR('',#3181,1.);
#3181 = DIRECTION('',(0.,-0.923879532511,0.382683432365));
#3182 = PCURVE('',#126,#3183);
#3183 = DEFINITIONAL_REPRESENTATION('',(#3184),#3187);
#3184 = B_SPLINE_CURVE_WITH_KNOTS('',1,(#3185,#3186),.UNSPECIFIED.,.F.,
  .F.,(2,2),(0.256572634671,0.598021553918),.PIECEWISE_BEZIER_KNOTS.);
#3185 = CARTESIAN_POINT('',(-5.481079422593,3.195343517426));
#3186 = CARTESIAN_POINT('',(-5.350412578198,3.510801185316));
#3187 = ( GEOMETRIC_REPRESENTATION_CONTEXT(2) 
PARAMETRIC_REPRESENTATION_CONTEXT() REPRESENTATION_CONTEXT('2D SPACE',''
  ) );
#3188 = PCURVE('',#3189,#3194);
#3189 = PLANE('',#3190);
#3190 = AXIS2_PLACEMENT_3D('',#3191,#3192,#3193);
#3191 = CARTESIAN_POINT('',(12.,-6.152711568265,3.141912267116));
#3192 = DIRECTION('',(-0.,0.382683432365,0.923879532511));
#3193 = DIRECTION('',(0.,0.923879532511,-0.382683432365));
#3194 = DEFINITIONAL_REPRESENTATION('',(#3195),#3198);
#3195 = B_SPLINE_CURVE_WITH_KNOTS('',1,(#3196,#3197),.UNSPECIFIED.,.F.,
  .F.,(2,2),(0.256572634671,0.598021553918),.PIECEWISE_BEZIER_KNOTS.);
#3196 = CARTESIAN_POINT('',(0.341448919247,-8.56E-02));
#3197 = CARTESIAN_POINT('',(0.,-8.56E-02));
#3198 = ( GEOMETRIC_REPRESENTATION_CONTEXT(2) 
PARAMETRIC_REPRESENTATION_CONTEXT() REPRESENTATION_CONTEXT('2D SPACE',''
  ) );
#3199 = ORIENTED_EDGE('',*,*,#3200,.T.);
#3200 = EDGE_CURVE('',#3175,#3201,#3203,.T.);
#3201 = VERTEX_POINT('',#3202);
#3202 = CARTESIAN_POINT('',(12.0856,-6.460898338134,3.288909815845));
#3203 = SURFACE_CURVE('',#3204,(#3208,#3214),.PCURVE_S1.);
#3204 = LINE('',#3205,#3206);
#3205 = CARTESIAN_POINT('',(12.0856,-5.916262844979,3.029132011371));
#3206 = VECTOR('',#3207,1.);
#3207 = DIRECTION('',(0.,-0.90258528435,0.430511096808));
#3208 = PCURVE('',#126,#3209);
#3209 = DEFINITIONAL_REPRESENTATION('',(#3210),#3213);
#3210 = B_SPLINE_CURVE_WITH_KNOTS('',1,(#3211,#3212),.UNSPECIFIED.,.F.,
  .F.,(2,2),(0.26196828974,0.603417208987),.PIECEWISE_BEZIER_KNOTS.);
#3211 = CARTESIAN_POINT('',(-5.350412578198,3.510801185316));
#3212 = CARTESIAN_POINT('',(-5.203415029469,3.818987955186));
#3213 = ( GEOMETRIC_REPRESENTATION_CONTEXT(2) 
PARAMETRIC_REPRESENTATION_CONTEXT() REPRESENTATION_CONTEXT('2D SPACE',''
  ) );
#3214 = PCURVE('',#3215,#3220);
#3215 = PLANE('',#3216);
#3216 = AXIS2_PLACEMENT_3D('',#3217,#3218,#3219);
#3217 = CARTESIAN_POINT('',(12.,-6.460898338134,3.288909815845));
#3218 = DIRECTION('',(-0.,0.430511096808,0.90258528435));
#3219 = DIRECTION('',(0.,0.90258528435,-0.430511096808));
#3220 = DEFINITIONAL_REPRESENTATION('',(#3221),#3224);
#3221 = B_SPLINE_CURVE_WITH_KNOTS('',1,(#3222,#3223),.UNSPECIFIED.,.F.,
  .F.,(2,2),(0.26196828974,0.603417208987),.PIECEWISE_BEZIER_KNOTS.);
#3222 = CARTESIAN_POINT('',(0.341448919247,-8.56E-02));
#3223 = CARTESIAN_POINT('',(0.,-8.56E-02));
#3224 = ( GEOMETRIC_REPRESENTATION_CONTEXT(2) 
PARAMETRIC_REPRESENTATION_CONTEXT() REPRESENTATION_CONTEXT('2D SPACE',''
  ) );
#3225 = ORIENTED_EDGE('',*,*,#3226,.T.);
#3226 = EDGE_CURVE('',#3201,#3227,#3229,.T.);
#3227 = VERTEX_POINT('',#3228);
#3228 = CARTESIAN_POINT('',(12.0856,-6.760969491468,3.451835158845));
#3229 = SURFACE_CURVE('',#3230,(#3234,#3240),.PCURVE_S1.);
#3230 = LINE('',#3231,#3232);
#3231 = CARTESIAN_POINT('',(12.0856,-6.227182206848,3.162012310266));
#3232 = VECTOR('',#3233,1.);
#3233 = DIRECTION('',(0.,-0.878817112662,0.47715876026));
#3234 = PCURVE('',#126,#3235);
#3235 = DEFINITIONAL_REPRESENTATION('',(#3236),#3239);
#3236 = B_SPLINE_CURVE_WITH_KNOTS('',1,(#3237,#3238),.UNSPECIFIED.,.F.,
  .F.,(2,2),(0.265943992121,0.607392911368),.PIECEWISE_BEZIER_KNOTS.);
#3237 = CARTESIAN_POINT('',(-5.203415029469,3.818987955186));
#3238 = CARTESIAN_POINT('',(-5.040489686469,4.11905910852));
#3239 = ( GEOMETRIC_REPRESENTATION_CONTEXT(2) 
PARAMETRIC_REPRESENTATION_CONTEXT() REPRESENTATION_CONTEXT('2D SPACE',''
  ) );
#3240 = PCURVE('',#3241,#3246);
#3241 = PLANE('',#3242);
#3242 = AXIS2_PLACEMENT_3D('',#3243,#3244,#3245);
#3243 = CARTESIAN_POINT('',(12.,-6.760969491468,3.451835158845));
#3244 = DIRECTION('',(-0.,0.47715876026,0.878817112662));
#3245 = DIRECTION('',(0.,0.878817112662,-0.47715876026));
#3246 = DEFINITIONAL_REPRESENTATION('',(#3247),#3250);
#3247 = B_SPLINE_CURVE_WITH_KNOTS('',1,(#3248,#3249),.UNSPECIFIED.,.F.,
  .F.,(2,2),(0.265943992121,0.607392911368),.PIECEWISE_BEZIER_KNOTS.);
#3248 = CARTESIAN_POINT('',(0.341448919247,-8.56E-02));
#3249 = CARTESIAN_POINT('',(0.,-8.56E-02));
#3250 = ( GEOMETRIC_REPRESENTATION_CONTEXT(2) 
PARAMETRIC_REPRESENTATION_CONTEXT() REPRESENTATION_CONTEXT('2D SPACE',''
  ) );
#3251 = ORIENTED_EDGE('',*,*,#3252,.T.);
#3252 = EDGE_CURVE('',#3227,#3253,#3255,.T.);
#3253 = VERTEX_POINT('',#3254);
#3254 = CARTESIAN_POINT('',(12.0856,-7.052102554093,3.630241729075));
#3255 = SURFACE_CURVE('',#3256,(#3260,#3266),.PCURVE_S1.);
#3256 = LINE('',#3257,#3258);
#3257 = CARTESIAN_POINT('',(12.0856,-6.532045118805,3.311550122852));
#3258 = VECTOR('',#3259,1.);
#3259 = DIRECTION('',(0.,-0.852640164354,0.522498564716));
#3260 = PCURVE('',#126,#3261);
#3261 = DEFINITIONAL_REPRESENTATION('',(#3262),#3265);
#3262 = B_SPLINE_CURVE_WITH_KNOTS('',1,(#3263,#3264),.UNSPECIFIED.,.F.,
  .F.,(2,2),(0.26848884469,0.609937763937),.PIECEWISE_BEZIER_KNOTS.);
#3263 = CARTESIAN_POINT('',(-5.040489686469,4.11905910852));
#3264 = CARTESIAN_POINT('',(-4.862083116239,4.410192171145));
#3265 = ( GEOMETRIC_REPRESENTATION_CONTEXT(2) 
PARAMETRIC_REPRESENTATION_CONTEXT() REPRESENTATION_CONTEXT('2D SPACE',''
  ) );
#3266 = PCURVE('',#3267,#3272);
#3267 = PLANE('',#3268);
#3268 = AXIS2_PLACEMENT_3D('',#3269,#3270,#3271);
#3269 = CARTESIAN_POINT('',(12.,-7.052102554093,3.630241729075));
#3270 = DIRECTION('',(-0.,0.522498564716,0.852640164354));
#3271 = DIRECTION('',(0.,0.852640164354,-0.522498564716));
#3272 = DEFINITIONAL_REPRESENTATION('',(#3273),#3276);
#3273 = B_SPLINE_CURVE_WITH_KNOTS('',1,(#3274,#3275),.UNSPECIFIED.,.F.,
  .F.,(2,2),(0.26848884469,0.609937763937),.PIECEWISE_BEZIER_KNOTS.);
#3274 = CARTESIAN_POINT('',(0.341448919247,-8.56E-02));
#3275 = CARTESIAN_POINT('',(0.,-8.56E-02));
#3276 = ( GEOMETRIC_REPRESENTATION_CONTEXT(2) 
PARAMETRIC_REPRESENTATION_CONTEXT() REPRESENTATION_CONTEXT('2D SPACE',''
  ) );
#3277 = ORIENTED_EDGE('',*,*,#3278,.T.);
#3278 = EDGE_CURVE('',#3253,#3279,#3281,.T.);
#3279 = VERTEX_POINT('',#3280);
#3280 = CARTESIAN_POINT('',(12.0856,-7.333499550522,3.823640526528));
#3281 = SURFACE_CURVE('',#3282,(#3286,#3292),.PCURVE_S1.);
#3282 = LINE('',#3283,#3284);
#3283 = CARTESIAN_POINT('',(12.0856,-6.829921535483,3.477540945622));
#3284 = VECTOR('',#3285,1.);
#3285 = DIRECTION('',(0.,-0.824126188622,0.566406236925));
#3286 = PCURVE('',#126,#3287);
#3287 = DEFINITIONAL_REPRESENTATION('',(#3288),#3291);
#3288 = B_SPLINE_CURVE_WITH_KNOTS('',1,(#3289,#3290),.UNSPECIFIED.,.F.,
  .F.,(2,2),(0.269595872183,0.611044791429),.PIECEWISE_BEZIER_KNOTS.);
#3289 = CARTESIAN_POINT('',(-4.862083116239,4.410192171145));
#3290 = CARTESIAN_POINT('',(-4.668684318786,4.691589167573));
#3291 = ( GEOMETRIC_REPRESENTATION_CONTEXT(2) 
PARAMETRIC_REPRESENTATION_CONTEXT() REPRESENTATION_CONTEXT('2D SPACE',''
  ) );
#3292 = PCURVE('',#3293,#3298);
#3293 = PLANE('',#3294);
#3294 = AXIS2_PLACEMENT_3D('',#3295,#3296,#3297);
#3295 = CARTESIAN_POINT('',(12.,-7.333499550522,3.823640526528));
#3296 = DIRECTION('',(-0.,0.566406236925,0.824126188622));
#3297 = DIRECTION('',(0.,0.824126188622,-0.566406236925));
#3298 = DEFINITIONAL_REPRESENTATION('',(#3299),#3302);
#3299 = B_SPLINE_CURVE_WITH_KNOTS('',1,(#3300,#3301),.UNSPECIFIED.,.F.,
  .F.,(2,2),(0.269595872183,0.611044791429),.PIECEWISE_BEZIER_KNOTS.);
#3300 = CARTESIAN_POINT('',(0.341448919247,-8.56E-02));
#3301 = CARTESIAN_POINT('',(0.,-8.56E-02));
#3302 = ( GEOMETRIC_REPRESENTATION_CONTEXT(2) 
PARAMETRIC_REPRESENTATION_CONTEXT() REPRESENTATION_CONTEXT('2D SPACE',''
  ) );
#3303 = ORIENTED_EDGE('',*,*,#3304,.T.);
#3304 = EDGE_CURVE('',#3279,#3305,#3307,.T.);
#3305 = VERTEX_POINT('',#3306);
#3306 = CARTESIAN_POINT('',(12.0856,-7.604389191145,4.031501458542));
#3307 = SURFACE_CURVE('',#3308,(#3312,#3318),.PCURVE_S1.);
#3308 = LINE('',#3309,#3310);
#3309 = CARTESIAN_POINT('',(12.0856,-7.119879611425,3.659724182089));
#3310 = VECTOR('',#3311,1.);
#3311 = DIRECTION('',(0.,-0.793353340291,0.608761429009));
#3312 = PCURVE('',#126,#3313);
#3313 = DEFINITIONAL_REPRESENTATION('',(#3314),#3317);
#3314 = B_SPLINE_CURVE_WITH_KNOTS('',1,(#3315,#3316),.UNSPECIFIED.,.F.,
  .F.,(2,2),(0.269262040313,0.61071095956),.PIECEWISE_BEZIER_KNOTS.);
#3315 = CARTESIAN_POINT('',(-4.668684318786,4.691589167573));
#3316 = CARTESIAN_POINT('',(-4.460823386772,4.962478808196));
#3317 = ( GEOMETRIC_REPRESENTATION_CONTEXT(2) 
PARAMETRIC_REPRESENTATION_CONTEXT() REPRESENTATION_CONTEXT('2D SPACE',''
  ) );
#3318 = PCURVE('',#3319,#3324);
#3319 = PLANE('',#3320);
#3320 = AXIS2_PLACEMENT_3D('',#3321,#3322,#3323);
#3321 = CARTESIAN_POINT('',(12.,-7.604389191145,4.031501458542));
#3322 = DIRECTION('',(-0.,0.608761429009,0.793353340291));
#3323 = DIRECTION('',(0.,0.793353340291,-0.608761429009));
#3324 = DEFINITIONAL_REPRESENTATION('',(#3325),#3328);
#3325 = B_SPLINE_CURVE_WITH_KNOTS('',1,(#3326,#3327),.UNSPECIFIED.,.F.,
  .F.,(2,2),(0.269262040313,0.61071095956),.PIECEWISE_BEZIER_KNOTS.);
#3326 = CARTESIAN_POINT('',(0.341448919247,-8.56E-02));
#3327 = CARTESIAN_POINT('',(0.,-8.56E-02));
#3328 = ( GEOMETRIC_REPRESENTATION_CONTEXT(2) 
PARAMETRIC_REPRESENTATION_CONTEXT() REPRESENTATION_CONTEXT('2D SPACE',''
  ) );
#3329 = ORIENTED_EDGE('',*,*,#3330,.T.);
#3330 = EDGE_CURVE('',#3305,#3331,#3333,.T.);
#3331 = VERTEX_POINT('',#3332);
#3332 = CARTESIAN_POINT('',(12.0856,-7.864028986288,4.253254792751));
#3333 = SURFACE_CURVE('',#3334,(#3338,#3344),.PCURVE_S1.);
#3334 = LINE('',#3335,#3336);
#3335 = CARTESIAN_POINT('',(12.0856,-7.400989519401,3.857781727476));
#3336 = VECTOR('',#3337,1.);
#3337 = DIRECTION('',(0.,-0.7604059656,0.64944804833));
#3338 = PCURVE('',#126,#3339);
#3339 = DEFINITIONAL_REPRESENTATION('',(#3340),#3343);
#3340 = B_SPLINE_CURVE_WITH_KNOTS('',1,(#3341,#3342),.UNSPECIFIED.,.F.,
  .F.,(2,2),(0.267488264092,0.608937183339),.PIECEWISE_BEZIER_KNOTS.);
#3341 = CARTESIAN_POINT('',(-4.460823386772,4.962478808196));
#3342 = CARTESIAN_POINT('',(-4.239070052563,5.222118603339));
#3343 = ( GEOMETRIC_REPRESENTATION_CONTEXT(2) 
PARAMETRIC_REPRESENTATION_CONTEXT() REPRESENTATION_CONTEXT('2D SPACE',''
  ) );
#3344 = PCURVE('',#3345,#3350);
#3345 = PLANE('',#3346);
#3346 = AXIS2_PLACEMENT_3D('',#3347,#3348,#3349);
#3347 = CARTESIAN_POINT('',(12.,-7.864028986288,4.253254792751));
#3348 = DIRECTION('',(-0.,0.64944804833,0.7604059656));
#3349 = DIRECTION('',(0.,0.7604059656,-0.64944804833));
#3350 = DEFINITIONAL_REPRESENTATION('',(#3351),#3354);
#3351 = B_SPLINE_CURVE_WITH_KNOTS('',1,(#3352,#3353),.UNSPECIFIED.,.F.,
  .F.,(2,2),(0.267488264092,0.608937183339),.PIECEWISE_BEZIER_KNOTS.);
#3352 = CARTESIAN_POINT('',(0.341448919247,-8.56E-02));
#3353 = CARTESIAN_POINT('',(0.,-8.56E-02));
#3354 = ( GEOMETRIC_REPRESENTATION_CONTEXT(2) 
PARAMETRIC_REPRESENTATION_CONTEXT() REPRESENTATION_CONTEXT('2D SPACE',''
  ) );
#3355 = ORIENTED_EDGE('',*,*,#3356,.T.);
#3356 = EDGE_CURVE('',#3331,#3357,#3359,.T.);
#3357 = VERTEX_POINT('',#3358);
#3358 = CARTESIAN_POINT('',(12.0856,-8.111707281319,4.488292718681));
#3359 = SURFACE_CURVE('',#3360,(#3364,#3370),.PCURVE_S1.);
#3360 = LINE('',#3361,#3362);
#3361 = CARTESIAN_POINT('',(12.0856,-7.672327478884,4.07133685484));
#3362 = VECTOR('',#3363,1.);
#3363 = DIRECTION('',(0.,-0.725374371012,0.688354575694));
#3364 = PCURVE('',#126,#3365);
#3365 = DEFINITIONAL_REPRESENTATION('',(#3366),#3369);
#3366 = B_SPLINE_CURVE_WITH_KNOTS('',1,(#3367,#3368),.UNSPECIFIED.,.F.,
  .F.,(2,2),(0.264279405317,0.605728324564),.PIECEWISE_BEZIER_KNOTS.);
#3367 = CARTESIAN_POINT('',(-4.239070052563,5.222118603339));
#3368 = CARTESIAN_POINT('',(-4.004032126633,5.469796898371));
#3369 = ( GEOMETRIC_REPRESENTATION_CONTEXT(2) 
PARAMETRIC_REPRESENTATION_CONTEXT() REPRESENTATION_CONTEXT('2D SPACE',''
  ) );
#3370 = PCURVE('',#3371,#3376);
#3371 = PLANE('',#3372);
#3372 = AXIS2_PLACEMENT_3D('',#3373,#3374,#3375);
#3373 = CARTESIAN_POINT('',(12.,-8.111707281319,4.488292718681));
#3374 = DIRECTION('',(-0.,0.688354575694,0.725374371012));
#3375 = DIRECTION('',(0.,0.725374371012,-0.688354575694));
#3376 = DEFINITIONAL_REPRESENTATION('',(#3377),#3380);
#3377 = B_SPLINE_CURVE_WITH_KNOTS('',1,(#3378,#3379),.UNSPECIFIED.,.F.,
  .F.,(2,2),(0.264279405317,0.605728324564),.PIECEWISE_BEZIER_KNOTS.);
#3378 = CARTESIAN_POINT('',(0.341448919247,-8.56E-02));
#3379 = CARTESIAN_POINT('',(0.,-8.56E-02));
#3380 = ( GEOMETRIC_REPRESENTATION_CONTEXT(2) 
PARAMETRIC_REPRESENTATION_CONTEXT() REPRESENTATION_CONTEXT('2D SPACE',''
  ) );
#3381 = ORIENTED_EDGE('',*,*,#3382,.T.);
#3382 = EDGE_CURVE('',#3357,#3383,#3385,.T.);
#3383 = VERTEX_POINT('',#3384);
#3384 = CARTESIAN_POINT('',(12.0856,-8.346745207249,4.735971013712));
#3385 = SURFACE_CURVE('',#3386,(#3390,#3396),.PCURVE_S1.);
#3386 = LINE('',#3387,#3388);
#3387 = CARTESIAN_POINT('',(12.0856,-7.932979967415,4.299953427443));
#3388 = VECTOR('',#3389,1.);
#3389 = DIRECTION('',(0.,-0.688354575694,0.725374371012));
#3390 = PCURVE('',#126,#3391);
#3391 = DEFINITIONAL_REPRESENTATION('',(#3392),#3395);
#3392 = B_SPLINE_CURVE_WITH_KNOTS('',1,(#3393,#3394),.UNSPECIFIED.,.F.,
  .F.,(2,2),(0.259644259246,0.601093178493),.PIECEWISE_BEZIER_KNOTS.);
#3393 = CARTESIAN_POINT('',(-4.004032126633,5.469796898371));
#3394 = CARTESIAN_POINT('',(-3.756353831602,5.7048348243));
#3395 = ( GEOMETRIC_REPRESENTATION_CONTEXT(2) 
PARAMETRIC_REPRESENTATION_CONTEXT() REPRESENTATION_CONTEXT('2D SPACE',''
  ) );
#3396 = PCURVE('',#3397,#3402);
#3397 = PLANE('',#3398);
#3398 = AXIS2_PLACEMENT_3D('',#3399,#3400,#3401);
#3399 = CARTESIAN_POINT('',(12.,-8.346745207249,4.735971013712));
#3400 = DIRECTION('',(-0.,0.725374371012,0.688354575694));
#3401 = DIRECTION('',(0.,0.688354575694,-0.725374371012));
#3402 = DEFINITIONAL_REPRESENTATION('',(#3403),#3406);
#3403 = B_SPLINE_CURVE_WITH_KNOTS('',1,(#3404,#3405),.UNSPECIFIED.,.F.,
  .F.,(2,2),(0.259644259246,0.601093178493),.PIECEWISE_BEZIER_KNOTS.);
#3404 = CARTESIAN_POINT('',(0.341448919247,-8.56E-02));
#3405 = CARTESIAN_POINT('',(0.,-8.56E-02));
#3406 = ( GEOMETRIC_REPRESENTATION_CONTEXT(2) 
PARAMETRIC_REPRESENTATION_CONTEXT() REPRESENTATION_CONTEXT('2D SPACE',''
  ) );
#3407 = ORIENTED_EDGE('',*,*,#3408,.T.);
#3408 = EDGE_CURVE('',#3383,#3409,#3411,.T.);
#3409 = VERTEX_POINT('',#3410);
#3410 = CARTESIAN_POINT('',(12.0856,-8.568498541458,4.995610808855));
#3411 = SURFACE_CURVE('',#3412,(#3416,#3422),.PCURVE_S1.);
#3412 = LINE('',#3413,#3414);
#3413 = CARTESIAN_POINT('',(12.0856,-8.182048084905,4.543135459476));
#3414 = VECTOR('',#3415,1.);
#3415 = DIRECTION('',(0.,-0.64944804833,0.7604059656));
#3416 = PCURVE('',#126,#3417);
#3417 = DEFINITIONAL_REPRESENTATION('',(#3418),#3421);
#3418 = B_SPLINE_CURVE_WITH_KNOTS('',1,(#3419,#3420),.UNSPECIFIED.,.F.,
  .F.,(2,2),(0.253595530493,0.59504444974),.PIECEWISE_BEZIER_KNOTS.);
#3419 = CARTESIAN_POINT('',(-3.756353831602,5.7048348243));
#3420 = CARTESIAN_POINT('',(-3.496714036459,5.92658815851));
#3421 = ( GEOMETRIC_REPRESENTATION_CONTEXT(2) 
PARAMETRIC_REPRESENTATION_CONTEXT() REPRESENTATION_CONTEXT('2D SPACE',''
  ) );
#3422 = PCURVE('',#3423,#3428);
#3423 = PLANE('',#3424);
#3424 = AXIS2_PLACEMENT_3D('',#3425,#3426,#3427);
#3425 = CARTESIAN_POINT('',(12.,-8.568498541458,4.995610808855));
#3426 = DIRECTION('',(-0.,0.7604059656,0.64944804833));
#3427 = DIRECTION('',(0.,0.64944804833,-0.7604059656));
#3428 = DEFINITIONAL_REPRESENTATION('',(#3429),#3432);
#3429 = B_SPLINE_CURVE_WITH_KNOTS('',1,(#3430,#3431),.UNSPECIFIED.,.F.,
  .F.,(2,2),(0.253595530493,0.59504444974),.PIECEWISE_BEZIER_KNOTS.);
#3430 = CARTESIAN_POINT('',(0.341448919247,-8.56E-02));
#3431 = CARTESIAN_POINT('',(0.,-8.56E-02));
#3432 = ( GEOMETRIC_REPRESENTATION_CONTEXT(2) 
PARAMETRIC_REPRESENTATION_CONTEXT() REPRESENTATION_CONTEXT('2D SPACE',''
  ) );
#3433 = ORIENTED_EDGE('',*,*,#3434,.T.);
#3434 = EDGE_CURVE('',#3409,#3435,#3437,.T.);
#3435 = VERTEX_POINT('',#3436);
#3436 = CARTESIAN_POINT('',(12.0856,-8.776359473472,5.266500449478));
#3437 = SURFACE_CURVE('',#3438,(#3442,#3448),.PCURVE_S1.);
#3438 = LINE('',#3439,#3440);
#3439 = CARTESIAN_POINT('',(12.0856,-8.418652038554,4.800327044239));
#3440 = VECTOR('',#3441,1.);
#3441 = DIRECTION('',(0.,-0.608761429009,0.793353340291));
#3442 = PCURVE('',#126,#3443);
#3443 = DEFINITIONAL_REPRESENTATION('',(#3444),#3447);
#3444 = B_SPLINE_CURVE_WITH_KNOTS('',1,(#3445,#3446),.UNSPECIFIED.,.F.,
  .F.,(2,2),(0.246149798203,0.58759871745),.PIECEWISE_BEZIER_KNOTS.);
#3445 = CARTESIAN_POINT('',(-3.496714036459,5.92658815851));
#3446 = CARTESIAN_POINT('',(-3.225824395835,6.134449090524));
#3447 = ( GEOMETRIC_REPRESENTATION_CONTEXT(2) 
PARAMETRIC_REPRESENTATION_CONTEXT() REPRESENTATION_CONTEXT('2D SPACE',''
  ) );
#3448 = PCURVE('',#3449,#3454);
#3449 = PLANE('',#3450);
#3450 = AXIS2_PLACEMENT_3D('',#3451,#3452,#3453);
#3451 = CARTESIAN_POINT('',(12.,-8.776359473472,5.266500449478));
#3452 = DIRECTION('',(-0.,0.793353340291,0.608761429009));
#3453 = DIRECTION('',(0.,0.608761429009,-0.793353340291));
#3454 = DEFINITIONAL_REPRESENTATION('',(#3455),#3458);
#3455 = B_SPLINE_CURVE_WITH_KNOTS('',1,(#3456,#3457),.UNSPECIFIED.,.F.,
  .F.,(2,2),(0.246149798203,0.58759871745),.PIECEWISE_BEZIER_KNOTS.);
#3456 = CARTESIAN_POINT('',(0.341448919247,-8.56E-02));
#3457 = CARTESIAN_POINT('',(0.,-8.56E-02));
#3458 = ( GEOMETRIC_REPRESENTATION_CONTEXT(2) 
PARAMETRIC_REPRESENTATION_CONTEXT() REPRESENTATION_CONTEXT('2D SPACE',''
  ) );
#3459 = ORIENTED_EDGE('',*,*,#3460,.T.);
#3460 = EDGE_CURVE('',#3435,#3461,#3463,.T.);
#3461 = VERTEX_POINT('',#3462);
#3462 = CARTESIAN_POINT('',(12.0856,-8.969758270925,5.547897445907));
#3463 = SURFACE_CURVE('',#3464,(#3468,#3474),.PCURVE_S1.);
#3464 = LINE('',#3465,#3466);
#3465 = CARTESIAN_POINT('',(12.0856,-8.641935713925,5.070912665669));
#3466 = VECTOR('',#3467,1.);
#3467 = DIRECTION('',(0.,-0.566406236925,0.824126188622));
#3468 = PCURVE('',#126,#3469);
#3469 = DEFINITIONAL_REPRESENTATION('',(#3470),#3473);
#3470 = B_SPLINE_CURVE_WITH_KNOTS('',1,(#3471,#3472),.UNSPECIFIED.,.F.,
  .F.,(2,2),(0.23732747061,0.578776389857),.PIECEWISE_BEZIER_KNOTS.);
#3471 = CARTESIAN_POINT('',(-3.225824395835,6.134449090524));
#3472 = CARTESIAN_POINT('',(-2.944427399407,6.327847887976));
#3473 = ( GEOMETRIC_REPRESENTATION_CONTEXT(2) 
PARAMETRIC_REPRESENTATION_CONTEXT() REPRESENTATION_CONTEXT('2D SPACE',''
  ) );
#3474 = PCURVE('',#3475,#3480);
#3475 = PLANE('',#3476);
#3476 = AXIS2_PLACEMENT_3D('',#3477,#3478,#3479);
#3477 = CARTESIAN_POINT('',(12.,-8.969758270925,5.547897445907));
#3478 = DIRECTION('',(-0.,0.824126188622,0.566406236925));
#3479 = DIRECTION('',(0.,0.566406236925,-0.824126188622));
#3480 = DEFINITIONAL_REPRESENTATION('',(#3481),#3484);
#3481 = B_SPLINE_CURVE_WITH_KNOTS('',1,(#3482,#3483),.UNSPECIFIED.,.F.,
  .F.,(2,2),(0.23732747061,0.578776389857),.PIECEWISE_BEZIER_KNOTS.);
#3482 = CARTESIAN_POINT('',(0.341448919247,-8.56E-02));
#3483 = CARTESIAN_POINT('',(0.,-8.56E-02));
#3484 = ( GEOMETRIC_REPRESENTATION_CONTEXT(2) 
PARAMETRIC_REPRESENTATION_CONTEXT() REPRESENTATION_CONTEXT('2D SPACE',''
  ) );
#3485 = ORIENTED_EDGE('',*,*,#3486,.T.);
#3486 = EDGE_CURVE('',#3461,#3487,#3489,.T.);
#3487 = VERTEX_POINT('',#3488);
#3488 = CARTESIAN_POINT('',(12.0856,-9.148164841155,5.839030508532));
#3489 = SURFACE_CURVE('',#3490,(#3494,#3500),.PCURVE_S1.);
#3490 = LINE('',#3491,#3492);
#3491 = CARTESIAN_POINT('',(12.0856,-8.851071295998,5.354217905632));
#3492 = VECTOR('',#3493,1.);
#3493 = DIRECTION('',(0.,-0.522498564716,0.852640164354));
#3494 = PCURVE('',#126,#3495);
#3495 = DEFINITIONAL_REPRESENTATION('',(#3496),#3499);
#3496 = B_SPLINE_CURVE_WITH_KNOTS('',1,(#3497,#3498),.UNSPECIFIED.,.F.,
  .F.,(2,2),(0.227152729101,0.568601648348),.PIECEWISE_BEZIER_KNOTS.);
#3497 = CARTESIAN_POINT('',(-2.944427399407,6.327847887976));
#3498 = CARTESIAN_POINT('',(-2.653294336782,6.506254458207));
#3499 = ( GEOMETRIC_REPRESENTATION_CONTEXT(2) 
PARAMETRIC_REPRESENTATION_CONTEXT() REPRESENTATION_CONTEXT('2D SPACE',''
  ) );
#3500 = PCURVE('',#3501,#3506);
#3501 = PLANE('',#3502);
#3502 = AXIS2_PLACEMENT_3D('',#3503,#3504,#3505);
#3503 = CARTESIAN_POINT('',(12.,-9.148164841155,5.839030508532));
#3504 = DIRECTION('',(-0.,0.852640164354,0.522498564716));
#3505 = DIRECTION('',(0.,0.522498564716,-0.852640164354));
#3506 = DEFINITIONAL_REPRESENTATION('',(#3507),#3510);
#3507 = B_SPLINE_CURVE_WITH_KNOTS('',1,(#3508,#3509),.UNSPECIFIED.,.F.,
  .F.,(2,2),(0.227152729101,0.568601648348),.PIECEWISE_BEZIER_KNOTS.);
#3508 = CARTESIAN_POINT('',(0.341448919247,-8.56E-02));
#3509 = CARTESIAN_POINT('',(0.,-8.56E-02));
#3510 = ( GEOMETRIC_REPRESENTATION_CONTEXT(2) 
PARAMETRIC_REPRESENTATION_CONTEXT() REPRESENTATION_CONTEXT('2D SPACE',''
  ) );
#3511 = ORIENTED_EDGE('',*,*,#3512,.T.);
#3512 = EDGE_CURVE('',#3487,#3513,#3515,.T.);
#3513 = VERTEX_POINT('',#3514);
#3514 = CARTESIAN_POINT('',(12.0856,-9.311090184155,6.139101661866));
#3515 = SURFACE_CURVE('',#3516,(#3520,#3526),.PCURVE_S1.);
#3516 = LINE('',#3517,#3518);
#3517 = CARTESIAN_POINT('',(12.0856,-9.045263902612,5.649510555778));
#3518 = VECTOR('',#3519,1.);
#3519 = DIRECTION('',(0.,-0.47715876026,0.878817112662));
#3520 = PCURVE('',#126,#3521);
#3521 = DEFINITIONAL_REPRESENTATION('',(#3522),#3525);
#3522 = B_SPLINE_CURVE_WITH_KNOTS('',1,(#3523,#3524),.UNSPECIFIED.,.F.,
  .F.,(2,2),(0.215653461936,0.557102381183),.PIECEWISE_BEZIER_KNOTS.);
#3523 = CARTESIAN_POINT('',(-2.653294336782,6.506254458207));
#3524 = CARTESIAN_POINT('',(-2.353223183448,6.669179801207));
#3525 = ( GEOMETRIC_REPRESENTATION_CONTEXT(2) 
PARAMETRIC_REPRESENTATION_CONTEXT() REPRESENTATION_CONTEXT('2D SPACE',''
  ) );
#3526 = PCURVE('',#3527,#3532);
#3527 = PLANE('',#3528);
#3528 = AXIS2_PLACEMENT_3D('',#3529,#3530,#3531);
#3529 = CARTESIAN_POINT('',(12.,-9.311090184155,6.139101661866));
#3530 = DIRECTION('',(-0.,0.878817112662,0.47715876026));
#3531 = DIRECTION('',(0.,0.47715876026,-0.878817112662));
#3532 = DEFINITIONAL_REPRESENTATION('',(#3533),#3536);
#3533 = B_SPLINE_CURVE_WITH_KNOTS('',1,(#3534,#3535),.UNSPECIFIED.,.F.,
  .F.,(2,2),(0.215653461936,0.557102381183),.PIECEWISE_BEZIER_KNOTS.);
#3534 = CARTESIAN_POINT('',(0.341448919247,-8.56E-02));
#3535 = CARTESIAN_POINT('',(0.,-8.56E-02));
#3536 = ( GEOMETRIC_REPRESENTATION_CONTEXT(2) 
PARAMETRIC_REPRESENTATION_CONTEXT() REPRESENTATION_CONTEXT('2D SPACE',''
  ) );
#3537 = ORIENTED_EDGE('',*,*,#3538,.T.);
#3538 = EDGE_CURVE('',#3513,#3539,#3541,.T.);
#3539 = VERTEX_POINT('',#3540);
#3540 = CARTESIAN_POINT('',(12.0856,-9.458087732884,6.447288431735));
#3541 = SURFACE_CURVE('',#3542,(#3546,#3552),.PCURVE_S1.);
#3542 = LINE('',#3543,#3544);
#3543 = CARTESIAN_POINT('',(12.0856,-9.223756191693,5.956002138987));
#3544 = VECTOR('',#3545,1.);
#3545 = DIRECTION('',(0.,-0.430511096808,0.90258528435));
#3546 = PCURVE('',#126,#3547);
#3547 = DEFINITIONAL_REPRESENTATION('',(#3548),#3551);
#3548 = B_SPLINE_CURVE_WITH_KNOTS('',1,(#3549,#3550),.UNSPECIFIED.,.F.,
  .F.,(2,2),(0.202861187806,0.544310107052),.PIECEWISE_BEZIER_KNOTS.);
#3549 = CARTESIAN_POINT('',(-2.353223183448,6.669179801207));
#3550 = CARTESIAN_POINT('',(-2.045036413579,6.816177349936));
#3551 = ( GEOMETRIC_REPRESENTATION_CONTEXT(2) 
PARAMETRIC_REPRESENTATION_CONTEXT() REPRESENTATION_CONTEXT('2D SPACE',''
  ) );
#3552 = PCURVE('',#3553,#3558);
#3553 = PLANE('',#3554);
#3554 = AXIS2_PLACEMENT_3D('',#3555,#3556,#3557);
#3555 = CARTESIAN_POINT('',(12.,-9.458087732884,6.447288431735));
#3556 = DIRECTION('',(-0.,0.90258528435,0.430511096808));
#3557 = DIRECTION('',(0.,0.430511096808,-0.90258528435));
#3558 = DEFINITIONAL_REPRESENTATION('',(#3559),#3562);
#3559 = B_SPLINE_CURVE_WITH_KNOTS('',1,(#3560,#3561),.UNSPECIFIED.,.F.,
  .F.,(2,2),(0.202861187806,0.544310107052),.PIECEWISE_BEZIER_KNOTS.);
#3560 = CARTESIAN_POINT('',(0.341448919247,-8.56E-02));
#3561 = CARTESIAN_POINT('',(0.,-8.56E-02));
#3562 = ( GEOMETRIC_REPRESENTATION_CONTEXT(2) 
PARAMETRIC_REPRESENTATION_CONTEXT() REPRESENTATION_CONTEXT('2D SPACE',''
  ) );
#3563 = ORIENTED_EDGE('',*,*,#3564,.T.);
#3564 = EDGE_CURVE('',#3539,#3565,#3567,.T.);
#3565 = VERTEX_POINT('',#3566);
#3566 = CARTESIAN_POINT('',(12.0856,-9.588754577279,6.762746099625));
#3567 = SURFACE_CURVE('',#3568,(#3572,#3578),.PCURVE_S1.);
#3568 = LINE('',#3569,#3570);
#3569 = CARTESIAN_POINT('',(12.0856,-9.385832903029,6.272849841551));
#3570 = VECTOR('',#3571,1.);
#3571 = DIRECTION('',(0.,-0.382683432365,0.923879532511));
#3572 = PCURVE('',#126,#3573);
#3573 = DEFINITIONAL_REPRESENTATION('',(#3574),#3577);
#3574 = B_SPLINE_CURVE_WITH_KNOTS('',1,(#3575,#3576),.UNSPECIFIED.,.F.,
  .F.,(2,2),(0.188810969445,0.530259888692),.PIECEWISE_BEZIER_KNOTS.);
#3575 = CARTESIAN_POINT('',(-2.045036413579,6.816177349936));
#3576 = CARTESIAN_POINT('',(-1.729578745688,6.94684419433));
#3577 = ( GEOMETRIC_REPRESENTATION_CONTEXT(2) 
PARAMETRIC_REPRESENTATION_CONTEXT() REPRESENTATION_CONTEXT('2D SPACE',''
  ) );
#3578 = PCURVE('',#3579,#3584);
#3579 = PLANE('',#3580);
#3580 = AXIS2_PLACEMENT_3D('',#3581,#3582,#3583);
#3581 = CARTESIAN_POINT('',(12.,-9.588754577279,6.762746099625));
#3582 = DIRECTION('',(-0.,0.923879532511,0.382683432365));
#3583 = DIRECTION('',(0.,0.382683432365,-0.923879532511));
#3584 = DEFINITIONAL_REPRESENTATION('',(#3585),#3588);
#3585 = B_SPLINE_CURVE_WITH_KNOTS('',1,(#3586,#3587),.UNSPECIFIED.,.F.,
  .F.,(2,2),(0.188810969445,0.530259888692),.PIECEWISE_BEZIER_KNOTS.);
#3586 = CARTESIAN_POINT('',(0.341448919247,-8.56E-02));
#3587 = CARTESIAN_POINT('',(0.,-8.56E-02));
#3588 = ( GEOMETRIC_REPRESENTATION_CONTEXT(2) 
PARAMETRIC_REPRESENTATION_CONTEXT() REPRESENTATION_CONTEXT('2D SPACE',''
  ) );
#3589 = ORIENTED_EDGE('',*,*,#3590,.T.);
#3590 = EDGE_CURVE('',#3565,#3591,#3593,.T.);
#3591 = VERTEX_POINT('',#3592);
#3592 = CARTESIAN_POINT('',(12.0856,-9.702732568601,7.084610017996));
#3593 = SURFACE_CURVE('',#3594,(#3598,#3604),.PCURVE_S1.);
#3594 = LINE('',#3595,#3596);
#3595 = CARTESIAN_POINT('',(12.0856,-9.530825295128,6.599158853307));
#3596 = VECTOR('',#3597,1.);
#3597 = DIRECTION('',(0.,-0.333806859234,0.942641491092));
#3598 = PCURVE('',#126,#3599);
#3599 = DEFINITIONAL_REPRESENTATION('',(#3600),#3603);
#3600 = B_SPLINE_CURVE_WITH_KNOTS('',1,(#3601,#3602),.UNSPECIFIED.,.F.,
  .F.,(2,2),(0.173541317526,0.514990236773),.PIECEWISE_BEZIER_KNOTS.);
#3601 = CARTESIAN_POINT('',(-1.729578745688,6.94684419433));
#3602 = CARTESIAN_POINT('',(-1.407714827318,7.060822185653));
#3603 = ( GEOMETRIC_REPRESENTATION_CONTEXT(2) 
PARAMETRIC_REPRESENTATION_CONTEXT() REPRESENTATION_CONTEXT('2D SPACE',''
  ) );
#3604 = PCURVE('',#3605,#3610);
#3605 = PLANE('',#3606);
#3606 = AXIS2_PLACEMENT_3D('',#3607,#3608,#3609);
#3607 = CARTESIAN_POINT('',(12.,-9.702732568601,7.084610017996));
#3608 = DIRECTION('',(-0.,0.942641491092,0.333806859234));
#3609 = DIRECTION('',(0.,0.333806859234,-0.942641491092));
#3610 = DEFINITIONAL_REPRESENTATION('',(#3611),#3614);
#3611 = B_SPLINE_CURVE_WITH_KNOTS('',1,(#3612,#3613),.UNSPECIFIED.,.F.,
  .F.,(2,2),(0.173541317526,0.514990236773),.PIECEWISE_BEZIER_KNOTS.);
#3612 = CARTESIAN_POINT('',(0.341448919247,-8.56E-02));
#3613 = CARTESIAN_POINT('',(0.,-8.56E-02));
#3614 = ( GEOMETRIC_REPRESENTATION_CONTEXT(2) 
PARAMETRIC_REPRESENTATION_CONTEXT() REPRESENTATION_CONTEXT('2D SPACE',''
  ) );
#3615 = ORIENTED_EDGE('',*,*,#3616,.T.);
#3616 = EDGE_CURVE('',#3591,#3617,#3619,.T.);
#3617 = VERTEX_POINT('',#3618);
#3618 = CARTESIAN_POINT('',(12.0856,-9.7997093011,7.411997980219));
#3619 = SURFACE_CURVE('',#3620,(#3624,#3630),.PCURVE_S1.);
#3620 = LINE('',#3621,#3622);
#3621 = CARTESIAN_POINT('',(12.0856,-9.65811543787,6.933985108968));
#3622 = VECTOR('',#3623,1.);
#3623 = DIRECTION('',(0.,-0.284015344704,0.958819734868));
#3624 = PCURVE('',#126,#3625);
#3625 = DEFINITIONAL_REPRESENTATION('',(#3626),#3629);
#3626 = B_SPLINE_CURVE_WITH_KNOTS('',1,(#3627,#3628),.UNSPECIFIED.,.F.,
  .F.,(2,2),(0.157094085103,0.49854300435),.PIECEWISE_BEZIER_KNOTS.);
#3627 = CARTESIAN_POINT('',(-1.407714827318,7.060822185653));
#3628 = CARTESIAN_POINT('',(-1.080326865094,7.157798918152));
#3629 = ( GEOMETRIC_REPRESENTATION_CONTEXT(2) 
PARAMETRIC_REPRESENTATION_CONTEXT() REPRESENTATION_CONTEXT('2D SPACE',''
  ) );
#3630 = PCURVE('',#3631,#3636);
#3631 = PLANE('',#3632);
#3632 = AXIS2_PLACEMENT_3D('',#3633,#3634,#3635);
#3633 = CARTESIAN_POINT('',(12.,-9.7997093011,7.411997980219));
#3634 = DIRECTION('',(-0.,0.958819734868,0.284015344704));
#3635 = DIRECTION('',(0.,0.284015344704,-0.958819734868));
#3636 = DEFINITIONAL_REPRESENTATION('',(#3637),#3640);
#3637 = B_SPLINE_CURVE_WITH_KNOTS('',1,(#3638,#3639),.UNSPECIFIED.,.F.,
  .F.,(2,2),(0.157094085103,0.49854300435),.PIECEWISE_BEZIER_KNOTS.);
#3638 = CARTESIAN_POINT('',(0.341448919247,-8.56E-02));
#3639 = CARTESIAN_POINT('',(0.,-8.56E-02));
#3640 = ( GEOMETRIC_REPRESENTATION_CONTEXT(2) 
PARAMETRIC_REPRESENTATION_CONTEXT() REPRESENTATION_CONTEXT('2D SPACE',''
  ) );
#3641 = ORIENTED_EDGE('',*,*,#3642,.T.);
#3642 = EDGE_CURVE('',#3617,#3643,#3645,.T.);
#3643 = VERTEX_POINT('',#3644);
#3644 = CARTESIAN_POINT('',(12.0856,-9.879418968292,7.744012638647));
#3645 = SURFACE_CURVE('',#3646,(#3650,#3656),.PCURVE_S1.);
#3646 = LINE('',#3647,#3648);
#3647 = CARTESIAN_POINT('',(12.0856,-9.767140322225,7.276338419999));
#3648 = VECTOR('',#3649,1.);
#3649 = DIRECTION('',(0.,-0.233445363856,0.972369920398));
#3650 = PCURVE('',#126,#3651);
#3651 = DEFINITIONAL_REPRESENTATION('',(#3652),#3655);
#3652 = B_SPLINE_CURVE_WITH_KNOTS('',1,(#3653,#3654),.UNSPECIFIED.,.F.,
  .F.,(2,2),(0.139514352897,0.480963272143),.PIECEWISE_BEZIER_KNOTS.);
#3653 = CARTESIAN_POINT('',(-1.080326865094,7.157798918152));
#3654 = CARTESIAN_POINT('',(-0.748312206666,7.237508585343));
#3655 = ( GEOMETRIC_REPRESENTATION_CONTEXT(2) 
PARAMETRIC_REPRESENTATION_CONTEXT() REPRESENTATION_CONTEXT('2D SPACE',''
  ) );
#3656 = PCURVE('',#3657,#3662);
#3657 = PLANE('',#3658);
#3658 = AXIS2_PLACEMENT_3D('',#3659,#3660,#3661);
#3659 = CARTESIAN_POINT('',(12.,-9.879418968292,7.744012638647));
#3660 = DIRECTION('',(-0.,0.972369920398,0.233445363856));
#3661 = DIRECTION('',(0.,0.233445363856,-0.972369920398));
#3662 = DEFINITIONAL_REPRESENTATION('',(#3663),#3666);
#3663 = B_SPLINE_CURVE_WITH_KNOTS('',1,(#3664,#3665),.UNSPECIFIED.,.F.,
  .F.,(2,2),(0.139514352897,0.480963272143),.PIECEWISE_BEZIER_KNOTS.);
#3664 = CARTESIAN_POINT('',(0.341448919247,-8.56E-02));
#3665 = CARTESIAN_POINT('',(0.,-8.56E-02));
#3666 = ( GEOMETRIC_REPRESENTATION_CONTEXT(2) 
PARAMETRIC_REPRESENTATION_CONTEXT() REPRESENTATION_CONTEXT('2D SPACE',''
  ) );
#3667 = ORIENTED_EDGE('',*,*,#3668,.T.);
#3668 = EDGE_CURVE('',#3643,#3669,#3671,.T.);
#3669 = VERTEX_POINT('',#3670);
#3670 = CARTESIAN_POINT('',(12.0856,-9.941643091519,8.079743964179));
#3671 = SURFACE_CURVE('',#3672,(#3676,#3682),.PCURVE_S1.);
#3672 = LINE('',#3673,#3674);
#3673 = CARTESIAN_POINT('',(12.0856,-9.857395749321,7.625185982457));
#3674 = VECTOR('',#3675,1.);
#3675 = DIRECTION('',(0.,-0.182235525492,0.983254907564));
#3676 = PCURVE('',#126,#3677);
#3677 = DEFINITIONAL_REPRESENTATION('',(#3678),#3681);
#3678 = B_SPLINE_CURVE_WITH_KNOTS('',1,(#3679,#3680),.UNSPECIFIED.,.F.,
  .F.,(2,2),(0.120850305731,0.462299224978),.PIECEWISE_BEZIER_KNOTS.);
#3679 = CARTESIAN_POINT('',(-0.748312206666,7.237508585343));
#3680 = CARTESIAN_POINT('',(-0.412580881135,7.299732708571));
#3681 = ( GEOMETRIC_REPRESENTATION_CONTEXT(2) 
PARAMETRIC_REPRESENTATION_CONTEXT() REPRESENTATION_CONTEXT('2D SPACE',''
  ) );
#3682 = PCURVE('',#3683,#3688);
#3683 = PLANE('',#3684);
#3684 = AXIS2_PLACEMENT_3D('',#3685,#3686,#3687);
#3685 = CARTESIAN_POINT('',(12.,-9.941643091519,8.079743964179));
#3686 = DIRECTION('',(-0.,0.983254907564,0.182235525492));
#3687 = DIRECTION('',(0.,0.182235525492,-0.983254907564));
#3688 = DEFINITIONAL_REPRESENTATION('',(#3689),#3692);
#3689 = B_SPLINE_CURVE_WITH_KNOTS('',1,(#3690,#3691),.UNSPECIFIED.,.F.,
  .F.,(2,2),(0.120850305731,0.462299224978),.PIECEWISE_BEZIER_KNOTS.);
#3690 = CARTESIAN_POINT('',(0.341448919247,-8.56E-02));
#3691 = CARTESIAN_POINT('',(0.,-8.56E-02));
#3692 = ( GEOMETRIC_REPRESENTATION_CONTEXT(2) 
PARAMETRIC_REPRESENTATION_CONTEXT() REPRESENTATION_CONTEXT('2D SPACE',''
  ) );
#3693 = ORIENTED_EDGE('',*,*,#3694,.T.);
#3694 = EDGE_CURVE('',#3669,#3695,#3697,.T.);
#3695 = VERTEX_POINT('',#3696);
#3696 = CARTESIAN_POINT('',(12.0856,-9.986211118786,8.418271740588));
#3697 = SURFACE_CURVE('',#3698,(#3702,#3708),.PCURVE_S1.);
#3698 = LINE('',#3699,#3700);
#3699 = CARTESIAN_POINT('',(12.0856,-9.928439962485,7.979456242514));
#3700 = VECTOR('',#3701,1.);
#3701 = DIRECTION('',(0.,-0.13052619222,0.991444861374));
#3702 = PCURVE('',#126,#3703);
#3703 = DEFINITIONAL_REPRESENTATION('',(#3704),#3707);
#3704 = B_SPLINE_CURVE_WITH_KNOTS('',1,(#3705,#3706),.UNSPECIFIED.,.F.,
  .F.,(2,2),(0.101153100463,0.442602019709),.PIECEWISE_BEZIER_KNOTS.);
#3705 = CARTESIAN_POINT('',(-0.412580881135,7.299732708571));
#3706 = CARTESIAN_POINT('',(-7.405310472565E-02,7.344300735838));
#3707 = ( GEOMETRIC_REPRESENTATION_CONTEXT(2) 
PARAMETRIC_REPRESENTATION_CONTEXT() REPRESENTATION_CONTEXT('2D SPACE',''
  ) );
#3708 = PCURVE('',#3709,#3714);
#3709 = PLANE('',#3710);
#3710 = AXIS2_PLACEMENT_3D('',#3711,#3712,#3713);
#3711 = CARTESIAN_POINT('',(12.,-9.986211118786,8.418271740588));
#3712 = DIRECTION('',(-0.,0.991444861374,0.13052619222));
#3713 = DIRECTION('',(0.,0.13052619222,-0.991444861374));
#3714 = DEFINITIONAL_REPRESENTATION('',(#3715),#3718);
#3715 = B_SPLINE_CURVE_WITH_KNOTS('',1,(#3716,#3717),.UNSPECIFIED.,.F.,
  .F.,(2,2),(0.101153100463,0.442602019709),.PIECEWISE_BEZIER_KNOTS.);
#3716 = CARTESIAN_POINT('',(0.341448919247,-8.56E-02));
#3717 = CARTESIAN_POINT('',(0.,-8.56E-02));
#3718 = ( GEOMETRIC_REPRESENTATION_CONTEXT(2) 
PARAMETRIC_REPRESENTATION_CONTEXT() REPRESENTATION_CONTEXT('2D SPACE',''
  ) );
#3719 = ORIENTED_EDGE('',*,*,#3720,.T.);
#3720 = EDGE_CURVE('',#3695,#3721,#3723,.T.);
#3721 = VERTEX_POINT('',#3722);
#3722 = CARTESIAN_POINT('',(12.0856,-10.01300089222,8.75866808677));
#3723 = SURFACE_CURVE('',#3724,(#3728,#3734),.PCURVE_S1.);
#3724 = LINE('',#3725,#3726);
#3725 = CARTESIAN_POINT('',(12.0856,-9.979896987656,8.338043097715));
#3726 = VECTOR('',#3727,1.);
#3727 = DIRECTION('',(0.,-7.845909572784E-02,0.996917333733));
#3728 = PCURVE('',#126,#3729);
#3729 = DEFINITIONAL_REPRESENTATION('',(#3730),#3733);
#3730 = B_SPLINE_CURVE_WITH_KNOTS('',1,(#3731,#3732),.UNSPECIFIED.,.F.,
  .F.,(2,2),(8.047672576125E-02,0.421925645008),
  .PIECEWISE_BEZIER_KNOTS.);
#3731 = CARTESIAN_POINT('',(-7.405310472565E-02,7.344300735838));
#3732 = CARTESIAN_POINT('',(0.266343241456,7.371090509279));
#3733 = ( GEOMETRIC_REPRESENTATION_CONTEXT(2) 
PARAMETRIC_REPRESENTATION_CONTEXT() REPRESENTATION_CONTEXT('2D SPACE',''
  ) );
#3734 = PCURVE('',#3735,#3740);
#3735 = PLANE('',#3736);
#3736 = AXIS2_PLACEMENT_3D('',#3737,#3738,#3739);
#3737 = CARTESIAN_POINT('',(12.,-10.01300089222,8.75866808677));
#3738 = DIRECTION('',(-0.,0.996917333733,7.845909572784E-02));
#3739 = DIRECTION('',(0.,7.845909572784E-02,-0.996917333733));
#3740 = DEFINITIONAL_REPRESENTATION('',(#3741),#3744);
#3741 = B_SPLINE_CURVE_WITH_KNOTS('',1,(#3742,#3743),.UNSPECIFIED.,.F.,
  .F.,(2,2),(8.047672576125E-02,0.421925645008),
  .PIECEWISE_BEZIER_KNOTS.);
#3742 = CARTESIAN_POINT('',(0.341448919247,-8.56E-02));
#3743 = CARTESIAN_POINT('',(0.,-8.56E-02));
#3744 = ( GEOMETRIC_REPRESENTATION_CONTEXT(2) 
PARAMETRIC_REPRESENTATION_CONTEXT() REPRESENTATION_CONTEXT('2D SPACE',''
  ) );
#3745 = ORIENTED_EDGE('',*,*,#3746,.T.);
#3746 = EDGE_CURVE('',#3721,#3747,#3749,.T.);
#3747 = VERTEX_POINT('',#3748);
#3748 = CARTESIAN_POINT('',(12.0856,-10.02193898293,9.1));
#3749 = SURFACE_CURVE('',#3750,(#3754,#3760),.PCURVE_S1.);
#3750 = LINE('',#3751,#3752);
#3751 = CARTESIAN_POINT('',(12.0856,-10.01145964968,8.699810408607));
#3752 = VECTOR('',#3753,1.);
#3753 = DIRECTION('',(0.,-2.617694830788E-02,0.999657324976));
#3754 = PCURVE('',#126,#3755);
#3755 = DEFINITIONAL_REPRESENTATION('',(#3756),#3759);
#3756 = B_SPLINE_CURVE_WITH_KNOTS('',1,(#3757,#3758),.UNSPECIFIED.,.F.,
  .F.,(2,2),(5.887785413322E-02,0.40032677338),
  .PIECEWISE_BEZIER_KNOTS.);
#3757 = CARTESIAN_POINT('',(0.266343241456,7.371090509279));
#3758 = CARTESIAN_POINT('',(0.607675154686,7.380028599988));
#3759 = ( GEOMETRIC_REPRESENTATION_CONTEXT(2) 
PARAMETRIC_REPRESENTATION_CONTEXT() REPRESENTATION_CONTEXT('2D SPACE',''
  ) );
#3760 = PCURVE('',#3761,#3766);
#3761 = PLANE('',#3762);
#3762 = AXIS2_PLACEMENT_3D('',#3763,#3764,#3765);
#3763 = CARTESIAN_POINT('',(12.,-10.02193898293,9.1));
#3764 = DIRECTION('',(-0.,0.999657324976,2.617694830788E-02));
#3765 = DIRECTION('',(0.,2.617694830788E-02,-0.999657324976));
#3766 = DEFINITIONAL_REPRESENTATION('',(#3767),#3770);
#3767 = B_SPLINE_CURVE_WITH_KNOTS('',1,(#3768,#3769),.UNSPECIFIED.,.F.,
  .F.,(2,2),(5.887785413322E-02,0.40032677338),
  .PIECEWISE_BEZIER_KNOTS.);
#3768 = CARTESIAN_POINT('',(0.341448919247,-8.56E-02));
#3769 = CARTESIAN_POINT('',(0.,-8.56E-02));
#3770 = ( GEOMETRIC_REPRESENTATION_CONTEXT(2) 
PARAMETRIC_REPRESENTATION_CONTEXT() REPRESENTATION_CONTEXT('2D SPACE',''
  ) );
#3771 = ORIENTED_EDGE('',*,*,#3772,.T.);
#3772 = EDGE_CURVE('',#3747,#3773,#3775,.T.);
#3773 = VERTEX_POINT('',#3774);
#3774 = CARTESIAN_POINT('',(12.0856,-10.01300089222,9.44133191323));
#3775 = SURFACE_CURVE('',#3776,(#3780,#3786),.PCURVE_S1.);
#3776 = LINE('',#3777,#3778);
#3777 = CARTESIAN_POINT('',(12.0856,-10.02289223448,9.063596792162));
#3778 = VECTOR('',#3779,1.);
#3779 = DIRECTION('',(-0.,2.617694830788E-02,0.999657324976));
#3780 = PCURVE('',#126,#3781);
#3781 = DEFINITIONAL_REPRESENTATION('',(#3782),#3785);
#3782 = B_SPLINE_CURVE_WITH_KNOTS('',1,(#3783,#3784),.UNSPECIFIED.,.F.,
  .F.,(2,2),(3.64156865841E-02,0.377864605831),
  .PIECEWISE_BEZIER_KNOTS.);
#3783 = CARTESIAN_POINT('',(0.607675154686,7.380028599988));
#3784 = CARTESIAN_POINT('',(0.949007067916,7.371090509279));
#3785 = ( GEOMETRIC_REPRESENTATION_CONTEXT(2) 
PARAMETRIC_REPRESENTATION_CONTEXT() REPRESENTATION_CONTEXT('2D SPACE',''
  ) );
#3786 = PCURVE('',#3787,#3792);
#3787 = PLANE('',#3788);
#3788 = AXIS2_PLACEMENT_3D('',#3789,#3790,#3791);
#3789 = CARTESIAN_POINT('',(12.,-10.01300089222,9.44133191323));
#3790 = DIRECTION('',(0.,0.999657324976,-2.617694830788E-02));
#3791 = DIRECTION('',(0.,-2.617694830788E-02,-0.999657324976));
#3792 = DEFINITIONAL_REPRESENTATION('',(#3793),#3796);
#3793 = B_SPLINE_CURVE_WITH_KNOTS('',1,(#3794,#3795),.UNSPECIFIED.,.F.,
  .F.,(2,2),(3.64156865841E-02,0.377864605831),
  .PIECEWISE_BEZIER_KNOTS.);
#3794 = CARTESIAN_POINT('',(0.341448919247,-8.56E-02));
#3795 = CARTESIAN_POINT('',(0.,-8.56E-02));
#3796 = ( GEOMETRIC_REPRESENTATION_CONTEXT(2) 
PARAMETRIC_REPRESENTATION_CONTEXT() REPRESENTATION_CONTEXT('2D SPACE',''
  ) );
#3797 = ORIENTED_EDGE('',*,*,#3798,.T.);
#3798 = EDGE_CURVE('',#3773,#3799,#3801,.T.);
#3799 = VERTEX_POINT('',#3800);
#3800 = CARTESIAN_POINT('',(12.0856,-9.986211118786,9.781728259412));
#3801 = SURFACE_CURVE('',#3802,(#3806,#3812),.PCURVE_S1.);
#3802 = LINE('',#3803,#3804);
#3803 = CARTESIAN_POINT('',(12.0856,-10.0140327698,9.428220665457));
#3804 = VECTOR('',#3805,1.);
#3805 = DIRECTION('',(-0.,7.845909572784E-02,0.996917333733));
#3806 = PCURVE('',#126,#3807);
#3807 = DEFINITIONAL_REPRESENTATION('',(#3808),#3811);
#3808 = B_SPLINE_CURVE_WITH_KNOTS('',1,(#3809,#3810),.UNSPECIFIED.,.F.,
  .F.,(2,2),(1.315179035399E-02,0.354600709601),
  .PIECEWISE_BEZIER_KNOTS.);
#3809 = CARTESIAN_POINT('',(0.949007067916,7.371090509279));
#3810 = CARTESIAN_POINT('',(1.289403414098,7.344300735838));
#3811 = ( GEOMETRIC_REPRESENTATION_CONTEXT(2) 
PARAMETRIC_REPRESENTATION_CONTEXT() REPRESENTATION_CONTEXT('2D SPACE',''
  ) );
#3812 = PCURVE('',#3813,#3818);
#3813 = PLANE('',#3814);
#3814 = AXIS2_PLACEMENT_3D('',#3815,#3816,#3817);
#3815 = CARTESIAN_POINT('',(12.,-9.986211118786,9.781728259412));
#3816 = DIRECTION('',(0.,0.996917333733,-7.845909572784E-02));
#3817 = DIRECTION('',(0.,-7.845909572784E-02,-0.996917333733));
#3818 = DEFINITIONAL_REPRESENTATION('',(#3819),#3822);
#3819 = B_SPLINE_CURVE_WITH_KNOTS('',1,(#3820,#3821),.UNSPECIFIED.,.F.,
  .F.,(2,2),(1.315179035399E-02,0.354600709601),
  .PIECEWISE_BEZIER_KNOTS.);
#3820 = CARTESIAN_POINT('',(0.341448919247,-8.56E-02));
#3821 = CARTESIAN_POINT('',(0.,-8.56E-02));
#3822 = ( GEOMETRIC_REPRESENTATION_CONTEXT(2) 
PARAMETRIC_REPRESENTATION_CONTEXT() REPRESENTATION_CONTEXT('2D SPACE',''
  ) );
#3823 = ORIENTED_EDGE('',*,*,#3824,.T.);
#3824 = EDGE_CURVE('',#3799,#3825,#3827,.T.);
#3825 = VERTEX_POINT('',#3826);
#3826 = CARTESIAN_POINT('',(12.0856,-9.941643091519,10.120256035821));
#3827 = SURFACE_CURVE('',#3828,(#3832,#3838),.PCURVE_S1.);
#3828 = LINE('',#3829,#3830);
#3829 = CARTESIAN_POINT('',(12.0856,-9.984794900486,9.792485505395));
#3830 = VECTOR('',#3831,1.);
#3831 = DIRECTION('',(-0.,0.13052619222,0.991444861374));
#3832 = PCURVE('',#126,#3833);
#3833 = DEFINITIONAL_REPRESENTATION('',(#3834),#3837);
#3834 = B_SPLINE_CURVE_WITH_KNOTS('',1,(#3835,#3836),.UNSPECIFIED.,.F.,
  .F.,(2,2),(-1.085006983479E-02,0.330598849412),
  .PIECEWISE_BEZIER_KNOTS.);
#3835 = CARTESIAN_POINT('',(1.289403414098,7.344300735838));
#3836 = CARTESIAN_POINT('',(1.627931190507,7.299732708571));
#3837 = ( GEOMETRIC_REPRESENTATION_CONTEXT(2) 
PARAMETRIC_REPRESENTATION_CONTEXT() REPRESENTATION_CONTEXT('2D SPACE',''
  ) );
#3838 = PCURVE('',#3839,#3844);
#3839 = PLANE('',#3840);
#3840 = AXIS2_PLACEMENT_3D('',#3841,#3842,#3843);
#3841 = CARTESIAN_POINT('',(12.,-9.941643091519,10.120256035821));
#3842 = DIRECTION('',(0.,0.991444861374,-0.13052619222));
#3843 = DIRECTION('',(0.,-0.13052619222,-0.991444861374));
#3844 = DEFINITIONAL_REPRESENTATION('',(#3845),#3848);
#3845 = B_SPLINE_CURVE_WITH_KNOTS('',1,(#3846,#3847),.UNSPECIFIED.,.F.,
  .F.,(2,2),(-1.085006983479E-02,0.330598849412),
  .PIECEWISE_BEZIER_KNOTS.);
#3846 = CARTESIAN_POINT('',(0.341448919247,-8.56E-02));
#3847 = CARTESIAN_POINT('',(0.,-8.56E-02));
#3848 = ( GEOMETRIC_REPRESENTATION_CONTEXT(2) 
PARAMETRIC_REPRESENTATION_CONTEXT() REPRESENTATION_CONTEXT('2D SPACE',''
  ) );
#3849 = ORIENTED_EDGE('',*,*,#3850,.T.);
#3850 = EDGE_CURVE('',#3825,#3851,#3853,.T.);
#3851 = VERTEX_POINT('',#3852);
#3852 = CARTESIAN_POINT('',(12.0856,-9.879418968292,10.455987361353));
#3853 = SURFACE_CURVE('',#3854,(#3858,#3864),.PCURVE_S1.);
#3854 = LINE('',#3855,#3856);
#3855 = CARTESIAN_POINT('',(12.0856,-9.935169337294,10.155185287924));
#3856 = VECTOR('',#3857,1.);
#3857 = DIRECTION('',(-0.,0.182235525492,0.983254907564));
#3858 = PCURVE('',#126,#3859);
#3859 = DEFINITIONAL_REPRESENTATION('',(#3860),#3863);
#3860 = B_SPLINE_CURVE_WITH_KNOTS('',1,(#3861,#3862),.UNSPECIFIED.,.F.,
  .F.,(2,2),(-3.552410655163E-02,0.305924812695),
  .PIECEWISE_BEZIER_KNOTS.);
#3861 = CARTESIAN_POINT('',(1.627931190507,7.299732708571));
#3862 = CARTESIAN_POINT('',(1.963662516039,7.237508585343));
#3863 = ( GEOMETRIC_REPRESENTATION_CONTEXT(2) 
PARAMETRIC_REPRESENTATION_CONTEXT() REPRESENTATION_CONTEXT('2D SPACE',''
  ) );
#3864 = PCURVE('',#3865,#3870);
#3865 = PLANE('',#3866);
#3866 = AXIS2_PLACEMENT_3D('',#3867,#3868,#3869);
#3867 = CARTESIAN_POINT('',(12.,-9.879418968292,10.455987361353));
#3868 = DIRECTION('',(0.,0.983254907564,-0.182235525492));
#3869 = DIRECTION('',(0.,-0.182235525492,-0.983254907564));
#3870 = DEFINITIONAL_REPRESENTATION('',(#3871),#3874);
#3871 = B_SPLINE_CURVE_WITH_KNOTS('',1,(#3872,#3873),.UNSPECIFIED.,.F.,
  .F.,(2,2),(-3.552410655163E-02,0.305924812695),
  .PIECEWISE_BEZIER_KNOTS.);
#3872 = CARTESIAN_POINT('',(0.341448919247,-8.56E-02));
#3873 = CARTESIAN_POINT('',(0.,-8.56E-02));
#3874 = ( GEOMETRIC_REPRESENTATION_CONTEXT(2) 
PARAMETRIC_REPRESENTATION_CONTEXT() REPRESENTATION_CONTEXT('2D SPACE',''
  ) );
#3875 = ORIENTED_EDGE('',*,*,#3876,.T.);
#3876 = EDGE_CURVE('',#3851,#3877,#3879,.T.);
#3877 = VERTEX_POINT('',#3878);
#3878 = CARTESIAN_POINT('',(12.0856,-9.7997093011,10.788002019781));
#3879 = SURFACE_CURVE('',#3880,(#3884,#3890),.PCURVE_S1.);
#3880 = LINE('',#3881,#3882);
#3881 = CARTESIAN_POINT('',(12.0856,-9.865224862207,10.515110068166));
#3882 = VECTOR('',#3883,1.);
#3883 = DIRECTION('',(-0.,0.233445363856,0.972369920398));
#3884 = PCURVE('',#126,#3885);
#3885 = DEFINITIONAL_REPRESENTATION('',(#3886),#3889);
#3886 = B_SPLINE_CURVE_WITH_KNOTS('',1,(#3887,#3888),.UNSPECIFIED.,.F.,
  .F.,(2,2),(-6.080268997705E-02,0.28064622927),
  .PIECEWISE_BEZIER_KNOTS.);
#3887 = CARTESIAN_POINT('',(1.963662516039,7.237508585343));
#3888 = CARTESIAN_POINT('',(2.295677174467,7.157798918152));
#3889 = ( GEOMETRIC_REPRESENTATION_CONTEXT(2) 
PARAMETRIC_REPRESENTATION_CONTEXT() REPRESENTATION_CONTEXT('2D SPACE',''
  ) );
#3890 = PCURVE('',#3891,#3896);
#3891 = PLANE('',#3892);
#3892 = AXIS2_PLACEMENT_3D('',#3893,#3894,#3895);
#3893 = CARTESIAN_POINT('',(12.,-9.7997093011,10.788002019781));
#3894 = DIRECTION('',(0.,0.972369920398,-0.233445363856));
#3895 = DIRECTION('',(0.,-0.233445363856,-0.972369920398));
#3896 = DEFINITIONAL_REPRESENTATION('',(#3897),#3900);
#3897 = B_SPLINE_CURVE_WITH_KNOTS('',1,(#3898,#3899),.UNSPECIFIED.,.F.,
  .F.,(2,2),(-6.080268997705E-02,0.28064622927),
  .PIECEWISE_BEZIER_KNOTS.);
#3898 = CARTESIAN_POINT('',(0.341448919247,-8.56E-02));
#3899 = CARTESIAN_POINT('',(0.,-8.56E-02));
#3900 = ( GEOMETRIC_REPRESENTATION_CONTEXT(2) 
PARAMETRIC_REPRESENTATION_CONTEXT() REPRESENTATION_CONTEXT('2D SPACE',''
  ) );
#3901 = ORIENTED_EDGE('',*,*,#3902,.T.);
#3902 = EDGE_CURVE('',#3877,#3903,#3905,.T.);
#3903 = VERTEX_POINT('',#3904);
#3904 = CARTESIAN_POINT('',(12.0856,-9.702732568601,11.115389982004));
#3905 = SURFACE_CURVE('',#3906,(#3910,#3916),.PCURVE_S1.);
#3906 = LINE('',#3907,#3908);
#3907 = CARTESIAN_POINT('',(12.0856,-9.775108876546,10.871051661247));
#3908 = VECTOR('',#3909,1.);
#3909 = DIRECTION('',(-0.,0.284015344704,0.958819734868));
#3910 = PCURVE('',#126,#3911);
#3911 = DEFINITIONAL_REPRESENTATION('',(#3912),#3915);
#3912 = B_SPLINE_CURVE_WITH_KNOTS('',1,(#3913,#3914),.UNSPECIFIED.,.F.,
  .F.,(2,2),(-8.661653327098E-02,0.254832385976),
  .PIECEWISE_BEZIER_KNOTS.);
#3913 = CARTESIAN_POINT('',(2.295677174467,7.157798918152));
#3914 = CARTESIAN_POINT('',(2.62306513669,7.060822185653));
#3915 = ( GEOMETRIC_REPRESENTATION_CONTEXT(2) 
PARAMETRIC_REPRESENTATION_CONTEXT() REPRESENTATION_CONTEXT('2D SPACE',''
  ) );
#3916 = PCURVE('',#3917,#3922);
#3917 = PLANE('',#3918);
#3918 = AXIS2_PLACEMENT_3D('',#3919,#3920,#3921);
#3919 = CARTESIAN_POINT('',(12.,-9.702732568601,11.115389982004));
#3920 = DIRECTION('',(0.,0.958819734868,-0.284015344704));
#3921 = DIRECTION('',(0.,-0.284015344704,-0.958819734868));
#3922 = DEFINITIONAL_REPRESENTATION('',(#3923),#3926);
#3923 = B_SPLINE_CURVE_WITH_KNOTS('',1,(#3924,#3925),.UNSPECIFIED.,.F.,
  .F.,(2,2),(-8.661653327098E-02,0.254832385976),
  .PIECEWISE_BEZIER_KNOTS.);
#3924 = CARTESIAN_POINT('',(0.341448919247,-8.56E-02));
#3925 = CARTESIAN_POINT('',(0.,-8.56E-02));
#3926 = ( GEOMETRIC_REPRESENTATION_CONTEXT(2) 
PARAMETRIC_REPRESENTATION_CONTEXT() REPRESENTATION_CONTEXT('2D SPACE',''
  ) );
#3927 = ORIENTED_EDGE('',*,*,#3928,.T.);
#3928 = EDGE_CURVE('',#3903,#3929,#3931,.T.);
#3929 = VERTEX_POINT('',#3930);
#3930 = CARTESIAN_POINT('',(12.0856,-9.588754577279,11.437253900375));
#3931 = SURFACE_CURVE('',#3932,(#3936,#3942),.PCURVE_S1.);
#3932 = LINE('',#3933,#3934);
#3933 = CARTESIAN_POINT('',(12.0856,-9.665047482456,11.221809382365));
#3934 = VECTOR('',#3935,1.);
#3935 = DIRECTION('',(-0.,0.333806859234,0.942641491092));
#3936 = PCURVE('',#126,#3937);
#3937 = DEFINITIONAL_REPRESENTATION('',(#3938),#3941);
#3938 = B_SPLINE_CURVE_WITH_KNOTS('',1,(#3939,#3940),.UNSPECIFIED.,.F.,
  .F.,(2,2),(-0.112894882483,0.228554036764),.PIECEWISE_BEZIER_KNOTS.);
#3939 = CARTESIAN_POINT('',(2.62306513669,7.060822185653));
#3940 = CARTESIAN_POINT('',(2.944929055061,6.94684419433));
#3941 = ( GEOMETRIC_REPRESENTATION_CONTEXT(2) 
PARAMETRIC_REPRESENTATION_CONTEXT() REPRESENTATION_CONTEXT('2D SPACE',''
  ) );
#3942 = PCURVE('',#3943,#3948);
#3943 = PLANE('',#3944);
#3944 = AXIS2_PLACEMENT_3D('',#3945,#3946,#3947);
#3945 = CARTESIAN_POINT('',(12.,-9.588754577279,11.437253900375));
#3946 = DIRECTION('',(0.,0.942641491092,-0.333806859234));
#3947 = DIRECTION('',(0.,-0.333806859234,-0.942641491092));
#3948 = DEFINITIONAL_REPRESENTATION('',(#3949),#3952);
#3949 = B_SPLINE_CURVE_WITH_KNOTS('',1,(#3950,#3951),.UNSPECIFIED.,.F.,
  .F.,(2,2),(-0.112894882483,0.228554036764),.PIECEWISE_BEZIER_KNOTS.);
#3950 = CARTESIAN_POINT('',(0.341448919247,-8.56E-02));
#3951 = CARTESIAN_POINT('',(0.,-8.56E-02));
#3952 = ( GEOMETRIC_REPRESENTATION_CONTEXT(2) 
PARAMETRIC_REPRESENTATION_CONTEXT() REPRESENTATION_CONTEXT('2D SPACE',''
  ) );
#3953 = ORIENTED_EDGE('',*,*,#3954,.T.);
#3954 = EDGE_CURVE('',#3929,#3955,#3957,.T.);
#3955 = VERTEX_POINT('',#3956);
#3956 = CARTESIAN_POINT('',(12.0856,-9.458087732884,11.752711568265));
#3957 = SURFACE_CURVE('',#3958,(#3962,#3968),.PCURVE_S1.);
#3958 = LINE('',#3959,#3960);
#3959 = CARTESIAN_POINT('',(12.0856,-9.53534509215,11.566195803732));
#3960 = VECTOR('',#3961,1.);
#3961 = DIRECTION('',(-0.,0.382683432365,0.923879532511));
#3962 = PCURVE('',#126,#3963);
#3963 = DEFINITIONAL_REPRESENTATION('',(#3964),#3967);
#3964 = B_SPLINE_CURVE_WITH_KNOTS('',1,(#3965,#3966),.UNSPECIFIED.,.F.,
  .F.,(2,2),(-0.139565710485,0.201883208762),.PIECEWISE_BEZIER_KNOTS.);
#3965 = CARTESIAN_POINT('',(2.944929055061,6.94684419433));
#3966 = CARTESIAN_POINT('',(3.260386722951,6.816177349936));
#3967 = ( GEOMETRIC_REPRESENTATION_CONTEXT(2) 
PARAMETRIC_REPRESENTATION_CONTEXT() REPRESENTATION_CONTEXT('2D SPACE',''
  ) );
#3968 = PCURVE('',#3969,#3974);
#3969 = PLANE('',#3970);
#3970 = AXIS2_PLACEMENT_3D('',#3971,#3972,#3973);
#3971 = CARTESIAN_POINT('',(12.,-9.458087732884,11.752711568265));
#3972 = DIRECTION('',(0.,0.923879532511,-0.382683432365));
#3973 = DIRECTION('',(0.,-0.382683432365,-0.923879532511));
#3974 = DEFINITIONAL_REPRESENTATION('',(#3975),#3978);
#3975 = B_SPLINE_CURVE_WITH_KNOTS('',1,(#3976,#3977),.UNSPECIFIED.,.F.,
  .F.,(2,2),(-0.139565710485,0.201883208762),.PIECEWISE_BEZIER_KNOTS.);
#3976 = CARTESIAN_POINT('',(0.341448919247,-8.56E-02));
#3977 = CARTESIAN_POINT('',(0.,-8.56E-02));
#3978 = ( GEOMETRIC_REPRESENTATION_CONTEXT(2) 
PARAMETRIC_REPRESENTATION_CONTEXT() REPRESENTATION_CONTEXT('2D SPACE',''
  ) );
#3979 = ORIENTED_EDGE('',*,*,#3980,.T.);
#3980 = EDGE_CURVE('',#3955,#3981,#3983,.T.);
#3981 = VERTEX_POINT('',#3982);
#3982 = CARTESIAN_POINT('',(12.0856,-9.311090184155,12.060898338134));
#3983 = SURFACE_CURVE('',#3984,(#3988,#3994),.PCURVE_S1.);
#3984 = LINE('',#3985,#3986);
#3985 = CARTESIAN_POINT('',(12.0856,-9.3863835635,11.903042485616));
#3986 = VECTOR('',#3987,1.);
#3987 = DIRECTION('',(-0.,0.430511096808,0.90258528435));
#3988 = PCURVE('',#126,#3989);
#3989 = DEFINITIONAL_REPRESENTATION('',(#3990),#3993);
#3990 = B_SPLINE_CURVE_WITH_KNOTS('',1,(#3991,#3992),.UNSPECIFIED.,.F.,
  .F.,(2,2),(-0.166555914391,0.174893004856),.PIECEWISE_BEZIER_KNOTS.);
#3991 = CARTESIAN_POINT('',(3.260386722951,6.816177349936));
#3992 = CARTESIAN_POINT('',(3.56857349282,6.669179801207));
#3993 = ( GEOMETRIC_REPRESENTATION_CONTEXT(2) 
PARAMETRIC_REPRESENTATION_CONTEXT() REPRESENTATION_CONTEXT('2D SPACE',''
  ) );
#3994 = PCURVE('',#3995,#4000);
#3995 = PLANE('',#3996);
#3996 = AXIS2_PLACEMENT_3D('',#3997,#3998,#3999);
#3997 = CARTESIAN_POINT('',(12.,-9.311090184155,12.060898338134));
#3998 = DIRECTION('',(0.,0.90258528435,-0.430511096808));
#3999 = DIRECTION('',(0.,-0.430511096808,-0.90258528435));
#4000 = DEFINITIONAL_REPRESENTATION('',(#4001),#4004);
#4001 = B_SPLINE_CURVE_WITH_KNOTS('',1,(#4002,#4003),.UNSPECIFIED.,.F.,
  .F.,(2,2),(-0.166555914391,0.174893004856),.PIECEWISE_BEZIER_KNOTS.);
#4002 = CARTESIAN_POINT('',(0.341448919247,-8.56E-02));
#4003 = CARTESIAN_POINT('',(0.,-8.56E-02));
#4004 = ( GEOMETRIC_REPRESENTATION_CONTEXT(2) 
PARAMETRIC_REPRESENTATION_CONTEXT() REPRESENTATION_CONTEXT('2D SPACE',''
  ) );
#4005 = ORIENTED_EDGE('',*,*,#4006,.T.);
#4006 = EDGE_CURVE('',#3981,#4007,#4009,.T.);
#4007 = VERTEX_POINT('',#4008);
#4008 = CARTESIAN_POINT('',(12.0856,-9.148164841155,12.360969491468));
#4009 = SURFACE_CURVE('',#4010,(#4014,#4020),.PCURVE_S1.);
#4010 = LINE('',#4011,#4012);
#4011 = CARTESIAN_POINT('',(12.0856,-9.218620864666,12.231205638621));
#4012 = VECTOR('',#4013,1.);
#4013 = DIRECTION('',(-0.,0.47715876026,0.878817112662));
#4014 = PCURVE('',#126,#4015);
#4015 = DEFINITIONAL_REPRESENTATION('',(#4016),#4019);
#4016 = B_SPLINE_CURVE_WITH_KNOTS('',1,(#4017,#4018),.UNSPECIFIED.,.F.,
  .F.,(2,2),(-0.193791515928,0.147657403319),.PIECEWISE_BEZIER_KNOTS.);
#4017 = CARTESIAN_POINT('',(3.56857349282,6.669179801207));
#4018 = CARTESIAN_POINT('',(3.868644646154,6.506254458207));
#4019 = ( GEOMETRIC_REPRESENTATION_CONTEXT(2) 
PARAMETRIC_REPRESENTATION_CONTEXT() REPRESENTATION_CONTEXT('2D SPACE',''
  ) );
#4020 = PCURVE('',#4021,#4026);
#4021 = PLANE('',#4022);
#4022 = AXIS2_PLACEMENT_3D('',#4023,#4024,#4025);
#4023 = CARTESIAN_POINT('',(12.,-9.148164841155,12.360969491468));
#4024 = DIRECTION('',(0.,0.878817112662,-0.47715876026));
#4025 = DIRECTION('',(0.,-0.47715876026,-0.878817112662));
#4026 = DEFINITIONAL_REPRESENTATION('',(#4027),#4030);
#4027 = B_SPLINE_CURVE_WITH_KNOTS('',1,(#4028,#4029),.UNSPECIFIED.,.F.,
  .F.,(2,2),(-0.193791515928,0.147657403319),.PIECEWISE_BEZIER_KNOTS.);
#4028 = CARTESIAN_POINT('',(0.341448919247,-8.56E-02));
#4029 = CARTESIAN_POINT('',(0.,-8.56E-02));
#4030 = ( GEOMETRIC_REPRESENTATION_CONTEXT(2) 
PARAMETRIC_REPRESENTATION_CONTEXT() REPRESENTATION_CONTEXT('2D SPACE',''
  ) );
#4031 = ORIENTED_EDGE('',*,*,#4032,.T.);
#4032 = EDGE_CURVE('',#4007,#4033,#4035,.T.);
#4033 = VERTEX_POINT('',#4034);
#4034 = CARTESIAN_POINT('',(12.0856,-8.969758270925,12.652102554093));
#4035 = SURFACE_CURVE('',#4036,(#4040,#4046),.PCURVE_S1.);
#4036 = LINE('',#4037,#4038);
#4037 = CARTESIAN_POINT('',(12.0856,-9.032589274589,12.54957167476));
#4038 = VECTOR('',#4039,1.);
#4039 = DIRECTION('',(-0.,0.522498564716,0.852640164354));
#4040 = PCURVE('',#126,#4041);
#4041 = DEFINITIONAL_REPRESENTATION('',(#4042),#4045);
#4042 = B_SPLINE_CURVE_WITH_KNOTS('',1,(#4043,#4044),.UNSPECIFIED.,.F.,
  .F.,(2,2),(-0.221197864206,0.120251055041),.PIECEWISE_BEZIER_KNOTS.);
#4043 = CARTESIAN_POINT('',(3.868644646154,6.506254458207));
#4044 = CARTESIAN_POINT('',(4.15977770878,6.327847887976));
#4045 = ( GEOMETRIC_REPRESENTATION_CONTEXT(2) 
PARAMETRIC_REPRESENTATION_CONTEXT() REPRESENTATION_CONTEXT('2D SPACE',''
  ) );
#4046 = PCURVE('',#4047,#4052);
#4047 = PLANE('',#4048);
#4048 = AXIS2_PLACEMENT_3D('',#4049,#4050,#4051);
#4049 = CARTESIAN_POINT('',(12.,-8.969758270925,12.652102554093));
#4050 = DIRECTION('',(0.,0.852640164354,-0.522498564716));
#4051 = DIRECTION('',(0.,-0.522498564716,-0.852640164354));
#4052 = DEFINITIONAL_REPRESENTATION('',(#4053),#4056);
#4053 = B_SPLINE_CURVE_WITH_KNOTS('',1,(#4054,#4055),.UNSPECIFIED.,.F.,
  .F.,(2,2),(-0.221197864206,0.120251055041),.PIECEWISE_BEZIER_KNOTS.);
#4054 = CARTESIAN_POINT('',(0.341448919247,-8.56E-02));
#4055 = CARTESIAN_POINT('',(0.,-8.56E-02));
#4056 = ( GEOMETRIC_REPRESENTATION_CONTEXT(2) 
PARAMETRIC_REPRESENTATION_CONTEXT() REPRESENTATION_CONTEXT('2D SPACE',''
  ) );
#4057 = ORIENTED_EDGE('',*,*,#4058,.T.);
#4058 = EDGE_CURVE('',#4033,#4059,#4061,.T.);
#4059 = VERTEX_POINT('',#4060);
#4060 = CARTESIAN_POINT('',(12.0856,-8.776359473472,12.933499550522));
#4061 = SURFACE_CURVE('',#4062,(#4066,#4072),.PCURVE_S1.);
#4062 = LINE('',#4063,#4064);
#4063 = CARTESIAN_POINT('',(12.0856,-8.828893130241,12.857062605614));
#4064 = VECTOR('',#4065,1.);
#4065 = DIRECTION('',(-0.,0.566406236925,0.824126188622));
#4066 = PCURVE('',#126,#4067);
#4067 = DEFINITIONAL_REPRESENTATION('',(#4068),#4071);
#4068 = B_SPLINE_CURVE_WITH_KNOTS('',1,(#4069,#4070),.UNSPECIFIED.,.F.,
  .F.,(2,2),(-0.248699840329,9.274907891836E-02),
  .PIECEWISE_BEZIER_KNOTS.);
#4069 = CARTESIAN_POINT('',(4.15977770878,6.327847887976));
#4070 = CARTESIAN_POINT('',(4.441174705208,6.134449090524));
#4071 = ( GEOMETRIC_REPRESENTATION_CONTEXT(2) 
PARAMETRIC_REPRESENTATION_CONTEXT() REPRESENTATION_CONTEXT('2D SPACE',''
  ) );
#4072 = PCURVE('',#4073,#4078);
#4073 = PLANE('',#4074);
#4074 = AXIS2_PLACEMENT_3D('',#4075,#4076,#4077);
#4075 = CARTESIAN_POINT('',(12.,-8.776359473472,12.933499550522));
#4076 = DIRECTION('',(0.,0.824126188622,-0.566406236925));
#4077 = DIRECTION('',(0.,-0.566406236925,-0.824126188622));
#4078 = DEFINITIONAL_REPRESENTATION('',(#4079),#4082);
#4079 = B_SPLINE_CURVE_WITH_KNOTS('',1,(#4080,#4081),.UNSPECIFIED.,.F.,
  .F.,(2,2),(-0.248699840329,9.274907891836E-02),
  .PIECEWISE_BEZIER_KNOTS.);
#4080 = CARTESIAN_POINT('',(0.341448919247,-8.56E-02));
#4081 = CARTESIAN_POINT('',(0.,-8.56E-02));
#4082 = ( GEOMETRIC_REPRESENTATION_CONTEXT(2) 
PARAMETRIC_REPRESENTATION_CONTEXT() REPRESENTATION_CONTEXT('2D SPACE',''
  ) );
#4083 = ORIENTED_EDGE('',*,*,#4084,.T.);
#4084 = EDGE_CURVE('',#4059,#4085,#4087,.T.);
#4085 = VERTEX_POINT('',#4086);
#4086 = CARTESIAN_POINT('',(12.0856,-8.568498541458,13.204389191145));
#4087 = SURFACE_CURVE('',#4088,(#4092,#4098),.PCURVE_S1.);
#4088 = LINE('',#4089,#4090);
#4089 = CARTESIAN_POINT('',(12.0856,-8.608206135499,13.152641247096));
#4090 = VECTOR('',#4091,1.);
#4091 = DIRECTION('',(-0.,0.608761429009,0.793353340291));
#4092 = PCURVE('',#126,#4093);
#4093 = DEFINITIONAL_REPRESENTATION('',(#4094),#4097);
#4094 = B_SPLINE_CURVE_WITH_KNOTS('',1,(#4095,#4096),.UNSPECIFIED.,.F.,
  .F.,(2,2),(-0.276222063291,6.522685595588E-02),
  .PIECEWISE_BEZIER_KNOTS.);
#4095 = CARTESIAN_POINT('',(4.441174705208,6.134449090524));
#4096 = CARTESIAN_POINT('',(4.712064345831,5.92658815851));
#4097 = ( GEOMETRIC_REPRESENTATION_CONTEXT(2) 
PARAMETRIC_REPRESENTATION_CONTEXT() REPRESENTATION_CONTEXT('2D SPACE',''
  ) );
#4098 = PCURVE('',#4099,#4104);
#4099 = PLANE('',#4100);
#4100 = AXIS2_PLACEMENT_3D('',#4101,#4102,#4103);
#4101 = CARTESIAN_POINT('',(12.,-8.568498541458,13.204389191145));
#4102 = DIRECTION('',(0.,0.793353340291,-0.608761429009));
#4103 = DIRECTION('',(0.,-0.608761429009,-0.793353340291));
#4104 = DEFINITIONAL_REPRESENTATION('',(#4105),#4108);
#4105 = B_SPLINE_CURVE_WITH_KNOTS('',1,(#4106,#4107),.UNSPECIFIED.,.F.,
  .F.,(2,2),(-0.276222063291,6.522685595588E-02),
  .PIECEWISE_BEZIER_KNOTS.);
#4106 = CARTESIAN_POINT('',(0.341448919247,-8.56E-02));
#4107 = CARTESIAN_POINT('',(0.,-8.56E-02));
#4108 = ( GEOMETRIC_REPRESENTATION_CONTEXT(2) 
PARAMETRIC_REPRESENTATION_CONTEXT() REPRESENTATION_CONTEXT('2D SPACE',''
  ) );
#4109 = ORIENTED_EDGE('',*,*,#4110,.T.);
#4110 = EDGE_CURVE('',#4085,#4111,#4113,.T.);
#4111 = VERTEX_POINT('',#4112);
#4112 = CARTESIAN_POINT('',(12.0856,-8.346745207249,13.464028986288));
#4113 = SURFACE_CURVE('',#4114,(#4118,#4124),.PCURVE_S1.);
#4114 = LINE('',#4115,#4116);
#4115 = CARTESIAN_POINT('',(12.0856,-8.371268250376,13.435316191882));
#4116 = VECTOR('',#4117,1.);
#4117 = DIRECTION('',(-0.,0.64944804833,0.7604059656));
#4118 = PCURVE('',#126,#4119);
#4119 = DEFINITIONAL_REPRESENTATION('',(#4120),#4123);
#4120 = B_SPLINE_CURVE_WITH_KNOTS('',1,(#4121,#4122),.UNSPECIFIED.,.F.,
  .F.,(2,2),(-0.303689096593,3.775982265357E-02),
  .PIECEWISE_BEZIER_KNOTS.);
#4121 = CARTESIAN_POINT('',(4.712064345831,5.92658815851));
#4122 = CARTESIAN_POINT('',(4.971704140974,5.7048348243));
#4123 = ( GEOMETRIC_REPRESENTATION_CONTEXT(2) 
PARAMETRIC_REPRESENTATION_CONTEXT() REPRESENTATION_CONTEXT('2D SPACE',''
  ) );
#4124 = PCURVE('',#4125,#4130);
#4125 = PLANE('',#4126);
#4126 = AXIS2_PLACEMENT_3D('',#4127,#4128,#4129);
#4127 = CARTESIAN_POINT('',(12.,-8.346745207249,13.464028986288));
#4128 = DIRECTION('',(0.,0.7604059656,-0.64944804833));
#4129 = DIRECTION('',(0.,-0.64944804833,-0.7604059656));
#4130 = DEFINITIONAL_REPRESENTATION('',(#4131),#4134);
#4131 = B_SPLINE_CURVE_WITH_KNOTS('',1,(#4132,#4133),.UNSPECIFIED.,.F.,
  .F.,(2,2),(-0.303689096593,3.775982265357E-02),
  .PIECEWISE_BEZIER_KNOTS.);
#4132 = CARTESIAN_POINT('',(0.341448919247,-8.56E-02));
#4133 = CARTESIAN_POINT('',(0.,-8.56E-02));
#4134 = ( GEOMETRIC_REPRESENTATION_CONTEXT(2) 
PARAMETRIC_REPRESENTATION_CONTEXT() REPRESENTATION_CONTEXT('2D SPACE',''
  ) );
#4135 = ORIENTED_EDGE('',*,*,#4136,.T.);
#4136 = EDGE_CURVE('',#4111,#4137,#4139,.T.);
#4137 = VERTEX_POINT('',#4138);
#4138 = CARTESIAN_POINT('',(12.0856,-8.111707281319,13.711707281319));
#4139 = SURFACE_CURVE('',#4140,(#4144,#4150),.PCURVE_S1.);
#4140 = LINE('',#4141,#4142);
#4141 = CARTESIAN_POINT('',(12.0856,-8.118882182953,13.704146512577));
#4142 = VECTOR('',#4143,1.);
#4143 = DIRECTION('',(-0.,0.688354575694,0.725374371012));
#4144 = PCURVE('',#126,#4145);
#4145 = DEFINITIONAL_REPRESENTATION('',(#4146),#4149);
#4146 = B_SPLINE_CURVE_WITH_KNOTS('',1,(#4147,#4148),.UNSPECIFIED.,.F.,
  .F.,(2,2),(-0.331025655006,1.042326424045E-02),
  .PIECEWISE_BEZIER_KNOTS.);
#4147 = CARTESIAN_POINT('',(4.971704140974,5.7048348243));
#4148 = CARTESIAN_POINT('',(5.219382436005,5.469796898371));
#4149 = ( GEOMETRIC_REPRESENTATION_CONTEXT(2) 
PARAMETRIC_REPRESENTATION_CONTEXT() REPRESENTATION_CONTEXT('2D SPACE',''
  ) );
#4150 = PCURVE('',#4151,#4156);
#4151 = PLANE('',#4152);
#4152 = AXIS2_PLACEMENT_3D('',#4153,#4154,#4155);
#4153 = CARTESIAN_POINT('',(12.,-8.111707281319,13.711707281319));
#4154 = DIRECTION('',(0.,0.725374371012,-0.688354575694));
#4155 = DIRECTION('',(0.,-0.688354575694,-0.725374371012));
#4156 = DEFINITIONAL_REPRESENTATION('',(#4157),#4160);
#4157 = B_SPLINE_CURVE_WITH_KNOTS('',1,(#4158,#4159),.UNSPECIFIED.,.F.,
  .F.,(2,2),(-0.331025655006,1.042326424045E-02),
  .PIECEWISE_BEZIER_KNOTS.);
#4158 = CARTESIAN_POINT('',(0.341448919247,-8.56E-02));
#4159 = CARTESIAN_POINT('',(0.,-8.56E-02));
#4160 = ( GEOMETRIC_REPRESENTATION_CONTEXT(2) 
PARAMETRIC_REPRESENTATION_CONTEXT() REPRESENTATION_CONTEXT('2D SPACE',''
  ) );
#4161 = ORIENTED_EDGE('',*,*,#4162,.T.);
#4162 = EDGE_CURVE('',#4137,#4163,#4165,.T.);
#4163 = VERTEX_POINT('',#4164);
#4164 = CARTESIAN_POINT('',(12.0856,-7.864028986288,13.946745207249));
#4165 = SURFACE_CURVE('',#4166,(#4170,#4176),.PCURVE_S1.);
#4166 = LINE('',#4167,#4168);
#4167 = CARTESIAN_POINT('',(12.0856,-7.851909509872,13.958246160935));
#4168 = VECTOR('',#4169,1.);
#4169 = DIRECTION('',(-0.,0.725374371012,0.688354575694));
#4170 = PCURVE('',#126,#4171);
#4171 = DEFINITIONAL_REPRESENTATION('',(#4172),#4175);
#4172 = B_SPLINE_CURVE_WITH_KNOTS('',1,(#4173,#4174),.UNSPECIFIED.,.F.,
  .F.,(2,2),(-0.358156810924,-1.670789167697E-02),
  .PIECEWISE_BEZIER_KNOTS.);
#4173 = CARTESIAN_POINT('',(5.219382436005,5.469796898371));
#4174 = CARTESIAN_POINT('',(5.454420361935,5.222118603339));
#4175 = ( GEOMETRIC_REPRESENTATION_CONTEXT(2) 
PARAMETRIC_REPRESENTATION_CONTEXT() REPRESENTATION_CONTEXT('2D SPACE',''
  ) );
#4176 = PCURVE('',#4177,#4182);
#4177 = PLANE('',#4178);
#4178 = AXIS2_PLACEMENT_3D('',#4179,#4180,#4181);
#4179 = CARTESIAN_POINT('',(12.,-7.864028986288,13.946745207249));
#4180 = DIRECTION('',(0.,0.688354575694,-0.725374371012));
#4181 = DIRECTION('',(0.,-0.725374371012,-0.688354575694));
#4182 = DEFINITIONAL_REPRESENTATION('',(#4183),#4186);
#4183 = B_SPLINE_CURVE_WITH_KNOTS('',1,(#4184,#4185),.UNSPECIFIED.,.F.,
  .F.,(2,2),(-0.358156810924,-1.670789167697E-02),
  .PIECEWISE_BEZIER_KNOTS.);
#4184 = CARTESIAN_POINT('',(0.341448919247,-8.56E-02));
#4185 = CARTESIAN_POINT('',(0.,-8.56E-02));
#4186 = ( GEOMETRIC_REPRESENTATION_CONTEXT(2) 
PARAMETRIC_REPRESENTATION_CONTEXT() REPRESENTATION_CONTEXT('2D SPACE',''
  ) );
#4187 = ORIENTED_EDGE('',*,*,#4188,.T.);
#4188 = EDGE_CURVE('',#4163,#4189,#4191,.T.);
#4189 = VERTEX_POINT('',#4190);
#4190 = CARTESIAN_POINT('',(12.0856,-7.604389191145,14.168498541458));
#4191 = SURFACE_CURVE('',#4192,(#4196,#4202),.PCURVE_S1.);
#4192 = LINE('',#4193,#4194);
#4193 = CARTESIAN_POINT('',(12.0856,-7.571266454406,14.196788031156));
#4194 = VECTOR('',#4195,1.);
#4195 = DIRECTION('',(-0.,0.7604059656,0.64944804833));
#4196 = PCURVE('',#126,#4197);
#4197 = DEFINITIONAL_REPRESENTATION('',(#4198),#4201);
#4198 = B_SPLINE_CURVE_WITH_KNOTS('',1,(#4199,#4200),.UNSPECIFIED.,.F.,
  .F.,(2,2),(-0.385008199733,-4.355928048621E-02),
  .PIECEWISE_BEZIER_KNOTS.);
#4199 = CARTESIAN_POINT('',(5.454420361935,5.222118603339));
#4200 = CARTESIAN_POINT('',(5.676173696144,4.962478808196));
#4201 = ( GEOMETRIC_REPRESENTATION_CONTEXT(2) 
PARAMETRIC_REPRESENTATION_CONTEXT() REPRESENTATION_CONTEXT('2D SPACE',''
  ) );
#4202 = PCURVE('',#4203,#4208);
#4203 = PLANE('',#4204);
#4204 = AXIS2_PLACEMENT_3D('',#4205,#4206,#4207);
#4205 = CARTESIAN_POINT('',(12.,-7.604389191145,14.168498541458));
#4206 = DIRECTION('',(0.,0.64944804833,-0.7604059656));
#4207 = DIRECTION('',(0.,-0.7604059656,-0.64944804833));
#4208 = DEFINITIONAL_REPRESENTATION('',(#4209),#4212);
#4209 = B_SPLINE_CURVE_WITH_KNOTS('',1,(#4210,#4211),.UNSPECIFIED.,.F.,
  .F.,(2,2),(-0.385008199733,-4.355928048621E-02),
  .PIECEWISE_BEZIER_KNOTS.);
#4210 = CARTESIAN_POINT('',(0.341448919247,-8.56E-02));
#4211 = CARTESIAN_POINT('',(0.,-8.56E-02));
#4212 = ( GEOMETRIC_REPRESENTATION_CONTEXT(2) 
PARAMETRIC_REPRESENTATION_CONTEXT() REPRESENTATION_CONTEXT('2D SPACE',''
  ) );
#4213 = ORIENTED_EDGE('',*,*,#4214,.T.);
#4214 = EDGE_CURVE('',#4189,#4215,#4217,.T.);
#4215 = VERTEX_POINT('',#4216);
#4216 = CARTESIAN_POINT('',(12.0856,-7.333499550522,14.376359473472));
#4217 = SURFACE_CURVE('',#4218,(#4222,#4228),.PCURVE_S1.);
#4218 = LINE('',#4219,#4220);
#4219 = CARTESIAN_POINT('',(12.0856,-7.277919354066,14.419007658209));
#4220 = VECTOR('',#4221,1.);
#4221 = DIRECTION('',(-0.,0.793353340291,0.608761429009));
#4222 = PCURVE('',#126,#4223);
#4223 = DEFINITIONAL_REPRESENTATION('',(#4224),#4227);
#4224 = B_SPLINE_CURVE_WITH_KNOTS('',1,(#4225,#4226),.UNSPECIFIED.,.F.,
  .F.,(2,2),(-0.411506223644,-7.005730439695E-02),
  .PIECEWISE_BEZIER_KNOTS.);
#4225 = CARTESIAN_POINT('',(5.676173696144,4.962478808196));
#4226 = CARTESIAN_POINT('',(5.884034628158,4.691589167573));
#4227 = ( GEOMETRIC_REPRESENTATION_CONTEXT(2) 
PARAMETRIC_REPRESENTATION_CONTEXT() REPRESENTATION_CONTEXT('2D SPACE',''
  ) );
#4228 = PCURVE('',#4229,#4234);
#4229 = PLANE('',#4230);
#4230 = AXIS2_PLACEMENT_3D('',#4231,#4232,#4233);
#4231 = CARTESIAN_POINT('',(12.,-7.333499550522,14.376359473472));
#4232 = DIRECTION('',(0.,0.608761429009,-0.793353340291));
#4233 = DIRECTION('',(0.,-0.793353340291,-0.608761429009));
#4234 = DEFINITIONAL_REPRESENTATION('',(#4235),#4238);
#4235 = B_SPLINE_CURVE_WITH_KNOTS('',1,(#4236,#4237),.UNSPECIFIED.,.F.,
  .F.,(2,2),(-0.411506223644,-7.005730439695E-02),
  .PIECEWISE_BEZIER_KNOTS.);
#4236 = CARTESIAN_POINT('',(0.341448919247,-8.56E-02));
#4237 = CARTESIAN_POINT('',(0.,-8.56E-02));
#4238 = ( GEOMETRIC_REPRESENTATION_CONTEXT(2) 
PARAMETRIC_REPRESENTATION_CONTEXT() REPRESENTATION_CONTEXT('2D SPACE',''
  ) );
#4239 = ORIENTED_EDGE('',*,*,#4240,.T.);
#4240 = EDGE_CURVE('',#4215,#4241,#4243,.T.);
#4241 = VERTEX_POINT('',#4242);
#4242 = CARTESIAN_POINT('',(12.0856,-7.052102554093,14.569758270925));
#4243 = SURFACE_CURVE('',#4244,(#4248,#4254),.PCURVE_S1.);
#4244 = LINE('',#4245,#4246);
#4245 = CARTESIAN_POINT('',(12.0856,-6.972879852311,14.624206525349));
#4246 = VECTOR('',#4247,1.);
#4247 = DIRECTION('',(-0.,0.824126188622,0.566406236925));
#4248 = PCURVE('',#126,#4249);
#4249 = DEFINITIONAL_REPRESENTATION('',(#4250),#4253);
#4250 = B_SPLINE_CURVE_WITH_KNOTS('',1,(#4251,#4252),.UNSPECIFIED.,.F.,
  .F.,(2,2),(-0.437578253414,-9.612933416745E-02),
  .PIECEWISE_BEZIER_KNOTS.);
#4251 = CARTESIAN_POINT('',(5.884034628158,4.691589167573));
#4252 = CARTESIAN_POINT('',(6.077433425611,4.410192171145));
#4253 = ( GEOMETRIC_REPRESENTATION_CONTEXT(2) 
PARAMETRIC_REPRESENTATION_CONTEXT() REPRESENTATION_CONTEXT('2D SPACE',''
  ) );
#4254 = PCURVE('',#4255,#4260);
#4255 = PLANE('',#4256);
#4256 = AXIS2_PLACEMENT_3D('',#4257,#4258,#4259);
#4257 = CARTESIAN_POINT('',(12.,-7.052102554093,14.569758270925));
#4258 = DIRECTION('',(0.,0.566406236925,-0.824126188622));
#4259 = DIRECTION('',(0.,-0.824126188622,-0.566406236925));
#4260 = DEFINITIONAL_REPRESENTATION('',(#4261),#4264);
#4261 = B_SPLINE_CURVE_WITH_KNOTS('',1,(#4262,#4263),.UNSPECIFIED.,.F.,
  .F.,(2,2),(-0.437578253414,-9.612933416745E-02),
  .PIECEWISE_BEZIER_KNOTS.);
#4262 = CARTESIAN_POINT('',(0.341448919247,-8.56E-02));
#4263 = CARTESIAN_POINT('',(0.,-8.56E-02));
#4264 = ( GEOMETRIC_REPRESENTATION_CONTEXT(2) 
PARAMETRIC_REPRESENTATION_CONTEXT() REPRESENTATION_CONTEXT('2D SPACE',''
  ) );
#4265 = ORIENTED_EDGE('',*,*,#4266,.T.);
#4266 = EDGE_CURVE('',#4241,#4267,#4269,.T.);
#4267 = VERTEX_POINT('',#4268);
#4268 = CARTESIAN_POINT('',(12.0856,-6.760969491468,14.748164841155));
#4269 = SURFACE_CURVE('',#4270,(#4274,#4280),.PCURVE_S1.);
#4270 = LINE('',#4271,#4272);
#4271 = CARTESIAN_POINT('',(12.0856,-6.657199851198,14.811754958498));
#4272 = VECTOR('',#4273,1.);
#4273 = DIRECTION('',(-0.,0.852640164354,0.522498564716));
#4274 = PCURVE('',#126,#4275);
#4275 = DEFINITIONAL_REPRESENTATION('',(#4276),#4279);
#4276 = B_SPLINE_CURVE_WITH_KNOTS('',1,(#4277,#4278),.UNSPECIFIED.,.F.,
  .F.,(2,2),(-0.463152827423,-0.121703908176),.PIECEWISE_BEZIER_KNOTS.);
#4277 = CARTESIAN_POINT('',(6.077433425611,4.410192171145));
#4278 = CARTESIAN_POINT('',(6.255839995841,4.11905910852));
#4279 = ( GEOMETRIC_REPRESENTATION_CONTEXT(2) 
PARAMETRIC_REPRESENTATION_CONTEXT() REPRESENTATION_CONTEXT('2D SPACE',''
  ) );
#4280 = PCURVE('',#4281,#4286);
#4281 = PLANE('',#4282);
#4282 = AXIS2_PLACEMENT_3D('',#4283,#4284,#4285);
#4283 = CARTESIAN_POINT('',(12.,-6.760969491468,14.748164841155));
#4284 = DIRECTION('',(0.,0.522498564716,-0.852640164354));
#4285 = DIRECTION('',(0.,-0.852640164354,-0.522498564716));
#4286 = DEFINITIONAL_REPRESENTATION('',(#4287),#4290);
#4287 = B_SPLINE_CURVE_WITH_KNOTS('',1,(#4288,#4289),.UNSPECIFIED.,.F.,
  .F.,(2,2),(-0.463152827423,-0.121703908176),.PIECEWISE_BEZIER_KNOTS.);
#4288 = CARTESIAN_POINT('',(0.341448919247,-8.56E-02));
#4289 = CARTESIAN_POINT('',(0.,-8.56E-02));
#4290 = ( GEOMETRIC_REPRESENTATION_CONTEXT(2) 
PARAMETRIC_REPRESENTATION_CONTEXT() REPRESENTATION_CONTEXT('2D SPACE',''
  ) );
#4291 = ORIENTED_EDGE('',*,*,#4292,.T.);
#4292 = EDGE_CURVE('',#4267,#4293,#4295,.T.);
#4293 = VERTEX_POINT('',#4294);
#4294 = CARTESIAN_POINT('',(12.0856,-6.460898338134,14.911090184155));
#4295 = SURFACE_CURVE('',#4296,(#4300,#4306),.PCURVE_S1.);
#4296 = LINE('',#4297,#4298);
#4297 = CARTESIAN_POINT('',(12.0856,-6.331966263735,14.981094588816));
#4298 = VECTOR('',#4299,1.);
#4299 = DIRECTION('',(-0.,0.878817112662,0.47715876026));
#4300 = PCURVE('',#126,#4301);
#4301 = DEFINITIONAL_REPRESENTATION('',(#4302),#4305);
#4302 = B_SPLINE_CURVE_WITH_KNOTS('',1,(#4303,#4304),.UNSPECIFIED.,.F.,
  .F.,(2,2),(-0.488159847541,-0.146710928294),.PIECEWISE_BEZIER_KNOTS.);
#4303 = CARTESIAN_POINT('',(6.255839995841,4.11905910852));
#4304 = CARTESIAN_POINT('',(6.418765338841,3.818987955186));
#4305 = ( GEOMETRIC_REPRESENTATION_CONTEXT(2) 
PARAMETRIC_REPRESENTATION_CONTEXT() REPRESENTATION_CONTEXT('2D SPACE',''
  ) );
#4306 = PCURVE('',#4307,#4312);
#4307 = PLANE('',#4308);
#4308 = AXIS2_PLACEMENT_3D('',#4309,#4310,#4311);
#4309 = CARTESIAN_POINT('',(12.,-6.460898338134,14.911090184155));
#4310 = DIRECTION('',(0.,0.47715876026,-0.878817112662));
#4311 = DIRECTION('',(0.,-0.878817112662,-0.47715876026));
#4312 = DEFINITIONAL_REPRESENTATION('',(#4313),#4316);
#4313 = B_SPLINE_CURVE_WITH_KNOTS('',1,(#4314,#4315),.UNSPECIFIED.,.F.,
  .F.,(2,2),(-0.488159847541,-0.146710928294),.PIECEWISE_BEZIER_KNOTS.);
#4314 = CARTESIAN_POINT('',(0.341448919247,-8.56E-02));
#4315 = CARTESIAN_POINT('',(0.,-8.56E-02));
#4316 = ( GEOMETRIC_REPRESENTATION_CONTEXT(2) 
PARAMETRIC_REPRESENTATION_CONTEXT() REPRESENTATION_CONTEXT('2D SPACE',''
  ) );
#4317 = ORIENTED_EDGE('',*,*,#4318,.T.);
#4318 = EDGE_CURVE('',#4293,#4319,#4321,.T.);
#4319 = VERTEX_POINT('',#4320);
#4320 = CARTESIAN_POINT('',(12.0856,-6.152711568265,15.058087732884));
#4321 = SURFACE_CURVE('',#4322,(#4326,#4332),.PCURVE_S1.);
#4322 = LINE('',#4323,#4324);
#4323 = CARTESIAN_POINT('',(12.0856,-5.998295606215,15.13174036864));
#4324 = VECTOR('',#4325,1.);
#4325 = DIRECTION('',(-0.,0.90258528435,0.430511096808));
#4326 = PCURVE('',#126,#4327);
#4327 = DEFINITIONAL_REPRESENTATION('',(#4328),#4331);
#4328 = B_SPLINE_CURVE_WITH_KNOTS('',1,(#4329,#4330),.UNSPECIFIED.,.F.,
  .F.,(2,2),(-0.512530771264,-0.171081852017),.PIECEWISE_BEZIER_KNOTS.);
#4329 = CARTESIAN_POINT('',(6.418765338841,3.818987955186));
#4330 = CARTESIAN_POINT('',(6.56576288757,3.510801185316));
#4331 = ( GEOMETRIC_REPRESENTATION_CONTEXT(2) 
PARAMETRIC_REPRESENTATION_CONTEXT() REPRESENTATION_CONTEXT('2D SPACE',''
  ) );
#4332 = PCURVE('',#4333,#4338);
#4333 = PLANE('',#4334);
#4334 = AXIS2_PLACEMENT_3D('',#4335,#4336,#4337);
#4335 = CARTESIAN_POINT('',(12.,-6.152711568265,15.058087732884));
#4336 = DIRECTION('',(0.,0.430511096808,-0.90258528435));
#4337 = DIRECTION('',(0.,-0.90258528435,-0.430511096808));
#4338 = DEFINITIONAL_REPRESENTATION('',(#4339),#4342);
#4339 = B_SPLINE_CURVE_WITH_KNOTS('',1,(#4340,#4341),.UNSPECIFIED.,.F.,
  .F.,(2,2),(-0.512530771264,-0.171081852017),.PIECEWISE_BEZIER_KNOTS.);
#4340 = CARTESIAN_POINT('',(0.341448919247,-8.56E-02));
#4341 = CARTESIAN_POINT('',(0.,-8.56E-02));
#4342 = ( GEOMETRIC_REPRESENTATION_CONTEXT(2) 
PARAMETRIC_REPRESENTATION_CONTEXT() REPRESENTATION_CONTEXT('2D SPACE',''
  ) );
#4343 = ORIENTED_EDGE('',*,*,#4344,.T.);
#4344 = EDGE_CURVE('',#4319,#4345,#4347,.T.);
#4345 = VERTEX_POINT('',#4346);
#4346 = CARTESIAN_POINT('',(12.0856,-5.837253900375,15.188754577279));
#4347 = SURFACE_CURVE('',#4348,(#4352,#4358),.PCURVE_S1.);
#4348 = LINE('',#4349,#4350);
#4349 = CARTESIAN_POINT('',(12.0856,-5.657328471973,15.263282129939));
#4350 = VECTOR('',#4351,1.);
#4351 = DIRECTION('',(-0.,0.923879532511,0.382683432365));
#4352 = PCURVE('',#126,#4353);
#4353 = DEFINITIONAL_REPRESENTATION('',(#4354),#4357);
#4354 = B_SPLINE_CURVE_WITH_KNOTS('',1,(#4355,#4356),.UNSPECIFIED.,.F.,
  .F.,(2,2),(-0.536198799583,-0.194749880336),.PIECEWISE_BEZIER_KNOTS.);
#4355 = CARTESIAN_POINT('',(6.56576288757,3.510801185316));
#4356 = CARTESIAN_POINT('',(6.696429731965,3.195343517426));
#4357 = ( GEOMETRIC_REPRESENTATION_CONTEXT(2) 
PARAMETRIC_REPRESENTATION_CONTEXT() REPRESENTATION_CONTEXT('2D SPACE',''
  ) );
#4358 = PCURVE('',#4359,#4364);
#4359 = PLANE('',#4360);
#4360 = AXIS2_PLACEMENT_3D('',#4361,#4362,#4363);
#4361 = CARTESIAN_POINT('',(12.,-5.837253900375,15.188754577279));
#4362 = DIRECTION('',(0.,0.382683432365,-0.923879532511));
#4363 = DIRECTION('',(0.,-0.923879532511,-0.382683432365));
#4364 = DEFINITIONAL_REPRESENTATION('',(#4365),#4368);
#4365 = B_SPLINE_CURVE_WITH_KNOTS('',1,(#4366,#4367),.UNSPECIFIED.,.F.,
  .F.,(2,2),(-0.536198799583,-0.194749880336),.PIECEWISE_BEZIER_KNOTS.);
#4366 = CARTESIAN_POINT('',(0.341448919247,-8.56E-02));
#4367 = CARTESIAN_POINT('',(0.,-8.56E-02));
#4368 = ( GEOMETRIC_REPRESENTATION_CONTEXT(2) 
PARAMETRIC_REPRESENTATION_CONTEXT() REPRESENTATION_CONTEXT('2D SPACE',''
  ) );
#4369 = ORIENTED_EDGE('',*,*,#4370,.T.);
#4370 = EDGE_CURVE('',#4345,#4371,#4373,.T.);
#4371 = VERTEX_POINT('',#4372);
#4372 = CARTESIAN_POINT('',(12.0856,-5.515389982004,15.302732568601));
#4373 = SURFACE_CURVE('',#4374,(#4378,#4384),.PCURVE_S1.);
#4374 = LINE('',#4375,#4376);
#4375 = CARTESIAN_POINT('',(12.0856,-5.310223928713,15.375385678524));
#4376 = VECTOR('',#4377,1.);
#4377 = DIRECTION('',(-0.,0.942641491092,0.333806859234));
#4378 = PCURVE('',#126,#4379);
#4379 = DEFINITIONAL_REPRESENTATION('',(#4380),#4383);
#4380 = B_SPLINE_CURVE_WITH_KNOTS('',1,(#4381,#4382),.UNSPECIFIED.,.F.,
  .F.,(2,2),(-0.559099060079,-0.217650140832),.PIECEWISE_BEZIER_KNOTS.);
#4381 = CARTESIAN_POINT('',(6.696429731965,3.195343517426));
#4382 = CARTESIAN_POINT('',(6.810407723287,2.873479599055));
#4383 = ( GEOMETRIC_REPRESENTATION_CONTEXT(2) 
PARAMETRIC_REPRESENTATION_CONTEXT() REPRESENTATION_CONTEXT('2D SPACE',''
  ) );
#4384 = PCURVE('',#4385,#4390);
#4385 = PLANE('',#4386);
#4386 = AXIS2_PLACEMENT_3D('',#4387,#4388,#4389);
#4387 = CARTESIAN_POINT('',(12.,-5.515389982004,15.302732568601));
#4388 = DIRECTION('',(0.,0.333806859234,-0.942641491092));
#4389 = DIRECTION('',(0.,-0.942641491092,-0.333806859234));
#4390 = DEFINITIONAL_REPRESENTATION('',(#4391),#4394);
#4391 = B_SPLINE_CURVE_WITH_KNOTS('',1,(#4392,#4393),.UNSPECIFIED.,.F.,
  .F.,(2,2),(-0.559099060079,-0.217650140832),.PIECEWISE_BEZIER_KNOTS.);
#4392 = CARTESIAN_POINT('',(0.341448919247,-8.56E-02));
#4393 = CARTESIAN_POINT('',(0.,-8.56E-02));
#4394 = ( GEOMETRIC_REPRESENTATION_CONTEXT(2) 
PARAMETRIC_REPRESENTATION_CONTEXT() REPRESENTATION_CONTEXT('2D SPACE',''
  ) );
#4395 = ORIENTED_EDGE('',*,*,#4396,.T.);
#4396 = EDGE_CURVE('',#4371,#4397,#4399,.T.);
#4397 = VERTEX_POINT('',#4398);
#4398 = CARTESIAN_POINT('',(12.0856,-5.188002019781,15.3997093011));
#4399 = SURFACE_CURVE('',#4400,(#4404,#4410),.PCURVE_S1.);
#4400 = LINE('',#4401,#4402);
#4401 = CARTESIAN_POINT('',(12.0856,-4.958153881916,15.467793421327));
#4402 = VECTOR('',#4403,1.);
#4403 = DIRECTION('',(-0.,0.958819734868,0.284015344704));
#4404 = PCURVE('',#126,#4405);
#4405 = DEFINITIONAL_REPRESENTATION('',(#4406),#4409);
#4406 = B_SPLINE_CURVE_WITH_KNOTS('',1,(#4407,#4408),.UNSPECIFIED.,.F.,
  .F.,(2,2),(-0.581168784729,-0.239719865482),.PIECEWISE_BEZIER_KNOTS.);
#4407 = CARTESIAN_POINT('',(6.810407723287,2.873479599055));
#4408 = CARTESIAN_POINT('',(6.907384455786,2.546091636832));
#4409 = ( GEOMETRIC_REPRESENTATION_CONTEXT(2) 
PARAMETRIC_REPRESENTATION_CONTEXT() REPRESENTATION_CONTEXT('2D SPACE',''
  ) );
#4410 = PCURVE('',#4411,#4416);
#4411 = PLANE('',#4412);
#4412 = AXIS2_PLACEMENT_3D('',#4413,#4414,#4415);
#4413 = CARTESIAN_POINT('',(12.,-5.188002019781,15.3997093011));
#4414 = DIRECTION('',(0.,0.284015344704,-0.958819734868));
#4415 = DIRECTION('',(0.,-0.958819734868,-0.284015344704));
#4416 = DEFINITIONAL_REPRESENTATION('',(#4417),#4420);
#4417 = B_SPLINE_CURVE_WITH_KNOTS('',1,(#4418,#4419),.UNSPECIFIED.,.F.,
  .F.,(2,2),(-0.581168784729,-0.239719865482),.PIECEWISE_BEZIER_KNOTS.);
#4418 = CARTESIAN_POINT('',(0.341448919247,-8.56E-02));
#4419 = CARTESIAN_POINT('',(0.,-8.56E-02));
#4420 = ( GEOMETRIC_REPRESENTATION_CONTEXT(2) 
PARAMETRIC_REPRESENTATION_CONTEXT() REPRESENTATION_CONTEXT('2D SPACE',''
  ) );
#4421 = ORIENTED_EDGE('',*,*,#4422,.T.);
#4422 = EDGE_CURVE('',#4397,#4423,#4425,.T.);
#4423 = VERTEX_POINT('',#4424);
#4424 = CARTESIAN_POINT('',(12.0856,-4.855987361353,15.479418968292));
#4425 = SURFACE_CURVE('',#4426,(#4430,#4436),.PCURVE_S1.);
#4426 = LINE('',#4427,#4428);
#4427 = CARTESIAN_POINT('',(12.0856,-4.602297446703,15.540324528192));
#4428 = VECTOR('',#4429,1.);
#4429 = DIRECTION('',(-0.,0.972369920398,0.233445363856));
#4430 = PCURVE('',#126,#4431);
#4431 = DEFINITIONAL_REPRESENTATION('',(#4432),#4435);
#4432 = B_SPLINE_CURVE_WITH_KNOTS('',1,(#4433,#4434),.UNSPECIFIED.,.F.,
  .F.,(2,2),(-0.602347481952,-0.260898562706),.PIECEWISE_BEZIER_KNOTS.);
#4433 = CARTESIAN_POINT('',(6.907384455786,2.546091636832));
#4434 = CARTESIAN_POINT('',(6.987094122978,2.214076978404));
#4435 = ( GEOMETRIC_REPRESENTATION_CONTEXT(2) 
PARAMETRIC_REPRESENTATION_CONTEXT() REPRESENTATION_CONTEXT('2D SPACE',''
  ) );
#4436 = PCURVE('',#4437,#4442);
#4437 = PLANE('',#4438);
#4438 = AXIS2_PLACEMENT_3D('',#4439,#4440,#4441);
#4439 = CARTESIAN_POINT('',(12.,-4.855987361353,15.479418968292));
#4440 = DIRECTION('',(0.,0.233445363856,-0.972369920398));
#4441 = DIRECTION('',(0.,-0.972369920398,-0.233445363856));
#4442 = DEFINITIONAL_REPRESENTATION('',(#4443),#4446);
#4443 = B_SPLINE_CURVE_WITH_KNOTS('',1,(#4444,#4445),.UNSPECIFIED.,.F.,
  .F.,(2,2),(-0.602347481952,-0.260898562706),.PIECEWISE_BEZIER_KNOTS.);
#4444 = CARTESIAN_POINT('',(0.341448919247,-8.56E-02));
#4445 = CARTESIAN_POINT('',(0.,-8.56E-02));
#4446 = ( GEOMETRIC_REPRESENTATION_CONTEXT(2) 
PARAMETRIC_REPRESENTATION_CONTEXT() REPRESENTATION_CONTEXT('2D SPACE',''
  ) );
#4447 = ORIENTED_EDGE('',*,*,#4448,.T.);
#4448 = EDGE_CURVE('',#4423,#4449,#4451,.T.);
#4449 = VERTEX_POINT('',#4450);
#4450 = CARTESIAN_POINT('',(12.0856,-4.520256035821,15.541643091519));
#4451 = SURFACE_CURVE('',#4452,(#4456,#4462),.PCURVE_S1.);
#4452 = LINE('',#4453,#4454);
#4453 = CARTESIAN_POINT('',(12.0856,-4.243835370069,15.592874633709));
#4454 = VECTOR('',#4455,1.);
#4455 = DIRECTION('',(-0.,0.983254907564,0.182235525492));
#4456 = PCURVE('',#126,#4457);
#4457 = DEFINITIONAL_REPRESENTATION('',(#4458),#4461);
#4458 = B_SPLINE_CURVE_WITH_KNOTS('',1,(#4459,#4460),.UNSPECIFIED.,.F.,
  .F.,(2,2),(-0.622577102412,-0.281128183165),.PIECEWISE_BEZIER_KNOTS.);
#4459 = CARTESIAN_POINT('',(6.987094122978,2.214076978404));
#4460 = CARTESIAN_POINT('',(7.049318246206,1.878345652872));
#4461 = ( GEOMETRIC_REPRESENTATION_CONTEXT(2) 
PARAMETRIC_REPRESENTATION_CONTEXT() REPRESENTATION_CONTEXT('2D SPACE',''
  ) );
#4462 = PCURVE('',#4463,#4468);
#4463 = PLANE('',#4464);
#4464 = AXIS2_PLACEMENT_3D('',#4465,#4466,#4467);
#4465 = CARTESIAN_POINT('',(12.,-4.520256035821,15.541643091519));
#4466 = DIRECTION('',(0.,0.182235525492,-0.983254907564));
#4467 = DIRECTION('',(0.,-0.983254907564,-0.182235525492));
#4468 = DEFINITIONAL_REPRESENTATION('',(#4469),#4472);
#4469 = B_SPLINE_CURVE_WITH_KNOTS('',1,(#4470,#4471),.UNSPECIFIED.,.F.,
  .F.,(2,2),(-0.622577102412,-0.281128183165),.PIECEWISE_BEZIER_KNOTS.);
#4470 = CARTESIAN_POINT('',(0.341448919247,-8.56E-02));
#4471 = CARTESIAN_POINT('',(0.,-8.56E-02));
#4472 = ( GEOMETRIC_REPRESENTATION_CONTEXT(2) 
PARAMETRIC_REPRESENTATION_CONTEXT() REPRESENTATION_CONTEXT('2D SPACE',''
  ) );
#4473 = ORIENTED_EDGE('',*,*,#4474,.T.);
#4474 = EDGE_CURVE('',#4449,#4475,#4477,.T.);
#4475 = VERTEX_POINT('',#4476);
#4476 = CARTESIAN_POINT('',(12.0856,-4.181728259412,15.586211118786));
#4477 = SURFACE_CURVE('',#4478,(#4482,#4488),.PCURVE_S1.);
#4478 = LINE('',#4479,#4480);
#4479 = CARTESIAN_POINT('',(12.0856,-3.883944544473,15.625415088599));
#4480 = VECTOR('',#4481,1.);
#4481 = DIRECTION('',(-0.,0.991444861374,0.13052619222));
#4482 = PCURVE('',#126,#4483);
#4483 = DEFINITIONAL_REPRESENTATION('',(#4484),#4487);
#4484 = B_SPLINE_CURVE_WITH_KNOTS('',1,(#4485,#4486),.UNSPECIFIED.,.F.,
  .F.,(2,2),(-0.641802198123,-0.300353278876),.PIECEWISE_BEZIER_KNOTS.);
#4485 = CARTESIAN_POINT('',(7.049318246206,1.878345652872));
#4486 = CARTESIAN_POINT('',(7.093886273472,1.539817876463));
#4487 = ( GEOMETRIC_REPRESENTATION_CONTEXT(2) 
PARAMETRIC_REPRESENTATION_CONTEXT() REPRESENTATION_CONTEXT('2D SPACE',''
  ) );
#4488 = PCURVE('',#4489,#4494);
#4489 = PLANE('',#4490);
#4490 = AXIS2_PLACEMENT_3D('',#4491,#4492,#4493);
#4491 = CARTESIAN_POINT('',(12.,-4.181728259412,15.586211118786));
#4492 = DIRECTION('',(0.,0.13052619222,-0.991444861374));
#4493 = DIRECTION('',(0.,-0.991444861374,-0.13052619222));
#4494 = DEFINITIONAL_REPRESENTATION('',(#4495),#4498);
#4495 = B_SPLINE_CURVE_WITH_KNOTS('',1,(#4496,#4497),.UNSPECIFIED.,.F.,
  .F.,(2,2),(-0.641802198123,-0.300353278876),.PIECEWISE_BEZIER_KNOTS.);
#4496 = CARTESIAN_POINT('',(0.341448919247,-8.56E-02));
#4497 = CARTESIAN_POINT('',(0.,-8.56E-02));
#4498 = ( GEOMETRIC_REPRESENTATION_CONTEXT(2) 
PARAMETRIC_REPRESENTATION_CONTEXT() REPRESENTATION_CONTEXT('2D SPACE',''
  ) );
#4499 = ORIENTED_EDGE('',*,*,#4500,.T.);
#4500 = EDGE_CURVE('',#4475,#4501,#4503,.T.);
#4501 = VERTEX_POINT('',#4502);
#4502 = CARTESIAN_POINT('',(12.0856,-3.84133191323,15.613000892228));
#4503 = SURFACE_CURVE('',#4504,(#4508,#4514),.PCURVE_S1.);
#4504 = LINE('',#4505,#4506);
#4505 = CARTESIAN_POINT('',(12.0856,-3.523792652461,15.637991774034));
#4506 = VECTOR('',#4507,1.);
#4507 = DIRECTION('',(-0.,0.996917333733,7.845909572784E-02));
#4508 = PCURVE('',#126,#4509);
#4509 = DEFINITIONAL_REPRESENTATION('',(#4510),#4513);
#4510 = B_SPLINE_CURVE_WITH_KNOTS('',1,(#4511,#4512),.UNSPECIFIED.,.F.,
  .F.,(2,2),(-0.659970074436,-0.318521155189),.PIECEWISE_BEZIER_KNOTS.);
#4511 = CARTESIAN_POINT('',(7.093886273472,1.539817876463));
#4512 = CARTESIAN_POINT('',(7.120676046914,1.199421530282));
#4513 = ( GEOMETRIC_REPRESENTATION_CONTEXT(2) 
PARAMETRIC_REPRESENTATION_CONTEXT() REPRESENTATION_CONTEXT('2D SPACE',''
  ) );
#4514 = PCURVE('',#4515,#4520);
#4515 = PLANE('',#4516);
#4516 = AXIS2_PLACEMENT_3D('',#4517,#4518,#4519);
#4517 = CARTESIAN_POINT('',(12.,-3.84133191323,15.613000892228));
#4518 = DIRECTION('',(0.,7.845909572784E-02,-0.996917333733));
#4519 = DIRECTION('',(0.,-0.996917333733,-7.845909572784E-02));
#4520 = DEFINITIONAL_REPRESENTATION('',(#4521),#4524);
#4521 = B_SPLINE_CURVE_WITH_KNOTS('',1,(#4522,#4523),.UNSPECIFIED.,.F.,
  .F.,(2,2),(-0.659970074436,-0.318521155189),.PIECEWISE_BEZIER_KNOTS.);
#4522 = CARTESIAN_POINT('',(0.341448919247,-8.56E-02));
#4523 = CARTESIAN_POINT('',(0.,-8.56E-02));
#4524 = ( GEOMETRIC_REPRESENTATION_CONTEXT(2) 
PARAMETRIC_REPRESENTATION_CONTEXT() REPRESENTATION_CONTEXT('2D SPACE',''
  ) );
#4525 = ORIENTED_EDGE('',*,*,#4526,.T.);
#4526 = EDGE_CURVE('',#4501,#4527,#4529,.T.);
#4527 = VERTEX_POINT('',#4528);
#4528 = CARTESIAN_POINT('',(12.0856,-3.5,15.621938982937));
#4529 = SURFACE_CURVE('',#4530,(#4534,#4540),.PCURVE_S1.);
#4530 = LINE('',#4531,#4532);
#4531 = CARTESIAN_POINT('',(12.0856,-3.164532980358,15.630723496002));
#4532 = VECTOR('',#4533,1.);
#4533 = DIRECTION('',(-0.,0.999657324976,2.617694830788E-02));
#4534 = PCURVE('',#126,#4535);
#4535 = DEFINITIONAL_REPRESENTATION('',(#4536),#4539);
#4536 = B_SPLINE_CURVE_WITH_KNOTS('',1,(#4537,#4538),.UNSPECIFIED.,.F.,
  .F.,(2,2),(-0.677030934465,-0.335582015218),.PIECEWISE_BEZIER_KNOTS.);
#4537 = CARTESIAN_POINT('',(7.120676046914,1.199421530282));
#4538 = CARTESIAN_POINT('',(7.129614137623,0.858089617052));
#4539 = ( GEOMETRIC_REPRESENTATION_CONTEXT(2) 
PARAMETRIC_REPRESENTATION_CONTEXT() REPRESENTATION_CONTEXT('2D SPACE',''
  ) );
#4540 = PCURVE('',#4541,#4546);
#4541 = PLANE('',#4542);
#4542 = AXIS2_PLACEMENT_3D('',#4543,#4544,#4545);
#4543 = CARTESIAN_POINT('',(12.,-3.5,15.621938982937));
#4544 = DIRECTION('',(0.,2.617694830788E-02,-0.999657324976));
#4545 = DIRECTION('',(0.,-0.999657324976,-2.617694830788E-02));
#4546 = DEFINITIONAL_REPRESENTATION('',(#4547),#4550);
#4547 = B_SPLINE_CURVE_WITH_KNOTS('',1,(#4548,#4549),.UNSPECIFIED.,.F.,
  .F.,(2,2),(-0.677030934465,-0.335582015218),.PIECEWISE_BEZIER_KNOTS.);
#4548 = CARTESIAN_POINT('',(0.341448919247,-8.56E-02));
#4549 = CARTESIAN_POINT('',(0.,-8.56E-02));
#4550 = ( GEOMETRIC_REPRESENTATION_CONTEXT(2) 
PARAMETRIC_REPRESENTATION_CONTEXT() REPRESENTATION_CONTEXT('2D SPACE',''
  ) );
#4551 = ORIENTED_EDGE('',*,*,#4552,.T.);
#4552 = EDGE_CURVE('',#4527,#4553,#4555,.T.);
#4553 = VERTEX_POINT('',#4554);
#4554 = CARTESIAN_POINT('',(12.0856,-3.15866808677,15.613000892228));
#4555 = SURFACE_CURVE('',#4556,(#4560,#4566),.PCURVE_S1.);
#4556 = LINE('',#4557,#4558);
#4557 = CARTESIAN_POINT('',(12.0856,-2.807299436975,15.603799980322));
#4558 = VECTOR('',#4559,1.);
#4559 = DIRECTION('',(0.,0.999657324976,-2.617694830788E-02));
#4560 = PCURVE('',#126,#4561);
#4561 = DEFINITIONAL_REPRESENTATION('',(#4562),#4565);
#4562 = B_SPLINE_CURVE_WITH_KNOTS('',1,(#4563,#4564),.UNSPECIFIED.,.F.,
  .F.,(2,2),(-0.692938015577,-0.35148909633),.PIECEWISE_BEZIER_KNOTS.);
#4563 = CARTESIAN_POINT('',(7.129614137623,0.858089617052));
#4564 = CARTESIAN_POINT('',(7.120676046914,0.516757703821));
#4565 = ( GEOMETRIC_REPRESENTATION_CONTEXT(2) 
PARAMETRIC_REPRESENTATION_CONTEXT() REPRESENTATION_CONTEXT('2D SPACE',''
  ) );
#4566 = PCURVE('',#4567,#4572);
#4567 = PLANE('',#4568);
#4568 = AXIS2_PLACEMENT_3D('',#4569,#4570,#4571);
#4569 = CARTESIAN_POINT('',(12.,-3.15866808677,15.613000892228));
#4570 = DIRECTION('',(0.,-2.617694830788E-02,-0.999657324976));
#4571 = DIRECTION('',(0.,-0.999657324976,2.617694830788E-02));
#4572 = DEFINITIONAL_REPRESENTATION('',(#4573),#4576);
#4573 = B_SPLINE_CURVE_WITH_KNOTS('',1,(#4574,#4575),.UNSPECIFIED.,.F.,
  .F.,(2,2),(-0.692938015577,-0.35148909633),.PIECEWISE_BEZIER_KNOTS.);
#4574 = CARTESIAN_POINT('',(0.341448919247,-8.56E-02));
#4575 = CARTESIAN_POINT('',(0.,-8.56E-02));
#4576 = ( GEOMETRIC_REPRESENTATION_CONTEXT(2) 
PARAMETRIC_REPRESENTATION_CONTEXT() REPRESENTATION_CONTEXT('2D SPACE',''
  ) );
#4577 = ORIENTED_EDGE('',*,*,#4578,.T.);
#4578 = EDGE_CURVE('',#4553,#4579,#4581,.T.);
#4579 = VERTEX_POINT('',#4580);
#4580 = CARTESIAN_POINT('',(12.0856,-2.818271740588,15.586211118786));
#4581 = SURFACE_CURVE('',#4582,(#4586,#4592),.PCURVE_S1.);
#4582 = LINE('',#4583,#4584);
#4583 = CARTESIAN_POINT('',(12.0856,-2.453201810948,15.557479492213));
#4584 = VECTOR('',#4585,1.);
#4585 = DIRECTION('',(0.,0.996917333733,-7.845909572785E-02));
#4586 = PCURVE('',#126,#4587);
#4587 = DEFINITIONAL_REPRESENTATION('',(#4588),#4591);
#4588 = B_SPLINE_CURVE_WITH_KNOTS('',1,(#4589,#4590),.UNSPECIFIED.,.F.,
  .F.,(2,2),(-0.707647717569,-0.366198798322),.PIECEWISE_BEZIER_KNOTS.);
#4589 = CARTESIAN_POINT('',(7.120676046914,0.516757703821));
#4590 = CARTESIAN_POINT('',(7.093886273472,0.17636135764));
#4591 = ( GEOMETRIC_REPRESENTATION_CONTEXT(2) 
PARAMETRIC_REPRESENTATION_CONTEXT() REPRESENTATION_CONTEXT('2D SPACE',''
  ) );
#4592 = PCURVE('',#4593,#4598);
#4593 = PLANE('',#4594);
#4594 = AXIS2_PLACEMENT_3D('',#4595,#4596,#4597);
#4595 = CARTESIAN_POINT('',(12.,-2.818271740588,15.586211118786));
#4596 = DIRECTION('',(0.,-7.845909572785E-02,-0.996917333733));
#4597 = DIRECTION('',(0.,-0.996917333733,7.845909572785E-02));
#4598 = DEFINITIONAL_REPRESENTATION('',(#4599),#4602);
#4599 = B_SPLINE_CURVE_WITH_KNOTS('',1,(#4600,#4601),.UNSPECIFIED.,.F.,
  .F.,(2,2),(-0.707647717569,-0.366198798322),.PIECEWISE_BEZIER_KNOTS.);
#4600 = CARTESIAN_POINT('',(0.341448919247,-8.56E-02));
#4601 = CARTESIAN_POINT('',(0.,-8.56E-02));
#4602 = ( GEOMETRIC_REPRESENTATION_CONTEXT(2) 
PARAMETRIC_REPRESENTATION_CONTEXT() REPRESENTATION_CONTEXT('2D SPACE',''
  ) );
#4603 = ORIENTED_EDGE('',*,*,#4604,.T.);
#4604 = EDGE_CURVE('',#4579,#4605,#4607,.T.);
#4605 = VERTEX_POINT('',#4606);
#4606 = CARTESIAN_POINT('',(12.0856,-2.479743964179,15.541643091519));
#4607 = SURFACE_CURVE('',#4608,(#4612,#4618),.PCURVE_S1.);
#4608 = LINE('',#4609,#4610);
#4609 = CARTESIAN_POINT('',(12.0856,-2.103321297606,15.492086107317));
#4610 = VECTOR('',#4611,1.);
#4611 = DIRECTION('',(0.,0.991444861374,-0.13052619222));
#4612 = PCURVE('',#126,#4613);
#4613 = DEFINITIONAL_REPRESENTATION('',(#4614),#4617);
#4614 = B_SPLINE_CURVE_WITH_KNOTS('',1,(#4615,#4616),.UNSPECIFIED.,.F.,
  .F.,(2,2),(-0.721119722171,-0.379670802924),.PIECEWISE_BEZIER_KNOTS.);
#4615 = CARTESIAN_POINT('',(7.093886273472,0.17636135764));
#4616 = CARTESIAN_POINT('',(7.049318246206,-0.162166418769));
#4617 = ( GEOMETRIC_REPRESENTATION_CONTEXT(2) 
PARAMETRIC_REPRESENTATION_CONTEXT() REPRESENTATION_CONTEXT('2D SPACE',''
  ) );
#4618 = PCURVE('',#4619,#4624);
#4619 = PLANE('',#4620);
#4620 = AXIS2_PLACEMENT_3D('',#4621,#4622,#4623);
#4621 = CARTESIAN_POINT('',(12.,-2.479743964179,15.541643091519));
#4622 = DIRECTION('',(0.,-0.13052619222,-0.991444861374));
#4623 = DIRECTION('',(0.,-0.991444861374,0.13052619222));
#4624 = DEFINITIONAL_REPRESENTATION('',(#4625),#4628);
#4625 = B_SPLINE_CURVE_WITH_KNOTS('',1,(#4626,#4627),.UNSPECIFIED.,.F.,
  .F.,(2,2),(-0.721119722171,-0.379670802924),.PIECEWISE_BEZIER_KNOTS.);
#4626 = CARTESIAN_POINT('',(0.341448919247,-8.56E-02));
#4627 = CARTESIAN_POINT('',(0.,-8.56E-02));
#4628 = ( GEOMETRIC_REPRESENTATION_CONTEXT(2) 
PARAMETRIC_REPRESENTATION_CONTEXT() REPRESENTATION_CONTEXT('2D SPACE',''
  ) );
#4629 = ORIENTED_EDGE('',*,*,#4630,.T.);
#4630 = EDGE_CURVE('',#4605,#4631,#4633,.T.);
#4631 = VERTEX_POINT('',#4632);
#4632 = CARTESIAN_POINT('',(12.0856,-2.144012638647,15.479418968292));
#4633 = SURFACE_CURVE('',#4634,(#4638,#4644),.PCURVE_S1.);
#4634 = LINE('',#4635,#4636);
#4635 = CARTESIAN_POINT('',(12.0856,-1.758706323309,15.408006663801));
#4636 = VECTOR('',#4637,1.);
#4637 = DIRECTION('',(0.,0.983254907564,-0.182235525492));
#4638 = PCURVE('',#126,#4639);
#4639 = DEFINITIONAL_REPRESENTATION('',(#4640),#4643);
#4640 = B_SPLINE_CURVE_WITH_KNOTS('',1,(#4641,#4642),.UNSPECIFIED.,.F.,
  .F.,(2,2),(-0.733317103554,-0.391868184307),.PIECEWISE_BEZIER_KNOTS.);
#4641 = CARTESIAN_POINT('',(7.049318246206,-0.162166418769));
#4642 = CARTESIAN_POINT('',(6.987094122978,-0.497897744301));
#4643 = ( GEOMETRIC_REPRESENTATION_CONTEXT(2) 
PARAMETRIC_REPRESENTATION_CONTEXT() REPRESENTATION_CONTEXT('2D SPACE',''
  ) );
#4644 = PCURVE('',#4645,#4650);
#4645 = PLANE('',#4646);
#4646 = AXIS2_PLACEMENT_3D('',#4647,#4648,#4649);
#4647 = CARTESIAN_POINT('',(12.,-2.144012638647,15.479418968292));
#4648 = DIRECTION('',(0.,-0.182235525492,-0.983254907564));
#4649 = DIRECTION('',(0.,-0.983254907564,0.182235525492));
#4650 = DEFINITIONAL_REPRESENTATION('',(#4651),#4654);
#4651 = B_SPLINE_CURVE_WITH_KNOTS('',1,(#4652,#4653),.UNSPECIFIED.,.F.,
  .F.,(2,2),(-0.733317103554,-0.391868184307),.PIECEWISE_BEZIER_KNOTS.);
#4652 = CARTESIAN_POINT('',(0.341448919247,-8.56E-02));
#4653 = CARTESIAN_POINT('',(0.,-8.56E-02));
#4654 = ( GEOMETRIC_REPRESENTATION_CONTEXT(2) 
PARAMETRIC_REPRESENTATION_CONTEXT() REPRESENTATION_CONTEXT('2D SPACE',''
  ) );
#4655 = ORIENTED_EDGE('',*,*,#4656,.T.);
#4656 = EDGE_CURVE('',#4631,#4657,#4659,.T.);
#4657 = VERTEX_POINT('',#4658);
#4658 = CARTESIAN_POINT('',(12.0856,-1.811997980219,15.3997093011));
#4659 = SURFACE_CURVE('',#4660,(#4664,#4670),.PCURVE_S1.);
#4660 = LINE('',#4661,#4662);
#4661 = CARTESIAN_POINT('',(12.0856,-1.420368691992,15.305687427563));
#4662 = VECTOR('',#4663,1.);
#4663 = DIRECTION('',(0.,0.972369920398,-0.233445363856));
#4664 = PCURVE('',#126,#4665);
#4665 = DEFINITIONAL_REPRESENTATION('',(#4666),#4669);
#4666 = B_SPLINE_CURVE_WITH_KNOTS('',1,(#4667,#4668),.UNSPECIFIED.,.F.,
  .F.,(2,2),(-0.744206429544,-0.402757510298),.PIECEWISE_BEZIER_KNOTS.);
#4667 = CARTESIAN_POINT('',(6.987094122978,-0.497897744301));
#4668 = CARTESIAN_POINT('',(6.907384455786,-0.829912402729));
#4669 = ( GEOMETRIC_REPRESENTATION_CONTEXT(2) 
PARAMETRIC_REPRESENTATION_CONTEXT() REPRESENTATION_CONTEXT('2D SPACE',''
  ) );
#4670 = PCURVE('',#4671,#4676);
#4671 = PLANE('',#4672);
#4672 = AXIS2_PLACEMENT_3D('',#4673,#4674,#4675);
#4673 = CARTESIAN_POINT('',(12.,-1.811997980219,15.3997093011));
#4674 = DIRECTION('',(0.,-0.233445363856,-0.972369920398));
#4675 = DIRECTION('',(0.,-0.972369920398,0.233445363856));
#4676 = DEFINITIONAL_REPRESENTATION('',(#4677),#4680);
#4677 = B_SPLINE_CURVE_WITH_KNOTS('',1,(#4678,#4679),.UNSPECIFIED.,.F.,
  .F.,(2,2),(-0.744206429544,-0.402757510298),.PIECEWISE_BEZIER_KNOTS.);
#4678 = CARTESIAN_POINT('',(0.341448919247,-8.56E-02));
#4679 = CARTESIAN_POINT('',(0.,-8.56E-02));
#4680 = ( GEOMETRIC_REPRESENTATION_CONTEXT(2) 
PARAMETRIC_REPRESENTATION_CONTEXT() REPRESENTATION_CONTEXT('2D SPACE',''
  ) );
#4681 = ORIENTED_EDGE('',*,*,#4682,.T.);
#4682 = EDGE_CURVE('',#4657,#4683,#4685,.T.);
#4683 = VERTEX_POINT('',#4684);
#4684 = CARTESIAN_POINT('',(12.0856,-1.484610017996,15.302732568601));
#4685 = SURFACE_CURVE('',#4686,(#4690,#4696),.PCURVE_S1.);
#4686 = LINE('',#4687,#4688);
#4687 = CARTESIAN_POINT('',(12.0856,-1.089280075206,15.185630504584));
#4688 = VECTOR('',#4689,1.);
#4689 = DIRECTION('',(0.,0.958819734868,-0.284015344704));
#4690 = PCURVE('',#126,#4691);
#4691 = DEFINITIONAL_REPRESENTATION('',(#4692),#4695);
#4692 = B_SPLINE_CURVE_WITH_KNOTS('',1,(#4693,#4694),.UNSPECIFIED.,.F.,
  .F.,(2,2),(-0.753757853256,-0.412308934009),.PIECEWISE_BEZIER_KNOTS.);
#4693 = CARTESIAN_POINT('',(6.907384455786,-0.829912402729));
#4694 = CARTESIAN_POINT('',(6.810407723287,-1.157300364952));
#4695 = ( GEOMETRIC_REPRESENTATION_CONTEXT(2) 
PARAMETRIC_REPRESENTATION_CONTEXT() REPRESENTATION_CONTEXT('2D SPACE',''
  ) );
#4696 = PCURVE('',#4697,#4702);
#4697 = PLANE('',#4698);
#4698 = AXIS2_PLACEMENT_3D('',#4699,#4700,#4701);
#4699 = CARTESIAN_POINT('',(12.,-1.484610017996,15.302732568601));
#4700 = DIRECTION('',(0.,-0.284015344704,-0.958819734868));
#4701 = DIRECTION('',(0.,-0.958819734868,0.284015344704));
#4702 = DEFINITIONAL_REPRESENTATION('',(#4703),#4706);
#4703 = B_SPLINE_CURVE_WITH_KNOTS('',1,(#4704,#4705),.UNSPECIFIED.,.F.,
  .F.,(2,2),(-0.753757853256,-0.412308934009),.PIECEWISE_BEZIER_KNOTS.);
#4704 = CARTESIAN_POINT('',(0.341448919247,-8.56E-02));
#4705 = CARTESIAN_POINT('',(0.,-8.56E-02));
#4706 = ( GEOMETRIC_REPRESENTATION_CONTEXT(2) 
PARAMETRIC_REPRESENTATION_CONTEXT() REPRESENTATION_CONTEXT('2D SPACE',''
  ) );
#4707 = ORIENTED_EDGE('',*,*,#4708,.T.);
#4708 = EDGE_CURVE('',#4683,#4709,#4711,.T.);
#4709 = VERTEX_POINT('',#4710);
#4710 = CARTESIAN_POINT('',(12.0856,-1.162746099625,15.188754577279));
#4711 = SURFACE_CURVE('',#4712,(#4716,#4722),.PCURVE_S1.);
#4712 = LINE('',#4713,#4714);
#4713 = CARTESIAN_POINT('',(12.0856,-0.766368863346,15.048390036184));
#4714 = VECTOR('',#4715,1.);
#4715 = DIRECTION('',(0.,0.942641491092,-0.333806859234));
#4716 = PCURVE('',#126,#4717);
#4717 = DEFINITIONAL_REPRESENTATION('',(#4718),#4721);
#4718 = B_SPLINE_CURVE_WITH_KNOTS('',1,(#4719,#4720),.UNSPECIFIED.,.F.,
  .F.,(2,2),(-0.761945194899,-0.420496275652),.PIECEWISE_BEZIER_KNOTS.);
#4719 = CARTESIAN_POINT('',(6.810407723287,-1.157300364952));
#4720 = CARTESIAN_POINT('',(6.696429731965,-1.479164283323));
#4721 = ( GEOMETRIC_REPRESENTATION_CONTEXT(2) 
PARAMETRIC_REPRESENTATION_CONTEXT() REPRESENTATION_CONTEXT('2D SPACE',''
  ) );
#4722 = PCURVE('',#4723,#4728);
#4723 = PLANE('',#4724);
#4724 = AXIS2_PLACEMENT_3D('',#4725,#4726,#4727);
#4725 = CARTESIAN_POINT('',(12.,-1.162746099625,15.188754577279));
#4726 = DIRECTION('',(0.,-0.333806859234,-0.942641491092));
#4727 = DIRECTION('',(0.,-0.942641491092,0.333806859234));
#4728 = DEFINITIONAL_REPRESENTATION('',(#4729),#4732);
#4729 = B_SPLINE_CURVE_WITH_KNOTS('',1,(#4730,#4731),.UNSPECIFIED.,.F.,
  .F.,(2,2),(-0.761945194899,-0.420496275652),.PIECEWISE_BEZIER_KNOTS.);
#4730 = CARTESIAN_POINT('',(0.341448919247,-8.56E-02));
#4731 = CARTESIAN_POINT('',(0.,-8.56E-02));
#4732 = ( GEOMETRIC_REPRESENTATION_CONTEXT(2) 
PARAMETRIC_REPRESENTATION_CONTEXT() REPRESENTATION_CONTEXT('2D SPACE',''
  ) );
#4733 = ORIENTED_EDGE('',*,*,#4734,.T.);
#4734 = EDGE_CURVE('',#4709,#4735,#4737,.T.);
#4735 = VERTEX_POINT('',#4736);
#4736 = CARTESIAN_POINT('',(12.0856,-0.847288431735,15.058087732884));
#4737 = SURFACE_CURVE('',#4738,(#4742,#4748),.PCURVE_S1.);
#4738 = LINE('',#4739,#4740);
#4739 = CARTESIAN_POINT('',(12.0856,-0.452517392015,14.8945682142));
#4740 = VECTOR('',#4741,1.);
#4741 = DIRECTION('',(0.,0.923879532511,-0.382683432365));
#4742 = PCURVE('',#126,#4743);
#4743 = DEFINITIONAL_REPRESENTATION('',(#4744),#4747);
#4744 = B_SPLINE_CURVE_WITH_KNOTS('',1,(#4745,#4746),.UNSPECIFIED.,.F.,
  .F.,(2,2),(-0.768746013541,-0.427297094295),.PIECEWISE_BEZIER_KNOTS.);
#4745 = CARTESIAN_POINT('',(6.696429731965,-1.479164283323));
#4746 = CARTESIAN_POINT('',(6.56576288757,-1.794621951213));
#4747 = ( GEOMETRIC_REPRESENTATION_CONTEXT(2) 
PARAMETRIC_REPRESENTATION_CONTEXT() REPRESENTATION_CONTEXT('2D SPACE',''
  ) );
#4748 = PCURVE('',#4749,#4754);
#4749 = PLANE('',#4750);
#4750 = AXIS2_PLACEMENT_3D('',#4751,#4752,#4753);
#4751 = CARTESIAN_POINT('',(12.,-0.847288431735,15.058087732884));
#4752 = DIRECTION('',(0.,-0.382683432365,-0.923879532511));
#4753 = DIRECTION('',(0.,-0.923879532511,0.382683432365));
#4754 = DEFINITIONAL_REPRESENTATION('',(#4755),#4758);
#4755 = B_SPLINE_CURVE_WITH_KNOTS('',1,(#4756,#4757),.UNSPECIFIED.,.F.,
  .F.,(2,2),(-0.768746013541,-0.427297094295),.PIECEWISE_BEZIER_KNOTS.);
#4756 = CARTESIAN_POINT('',(0.341448919247,-8.56E-02));
#4757 = CARTESIAN_POINT('',(0.,-8.56E-02));
#4758 = ( GEOMETRIC_REPRESENTATION_CONTEXT(2) 
PARAMETRIC_REPRESENTATION_CONTEXT() REPRESENTATION_CONTEXT('2D SPACE',''
  ) );
#4759 = ORIENTED_EDGE('',*,*,#4760,.T.);
#4760 = EDGE_CURVE('',#4735,#4761,#4763,.T.);
#4761 = VERTEX_POINT('',#4762);
#4762 = CARTESIAN_POINT('',(12.0856,-0.539101661866,14.911090184155));
#4763 = SURFACE_CURVE('',#4764,(#4768,#4774),.PCURVE_S1.);
#4764 = LINE('',#4765,#4766);
#4765 = CARTESIAN_POINT('',(12.0856,-0.148559553645,14.724811154045));
#4766 = VECTOR('',#4767,1.);
#4767 = DIRECTION('',(0.,0.90258528435,-0.430511096808));
#4768 = PCURVE('',#126,#4769);
#4769 = DEFINITIONAL_REPRESENTATION('',(#4770),#4773);
#4770 = B_SPLINE_CURVE_WITH_KNOTS('',1,(#4771,#4772),.UNSPECIFIED.,.F.,
  .F.,(2,2),(-0.774141668611,-0.432692749364),.PIECEWISE_BEZIER_KNOTS.);
#4771 = CARTESIAN_POINT('',(6.56576288757,-1.794621951213));
#4772 = CARTESIAN_POINT('',(6.418765338841,-2.102808721083));
#4773 = ( GEOMETRIC_REPRESENTATION_CONTEXT(2) 
PARAMETRIC_REPRESENTATION_CONTEXT() REPRESENTATION_CONTEXT('2D SPACE',''
  ) );
#4774 = PCURVE('',#4775,#4780);
#4775 = PLANE('',#4776);
#4776 = AXIS2_PLACEMENT_3D('',#4777,#4778,#4779);
#4777 = CARTESIAN_POINT('',(12.,-0.539101661866,14.911090184155));
#4778 = DIRECTION('',(0.,-0.430511096808,-0.90258528435));
#4779 = DIRECTION('',(0.,-0.90258528435,0.430511096808));
#4780 = DEFINITIONAL_REPRESENTATION('',(#4781),#4784);
#4781 = B_SPLINE_CURVE_WITH_KNOTS('',1,(#4782,#4783),.UNSPECIFIED.,.F.,
  .F.,(2,2),(-0.774141668611,-0.432692749364),.PIECEWISE_BEZIER_KNOTS.);
#4782 = CARTESIAN_POINT('',(0.341448919247,-8.56E-02));
#4783 = CARTESIAN_POINT('',(0.,-8.56E-02));
#4784 = ( GEOMETRIC_REPRESENTATION_CONTEXT(2) 
PARAMETRIC_REPRESENTATION_CONTEXT() REPRESENTATION_CONTEXT('2D SPACE',''
  ) );
#4785 = ORIENTED_EDGE('',*,*,#4786,.T.);
#4786 = EDGE_CURVE('',#4761,#4787,#4789,.T.);
#4787 = VERTEX_POINT('',#4788);
#4788 = CARTESIAN_POINT('',(12.0856,-0.239030508532,14.748164841155));
#4789 = SURFACE_CURVE('',#4790,(#4794,#4800),.PCURVE_S1.);
#4790 = LINE('',#4791,#4792);
#4791 = CARTESIAN_POINT('',(12.0856,0.144721199421,14.539804664076));
#4792 = VECTOR('',#4793,1.);
#4793 = DIRECTION('',(0.,0.878817112662,-0.47715876026));
#4794 = PCURVE('',#126,#4795);
#4795 = DEFINITIONAL_REPRESENTATION('',(#4796),#4799);
#4796 = B_SPLINE_CURVE_WITH_KNOTS('',1,(#4797,#4798),.UNSPECIFIED.,.F.,
  .F.,(2,2),(-0.778117370992,-0.436668451745),.PIECEWISE_BEZIER_KNOTS.);
#4797 = CARTESIAN_POINT('',(6.418765338841,-2.102808721083));
#4798 = CARTESIAN_POINT('',(6.255839995841,-2.402879874417));
#4799 = ( GEOMETRIC_REPRESENTATION_CONTEXT(2) 
PARAMETRIC_REPRESENTATION_CONTEXT() REPRESENTATION_CONTEXT('2D SPACE',''
  ) );
#4800 = PCURVE('',#4801,#4806);
#4801 = PLANE('',#4802);
#4802 = AXIS2_PLACEMENT_3D('',#4803,#4804,#4805);
#4803 = CARTESIAN_POINT('',(12.,-0.239030508532,14.748164841155));
#4804 = DIRECTION('',(0.,-0.47715876026,-0.878817112662));
#4805 = DIRECTION('',(0.,-0.878817112662,0.47715876026));
#4806 = DEFINITIONAL_REPRESENTATION('',(#4807),#4810);
#4807 = B_SPLINE_CURVE_WITH_KNOTS('',1,(#4808,#4809),.UNSPECIFIED.,.F.,
  .F.,(2,2),(-0.778117370992,-0.436668451745),.PIECEWISE_BEZIER_KNOTS.);
#4808 = CARTESIAN_POINT('',(0.341448919247,-8.56E-02));
#4809 = CARTESIAN_POINT('',(0.,-8.56E-02));
#4810 = ( GEOMETRIC_REPRESENTATION_CONTEXT(2) 
PARAMETRIC_REPRESENTATION_CONTEXT() REPRESENTATION_CONTEXT('2D SPACE',''
  ) );
#4811 = ORIENTED_EDGE('',*,*,#4812,.T.);
#4812 = EDGE_CURVE('',#4787,#4813,#4815,.T.);
#4813 = VERTEX_POINT('',#4814);
#4814 = CARTESIAN_POINT('',(12.0856,5.210255409349E-02,14.569758270925)
  );
#4815 = SURFACE_CURVE('',#4816,(#4820,#4826),.PCURVE_S1.);
#4816 = LINE('',#4817,#4818);
#4817 = CARTESIAN_POINT('',(12.0856,0.42659345807,14.340269949817));
#4818 = VECTOR('',#4819,1.);
#4819 = DIRECTION('',(0.,0.852640164354,-0.522498564716));
#4820 = PCURVE('',#126,#4821);
#4821 = DEFINITIONAL_REPRESENTATION('',(#4822),#4825);
#4822 = B_SPLINE_CURVE_WITH_KNOTS('',1,(#4823,#4824),.UNSPECIFIED.,.F.,
  .F.,(2,2),(-0.78066222356,-0.439213304314),.PIECEWISE_BEZIER_KNOTS.);
#4823 = CARTESIAN_POINT('',(6.255839995841,-2.402879874417));
#4824 = CARTESIAN_POINT('',(6.077433425611,-2.694012937042));
#4825 = ( GEOMETRIC_REPRESENTATION_CONTEXT(2) 
PARAMETRIC_REPRESENTATION_CONTEXT() REPRESENTATION_CONTEXT('2D SPACE',''
  ) );
#4826 = PCURVE('',#4827,#4832);
#4827 = PLANE('',#4828);
#4828 = AXIS2_PLACEMENT_3D('',#4829,#4830,#4831);
#4829 = CARTESIAN_POINT('',(12.,5.210255409349E-02,14.569758270925));
#4830 = DIRECTION('',(0.,-0.522498564716,-0.852640164354));
#4831 = DIRECTION('',(0.,-0.852640164354,0.522498564716));
#4832 = DEFINITIONAL_REPRESENTATION('',(#4833),#4836);
#4833 = B_SPLINE_CURVE_WITH_KNOTS('',1,(#4834,#4835),.UNSPECIFIED.,.F.,
  .F.,(2,2),(-0.78066222356,-0.439213304314),.PIECEWISE_BEZIER_KNOTS.);
#4834 = CARTESIAN_POINT('',(0.341448919247,-8.56E-02));
#4835 = CARTESIAN_POINT('',(0.,-8.56E-02));
#4836 = ( GEOMETRIC_REPRESENTATION_CONTEXT(2) 
PARAMETRIC_REPRESENTATION_CONTEXT() REPRESENTATION_CONTEXT('2D SPACE',''
  ) );
#4837 = ORIENTED_EDGE('',*,*,#4838,.T.);
#4838 = EDGE_CURVE('',#4813,#4839,#4841,.T.);
#4839 = VERTEX_POINT('',#4840);
#4840 = CARTESIAN_POINT('',(12.0856,0.333499550522,14.376359473472));
#4841 = SURFACE_CURVE('',#4842,(#4846,#4852),.PCURVE_S1.);
#4842 = LINE('',#4843,#4844);
#4843 = CARTESIAN_POINT('',(12.0856,0.696379067346,14.126959291292));
#4844 = VECTOR('',#4845,1.);
#4845 = DIRECTION('',(0.,0.824126188622,-0.566406236925));
#4846 = PCURVE('',#126,#4847);
#4847 = DEFINITIONAL_REPRESENTATION('',(#4848),#4851);
#4848 = B_SPLINE_CURVE_WITH_KNOTS('',1,(#4849,#4850),.UNSPECIFIED.,.F.,
  .F.,(2,2),(-0.781769251053,-0.440320331806),.PIECEWISE_BEZIER_KNOTS.);
#4849 = CARTESIAN_POINT('',(6.077433425611,-2.694012937042));
#4850 = CARTESIAN_POINT('',(5.884034628158,-2.97540993347));
#4851 = ( GEOMETRIC_REPRESENTATION_CONTEXT(2) 
PARAMETRIC_REPRESENTATION_CONTEXT() REPRESENTATION_CONTEXT('2D SPACE',''
  ) );
#4852 = PCURVE('',#4853,#4858);
#4853 = PLANE('',#4854);
#4854 = AXIS2_PLACEMENT_3D('',#4855,#4856,#4857);
#4855 = CARTESIAN_POINT('',(12.,0.333499550522,14.376359473472));
#4856 = DIRECTION('',(0.,-0.566406236925,-0.824126188622));
#4857 = DIRECTION('',(0.,-0.824126188622,0.566406236925));
#4858 = DEFINITIONAL_REPRESENTATION('',(#4859),#4862);
#4859 = B_SPLINE_CURVE_WITH_KNOTS('',1,(#4860,#4861),.UNSPECIFIED.,.F.,
  .F.,(2,2),(-0.781769251053,-0.440320331806),.PIECEWISE_BEZIER_KNOTS.);
#4860 = CARTESIAN_POINT('',(0.341448919247,-8.56E-02));
#4861 = CARTESIAN_POINT('',(0.,-8.56E-02));
#4862 = ( GEOMETRIC_REPRESENTATION_CONTEXT(2) 
PARAMETRIC_REPRESENTATION_CONTEXT() REPRESENTATION_CONTEXT('2D SPACE',''
  ) );
#4863 = ORIENTED_EDGE('',*,*,#4864,.T.);
#4864 = EDGE_CURVE('',#4839,#4865,#4867,.T.);
#4865 = VERTEX_POINT('',#4866);
#4866 = CARTESIAN_POINT('',(12.0856,0.604389191145,14.168498541458));
#4867 = SURFACE_CURVE('',#4868,(#4872,#4878),.PCURVE_S1.);
#4868 = LINE('',#4869,#4870);
#4869 = CARTESIAN_POINT('',(12.0856,0.953453950553,13.900651731012));
#4870 = VECTOR('',#4871,1.);
#4871 = DIRECTION('',(0.,0.793353340291,-0.608761429009));
#4872 = PCURVE('',#126,#4873);
#4873 = DEFINITIONAL_REPRESENTATION('',(#4874),#4877);
#4874 = B_SPLINE_CURVE_WITH_KNOTS('',1,(#4875,#4876),.UNSPECIFIED.,.F.,
  .F.,(2,2),(-0.781435419184,-0.439986499937),.PIECEWISE_BEZIER_KNOTS.);
#4875 = CARTESIAN_POINT('',(5.884034628158,-2.97540993347));
#4876 = CARTESIAN_POINT('',(5.676173696144,-3.246299574093));
#4877 = ( GEOMETRIC_REPRESENTATION_CONTEXT(2) 
PARAMETRIC_REPRESENTATION_CONTEXT() REPRESENTATION_CONTEXT('2D SPACE',''
  ) );
#4878 = PCURVE('',#4879,#4884);
#4879 = PLANE('',#4880);
#4880 = AXIS2_PLACEMENT_3D('',#4881,#4882,#4883);
#4881 = CARTESIAN_POINT('',(12.,0.604389191145,14.168498541458));
#4882 = DIRECTION('',(0.,-0.608761429009,-0.793353340291));
#4883 = DIRECTION('',(0.,-0.793353340291,0.608761429009));
#4884 = DEFINITIONAL_REPRESENTATION('',(#4885),#4888);
#4885 = B_SPLINE_CURVE_WITH_KNOTS('',1,(#4886,#4887),.UNSPECIFIED.,.F.,
  .F.,(2,2),(-0.781435419184,-0.439986499937),.PIECEWISE_BEZIER_KNOTS.);
#4886 = CARTESIAN_POINT('',(0.341448919247,-8.56E-02));
#4887 = CARTESIAN_POINT('',(0.,-8.56E-02));
#4888 = ( GEOMETRIC_REPRESENTATION_CONTEXT(2) 
PARAMETRIC_REPRESENTATION_CONTEXT() REPRESENTATION_CONTEXT('2D SPACE',''
  ) );
#4889 = ORIENTED_EDGE('',*,*,#4890,.T.);
#4890 = EDGE_CURVE('',#4865,#4891,#4893,.T.);
#4891 = VERTEX_POINT('',#4892);
#4892 = CARTESIAN_POINT('',(12.0856,0.864028986288,13.946745207249));
#4893 = SURFACE_CURVE('',#4894,(#4898,#4904),.PCURVE_S1.);
#4894 = LINE('',#4895,#4896);
#4895 = CARTESIAN_POINT('',(12.0856,1.197248555603,13.662148809078));
#4896 = VECTOR('',#4897,1.);
#4897 = DIRECTION('',(0.,0.7604059656,-0.64944804833));
#4898 = PCURVE('',#126,#4899);
#4899 = DEFINITIONAL_REPRESENTATION('',(#4900),#4903);
#4900 = B_SPLINE_CURVE_WITH_KNOTS('',1,(#4901,#4902),.UNSPECIFIED.,.F.,
  .F.,(2,2),(-0.779661642963,-0.438212723716),.PIECEWISE_BEZIER_KNOTS.);
#4901 = CARTESIAN_POINT('',(5.676173696144,-3.246299574093));
#4902 = CARTESIAN_POINT('',(5.454420361935,-3.505939369236));
#4903 = ( GEOMETRIC_REPRESENTATION_CONTEXT(2) 
PARAMETRIC_REPRESENTATION_CONTEXT() REPRESENTATION_CONTEXT('2D SPACE',''
  ) );
#4904 = PCURVE('',#4905,#4910);
#4905 = PLANE('',#4906);
#4906 = AXIS2_PLACEMENT_3D('',#4907,#4908,#4909);
#4907 = CARTESIAN_POINT('',(12.,0.864028986288,13.946745207249));
#4908 = DIRECTION('',(0.,-0.64944804833,-0.7604059656));
#4909 = DIRECTION('',(0.,-0.7604059656,0.64944804833));
#4910 = DEFINITIONAL_REPRESENTATION('',(#4911),#4914);
#4911 = B_SPLINE_CURVE_WITH_KNOTS('',1,(#4912,#4913),.UNSPECIFIED.,.F.,
  .F.,(2,2),(-0.779661642963,-0.438212723716),.PIECEWISE_BEZIER_KNOTS.);
#4912 = CARTESIAN_POINT('',(0.341448919247,-8.56E-02));
#4913 = CARTESIAN_POINT('',(0.,-8.56E-02));
#4914 = ( GEOMETRIC_REPRESENTATION_CONTEXT(2) 
PARAMETRIC_REPRESENTATION_CONTEXT() REPRESENTATION_CONTEXT('2D SPACE',''
  ) );
#4915 = ORIENTED_EDGE('',*,*,#4916,.T.);
#4916 = EDGE_CURVE('',#4891,#4917,#4919,.T.);
#4917 = VERTEX_POINT('',#4918);
#4918 = CARTESIAN_POINT('',(12.0856,1.111707281319,13.711707281319));
#4919 = SURFACE_CURVE('',#4920,(#4924,#4930),.PCURVE_S1.);
#4920 = LINE('',#4921,#4922);
#4921 = CARTESIAN_POINT('',(12.0856,1.427247936239,13.412270380443));
#4922 = VECTOR('',#4923,1.);
#4923 = DIRECTION('',(0.,0.725374371012,-0.688354575694));
#4924 = PCURVE('',#126,#4925);
#4925 = DEFINITIONAL_REPRESENTATION('',(#4926),#4929);
#4926 = B_SPLINE_CURVE_WITH_KNOTS('',1,(#4927,#4928),.UNSPECIFIED.,.F.,
  .F.,(2,2),(-0.776452784187,-0.435003864941),.PIECEWISE_BEZIER_KNOTS.);
#4927 = CARTESIAN_POINT('',(5.454420361935,-3.505939369236));
#4928 = CARTESIAN_POINT('',(5.219382436005,-3.753617664268));
#4929 = ( GEOMETRIC_REPRESENTATION_CONTEXT(2) 
PARAMETRIC_REPRESENTATION_CONTEXT() REPRESENTATION_CONTEXT('2D SPACE',''
  ) );
#4930 = PCURVE('',#4931,#4936);
#4931 = PLANE('',#4932);
#4932 = AXIS2_PLACEMENT_3D('',#4933,#4934,#4935);
#4933 = CARTESIAN_POINT('',(12.,1.111707281319,13.711707281319));
#4934 = DIRECTION('',(0.,-0.688354575694,-0.725374371012));
#4935 = DIRECTION('',(0.,-0.725374371012,0.688354575694));
#4936 = DEFINITIONAL_REPRESENTATION('',(#4937),#4940);
#4937 = B_SPLINE_CURVE_WITH_KNOTS('',1,(#4938,#4939),.UNSPECIFIED.,.F.,
  .F.,(2,2),(-0.776452784187,-0.435003864941),.PIECEWISE_BEZIER_KNOTS.);
#4938 = CARTESIAN_POINT('',(0.341448919247,-8.56E-02));
#4939 = CARTESIAN_POINT('',(0.,-8.56E-02));
#4940 = ( GEOMETRIC_REPRESENTATION_CONTEXT(2) 
PARAMETRIC_REPRESENTATION_CONTEXT() REPRESENTATION_CONTEXT('2D SPACE',''
  ) );
#4941 = ORIENTED_EDGE('',*,*,#4942,.T.);
#4942 = EDGE_CURVE('',#4917,#4943,#4945,.T.);
#4943 = VERTEX_POINT('',#4944);
#4944 = CARTESIAN_POINT('',(12.0856,1.346745207249,13.464028986288));
#4945 = SURFACE_CURVE('',#4946,(#4950,#4956),.PCURVE_S1.);
#4946 = LINE('',#4947,#4948);
#4947 = CARTESIAN_POINT('',(12.0856,1.642991484118,13.151850547534));
#4948 = VECTOR('',#4949,1.);
#4949 = DIRECTION('',(0.,0.688354575694,-0.725374371012));
#4950 = PCURVE('',#126,#4951);
#4951 = DEFINITIONAL_REPRESENTATION('',(#4952),#4955);
#4952 = B_SPLINE_CURVE_WITH_KNOTS('',1,(#4953,#4954),.UNSPECIFIED.,.F.,
  .F.,(2,2),(-0.771817638117,-0.43036871887),.PIECEWISE_BEZIER_KNOTS.);
#4953 = CARTESIAN_POINT('',(5.219382436005,-3.753617664268));
#4954 = CARTESIAN_POINT('',(4.971704140974,-3.988655590197));
#4955 = ( GEOMETRIC_REPRESENTATION_CONTEXT(2) 
PARAMETRIC_REPRESENTATION_CONTEXT() REPRESENTATION_CONTEXT('2D SPACE',''
  ) );
#4956 = PCURVE('',#4957,#4962);
#4957 = PLANE('',#4958);
#4958 = AXIS2_PLACEMENT_3D('',#4959,#4960,#4961);
#4959 = CARTESIAN_POINT('',(12.,1.346745207249,13.464028986288));
#4960 = DIRECTION('',(0.,-0.725374371012,-0.688354575694));
#4961 = DIRECTION('',(0.,-0.688354575694,0.725374371012));
#4962 = DEFINITIONAL_REPRESENTATION('',(#4963),#4966);
#4963 = B_SPLINE_CURVE_WITH_KNOTS('',1,(#4964,#4965),.UNSPECIFIED.,.F.,
  .F.,(2,2),(-0.771817638117,-0.43036871887),.PIECEWISE_BEZIER_KNOTS.);
#4964 = CARTESIAN_POINT('',(0.341448919247,-8.56E-02));
#4965 = CARTESIAN_POINT('',(0.,-8.56E-02));
#4966 = ( GEOMETRIC_REPRESENTATION_CONTEXT(2) 
PARAMETRIC_REPRESENTATION_CONTEXT() REPRESENTATION_CONTEXT('2D SPACE',''
  ) );
#4967 = ORIENTED_EDGE('',*,*,#4968,.T.);
#4968 = EDGE_CURVE('',#4943,#4969,#4971,.T.);
#4969 = VERTEX_POINT('',#4970);
#4970 = CARTESIAN_POINT('',(12.0856,1.568498541458,13.204389191145));
#4971 = SURFACE_CURVE('',#4972,(#4976,#4982),.PCURVE_S1.);
#4972 = LINE('',#4973,#4974);
#4973 = CARTESIAN_POINT('',(12.0856,1.844072330907,12.881733739337));
#4974 = VECTOR('',#4975,1.);
#4975 = DIRECTION('',(0.,0.64944804833,-0.7604059656));
#4976 = PCURVE('',#126,#4977);
#4977 = DEFINITIONAL_REPRESENTATION('',(#4978),#4981);
#4978 = B_SPLINE_CURVE_WITH_KNOTS('',1,(#4979,#4980),.UNSPECIFIED.,.F.,
  .F.,(2,2),(-0.765768909364,-0.424319990117),.PIECEWISE_BEZIER_KNOTS.);
#4979 = CARTESIAN_POINT('',(4.971704140974,-3.988655590197));
#4980 = CARTESIAN_POINT('',(4.712064345831,-4.210408924406));
#4981 = ( GEOMETRIC_REPRESENTATION_CONTEXT(2) 
PARAMETRIC_REPRESENTATION_CONTEXT() REPRESENTATION_CONTEXT('2D SPACE',''
  ) );
#4982 = PCURVE('',#4983,#4988);
#4983 = PLANE('',#4984);
#4984 = AXIS2_PLACEMENT_3D('',#4985,#4986,#4987);
#4985 = CARTESIAN_POINT('',(12.,1.568498541458,13.204389191145));
#4986 = DIRECTION('',(0.,-0.7604059656,-0.64944804833));
#4987 = DIRECTION('',(0.,-0.64944804833,0.7604059656));
#4988 = DEFINITIONAL_REPRESENTATION('',(#4989),#4992);
#4989 = B_SPLINE_CURVE_WITH_KNOTS('',1,(#4990,#4991),.UNSPECIFIED.,.F.,
  .F.,(2,2),(-0.765768909364,-0.424319990117),.PIECEWISE_BEZIER_KNOTS.);
#4990 = CARTESIAN_POINT('',(0.341448919247,-8.56E-02));
#4991 = CARTESIAN_POINT('',(0.,-8.56E-02));
#4992 = ( GEOMETRIC_REPRESENTATION_CONTEXT(2) 
PARAMETRIC_REPRESENTATION_CONTEXT() REPRESENTATION_CONTEXT('2D SPACE',''
  ) );
#4993 = ORIENTED_EDGE('',*,*,#4994,.T.);
#4994 = EDGE_CURVE('',#4969,#4995,#4997,.T.);
#4995 = VERTEX_POINT('',#4996);
#4996 = CARTESIAN_POINT('',(12.0856,1.776359473472,12.933499550522));
#4997 = SURFACE_CURVE('',#4998,(#5002,#5008),.PCURVE_S1.);
#4998 = LINE('',#4999,#5000);
#4999 = CARTESIAN_POINT('',(12.0856,2.030136442384,12.602770965594));
#5000 = VECTOR('',#5001,1.);
#5001 = DIRECTION('',(0.,0.608761429009,-0.793353340291));
#5002 = PCURVE('',#126,#5003);
#5003 = DEFINITIONAL_REPRESENTATION('',(#5004),#5007);
#5004 = B_SPLINE_CURVE_WITH_KNOTS('',1,(#5005,#5006),.UNSPECIFIED.,.F.,
  .F.,(2,2),(-0.758323177073,-0.416874257826),.PIECEWISE_BEZIER_KNOTS.);
#5005 = CARTESIAN_POINT('',(4.712064345831,-4.210408924406));
#5006 = CARTESIAN_POINT('',(4.441174705208,-4.418269856421));
#5007 = ( GEOMETRIC_REPRESENTATION_CONTEXT(2) 
PARAMETRIC_REPRESENTATION_CONTEXT() REPRESENTATION_CONTEXT('2D SPACE',''
  ) );
#5008 = PCURVE('',#5009,#5014);
#5009 = PLANE('',#5010);
#5010 = AXIS2_PLACEMENT_3D('',#5011,#5012,#5013);
#5011 = CARTESIAN_POINT('',(12.,1.776359473472,12.933499550522));
#5012 = DIRECTION('',(0.,-0.793353340291,-0.608761429009));
#5013 = DIRECTION('',(0.,-0.608761429009,0.793353340291));
#5014 = DEFINITIONAL_REPRESENTATION('',(#5015),#5018);
#5015 = B_SPLINE_CURVE_WITH_KNOTS('',1,(#5016,#5017),.UNSPECIFIED.,.F.,
  .F.,(2,2),(-0.758323177073,-0.416874257826),.PIECEWISE_BEZIER_KNOTS.);
#5016 = CARTESIAN_POINT('',(0.341448919247,-8.56E-02));
#5017 = CARTESIAN_POINT('',(0.,-8.56E-02));
#5018 = ( GEOMETRIC_REPRESENTATION_CONTEXT(2) 
PARAMETRIC_REPRESENTATION_CONTEXT() REPRESENTATION_CONTEXT('2D SPACE',''
  ) );
#5019 = ORIENTED_EDGE('',*,*,#5020,.T.);
#5020 = EDGE_CURVE('',#4995,#5021,#5023,.T.);
#5021 = VERTEX_POINT('',#5022);
#5022 = CARTESIAN_POINT('',(12.0856,1.969758270925,12.652102554093));
#5023 = SURFACE_CURVE('',#5024,(#5028,#5034),.PCURVE_S1.);
#5024 = LINE('',#5025,#5026);
#5025 = CARTESIAN_POINT('',(12.0856,2.200881429198,12.31581627207));
#5026 = VECTOR('',#5027,1.);
#5027 = DIRECTION('',(0.,0.566406236925,-0.824126188622));
#5028 = PCURVE('',#126,#5029);
#5029 = DEFINITIONAL_REPRESENTATION('',(#5030),#5033);
#5030 = B_SPLINE_CURVE_WITH_KNOTS('',1,(#5031,#5032),.UNSPECIFIED.,.F.,
  .F.,(2,2),(-0.74950084948,-0.408051930233),.PIECEWISE_BEZIER_KNOTS.);
#5031 = CARTESIAN_POINT('',(4.441174705208,-4.418269856421));
#5032 = CARTESIAN_POINT('',(4.15977770878,-4.611668653873));
#5033 = ( GEOMETRIC_REPRESENTATION_CONTEXT(2) 
PARAMETRIC_REPRESENTATION_CONTEXT() REPRESENTATION_CONTEXT('2D SPACE',''
  ) );
#5034 = PCURVE('',#5035,#5040);
#5035 = PLANE('',#5036);
#5036 = AXIS2_PLACEMENT_3D('',#5037,#5038,#5039);
#5037 = CARTESIAN_POINT('',(12.,1.969758270925,12.652102554093));
#5038 = DIRECTION('',(0.,-0.824126188622,-0.566406236925));
#5039 = DIRECTION('',(0.,-0.566406236925,0.824126188622));
#5040 = DEFINITIONAL_REPRESENTATION('',(#5041),#5044);
#5041 = B_SPLINE_CURVE_WITH_KNOTS('',1,(#5042,#5043),.UNSPECIFIED.,.F.,
  .F.,(2,2),(-0.74950084948,-0.408051930233),.PIECEWISE_BEZIER_KNOTS.);
#5042 = CARTESIAN_POINT('',(0.341448919247,-8.56E-02));
#5043 = CARTESIAN_POINT('',(0.,-8.56E-02));
#5044 = ( GEOMETRIC_REPRESENTATION_CONTEXT(2) 
PARAMETRIC_REPRESENTATION_CONTEXT() REPRESENTATION_CONTEXT('2D SPACE',''
  ) );
#5045 = ORIENTED_EDGE('',*,*,#5046,.T.);
#5046 = EDGE_CURVE('',#5021,#5047,#5049,.T.);
#5047 = VERTEX_POINT('',#5048);
#5048 = CARTESIAN_POINT('',(12.0856,2.148164841155,12.360969491468));
#5049 = SURFACE_CURVE('',#5050,(#5054,#5060),.PCURVE_S1.);
#5050 = LINE('',#5051,#5052);
#5051 = CARTESIAN_POINT('',(12.0856,2.356055101197,12.021723419881));
#5052 = VECTOR('',#5053,1.);
#5053 = DIRECTION('',(0.,0.522498564716,-0.852640164354));
#5054 = PCURVE('',#126,#5055);
#5055 = DEFINITIONAL_REPRESENTATION('',(#5056),#5059);
#5056 = B_SPLINE_CURVE_WITH_KNOTS('',1,(#5057,#5058),.UNSPECIFIED.,.F.,
  .F.,(2,2),(-0.739326107971,-0.397877188725),.PIECEWISE_BEZIER_KNOTS.);
#5057 = CARTESIAN_POINT('',(4.15977770878,-4.611668653873));
#5058 = CARTESIAN_POINT('',(3.868644646154,-4.790075224104));
#5059 = ( GEOMETRIC_REPRESENTATION_CONTEXT(2) 
PARAMETRIC_REPRESENTATION_CONTEXT() REPRESENTATION_CONTEXT('2D SPACE',''
  ) );
#5060 = PCURVE('',#5061,#5066);
#5061 = PLANE('',#5062);
#5062 = AXIS2_PLACEMENT_3D('',#5063,#5064,#5065);
#5063 = CARTESIAN_POINT('',(12.,2.148164841155,12.360969491468));
#5064 = DIRECTION('',(0.,-0.852640164354,-0.522498564716));
#5065 = DIRECTION('',(0.,-0.522498564716,0.852640164354));
#5066 = DEFINITIONAL_REPRESENTATION('',(#5067),#5070);
#5067 = B_SPLINE_CURVE_WITH_KNOTS('',1,(#5068,#5069),.UNSPECIFIED.,.F.,
  .F.,(2,2),(-0.739326107971,-0.397877188725),.PIECEWISE_BEZIER_KNOTS.);
#5068 = CARTESIAN_POINT('',(0.341448919247,-8.56E-02));
#5069 = CARTESIAN_POINT('',(0.,-8.56E-02));
#5070 = ( GEOMETRIC_REPRESENTATION_CONTEXT(2) 
PARAMETRIC_REPRESENTATION_CONTEXT() REPRESENTATION_CONTEXT('2D SPACE',''
  ) );
#5071 = ORIENTED_EDGE('',*,*,#5072,.T.);
#5072 = EDGE_CURVE('',#5047,#5073,#5075,.T.);
#5073 = VERTEX_POINT('',#5074);
#5074 = CARTESIAN_POINT('',(12.0856,2.311090184155,12.060898338134));
#5075 = SURFACE_CURVE('',#5076,(#5080,#5086),.PCURVE_S1.);
#5076 = LINE('',#5077,#5078);
#5077 = CARTESIAN_POINT('',(12.0856,2.495453794198,11.721342808713));
#5078 = VECTOR('',#5079,1.);
#5079 = DIRECTION('',(0.,0.47715876026,-0.878817112662));
#5080 = PCURVE('',#126,#5081);
#5081 = DEFINITIONAL_REPRESENTATION('',(#5082),#5085);
#5082 = B_SPLINE_CURVE_WITH_KNOTS('',1,(#5083,#5084),.UNSPECIFIED.,.F.,
  .F.,(2,2),(-0.727826840806,-0.386377921559),.PIECEWISE_BEZIER_KNOTS.);
#5083 = CARTESIAN_POINT('',(3.868644646154,-4.790075224104));
#5084 = CARTESIAN_POINT('',(3.56857349282,-4.953000567103));
#5085 = ( GEOMETRIC_REPRESENTATION_CONTEXT(2) 
PARAMETRIC_REPRESENTATION_CONTEXT() REPRESENTATION_CONTEXT('2D SPACE',''
  ) );
#5086 = PCURVE('',#5087,#5092);
#5087 = PLANE('',#5088);
#5088 = AXIS2_PLACEMENT_3D('',#5089,#5090,#5091);
#5089 = CARTESIAN_POINT('',(12.,2.311090184155,12.060898338134));
#5090 = DIRECTION('',(0.,-0.878817112662,-0.47715876026));
#5091 = DIRECTION('',(0.,-0.47715876026,0.878817112662));
#5092 = DEFINITIONAL_REPRESENTATION('',(#5093),#5096);
#5093 = B_SPLINE_CURVE_WITH_KNOTS('',1,(#5094,#5095),.UNSPECIFIED.,.F.,
  .F.,(2,2),(-0.727826840806,-0.386377921559),.PIECEWISE_BEZIER_KNOTS.);
#5094 = CARTESIAN_POINT('',(0.341448919247,-8.56E-02));
#5095 = CARTESIAN_POINT('',(0.,-8.56E-02));
#5096 = ( GEOMETRIC_REPRESENTATION_CONTEXT(2) 
PARAMETRIC_REPRESENTATION_CONTEXT() REPRESENTATION_CONTEXT('2D SPACE',''
  ) );
#5097 = ORIENTED_EDGE('',*,*,#5098,.T.);
#5098 = EDGE_CURVE('',#5073,#5099,#5101,.T.);
#5099 = VERTEX_POINT('',#5100);
#5100 = CARTESIAN_POINT('',(12.0856,2.458087732884,11.752711568265));
#5101 = SURFACE_CURVE('',#5102,(#5106,#5112),.PCURVE_S1.);
#5102 = LINE('',#5103,#5104);
#5103 = CARTESIAN_POINT('',(12.0856,2.61892049971,11.415518660451));
#5104 = VECTOR('',#5105,1.);
#5105 = DIRECTION('',(0.,0.430511096808,-0.90258528435));
#5106 = PCURVE('',#126,#5107);
#5107 = DEFINITIONAL_REPRESENTATION('',(#5108),#5111);
#5108 = B_SPLINE_CURVE_WITH_KNOTS('',1,(#5109,#5110),.UNSPECIFIED.,.F.,
  .F.,(2,2),(-0.715034566676,-0.373585647429),.PIECEWISE_BEZIER_KNOTS.);
#5109 = CARTESIAN_POINT('',(3.56857349282,-4.953000567103));
#5110 = CARTESIAN_POINT('',(3.260386722951,-5.099998115832));
#5111 = ( GEOMETRIC_REPRESENTATION_CONTEXT(2) 
PARAMETRIC_REPRESENTATION_CONTEXT() REPRESENTATION_CONTEXT('2D SPACE',''
  ) );
#5112 = PCURVE('',#5113,#5118);
#5113 = PLANE('',#5114);
#5114 = AXIS2_PLACEMENT_3D('',#5115,#5116,#5117);
#5115 = CARTESIAN_POINT('',(12.,2.458087732884,11.752711568265));
#5116 = DIRECTION('',(0.,-0.90258528435,-0.430511096808));
#5117 = DIRECTION('',(0.,-0.430511096808,0.90258528435));
#5118 = DEFINITIONAL_REPRESENTATION('',(#5119),#5122);
#5119 = B_SPLINE_CURVE_WITH_KNOTS('',1,(#5120,#5121),.UNSPECIFIED.,.F.,
  .F.,(2,2),(-0.715034566676,-0.373585647429),.PIECEWISE_BEZIER_KNOTS.);
#5120 = CARTESIAN_POINT('',(0.341448919247,-8.56E-02));
#5121 = CARTESIAN_POINT('',(0.,-8.56E-02));
#5122 = ( GEOMETRIC_REPRESENTATION_CONTEXT(2) 
PARAMETRIC_REPRESENTATION_CONTEXT() REPRESENTATION_CONTEXT('2D SPACE',''
  ) );
#5123 = ORIENTED_EDGE('',*,*,#5124,.T.);
#5124 = EDGE_CURVE('',#5099,#5125,#5127,.T.);
#5125 = VERTEX_POINT('',#5126);
#5126 = CARTESIAN_POINT('',(12.0856,2.588754577279,11.437253900375));
#5127 = SURFACE_CURVE('',#5128,(#5132,#5138),.PCURVE_S1.);
#5128 = LINE('',#5129,#5130);
#5129 = CARTESIAN_POINT('',(12.0856,2.726342829331,11.105086476246));
#5130 = VECTOR('',#5131,1.);
#5131 = DIRECTION('',(0.,0.382683432365,-0.923879532511));
#5132 = PCURVE('',#126,#5133);
#5133 = DEFINITIONAL_REPRESENTATION('',(#5134),#5137);
#5134 = B_SPLINE_CURVE_WITH_KNOTS('',1,(#5135,#5136),.UNSPECIFIED.,.F.,
  .F.,(2,2),(-0.700984348315,-0.359535429068),.PIECEWISE_BEZIER_KNOTS.);
#5135 = CARTESIAN_POINT('',(3.260386722951,-5.099998115832));
#5136 = CARTESIAN_POINT('',(2.944929055061,-5.230664960227));
#5137 = ( GEOMETRIC_REPRESENTATION_CONTEXT(2) 
PARAMETRIC_REPRESENTATION_CONTEXT() REPRESENTATION_CONTEXT('2D SPACE',''
  ) );
#5138 = PCURVE('',#5139,#5144);
#5139 = PLANE('',#5140);
#5140 = AXIS2_PLACEMENT_3D('',#5141,#5142,#5143);
#5141 = CARTESIAN_POINT('',(12.,2.588754577279,11.437253900375));
#5142 = DIRECTION('',(0.,-0.923879532511,-0.382683432365));
#5143 = DIRECTION('',(0.,-0.382683432365,0.923879532511));
#5144 = DEFINITIONAL_REPRESENTATION('',(#5145),#5148);
#5145 = B_SPLINE_CURVE_WITH_KNOTS('',1,(#5146,#5147),.UNSPECIFIED.,.F.,
  .F.,(2,2),(-0.700984348315,-0.359535429068),.PIECEWISE_BEZIER_KNOTS.);
#5146 = CARTESIAN_POINT('',(0.341448919247,-8.56E-02));
#5147 = CARTESIAN_POINT('',(0.,-8.56E-02));
#5148 = ( GEOMETRIC_REPRESENTATION_CONTEXT(2) 
PARAMETRIC_REPRESENTATION_CONTEXT() REPRESENTATION_CONTEXT('2D SPACE',''
  ) );
#5149 = ORIENTED_EDGE('',*,*,#5150,.T.);
#5150 = EDGE_CURVE('',#5125,#5151,#5153,.T.);
#5151 = VERTEX_POINT('',#5152);
#5152 = CARTESIAN_POINT('',(12.0856,2.702732568601,11.115389982004));
#5153 = SURFACE_CURVE('',#5154,(#5158,#5164),.PCURVE_S1.);
#5154 = LINE('',#5155,#5156);
#5155 = CARTESIAN_POINT('',(12.0856,2.817650846413,10.7908707765));
#5156 = VECTOR('',#5157,1.);
#5157 = DIRECTION('',(0.,0.333806859234,-0.942641491092));
#5158 = PCURVE('',#126,#5159);
#5159 = DEFINITIONAL_REPRESENTATION('',(#5160),#5163);
#5160 = B_SPLINE_CURVE_WITH_KNOTS('',1,(#5161,#5162),.UNSPECIFIED.,.F.,
  .F.,(2,2),(-0.685714696396,-0.344265777149),.PIECEWISE_BEZIER_KNOTS.);
#5161 = CARTESIAN_POINT('',(2.944929055061,-5.230664960227));
#5162 = CARTESIAN_POINT('',(2.62306513669,-5.34464295155));
#5163 = ( GEOMETRIC_REPRESENTATION_CONTEXT(2) 
PARAMETRIC_REPRESENTATION_CONTEXT() REPRESENTATION_CONTEXT('2D SPACE',''
  ) );
#5164 = PCURVE('',#5165,#5170);
#5165 = PLANE('',#5166);
#5166 = AXIS2_PLACEMENT_3D('',#5167,#5168,#5169);
#5167 = CARTESIAN_POINT('',(12.,2.702732568601,11.115389982004));
#5168 = DIRECTION('',(0.,-0.942641491092,-0.333806859234));
#5169 = DIRECTION('',(0.,-0.333806859234,0.942641491092));
#5170 = DEFINITIONAL_REPRESENTATION('',(#5171),#5174);
#5171 = B_SPLINE_CURVE_WITH_KNOTS('',1,(#5172,#5173),.UNSPECIFIED.,.F.,
  .F.,(2,2),(-0.685714696396,-0.344265777149),.PIECEWISE_BEZIER_KNOTS.);
#5172 = CARTESIAN_POINT('',(0.341448919247,-8.56E-02));
#5173 = CARTESIAN_POINT('',(0.,-8.56E-02));
#5174 = ( GEOMETRIC_REPRESENTATION_CONTEXT(2) 
PARAMETRIC_REPRESENTATION_CONTEXT() REPRESENTATION_CONTEXT('2D SPACE',''
  ) );
#5175 = ORIENTED_EDGE('',*,*,#5176,.T.);
#5176 = EDGE_CURVE('',#5151,#5177,#5179,.T.);
#5177 = VERTEX_POINT('',#5178);
#5178 = CARTESIAN_POINT('',(12.0856,2.7997093011,10.788002019781));
#5179 = SURFACE_CURVE('',#5180,(#5184,#5190),.PCURVE_S1.);
#5180 = LINE('',#5181,#5182);
#5181 = CARTESIAN_POINT('',(12.0856,2.892814798081,10.473683129641));
#5182 = VECTOR('',#5183,1.);
#5183 = DIRECTION('',(0.,0.284015344704,-0.958819734868));
#5184 = PCURVE('',#126,#5185);
#5185 = DEFINITIONAL_REPRESENTATION('',(#5186),#5189);
#5186 = B_SPLINE_CURVE_WITH_KNOTS('',1,(#5187,#5188),.UNSPECIFIED.,.F.,
  .F.,(2,2),(-0.669267463973,-0.327818544726),.PIECEWISE_BEZIER_KNOTS.);
#5187 = CARTESIAN_POINT('',(2.62306513669,-5.34464295155));
#5188 = CARTESIAN_POINT('',(2.295677174467,-5.441619684048));
#5189 = ( GEOMETRIC_REPRESENTATION_CONTEXT(2) 
PARAMETRIC_REPRESENTATION_CONTEXT() REPRESENTATION_CONTEXT('2D SPACE',''
  ) );
#5190 = PCURVE('',#5191,#5196);
#5191 = PLANE('',#5192);
#5192 = AXIS2_PLACEMENT_3D('',#5193,#5194,#5195);
#5193 = CARTESIAN_POINT('',(12.,2.7997093011,10.788002019781));
#5194 = DIRECTION('',(0.,-0.958819734868,-0.284015344704));
#5195 = DIRECTION('',(0.,-0.284015344704,0.958819734868));
#5196 = DEFINITIONAL_REPRESENTATION('',(#5197),#5200);
#5197 = B_SPLINE_CURVE_WITH_KNOTS('',1,(#5198,#5199),.UNSPECIFIED.,.F.,
  .F.,(2,2),(-0.669267463973,-0.327818544726),.PIECEWISE_BEZIER_KNOTS.);
#5198 = CARTESIAN_POINT('',(0.341448919247,-8.56E-02));
#5199 = CARTESIAN_POINT('',(0.,-8.56E-02));
#5200 = ( GEOMETRIC_REPRESENTATION_CONTEXT(2) 
PARAMETRIC_REPRESENTATION_CONTEXT() REPRESENTATION_CONTEXT('2D SPACE',''
  ) );
#5201 = ORIENTED_EDGE('',*,*,#5202,.T.);
#5202 = EDGE_CURVE('',#5177,#5203,#5205,.T.);
#5203 = VERTEX_POINT('',#5204);
#5204 = CARTESIAN_POINT('',(12.0856,2.879418968292,10.455987361353));
#5205 = SURFACE_CURVE('',#5206,(#5210,#5216),.PCURVE_S1.);
#5206 = LINE('',#5207,#5208);
#5207 = CARTESIAN_POINT('',(12.0856,2.951842780763,10.154320471918));
#5208 = VECTOR('',#5209,1.);
#5209 = DIRECTION('',(0.,0.233445363856,-0.972369920398));
#5210 = PCURVE('',#126,#5211);
#5211 = DEFINITIONAL_REPRESENTATION('',(#5212),#5215);
#5212 = B_SPLINE_CURVE_WITH_KNOTS('',1,(#5213,#5214),.UNSPECIFIED.,.F.,
  .F.,(2,2),(-0.651687731767,-0.31023881252),.PIECEWISE_BEZIER_KNOTS.);
#5213 = CARTESIAN_POINT('',(2.295677174467,-5.441619684048));
#5214 = CARTESIAN_POINT('',(1.963662516039,-5.52132935124));
#5215 = ( GEOMETRIC_REPRESENTATION_CONTEXT(2) 
PARAMETRIC_REPRESENTATION_CONTEXT() REPRESENTATION_CONTEXT('2D SPACE',''
  ) );
#5216 = PCURVE('',#5217,#5222);
#5217 = PLANE('',#5218);
#5218 = AXIS2_PLACEMENT_3D('',#5219,#5220,#5221);
#5219 = CARTESIAN_POINT('',(12.,2.879418968292,10.455987361353));
#5220 = DIRECTION('',(0.,-0.972369920398,-0.233445363856));
#5221 = DIRECTION('',(0.,-0.233445363856,0.972369920398));
#5222 = DEFINITIONAL_REPRESENTATION('',(#5223),#5226);
#5223 = B_SPLINE_CURVE_WITH_KNOTS('',1,(#5224,#5225),.UNSPECIFIED.,.F.,
  .F.,(2,2),(-0.651687731767,-0.31023881252),.PIECEWISE_BEZIER_KNOTS.);
#5224 = CARTESIAN_POINT('',(0.341448919247,-8.56E-02));
#5225 = CARTESIAN_POINT('',(0.,-8.56E-02));
#5226 = ( GEOMETRIC_REPRESENTATION_CONTEXT(2) 
PARAMETRIC_REPRESENTATION_CONTEXT() REPRESENTATION_CONTEXT('2D SPACE',''
  ) );
#5227 = ORIENTED_EDGE('',*,*,#5228,.T.);
#5228 = EDGE_CURVE('',#5203,#5229,#5231,.T.);
#5229 = VERTEX_POINT('',#5230);
#5230 = CARTESIAN_POINT('',(12.0856,2.941643091519,10.120256035821));
#5231 = SURFACE_CURVE('',#5232,(#5236,#5242),.PCURVE_S1.);
#5232 = LINE('',#5233,#5234);
#5233 = CARTESIAN_POINT('',(12.0856,2.994778372104,9.833563716864));
#5234 = VECTOR('',#5235,1.);
#5235 = DIRECTION('',(0.,0.182235525492,-0.983254907564));
#5236 = PCURVE('',#126,#5237);
#5237 = DEFINITIONAL_REPRESENTATION('',(#5238),#5241);
#5238 = B_SPLINE_CURVE_WITH_KNOTS('',1,(#5239,#5240),.UNSPECIFIED.,.F.,
  .F.,(2,2),(-0.633023684601,-0.291574765355),.PIECEWISE_BEZIER_KNOTS.);
#5239 = CARTESIAN_POINT('',(1.963662516039,-5.52132935124));
#5240 = CARTESIAN_POINT('',(1.627931190507,-5.583553474468));
#5241 = ( GEOMETRIC_REPRESENTATION_CONTEXT(2) 
PARAMETRIC_REPRESENTATION_CONTEXT() REPRESENTATION_CONTEXT('2D SPACE',''
  ) );
#5242 = PCURVE('',#5243,#5248);
#5243 = PLANE('',#5244);
#5244 = AXIS2_PLACEMENT_3D('',#5245,#5246,#5247);
#5245 = CARTESIAN_POINT('',(12.,2.941643091519,10.120256035821));
#5246 = DIRECTION('',(0.,-0.983254907564,-0.182235525492));
#5247 = DIRECTION('',(0.,-0.182235525492,0.983254907564));
#5248 = DEFINITIONAL_REPRESENTATION('',(#5249),#5252);
#5249 = B_SPLINE_CURVE_WITH_KNOTS('',1,(#5250,#5251),.UNSPECIFIED.,.F.,
  .F.,(2,2),(-0.633023684601,-0.291574765355),.PIECEWISE_BEZIER_KNOTS.);
#5250 = CARTESIAN_POINT('',(0.341448919247,-8.56E-02));
#5251 = CARTESIAN_POINT('',(0.,-8.56E-02));
#5252 = ( GEOMETRIC_REPRESENTATION_CONTEXT(2) 
PARAMETRIC_REPRESENTATION_CONTEXT() REPRESENTATION_CONTEXT('2D SPACE',''
  ) );
#5253 = ORIENTED_EDGE('',*,*,#5254,.T.);
#5254 = EDGE_CURVE('',#5229,#2835,#5255,.T.);
#5255 = SURFACE_CURVE('',#5256,(#5260,#5266),.PCURVE_S1.);
#5256 = LINE('',#5257,#5258);
#5257 = CARTESIAN_POINT('',(12.0856,3.021698261454,9.512176649542));
#5258 = VECTOR('',#5259,1.);
#5259 = DIRECTION('',(0.,0.13052619222,-0.991444861374));
#5260 = PCURVE('',#126,#5261);
#5261 = DEFINITIONAL_REPRESENTATION('',(#5262),#5265);
#5262 = B_SPLINE_CURVE_WITH_KNOTS('',1,(#5263,#5264),.UNSPECIFIED.,.F.,
  .F.,(2,2),(-0.613326479333,-0.271877560086),.PIECEWISE_BEZIER_KNOTS.);
#5263 = CARTESIAN_POINT('',(1.627931190507,-5.583553474468));
#5264 = CARTESIAN_POINT('',(1.289403414098,-5.628121501735));
#5265 = ( GEOMETRIC_REPRESENTATION_CONTEXT(2) 
PARAMETRIC_REPRESENTATION_CONTEXT() REPRESENTATION_CONTEXT('2D SPACE',''
  ) );
#5266 = PCURVE('',#5267,#5272);
#5267 = PLANE('',#5268);
#5268 = AXIS2_PLACEMENT_3D('',#5269,#5270,#5271);
#5269 = CARTESIAN_POINT('',(12.,2.986211118786,9.781728259412));
#5270 = DIRECTION('',(0.,-0.991444861374,-0.13052619222));
#5271 = DIRECTION('',(0.,-0.13052619222,0.991444861374));
#5272 = DEFINITIONAL_REPRESENTATION('',(#5273),#5276);
#5273 = B_SPLINE_CURVE_WITH_KNOTS('',1,(#5274,#5275),.UNSPECIFIED.,.F.,
  .F.,(2,2),(-0.613326479333,-0.271877560086),.PIECEWISE_BEZIER_KNOTS.);
#5274 = CARTESIAN_POINT('',(0.341448919247,-8.56E-02));
#5275 = CARTESIAN_POINT('',(0.,-8.56E-02));
#5276 = ( GEOMETRIC_REPRESENTATION_CONTEXT(2) 
PARAMETRIC_REPRESENTATION_CONTEXT() REPRESENTATION_CONTEXT('2D SPACE',''
  ) );
#5277 = ADVANCED_FACE('',(#5278,#7374),#72,.T.);
#5278 = FACE_BOUND('',#5279,.T.);
#5279 = EDGE_LOOP('',(#5280,#5281,#5282,#5305,#5328,#5351,#5374,#5397,
    #5420,#5443,#5466,#5489,#5512,#5535,#5558,#5581,#5604,#5627,#5650,
    #5673,#5696,#5719,#5742,#5765,#5788,#5811,#5834,#5857,#5880,#5903,
    #5926,#5949,#5972,#5995,#6018,#6041,#6064,#6087,#6110,#6133,#6156,
    #6179,#6202,#6225,#6248,#6271,#6294,#6317,#6340,#6363,#6386,#6409,
    #6432,#6455,#6478,#6501,#6524,#6547,#6570,#6593,#6616,#6639,#6662,
    #6685,#6708,#6731,#6754,#6777,#6800,#6823,#6846,#6869,#6892,#6915,
    #6938,#6961,#6984,#7007,#7030,#7053,#7076,#7099,#7122,#7145,#7168,
    #7191,#7214,#7237,#7260,#7283,#7306,#7329,#7352,#7373));
#5280 = ORIENTED_EDGE('',*,*,#56,.T.);
#5281 = ORIENTED_EDGE('',*,*,#218,.T.);
#5282 = ORIENTED_EDGE('',*,*,#5283,.T.);
#5283 = EDGE_CURVE('',#219,#5284,#5286,.T.);
#5284 = VERTEX_POINT('',#5285);
#5285 = CARTESIAN_POINT('',(13.9144,3.293380672455,10.175965795718));
#5286 = SURFACE_CURVE('',#5287,(#5291,#5298),.PCURVE_S1.);
#5287 = LINE('',#5288,#5289);
#5288 = CARTESIAN_POINT('',(13.9144,3.340382279149,9.818953148375));
#5289 = VECTOR('',#5290,1.);
#5290 = DIRECTION('',(0.,-0.13052619222,0.991444861374));
#5291 = PCURVE('',#72,#5292);
#5292 = DEFINITIONAL_REPRESENTATION('',(#5293),#5297);
#5293 = LINE('',#5294,#5295);
#5294 = CARTESIAN_POINT('',(1.326628303061,-5.982292662097));
#5295 = VECTOR('',#5296,1.);
#5296 = DIRECTION('',(0.991444861374,0.13052619222));
#5297 = ( GEOMETRIC_REPRESENTATION_CONTEXT(2) 
PARAMETRIC_REPRESENTATION_CONTEXT() REPRESENTATION_CONTEXT('2D SPACE',''
  ) );
#5298 = PCURVE('',#257,#5299);
#5299 = DEFINITIONAL_REPRESENTATION('',(#5300),#5304);
#5300 = LINE('',#5301,#5302);
#5301 = CARTESIAN_POINT('',(0.,-1.8288));
#5302 = VECTOR('',#5303,1.);
#5303 = DIRECTION('',(1.,0.));
#5304 = ( GEOMETRIC_REPRESENTATION_CONTEXT(2) 
PARAMETRIC_REPRESENTATION_CONTEXT() REPRESENTATION_CONTEXT('2D SPACE',''
  ) );
#5305 = ORIENTED_EDGE('',*,*,#5306,.T.);
#5306 = EDGE_CURVE('',#5284,#5307,#5309,.T.);
#5307 = VERTEX_POINT('',#5308);
#5308 = CARTESIAN_POINT('',(13.9144,3.227758881541,10.530029295605));
#5309 = SURFACE_CURVE('',#5310,(#5314,#5321),.PCURVE_S1.);
#5310 = LINE('',#5311,#5312);
#5311 = CARTESIAN_POINT('',(13.9144,3.293380672455,10.175965795718));
#5312 = VECTOR('',#5313,1.);
#5313 = DIRECTION('',(0.,-0.182235525492,0.983254907564));
#5314 = PCURVE('',#72,#5315);
#5315 = DEFINITIONAL_REPRESENTATION('',(#5316),#5320);
#5316 = LINE('',#5317,#5318);
#5317 = CARTESIAN_POINT('',(1.683640950404,-5.935291055404));
#5318 = VECTOR('',#5319,1.);
#5319 = DIRECTION('',(0.983254907564,0.182235525492));
#5320 = ( GEOMETRIC_REPRESENTATION_CONTEXT(2) 
PARAMETRIC_REPRESENTATION_CONTEXT() REPRESENTATION_CONTEXT('2D SPACE',''
  ) );
#5321 = PCURVE('',#334,#5322);
#5322 = DEFINITIONAL_REPRESENTATION('',(#5323),#5327);
#5323 = LINE('',#5324,#5325);
#5324 = CARTESIAN_POINT('',(0.,-1.8288));
#5325 = VECTOR('',#5326,1.);
#5326 = DIRECTION('',(1.,0.));
#5327 = ( GEOMETRIC_REPRESENTATION_CONTEXT(2) 
PARAMETRIC_REPRESENTATION_CONTEXT() REPRESENTATION_CONTEXT('2D SPACE',''
  ) );
#5328 = ORIENTED_EDGE('',*,*,#5329,.T.);
#5329 = EDGE_CURVE('',#5307,#5330,#5332,.T.);
#5330 = VERTEX_POINT('',#5331);
#5331 = CARTESIAN_POINT('',(13.9144,3.143696771174,10.880173184593));
#5332 = SURFACE_CURVE('',#5333,(#5337,#5344),.PCURVE_S1.);
#5333 = LINE('',#5334,#5335);
#5334 = CARTESIAN_POINT('',(13.9144,3.227758881541,10.530029295605));
#5335 = VECTOR('',#5336,1.);
#5336 = DIRECTION('',(0.,-0.233445363856,0.972369920398));
#5337 = PCURVE('',#72,#5338);
#5338 = DEFINITIONAL_REPRESENTATION('',(#5339),#5343);
#5339 = LINE('',#5340,#5341);
#5340 = CARTESIAN_POINT('',(2.037704450291,-5.86966926449));
#5341 = VECTOR('',#5342,1.);
#5342 = DIRECTION('',(0.972369920398,0.233445363856));
#5343 = ( GEOMETRIC_REPRESENTATION_CONTEXT(2) 
PARAMETRIC_REPRESENTATION_CONTEXT() REPRESENTATION_CONTEXT('2D SPACE',''
  ) );
#5344 = PCURVE('',#362,#5345);
#5345 = DEFINITIONAL_REPRESENTATION('',(#5346),#5350);
#5346 = LINE('',#5347,#5348);
#5347 = CARTESIAN_POINT('',(0.,-1.8288));
#5348 = VECTOR('',#5349,1.);
#5349 = DIRECTION('',(1.,0.));
#5350 = ( GEOMETRIC_REPRESENTATION_CONTEXT(2) 
PARAMETRIC_REPRESENTATION_CONTEXT() REPRESENTATION_CONTEXT('2D SPACE',''
  ) );
#5351 = ORIENTED_EDGE('',*,*,#5352,.T.);
#5352 = EDGE_CURVE('',#5330,#5353,#5355,.T.);
#5353 = VERTEX_POINT('',#5354);
#5354 = CARTESIAN_POINT('',(13.9144,3.041424749754,11.22543774262));
#5355 = SURFACE_CURVE('',#5356,(#5360,#5367),.PCURVE_S1.);
#5356 = LINE('',#5357,#5358);
#5357 = CARTESIAN_POINT('',(13.9144,3.143696771174,10.880173184593));
#5358 = VECTOR('',#5359,1.);
#5359 = DIRECTION('',(0.,-0.284015344704,0.958819734868));
#5360 = PCURVE('',#72,#5361);
#5361 = DEFINITIONAL_REPRESENTATION('',(#5362),#5366);
#5362 = LINE('',#5363,#5364);
#5363 = CARTESIAN_POINT('',(2.387848339279,-5.785607154122));
#5364 = VECTOR('',#5365,1.);
#5365 = DIRECTION('',(0.958819734868,0.284015344704));
#5366 = ( GEOMETRIC_REPRESENTATION_CONTEXT(2) 
PARAMETRIC_REPRESENTATION_CONTEXT() REPRESENTATION_CONTEXT('2D SPACE',''
  ) );
#5367 = PCURVE('',#390,#5368);
#5368 = DEFINITIONAL_REPRESENTATION('',(#5369),#5373);
#5369 = LINE('',#5370,#5371);
#5370 = CARTESIAN_POINT('',(0.,-1.8288));
#5371 = VECTOR('',#5372,1.);
#5372 = DIRECTION('',(1.,0.));
#5373 = ( GEOMETRIC_REPRESENTATION_CONTEXT(2) 
PARAMETRIC_REPRESENTATION_CONTEXT() REPRESENTATION_CONTEXT('2D SPACE',''
  ) );
#5374 = ORIENTED_EDGE('',*,*,#5375,.T.);
#5375 = EDGE_CURVE('',#5353,#5376,#5378,.T.);
#5376 = VERTEX_POINT('',#5377);
#5377 = CARTESIAN_POINT('',(13.9144,2.921223137784,11.564876623532));
#5378 = SURFACE_CURVE('',#5379,(#5383,#5390),.PCURVE_S1.);
#5379 = LINE('',#5380,#5381);
#5380 = CARTESIAN_POINT('',(13.9144,3.041424749754,11.22543774262));
#5381 = VECTOR('',#5382,1.);
#5382 = DIRECTION('',(0.,-0.333806859234,0.942641491092));
#5383 = PCURVE('',#72,#5384);
#5384 = DEFINITIONAL_REPRESENTATION('',(#5385),#5389);
#5385 = LINE('',#5386,#5387);
#5386 = CARTESIAN_POINT('',(2.733112897307,-5.683335132702));
#5387 = VECTOR('',#5388,1.);
#5388 = DIRECTION('',(0.942641491092,0.333806859234));
#5389 = ( GEOMETRIC_REPRESENTATION_CONTEXT(2) 
PARAMETRIC_REPRESENTATION_CONTEXT() REPRESENTATION_CONTEXT('2D SPACE',''
  ) );
#5390 = PCURVE('',#418,#5391);
#5391 = DEFINITIONAL_REPRESENTATION('',(#5392),#5396);
#5392 = LINE('',#5393,#5394);
#5393 = CARTESIAN_POINT('',(0.,-1.8288));
#5394 = VECTOR('',#5395,1.);
#5395 = DIRECTION('',(1.,0.));
#5396 = ( GEOMETRIC_REPRESENTATION_CONTEXT(2) 
PARAMETRIC_REPRESENTATION_CONTEXT() REPRESENTATION_CONTEXT('2D SPACE',''
  ) );
#5397 = ORIENTED_EDGE('',*,*,#5398,.T.);
#5398 = EDGE_CURVE('',#5376,#5399,#5401,.T.);
#5399 = VERTEX_POINT('',#5400);
#5400 = CARTESIAN_POINT('',(13.9144,2.783421399527,11.897559448951));
#5401 = SURFACE_CURVE('',#5402,(#5406,#5413),.PCURVE_S1.);
#5402 = LINE('',#5403,#5404);
#5403 = CARTESIAN_POINT('',(13.9144,2.921223137784,11.564876623532));
#5404 = VECTOR('',#5405,1.);
#5405 = DIRECTION('',(0.,-0.382683432365,0.923879532511));
#5406 = PCURVE('',#72,#5407);
#5407 = DEFINITIONAL_REPRESENTATION('',(#5408),#5412);
#5408 = LINE('',#5409,#5410);
#5409 = CARTESIAN_POINT('',(3.072551778219,-5.563133520732));
#5410 = VECTOR('',#5411,1.);
#5411 = DIRECTION('',(0.923879532511,0.382683432365));
#5412 = ( GEOMETRIC_REPRESENTATION_CONTEXT(2) 
PARAMETRIC_REPRESENTATION_CONTEXT() REPRESENTATION_CONTEXT('2D SPACE',''
  ) );
#5413 = PCURVE('',#446,#5414);
#5414 = DEFINITIONAL_REPRESENTATION('',(#5415),#5419);
#5415 = LINE('',#5416,#5417);
#5416 = CARTESIAN_POINT('',(0.,-1.8288));
#5417 = VECTOR('',#5418,1.);
#5418 = DIRECTION('',(1.,0.));
#5419 = ( GEOMETRIC_REPRESENTATION_CONTEXT(2) 
PARAMETRIC_REPRESENTATION_CONTEXT() REPRESENTATION_CONTEXT('2D SPACE',''
  ) );
#5420 = ORIENTED_EDGE('',*,*,#5421,.T.);
#5421 = EDGE_CURVE('',#5399,#5422,#5424,.T.);
#5422 = VERTEX_POINT('',#5423);
#5423 = CARTESIAN_POINT('',(13.9144,2.628397239969,12.222574358376));
#5424 = SURFACE_CURVE('',#5425,(#5429,#5436),.PCURVE_S1.);
#5425 = LINE('',#5426,#5427);
#5426 = CARTESIAN_POINT('',(13.9144,2.783421399527,11.897559448951));
#5427 = VECTOR('',#5428,1.);
#5428 = DIRECTION('',(0.,-0.430511096808,0.90258528435));
#5429 = PCURVE('',#72,#5430);
#5430 = DEFINITIONAL_REPRESENTATION('',(#5431),#5435);
#5431 = LINE('',#5432,#5433);
#5432 = CARTESIAN_POINT('',(3.405234603637,-5.425331782475));
#5433 = VECTOR('',#5434,1.);
#5434 = DIRECTION('',(0.90258528435,0.430511096808));
#5435 = ( GEOMETRIC_REPRESENTATION_CONTEXT(2) 
PARAMETRIC_REPRESENTATION_CONTEXT() REPRESENTATION_CONTEXT('2D SPACE',''
  ) );
#5436 = PCURVE('',#474,#5437);
#5437 = DEFINITIONAL_REPRESENTATION('',(#5438),#5442);
#5438 = LINE('',#5439,#5440);
#5439 = CARTESIAN_POINT('',(0.,-1.8288));
#5440 = VECTOR('',#5441,1.);
#5441 = DIRECTION('',(1.,0.));
#5442 = ( GEOMETRIC_REPRESENTATION_CONTEXT(2) 
PARAMETRIC_REPRESENTATION_CONTEXT() REPRESENTATION_CONTEXT('2D SPACE',''
  ) );
#5443 = ORIENTED_EDGE('',*,*,#5444,.T.);
#5444 = EDGE_CURVE('',#5422,#5445,#5447,.T.);
#5445 = VERTEX_POINT('',#5446);
#5446 = CARTESIAN_POINT('',(13.9144,2.456575569556,12.539030508532));
#5447 = SURFACE_CURVE('',#5448,(#5452,#5459),.PCURVE_S1.);
#5448 = LINE('',#5449,#5450);
#5449 = CARTESIAN_POINT('',(13.9144,2.628397239969,12.222574358376));
#5450 = VECTOR('',#5451,1.);
#5451 = DIRECTION('',(0.,-0.47715876026,0.878817112662));
#5452 = PCURVE('',#72,#5453);
#5453 = DEFINITIONAL_REPRESENTATION('',(#5454),#5458);
#5454 = LINE('',#5455,#5456);
#5455 = CARTESIAN_POINT('',(3.730249513062,-5.270307622918));
#5456 = VECTOR('',#5457,1.);
#5457 = DIRECTION('',(0.878817112662,0.47715876026));
#5458 = ( GEOMETRIC_REPRESENTATION_CONTEXT(2) 
PARAMETRIC_REPRESENTATION_CONTEXT() REPRESENTATION_CONTEXT('2D SPACE',''
  ) );
#5459 = PCURVE('',#502,#5460);
#5460 = DEFINITIONAL_REPRESENTATION('',(#5461),#5465);
#5461 = LINE('',#5462,#5463);
#5462 = CARTESIAN_POINT('',(0.,-1.8288));
#5463 = VECTOR('',#5464,1.);
#5464 = DIRECTION('',(1.,0.));
#5465 = ( GEOMETRIC_REPRESENTATION_CONTEXT(2) 
PARAMETRIC_REPRESENTATION_CONTEXT() REPRESENTATION_CONTEXT('2D SPACE',''
  ) );
#5466 = ORIENTED_EDGE('',*,*,#5467,.T.);
#5467 = EDGE_CURVE('',#5445,#5468,#5470,.T.);
#5468 = VERTEX_POINT('',#5469);
#5469 = CARTESIAN_POINT('',(13.9144,2.268427339544,12.846060515108));
#5470 = SURFACE_CURVE('',#5471,(#5475,#5482),.PCURVE_S1.);
#5471 = LINE('',#5472,#5473);
#5472 = CARTESIAN_POINT('',(13.9144,2.456575569556,12.539030508532));
#5473 = VECTOR('',#5474,1.);
#5474 = DIRECTION('',(0.,-0.522498564716,0.852640164354));
#5475 = PCURVE('',#72,#5476);
#5476 = DEFINITIONAL_REPRESENTATION('',(#5477),#5481);
#5477 = LINE('',#5478,#5479);
#5478 = CARTESIAN_POINT('',(4.046705663218,-5.098485952505));
#5479 = VECTOR('',#5480,1.);
#5480 = DIRECTION('',(0.852640164354,0.522498564716));
#5481 = ( GEOMETRIC_REPRESENTATION_CONTEXT(2) 
PARAMETRIC_REPRESENTATION_CONTEXT() REPRESENTATION_CONTEXT('2D SPACE',''
  ) );
#5482 = PCURVE('',#530,#5483);
#5483 = DEFINITIONAL_REPRESENTATION('',(#5484),#5488);
#5484 = LINE('',#5485,#5486);
#5485 = CARTESIAN_POINT('',(0.,-1.8288));
#5486 = VECTOR('',#5487,1.);
#5487 = DIRECTION('',(1.,0.));
#5488 = ( GEOMETRIC_REPRESENTATION_CONTEXT(2) 
PARAMETRIC_REPRESENTATION_CONTEXT() REPRESENTATION_CONTEXT('2D SPACE',''
  ) );
#5489 = ORIENTED_EDGE('',*,*,#5490,.T.);
#5490 = EDGE_CURVE('',#5468,#5491,#5493,.T.);
#5491 = VERTEX_POINT('',#5492);
#5492 = CARTESIAN_POINT('',(13.9144,2.064468251152,13.142822830198));
#5493 = SURFACE_CURVE('',#5494,(#5498,#5505),.PCURVE_S1.);
#5494 = LINE('',#5495,#5496);
#5495 = CARTESIAN_POINT('',(13.9144,2.268427339544,12.846060515108));
#5496 = VECTOR('',#5497,1.);
#5497 = DIRECTION('',(0.,-0.566406236925,0.824126188622));
#5498 = PCURVE('',#72,#5499);
#5499 = DEFINITIONAL_REPRESENTATION('',(#5500),#5504);
#5500 = LINE('',#5501,#5502);
#5501 = CARTESIAN_POINT('',(4.353735669794,-4.910337722492));
#5502 = VECTOR('',#5503,1.);
#5503 = DIRECTION('',(0.824126188622,0.566406236925));
#5504 = ( GEOMETRIC_REPRESENTATION_CONTEXT(2) 
PARAMETRIC_REPRESENTATION_CONTEXT() REPRESENTATION_CONTEXT('2D SPACE',''
  ) );
#5505 = PCURVE('',#558,#5506);
#5506 = DEFINITIONAL_REPRESENTATION('',(#5507),#5511);
#5507 = LINE('',#5508,#5509);
#5508 = CARTESIAN_POINT('',(0.,-1.8288));
#5509 = VECTOR('',#5510,1.);
#5510 = DIRECTION('',(1.,0.));
#5511 = ( GEOMETRIC_REPRESENTATION_CONTEXT(2) 
PARAMETRIC_REPRESENTATION_CONTEXT() REPRESENTATION_CONTEXT('2D SPACE',''
  ) );
#5512 = ORIENTED_EDGE('',*,*,#5513,.T.);
#5513 = EDGE_CURVE('',#5491,#5514,#5516,.T.);
#5514 = VERTEX_POINT('',#5515);
#5515 = CARTESIAN_POINT('',(13.9144,1.845257342065,13.428504048923));
#5516 = SURFACE_CURVE('',#5517,(#5521,#5528),.PCURVE_S1.);
#5517 = LINE('',#5518,#5519);
#5518 = CARTESIAN_POINT('',(13.9144,2.064468251152,13.142822830198));
#5519 = VECTOR('',#5520,1.);
#5520 = DIRECTION('',(0.,-0.608761429009,0.793353340291));
#5521 = PCURVE('',#72,#5522);
#5522 = DEFINITIONAL_REPRESENTATION('',(#5523),#5527);
#5523 = LINE('',#5524,#5525);
#5524 = CARTESIAN_POINT('',(4.650497984884,-4.706378634101));
#5525 = VECTOR('',#5526,1.);
#5526 = DIRECTION('',(0.793353340291,0.608761429009));
#5527 = ( GEOMETRIC_REPRESENTATION_CONTEXT(2) 
PARAMETRIC_REPRESENTATION_CONTEXT() REPRESENTATION_CONTEXT('2D SPACE',''
  ) );
#5528 = PCURVE('',#586,#5529);
#5529 = DEFINITIONAL_REPRESENTATION('',(#5530),#5534);
#5530 = LINE('',#5531,#5532);
#5531 = CARTESIAN_POINT('',(0.,-1.8288));
#5532 = VECTOR('',#5533,1.);
#5533 = DIRECTION('',(1.,0.));
#5534 = ( GEOMETRIC_REPRESENTATION_CONTEXT(2) 
PARAMETRIC_REPRESENTATION_CONTEXT() REPRESENTATION_CONTEXT('2D SPACE',''
  ) );
#5535 = ORIENTED_EDGE('',*,*,#5536,.T.);
#5536 = EDGE_CURVE('',#5514,#5537,#5539,.T.);
#5537 = VERTEX_POINT('',#5538);
#5538 = CARTESIAN_POINT('',(13.9144,1.611395454148,13.702321138921));
#5539 = SURFACE_CURVE('',#5540,(#5544,#5551),.PCURVE_S1.);
#5540 = LINE('',#5541,#5542);
#5541 = CARTESIAN_POINT('',(13.9144,1.845257342065,13.428504048923));
#5542 = VECTOR('',#5543,1.);
#5543 = DIRECTION('',(0.,-0.64944804833,0.7604059656));
#5544 = PCURVE('',#72,#5545);
#5545 = DEFINITIONAL_REPRESENTATION('',(#5546),#5550);
#5546 = LINE('',#5547,#5548);
#5547 = CARTESIAN_POINT('',(4.936179203609,-4.487167725014));
#5548 = VECTOR('',#5549,1.);
#5549 = DIRECTION('',(0.7604059656,0.64944804833));
#5550 = ( GEOMETRIC_REPRESENTATION_CONTEXT(2) 
PARAMETRIC_REPRESENTATION_CONTEXT() REPRESENTATION_CONTEXT('2D SPACE',''
  ) );
#5551 = PCURVE('',#614,#5552);
#5552 = DEFINITIONAL_REPRESENTATION('',(#5553),#5557);
#5553 = LINE('',#5554,#5555);
#5554 = CARTESIAN_POINT('',(0.,-1.8288));
#5555 = VECTOR('',#5556,1.);
#5556 = DIRECTION('',(1.,0.));
#5557 = ( GEOMETRIC_REPRESENTATION_CONTEXT(2) 
PARAMETRIC_REPRESENTATION_CONTEXT() REPRESENTATION_CONTEXT('2D SPACE',''
  ) );
#5558 = ORIENTED_EDGE('',*,*,#5559,.T.);
#5559 = EDGE_CURVE('',#5537,#5560,#5562,.T.);
#5560 = VERTEX_POINT('',#5561);
#5561 = CARTESIAN_POINT('',(13.9144,1.36352358658,13.96352358658));
#5562 = SURFACE_CURVE('',#5563,(#5567,#5574),.PCURVE_S1.);
#5563 = LINE('',#5564,#5565);
#5564 = CARTESIAN_POINT('',(13.9144,1.611395454148,13.702321138921));
#5565 = VECTOR('',#5566,1.);
#5566 = DIRECTION('',(0.,-0.688354575694,0.725374371012));
#5567 = PCURVE('',#72,#5568);
#5568 = DEFINITIONAL_REPRESENTATION('',(#5569),#5573);
#5569 = LINE('',#5570,#5571);
#5570 = CARTESIAN_POINT('',(5.209996293607,-4.253305837097));
#5571 = VECTOR('',#5572,1.);
#5572 = DIRECTION('',(0.725374371012,0.688354575694));
#5573 = ( GEOMETRIC_REPRESENTATION_CONTEXT(2) 
PARAMETRIC_REPRESENTATION_CONTEXT() REPRESENTATION_CONTEXT('2D SPACE',''
  ) );
#5574 = PCURVE('',#642,#5575);
#5575 = DEFINITIONAL_REPRESENTATION('',(#5576),#5580);
#5576 = LINE('',#5577,#5578);
#5577 = CARTESIAN_POINT('',(0.,-1.8288));
#5578 = VECTOR('',#5579,1.);
#5579 = DIRECTION('',(1.,0.));
#5580 = ( GEOMETRIC_REPRESENTATION_CONTEXT(2) 
PARAMETRIC_REPRESENTATION_CONTEXT() REPRESENTATION_CONTEXT('2D SPACE',''
  ) );
#5581 = ORIENTED_EDGE('',*,*,#5582,.T.);
#5582 = EDGE_CURVE('',#5560,#5583,#5585,.T.);
#5583 = VERTEX_POINT('',#5584);
#5584 = CARTESIAN_POINT('',(13.9144,1.102321138921,14.211395454148));
#5585 = SURFACE_CURVE('',#5586,(#5590,#5597),.PCURVE_S1.);
#5586 = LINE('',#5587,#5588);
#5587 = CARTESIAN_POINT('',(13.9144,1.36352358658,13.96352358658));
#5588 = VECTOR('',#5589,1.);
#5589 = DIRECTION('',(0.,-0.725374371012,0.688354575694));
#5590 = PCURVE('',#72,#5591);
#5591 = DEFINITIONAL_REPRESENTATION('',(#5592),#5596);
#5592 = LINE('',#5593,#5594);
#5593 = CARTESIAN_POINT('',(5.471198741266,-4.005433969529));
#5594 = VECTOR('',#5595,1.);
#5595 = DIRECTION('',(0.688354575694,0.725374371012));
#5596 = ( GEOMETRIC_REPRESENTATION_CONTEXT(2) 
PARAMETRIC_REPRESENTATION_CONTEXT() REPRESENTATION_CONTEXT('2D SPACE',''
  ) );
#5597 = PCURVE('',#670,#5598);
#5598 = DEFINITIONAL_REPRESENTATION('',(#5599),#5603);
#5599 = LINE('',#5600,#5601);
#5600 = CARTESIAN_POINT('',(0.,-1.8288));
#5601 = VECTOR('',#5602,1.);
#5602 = DIRECTION('',(1.,0.));
#5603 = ( GEOMETRIC_REPRESENTATION_CONTEXT(2) 
PARAMETRIC_REPRESENTATION_CONTEXT() REPRESENTATION_CONTEXT('2D SPACE',''
  ) );
#5604 = ORIENTED_EDGE('',*,*,#5605,.T.);
#5605 = EDGE_CURVE('',#5583,#5606,#5608,.T.);
#5606 = VERTEX_POINT('',#5607);
#5607 = CARTESIAN_POINT('',(13.9144,0.828504048923,14.445257342065));
#5608 = SURFACE_CURVE('',#5609,(#5613,#5620),.PCURVE_S1.);
#5609 = LINE('',#5610,#5611);
#5610 = CARTESIAN_POINT('',(13.9144,1.102321138921,14.211395454148));
#5611 = VECTOR('',#5612,1.);
#5612 = DIRECTION('',(0.,-0.7604059656,0.64944804833));
#5613 = PCURVE('',#72,#5614);
#5614 = DEFINITIONAL_REPRESENTATION('',(#5615),#5619);
#5615 = LINE('',#5616,#5617);
#5616 = CARTESIAN_POINT('',(5.719070608835,-3.744231521869));
#5617 = VECTOR('',#5618,1.);
#5618 = DIRECTION('',(0.64944804833,0.7604059656));
#5619 = ( GEOMETRIC_REPRESENTATION_CONTEXT(2) 
PARAMETRIC_REPRESENTATION_CONTEXT() REPRESENTATION_CONTEXT('2D SPACE',''
  ) );
#5620 = PCURVE('',#698,#5621);
#5621 = DEFINITIONAL_REPRESENTATION('',(#5622),#5626);
#5622 = LINE('',#5623,#5624);
#5623 = CARTESIAN_POINT('',(0.,-1.8288));
#5624 = VECTOR('',#5625,1.);
#5625 = DIRECTION('',(1.,0.));
#5626 = ( GEOMETRIC_REPRESENTATION_CONTEXT(2) 
PARAMETRIC_REPRESENTATION_CONTEXT() REPRESENTATION_CONTEXT('2D SPACE',''
  ) );
#5627 = ORIENTED_EDGE('',*,*,#5628,.T.);
#5628 = EDGE_CURVE('',#5606,#5629,#5631,.T.);
#5629 = VERTEX_POINT('',#5630);
#5630 = CARTESIAN_POINT('',(13.9144,0.542822830198,14.664468251152));
#5631 = SURFACE_CURVE('',#5632,(#5636,#5643),.PCURVE_S1.);
#5632 = LINE('',#5633,#5634);
#5633 = CARTESIAN_POINT('',(13.9144,0.828504048923,14.445257342065));
#5634 = VECTOR('',#5635,1.);
#5635 = DIRECTION('',(0.,-0.793353340291,0.608761429009));
#5636 = PCURVE('',#72,#5637);
#5637 = DEFINITIONAL_REPRESENTATION('',(#5638),#5642);
#5638 = LINE('',#5639,#5640);
#5639 = CARTESIAN_POINT('',(5.952932496752,-3.470414431871));
#5640 = VECTOR('',#5641,1.);
#5641 = DIRECTION('',(0.608761429009,0.793353340291));
#5642 = ( GEOMETRIC_REPRESENTATION_CONTEXT(2) 
PARAMETRIC_REPRESENTATION_CONTEXT() REPRESENTATION_CONTEXT('2D SPACE',''
  ) );
#5643 = PCURVE('',#726,#5644);
#5644 = DEFINITIONAL_REPRESENTATION('',(#5645),#5649);
#5645 = LINE('',#5646,#5647);
#5646 = CARTESIAN_POINT('',(0.,-1.8288));
#5647 = VECTOR('',#5648,1.);
#5648 = DIRECTION('',(1.,0.));
#5649 = ( GEOMETRIC_REPRESENTATION_CONTEXT(2) 
PARAMETRIC_REPRESENTATION_CONTEXT() REPRESENTATION_CONTEXT('2D SPACE',''
  ) );
#5650 = ORIENTED_EDGE('',*,*,#5651,.T.);
#5651 = EDGE_CURVE('',#5629,#5652,#5654,.T.);
#5652 = VERTEX_POINT('',#5653);
#5653 = CARTESIAN_POINT('',(13.9144,0.246060515108,14.868427339544));
#5654 = SURFACE_CURVE('',#5655,(#5659,#5666),.PCURVE_S1.);
#5655 = LINE('',#5656,#5657);
#5656 = CARTESIAN_POINT('',(13.9144,0.542822830198,14.664468251152));
#5657 = VECTOR('',#5658,1.);
#5658 = DIRECTION('',(0.,-0.824126188622,0.566406236925));
#5659 = PCURVE('',#72,#5660);
#5660 = DEFINITIONAL_REPRESENTATION('',(#5661),#5665);
#5661 = LINE('',#5662,#5663);
#5662 = CARTESIAN_POINT('',(6.172143405838,-3.184733213146));
#5663 = VECTOR('',#5664,1.);
#5664 = DIRECTION('',(0.566406236925,0.824126188622));
#5665 = ( GEOMETRIC_REPRESENTATION_CONTEXT(2) 
PARAMETRIC_REPRESENTATION_CONTEXT() REPRESENTATION_CONTEXT('2D SPACE',''
  ) );
#5666 = PCURVE('',#754,#5667);
#5667 = DEFINITIONAL_REPRESENTATION('',(#5668),#5672);
#5668 = LINE('',#5669,#5670);
#5669 = CARTESIAN_POINT('',(0.,-1.8288));
#5670 = VECTOR('',#5671,1.);
#5671 = DIRECTION('',(1.,0.));
#5672 = ( GEOMETRIC_REPRESENTATION_CONTEXT(2) 
PARAMETRIC_REPRESENTATION_CONTEXT() REPRESENTATION_CONTEXT('2D SPACE',''
  ) );
#5673 = ORIENTED_EDGE('',*,*,#5674,.T.);
#5674 = EDGE_CURVE('',#5652,#5675,#5677,.T.);
#5675 = VERTEX_POINT('',#5676);
#5676 = CARTESIAN_POINT('',(13.9144,-6.096949146831E-02,15.056575569556)
  );
#5677 = SURFACE_CURVE('',#5678,(#5682,#5689),.PCURVE_S1.);
#5678 = LINE('',#5679,#5680);
#5679 = CARTESIAN_POINT('',(13.9144,0.246060515108,14.868427339544));
#5680 = VECTOR('',#5681,1.);
#5681 = DIRECTION('',(0.,-0.852640164354,0.522498564716));
#5682 = PCURVE('',#72,#5683);
#5683 = DEFINITIONAL_REPRESENTATION('',(#5684),#5688);
#5684 = LINE('',#5685,#5686);
#5685 = CARTESIAN_POINT('',(6.37610249423,-2.887970898056));
#5686 = VECTOR('',#5687,1.);
#5687 = DIRECTION('',(0.522498564716,0.852640164354));
#5688 = ( GEOMETRIC_REPRESENTATION_CONTEXT(2) 
PARAMETRIC_REPRESENTATION_CONTEXT() REPRESENTATION_CONTEXT('2D SPACE',''
  ) );
#5689 = PCURVE('',#782,#5690);
#5690 = DEFINITIONAL_REPRESENTATION('',(#5691),#5695);
#5691 = LINE('',#5692,#5693);
#5692 = CARTESIAN_POINT('',(0.,-1.8288));
#5693 = VECTOR('',#5694,1.);
#5694 = DIRECTION('',(1.,0.));
#5695 = ( GEOMETRIC_REPRESENTATION_CONTEXT(2) 
PARAMETRIC_REPRESENTATION_CONTEXT() REPRESENTATION_CONTEXT('2D SPACE',''
  ) );
#5696 = ORIENTED_EDGE('',*,*,#5697,.T.);
#5697 = EDGE_CURVE('',#5675,#5698,#5700,.T.);
#5698 = VERTEX_POINT('',#5699);
#5699 = CARTESIAN_POINT('',(13.9144,-0.377425641624,15.228397239969));
#5700 = SURFACE_CURVE('',#5701,(#5705,#5712),.PCURVE_S1.);
#5701 = LINE('',#5702,#5703);
#5702 = CARTESIAN_POINT('',(13.9144,-6.096949146831E-02,15.056575569556)
  );
#5703 = VECTOR('',#5704,1.);
#5704 = DIRECTION('',(0.,-0.878817112662,0.47715876026));
#5705 = PCURVE('',#72,#5706);
#5706 = DEFINITIONAL_REPRESENTATION('',(#5707),#5711);
#5707 = LINE('',#5708,#5709);
#5708 = CARTESIAN_POINT('',(6.564250724242,-2.58094089148));
#5709 = VECTOR('',#5710,1.);
#5710 = DIRECTION('',(0.47715876026,0.878817112662));
#5711 = ( GEOMETRIC_REPRESENTATION_CONTEXT(2) 
PARAMETRIC_REPRESENTATION_CONTEXT() REPRESENTATION_CONTEXT('2D SPACE',''
  ) );
#5712 = PCURVE('',#810,#5713);
#5713 = DEFINITIONAL_REPRESENTATION('',(#5714),#5718);
#5714 = LINE('',#5715,#5716);
#5715 = CARTESIAN_POINT('',(0.,-1.8288));
#5716 = VECTOR('',#5717,1.);
#5717 = DIRECTION('',(1.,0.));
#5718 = ( GEOMETRIC_REPRESENTATION_CONTEXT(2) 
PARAMETRIC_REPRESENTATION_CONTEXT() REPRESENTATION_CONTEXT('2D SPACE',''
  ) );
#5719 = ORIENTED_EDGE('',*,*,#5720,.T.);
#5720 = EDGE_CURVE('',#5698,#5721,#5723,.T.);
#5721 = VERTEX_POINT('',#5722);
#5722 = CARTESIAN_POINT('',(13.9144,-0.702440551049,15.383421399527));
#5723 = SURFACE_CURVE('',#5724,(#5728,#5735),.PCURVE_S1.);
#5724 = LINE('',#5725,#5726);
#5725 = CARTESIAN_POINT('',(13.9144,-0.377425641624,15.228397239969));
#5726 = VECTOR('',#5727,1.);
#5727 = DIRECTION('',(0.,-0.90258528435,0.430511096808));
#5728 = PCURVE('',#72,#5729);
#5729 = DEFINITIONAL_REPRESENTATION('',(#5730),#5734);
#5730 = LINE('',#5731,#5732);
#5731 = CARTESIAN_POINT('',(6.736072394655,-2.264484741324));
#5732 = VECTOR('',#5733,1.);
#5733 = DIRECTION('',(0.430511096808,0.90258528435));
#5734 = ( GEOMETRIC_REPRESENTATION_CONTEXT(2) 
PARAMETRIC_REPRESENTATION_CONTEXT() REPRESENTATION_CONTEXT('2D SPACE',''
  ) );
#5735 = PCURVE('',#838,#5736);
#5736 = DEFINITIONAL_REPRESENTATION('',(#5737),#5741);
#5737 = LINE('',#5738,#5739);
#5738 = CARTESIAN_POINT('',(0.,-1.8288));
#5739 = VECTOR('',#5740,1.);
#5740 = DIRECTION('',(1.,0.));
#5741 = ( GEOMETRIC_REPRESENTATION_CONTEXT(2) 
PARAMETRIC_REPRESENTATION_CONTEXT() REPRESENTATION_CONTEXT('2D SPACE',''
  ) );
#5742 = ORIENTED_EDGE('',*,*,#5743,.T.);
#5743 = EDGE_CURVE('',#5721,#5744,#5746,.T.);
#5744 = VERTEX_POINT('',#5745);
#5745 = CARTESIAN_POINT('',(13.9144,-1.035123376468,15.521223137784));
#5746 = SURFACE_CURVE('',#5747,(#5751,#5758),.PCURVE_S1.);
#5747 = LINE('',#5748,#5749);
#5748 = CARTESIAN_POINT('',(13.9144,-0.702440551049,15.383421399527));
#5749 = VECTOR('',#5750,1.);
#5750 = DIRECTION('',(0.,-0.923879532511,0.382683432365));
#5751 = PCURVE('',#72,#5752);
#5752 = DEFINITIONAL_REPRESENTATION('',(#5753),#5757);
#5753 = LINE('',#5754,#5755);
#5754 = CARTESIAN_POINT('',(6.891096554213,-1.939469831899));
#5755 = VECTOR('',#5756,1.);
#5756 = DIRECTION('',(0.382683432365,0.923879532511));
#5757 = ( GEOMETRIC_REPRESENTATION_CONTEXT(2) 
PARAMETRIC_REPRESENTATION_CONTEXT() REPRESENTATION_CONTEXT('2D SPACE',''
  ) );
#5758 = PCURVE('',#866,#5759);
#5759 = DEFINITIONAL_REPRESENTATION('',(#5760),#5764);
#5760 = LINE('',#5761,#5762);
#5761 = CARTESIAN_POINT('',(0.,-1.8288));
#5762 = VECTOR('',#5763,1.);
#5763 = DIRECTION('',(1.,0.));
#5764 = ( GEOMETRIC_REPRESENTATION_CONTEXT(2) 
PARAMETRIC_REPRESENTATION_CONTEXT() REPRESENTATION_CONTEXT('2D SPACE',''
  ) );
#5765 = ORIENTED_EDGE('',*,*,#5766,.T.);
#5766 = EDGE_CURVE('',#5744,#5767,#5769,.T.);
#5767 = VERTEX_POINT('',#5768);
#5768 = CARTESIAN_POINT('',(13.9144,-1.37456225738,15.641424749754));
#5769 = SURFACE_CURVE('',#5770,(#5774,#5781),.PCURVE_S1.);
#5770 = LINE('',#5771,#5772);
#5771 = CARTESIAN_POINT('',(13.9144,-1.035123376468,15.521223137784));
#5772 = VECTOR('',#5773,1.);
#5773 = DIRECTION('',(0.,-0.942641491092,0.333806859234));
#5774 = PCURVE('',#72,#5775);
#5775 = DEFINITIONAL_REPRESENTATION('',(#5776),#5780);
#5776 = LINE('',#5777,#5778);
#5777 = CARTESIAN_POINT('',(7.02889829247,-1.606787006481));
#5778 = VECTOR('',#5779,1.);
#5779 = DIRECTION('',(0.333806859234,0.942641491092));
#5780 = ( GEOMETRIC_REPRESENTATION_CONTEXT(2) 
PARAMETRIC_REPRESENTATION_CONTEXT() REPRESENTATION_CONTEXT('2D SPACE',''
  ) );
#5781 = PCURVE('',#894,#5782);
#5782 = DEFINITIONAL_REPRESENTATION('',(#5783),#5787);
#5783 = LINE('',#5784,#5785);
#5784 = CARTESIAN_POINT('',(0.,-1.8288));
#5785 = VECTOR('',#5786,1.);
#5786 = DIRECTION('',(1.,0.));
#5787 = ( GEOMETRIC_REPRESENTATION_CONTEXT(2) 
PARAMETRIC_REPRESENTATION_CONTEXT() REPRESENTATION_CONTEXT('2D SPACE',''
  ) );
#5788 = ORIENTED_EDGE('',*,*,#5789,.T.);
#5789 = EDGE_CURVE('',#5767,#5790,#5792,.T.);
#5790 = VERTEX_POINT('',#5791);
#5791 = CARTESIAN_POINT('',(13.9144,-1.719826815407,15.743696771174));
#5792 = SURFACE_CURVE('',#5793,(#5797,#5804),.PCURVE_S1.);
#5793 = LINE('',#5794,#5795);
#5794 = CARTESIAN_POINT('',(13.9144,-1.37456225738,15.641424749754));
#5795 = VECTOR('',#5796,1.);
#5796 = DIRECTION('',(0.,-0.958819734868,0.284015344704));
#5797 = PCURVE('',#72,#5798);
#5798 = DEFINITIONAL_REPRESENTATION('',(#5799),#5803);
#5799 = LINE('',#5800,#5801);
#5800 = CARTESIAN_POINT('',(7.14909990444,-1.267348125569));
#5801 = VECTOR('',#5802,1.);
#5802 = DIRECTION('',(0.284015344704,0.958819734868));
#5803 = ( GEOMETRIC_REPRESENTATION_CONTEXT(2) 
PARAMETRIC_REPRESENTATION_CONTEXT() REPRESENTATION_CONTEXT('2D SPACE',''
  ) );
#5804 = PCURVE('',#922,#5805);
#5805 = DEFINITIONAL_REPRESENTATION('',(#5806),#5810);
#5806 = LINE('',#5807,#5808);
#5807 = CARTESIAN_POINT('',(0.,-1.8288));
#5808 = VECTOR('',#5809,1.);
#5809 = DIRECTION('',(1.,0.));
#5810 = ( GEOMETRIC_REPRESENTATION_CONTEXT(2) 
PARAMETRIC_REPRESENTATION_CONTEXT() REPRESENTATION_CONTEXT('2D SPACE',''
  ) );
#5811 = ORIENTED_EDGE('',*,*,#5812,.T.);
#5812 = EDGE_CURVE('',#5790,#5813,#5815,.T.);
#5813 = VERTEX_POINT('',#5814);
#5814 = CARTESIAN_POINT('',(13.9144,-2.069970704395,15.827758881541));
#5815 = SURFACE_CURVE('',#5816,(#5820,#5827),.PCURVE_S1.);
#5816 = LINE('',#5817,#5818);
#5817 = CARTESIAN_POINT('',(13.9144,-1.719826815407,15.743696771174));
#5818 = VECTOR('',#5819,1.);
#5819 = DIRECTION('',(0.,-0.972369920398,0.233445363856));
#5820 = PCURVE('',#72,#5821);
#5821 = DEFINITIONAL_REPRESENTATION('',(#5822),#5826);
#5822 = LINE('',#5823,#5824);
#5823 = CARTESIAN_POINT('',(7.25137192586,-0.922083567542));
#5824 = VECTOR('',#5825,1.);
#5825 = DIRECTION('',(0.233445363856,0.972369920398));
#5826 = ( GEOMETRIC_REPRESENTATION_CONTEXT(2) 
PARAMETRIC_REPRESENTATION_CONTEXT() REPRESENTATION_CONTEXT('2D SPACE',''
  ) );
#5827 = PCURVE('',#950,#5828);
#5828 = DEFINITIONAL_REPRESENTATION('',(#5829),#5833);
#5829 = LINE('',#5830,#5831);
#5830 = CARTESIAN_POINT('',(0.,-1.8288));
#5831 = VECTOR('',#5832,1.);
#5832 = DIRECTION('',(1.,0.));
#5833 = ( GEOMETRIC_REPRESENTATION_CONTEXT(2) 
PARAMETRIC_REPRESENTATION_CONTEXT() REPRESENTATION_CONTEXT('2D SPACE',''
  ) );
#5834 = ORIENTED_EDGE('',*,*,#5835,.T.);
#5835 = EDGE_CURVE('',#5813,#5836,#5838,.T.);
#5836 = VERTEX_POINT('',#5837);
#5837 = CARTESIAN_POINT('',(13.9144,-2.424034204282,15.893380672455));
#5838 = SURFACE_CURVE('',#5839,(#5843,#5850),.PCURVE_S1.);
#5839 = LINE('',#5840,#5841);
#5840 = CARTESIAN_POINT('',(13.9144,-2.069970704395,15.827758881541));
#5841 = VECTOR('',#5842,1.);
#5842 = DIRECTION('',(0.,-0.983254907564,0.182235525492));
#5843 = PCURVE('',#72,#5844);
#5844 = DEFINITIONAL_REPRESENTATION('',(#5845),#5849);
#5845 = LINE('',#5846,#5847);
#5846 = CARTESIAN_POINT('',(7.335434036227,-0.571939678554));
#5847 = VECTOR('',#5848,1.);
#5848 = DIRECTION('',(0.182235525492,0.983254907564));
#5849 = ( GEOMETRIC_REPRESENTATION_CONTEXT(2) 
PARAMETRIC_REPRESENTATION_CONTEXT() REPRESENTATION_CONTEXT('2D SPACE',''
  ) );
#5850 = PCURVE('',#978,#5851);
#5851 = DEFINITIONAL_REPRESENTATION('',(#5852),#5856);
#5852 = LINE('',#5853,#5854);
#5853 = CARTESIAN_POINT('',(0.,-1.8288));
#5854 = VECTOR('',#5855,1.);
#5855 = DIRECTION('',(1.,0.));
#5856 = ( GEOMETRIC_REPRESENTATION_CONTEXT(2) 
PARAMETRIC_REPRESENTATION_CONTEXT() REPRESENTATION_CONTEXT('2D SPACE',''
  ) );
#5857 = ORIENTED_EDGE('',*,*,#5858,.T.);
#5858 = EDGE_CURVE('',#5836,#5859,#5861,.T.);
#5859 = VERTEX_POINT('',#5860);
#5860 = CARTESIAN_POINT('',(13.9144,-2.781046851625,15.940382279148));
#5861 = SURFACE_CURVE('',#5862,(#5866,#5873),.PCURVE_S1.);
#5862 = LINE('',#5863,#5864);
#5863 = CARTESIAN_POINT('',(13.9144,-2.424034204282,15.893380672455));
#5864 = VECTOR('',#5865,1.);
#5865 = DIRECTION('',(0.,-0.991444861374,0.13052619222));
#5866 = PCURVE('',#72,#5867);
#5867 = DEFINITIONAL_REPRESENTATION('',(#5868),#5872);
#5868 = LINE('',#5869,#5870);
#5869 = CARTESIAN_POINT('',(7.401055827142,-0.217876178667));
#5870 = VECTOR('',#5871,1.);
#5871 = DIRECTION('',(0.13052619222,0.991444861374));
#5872 = ( GEOMETRIC_REPRESENTATION_CONTEXT(2) 
PARAMETRIC_REPRESENTATION_CONTEXT() REPRESENTATION_CONTEXT('2D SPACE',''
  ) );
#5873 = PCURVE('',#1006,#5874);
#5874 = DEFINITIONAL_REPRESENTATION('',(#5875),#5879);
#5875 = LINE('',#5876,#5877);
#5876 = CARTESIAN_POINT('',(0.,-1.8288));
#5877 = VECTOR('',#5878,1.);
#5878 = DIRECTION('',(1.,0.));
#5879 = ( GEOMETRIC_REPRESENTATION_CONTEXT(2) 
PARAMETRIC_REPRESENTATION_CONTEXT() REPRESENTATION_CONTEXT('2D SPACE',''
  ) );
#5880 = ORIENTED_EDGE('',*,*,#5881,.T.);
#5881 = EDGE_CURVE('',#5859,#5882,#5884,.T.);
#5882 = VERTEX_POINT('',#5883);
#5883 = CARTESIAN_POINT('',(13.9144,-3.140030099575,15.968634873484));
#5884 = SURFACE_CURVE('',#5885,(#5889,#5896),.PCURVE_S1.);
#5885 = LINE('',#5886,#5887);
#5886 = CARTESIAN_POINT('',(13.9144,-2.781046851625,15.940382279148));
#5887 = VECTOR('',#5888,1.);
#5888 = DIRECTION('',(0.,-0.996917333733,7.845909572785E-02));
#5889 = PCURVE('',#72,#5890);
#5890 = DEFINITIONAL_REPRESENTATION('',(#5891),#5895);
#5891 = LINE('',#5892,#5893);
#5892 = CARTESIAN_POINT('',(7.448057433835,0.139136468677));
#5893 = VECTOR('',#5894,1.);
#5894 = DIRECTION('',(7.845909572785E-02,0.996917333733));
#5895 = ( GEOMETRIC_REPRESENTATION_CONTEXT(2) 
PARAMETRIC_REPRESENTATION_CONTEXT() REPRESENTATION_CONTEXT('2D SPACE',''
  ) );
#5896 = PCURVE('',#1034,#5897);
#5897 = DEFINITIONAL_REPRESENTATION('',(#5898),#5902);
#5898 = LINE('',#5899,#5900);
#5899 = CARTESIAN_POINT('',(0.,-1.8288));
#5900 = VECTOR('',#5901,1.);
#5901 = DIRECTION('',(1.,0.));
#5902 = ( GEOMETRIC_REPRESENTATION_CONTEXT(2) 
PARAMETRIC_REPRESENTATION_CONTEXT() REPRESENTATION_CONTEXT('2D SPACE',''
  ) );
#5903 = ORIENTED_EDGE('',*,*,#5904,.T.);
#5904 = EDGE_CURVE('',#5882,#5905,#5907,.T.);
#5905 = VERTEX_POINT('',#5906);
#5906 = CARTESIAN_POINT('',(13.9144,-3.5,15.978061017063));
#5907 = SURFACE_CURVE('',#5908,(#5912,#5919),.PCURVE_S1.);
#5908 = LINE('',#5909,#5910);
#5909 = CARTESIAN_POINT('',(13.9144,-3.140030099575,15.968634873484));
#5910 = VECTOR('',#5911,1.);
#5911 = DIRECTION('',(0.,-0.999657324976,2.617694830787E-02));
#5912 = PCURVE('',#72,#5913);
#5913 = DEFINITIONAL_REPRESENTATION('',(#5914),#5918);
#5914 = LINE('',#5915,#5916);
#5915 = CARTESIAN_POINT('',(7.47631002817,0.498119716626));
#5916 = VECTOR('',#5917,1.);
#5917 = DIRECTION('',(2.617694830787E-02,0.999657324976));
#5918 = ( GEOMETRIC_REPRESENTATION_CONTEXT(2) 
PARAMETRIC_REPRESENTATION_CONTEXT() REPRESENTATION_CONTEXT('2D SPACE',''
  ) );
#5919 = PCURVE('',#1062,#5920);
#5920 = DEFINITIONAL_REPRESENTATION('',(#5921),#5925);
#5921 = LINE('',#5922,#5923);
#5922 = CARTESIAN_POINT('',(0.,-1.8288));
#5923 = VECTOR('',#5924,1.);
#5924 = DIRECTION('',(1.,0.));
#5925 = ( GEOMETRIC_REPRESENTATION_CONTEXT(2) 
PARAMETRIC_REPRESENTATION_CONTEXT() REPRESENTATION_CONTEXT('2D SPACE',''
  ) );
#5926 = ORIENTED_EDGE('',*,*,#5927,.T.);
#5927 = EDGE_CURVE('',#5905,#5928,#5930,.T.);
#5928 = VERTEX_POINT('',#5929);
#5929 = CARTESIAN_POINT('',(13.9144,-3.859969900425,15.968634873484));
#5930 = SURFACE_CURVE('',#5931,(#5935,#5942),.PCURVE_S1.);
#5931 = LINE('',#5932,#5933);
#5932 = CARTESIAN_POINT('',(13.9144,-3.5,15.978061017063));
#5933 = VECTOR('',#5934,1.);
#5934 = DIRECTION('',(0.,-0.999657324976,-2.617694830787E-02));
#5935 = PCURVE('',#72,#5936);
#5936 = DEFINITIONAL_REPRESENTATION('',(#5937),#5941);
#5937 = LINE('',#5938,#5939);
#5938 = CARTESIAN_POINT('',(7.485736171749,0.858089617052));
#5939 = VECTOR('',#5940,1.);
#5940 = DIRECTION('',(-2.617694830787E-02,0.999657324976));
#5941 = ( GEOMETRIC_REPRESENTATION_CONTEXT(2) 
PARAMETRIC_REPRESENTATION_CONTEXT() REPRESENTATION_CONTEXT('2D SPACE',''
  ) );
#5942 = PCURVE('',#1090,#5943);
#5943 = DEFINITIONAL_REPRESENTATION('',(#5944),#5948);
#5944 = LINE('',#5945,#5946);
#5945 = CARTESIAN_POINT('',(0.,-1.8288));
#5946 = VECTOR('',#5947,1.);
#5947 = DIRECTION('',(1.,0.));
#5948 = ( GEOMETRIC_REPRESENTATION_CONTEXT(2) 
PARAMETRIC_REPRESENTATION_CONTEXT() REPRESENTATION_CONTEXT('2D SPACE',''
  ) );
#5949 = ORIENTED_EDGE('',*,*,#5950,.T.);
#5950 = EDGE_CURVE('',#5928,#5951,#5953,.T.);
#5951 = VERTEX_POINT('',#5952);
#5952 = CARTESIAN_POINT('',(13.9144,-4.218953148375,15.940382279149));
#5953 = SURFACE_CURVE('',#5954,(#5958,#5965),.PCURVE_S1.);
#5954 = LINE('',#5955,#5956);
#5955 = CARTESIAN_POINT('',(13.9144,-3.859969900425,15.968634873484));
#5956 = VECTOR('',#5957,1.);
#5957 = DIRECTION('',(0.,-0.996917333733,-7.845909572785E-02));
#5958 = PCURVE('',#72,#5959);
#5959 = DEFINITIONAL_REPRESENTATION('',(#5960),#5964);
#5960 = LINE('',#5961,#5962);
#5961 = CARTESIAN_POINT('',(7.47631002817,1.218059517477));
#5962 = VECTOR('',#5963,1.);
#5963 = DIRECTION('',(-7.845909572785E-02,0.996917333733));
#5964 = ( GEOMETRIC_REPRESENTATION_CONTEXT(2) 
PARAMETRIC_REPRESENTATION_CONTEXT() REPRESENTATION_CONTEXT('2D SPACE',''
  ) );
#5965 = PCURVE('',#1118,#5966);
#5966 = DEFINITIONAL_REPRESENTATION('',(#5967),#5971);
#5967 = LINE('',#5968,#5969);
#5968 = CARTESIAN_POINT('',(0.,-1.8288));
#5969 = VECTOR('',#5970,1.);
#5970 = DIRECTION('',(1.,0.));
#5971 = ( GEOMETRIC_REPRESENTATION_CONTEXT(2) 
PARAMETRIC_REPRESENTATION_CONTEXT() REPRESENTATION_CONTEXT('2D SPACE',''
  ) );
#5972 = ORIENTED_EDGE('',*,*,#5973,.T.);
#5973 = EDGE_CURVE('',#5951,#5974,#5976,.T.);
#5974 = VERTEX_POINT('',#5975);
#5975 = CARTESIAN_POINT('',(13.9144,-4.575965795718,15.893380672455));
#5976 = SURFACE_CURVE('',#5977,(#5981,#5988),.PCURVE_S1.);
#5977 = LINE('',#5978,#5979);
#5978 = CARTESIAN_POINT('',(13.9144,-4.218953148375,15.940382279149));
#5979 = VECTOR('',#5980,1.);
#5980 = DIRECTION('',(0.,-0.991444861374,-0.13052619222));
#5981 = PCURVE('',#72,#5982);
#5982 = DEFINITIONAL_REPRESENTATION('',(#5983),#5987);
#5983 = LINE('',#5984,#5985);
#5984 = CARTESIAN_POINT('',(7.448057433835,1.577042765426));
#5985 = VECTOR('',#5986,1.);
#5986 = DIRECTION('',(-0.13052619222,0.991444861374));
#5987 = ( GEOMETRIC_REPRESENTATION_CONTEXT(2) 
PARAMETRIC_REPRESENTATION_CONTEXT() REPRESENTATION_CONTEXT('2D SPACE',''
  ) );
#5988 = PCURVE('',#1146,#5989);
#5989 = DEFINITIONAL_REPRESENTATION('',(#5990),#5994);
#5990 = LINE('',#5991,#5992);
#5991 = CARTESIAN_POINT('',(0.,-1.8288));
#5992 = VECTOR('',#5993,1.);
#5993 = DIRECTION('',(1.,0.));
#5994 = ( GEOMETRIC_REPRESENTATION_CONTEXT(2) 
PARAMETRIC_REPRESENTATION_CONTEXT() REPRESENTATION_CONTEXT('2D SPACE',''
  ) );
#5995 = ORIENTED_EDGE('',*,*,#5996,.T.);
#5996 = EDGE_CURVE('',#5974,#5997,#5999,.T.);
#5997 = VERTEX_POINT('',#5998);
#5998 = CARTESIAN_POINT('',(13.9144,-4.930029295605,15.827758881541));
#5999 = SURFACE_CURVE('',#6000,(#6004,#6011),.PCURVE_S1.);
#6000 = LINE('',#6001,#6002);
#6001 = CARTESIAN_POINT('',(13.9144,-4.575965795718,15.893380672455));
#6002 = VECTOR('',#6003,1.);
#6003 = DIRECTION('',(0.,-0.983254907564,-0.182235525492));
#6004 = PCURVE('',#72,#6005);
#6005 = DEFINITIONAL_REPRESENTATION('',(#6006),#6010);
#6006 = LINE('',#6007,#6008);
#6007 = CARTESIAN_POINT('',(7.401055827142,1.93405541277));
#6008 = VECTOR('',#6009,1.);
#6009 = DIRECTION('',(-0.182235525492,0.983254907564));
#6010 = ( GEOMETRIC_REPRESENTATION_CONTEXT(2) 
PARAMETRIC_REPRESENTATION_CONTEXT() REPRESENTATION_CONTEXT('2D SPACE',''
  ) );
#6011 = PCURVE('',#1174,#6012);
#6012 = DEFINITIONAL_REPRESENTATION('',(#6013),#6017);
#6013 = LINE('',#6014,#6015);
#6014 = CARTESIAN_POINT('',(0.,-1.8288));
#6015 = VECTOR('',#6016,1.);
#6016 = DIRECTION('',(1.,0.));
#6017 = ( GEOMETRIC_REPRESENTATION_CONTEXT(2) 
PARAMETRIC_REPRESENTATION_CONTEXT() REPRESENTATION_CONTEXT('2D SPACE',''
  ) );
#6018 = ORIENTED_EDGE('',*,*,#6019,.T.);
#6019 = EDGE_CURVE('',#5997,#6020,#6022,.T.);
#6020 = VERTEX_POINT('',#6021);
#6021 = CARTESIAN_POINT('',(13.9144,-5.280173184593,15.743696771174));
#6022 = SURFACE_CURVE('',#6023,(#6027,#6034),.PCURVE_S1.);
#6023 = LINE('',#6024,#6025);
#6024 = CARTESIAN_POINT('',(13.9144,-4.930029295605,15.827758881541));
#6025 = VECTOR('',#6026,1.);
#6026 = DIRECTION('',(0.,-0.972369920398,-0.233445363856));
#6027 = PCURVE('',#72,#6028);
#6028 = DEFINITIONAL_REPRESENTATION('',(#6029),#6033);
#6029 = LINE('',#6030,#6031);
#6030 = CARTESIAN_POINT('',(7.335434036227,2.288118912657));
#6031 = VECTOR('',#6032,1.);
#6032 = DIRECTION('',(-0.233445363856,0.972369920398));
#6033 = ( GEOMETRIC_REPRESENTATION_CONTEXT(2) 
PARAMETRIC_REPRESENTATION_CONTEXT() REPRESENTATION_CONTEXT('2D SPACE',''
  ) );
#6034 = PCURVE('',#1202,#6035);
#6035 = DEFINITIONAL_REPRESENTATION('',(#6036),#6040);
#6036 = LINE('',#6037,#6038);
#6037 = CARTESIAN_POINT('',(0.,-1.8288));
#6038 = VECTOR('',#6039,1.);
#6039 = DIRECTION('',(1.,0.));
#6040 = ( GEOMETRIC_REPRESENTATION_CONTEXT(2) 
PARAMETRIC_REPRESENTATION_CONTEXT() REPRESENTATION_CONTEXT('2D SPACE',''
  ) );
#6041 = ORIENTED_EDGE('',*,*,#6042,.T.);
#6042 = EDGE_CURVE('',#6020,#6043,#6045,.T.);
#6043 = VERTEX_POINT('',#6044);
#6044 = CARTESIAN_POINT('',(13.9144,-5.62543774262,15.641424749754));
#6045 = SURFACE_CURVE('',#6046,(#6050,#6057),.PCURVE_S1.);
#6046 = LINE('',#6047,#6048);
#6047 = CARTESIAN_POINT('',(13.9144,-5.280173184593,15.743696771174));
#6048 = VECTOR('',#6049,1.);
#6049 = DIRECTION('',(0.,-0.958819734868,-0.284015344704));
#6050 = PCURVE('',#72,#6051);
#6051 = DEFINITIONAL_REPRESENTATION('',(#6052),#6056);
#6052 = LINE('',#6053,#6054);
#6053 = CARTESIAN_POINT('',(7.25137192586,2.638262801645));
#6054 = VECTOR('',#6055,1.);
#6055 = DIRECTION('',(-0.284015344704,0.958819734868));
#6056 = ( GEOMETRIC_REPRESENTATION_CONTEXT(2) 
PARAMETRIC_REPRESENTATION_CONTEXT() REPRESENTATION_CONTEXT('2D SPACE',''
  ) );
#6057 = PCURVE('',#1230,#6058);
#6058 = DEFINITIONAL_REPRESENTATION('',(#6059),#6063);
#6059 = LINE('',#6060,#6061);
#6060 = CARTESIAN_POINT('',(0.,-1.8288));
#6061 = VECTOR('',#6062,1.);
#6062 = DIRECTION('',(1.,0.));
#6063 = ( GEOMETRIC_REPRESENTATION_CONTEXT(2) 
PARAMETRIC_REPRESENTATION_CONTEXT() REPRESENTATION_CONTEXT('2D SPACE',''
  ) );
#6064 = ORIENTED_EDGE('',*,*,#6065,.T.);
#6065 = EDGE_CURVE('',#6043,#6066,#6068,.T.);
#6066 = VERTEX_POINT('',#6067);
#6067 = CARTESIAN_POINT('',(13.9144,-5.964876623532,15.521223137784));
#6068 = SURFACE_CURVE('',#6069,(#6073,#6080),.PCURVE_S1.);
#6069 = LINE('',#6070,#6071);
#6070 = CARTESIAN_POINT('',(13.9144,-5.62543774262,15.641424749754));
#6071 = VECTOR('',#6072,1.);
#6072 = DIRECTION('',(0.,-0.942641491092,-0.333806859234));
#6073 = PCURVE('',#72,#6074);
#6074 = DEFINITIONAL_REPRESENTATION('',(#6075),#6079);
#6075 = LINE('',#6076,#6077);
#6076 = CARTESIAN_POINT('',(7.14909990444,2.983527359672));
#6077 = VECTOR('',#6078,1.);
#6078 = DIRECTION('',(-0.333806859234,0.942641491092));
#6079 = ( GEOMETRIC_REPRESENTATION_CONTEXT(2) 
PARAMETRIC_REPRESENTATION_CONTEXT() REPRESENTATION_CONTEXT('2D SPACE',''
  ) );
#6080 = PCURVE('',#1258,#6081);
#6081 = DEFINITIONAL_REPRESENTATION('',(#6082),#6086);
#6082 = LINE('',#6083,#6084);
#6083 = CARTESIAN_POINT('',(0.,-1.8288));
#6084 = VECTOR('',#6085,1.);
#6085 = DIRECTION('',(1.,0.));
#6086 = ( GEOMETRIC_REPRESENTATION_CONTEXT(2) 
PARAMETRIC_REPRESENTATION_CONTEXT() REPRESENTATION_CONTEXT('2D SPACE',''
  ) );
#6087 = ORIENTED_EDGE('',*,*,#6088,.T.);
#6088 = EDGE_CURVE('',#6066,#6089,#6091,.T.);
#6089 = VERTEX_POINT('',#6090);
#6090 = CARTESIAN_POINT('',(13.9144,-6.297559448951,15.383421399527));
#6091 = SURFACE_CURVE('',#6092,(#6096,#6103),.PCURVE_S1.);
#6092 = LINE('',#6093,#6094);
#6093 = CARTESIAN_POINT('',(13.9144,-5.964876623532,15.521223137784));
#6094 = VECTOR('',#6095,1.);
#6095 = DIRECTION('',(0.,-0.923879532511,-0.382683432365));
#6096 = PCURVE('',#72,#6097);
#6097 = DEFINITIONAL_REPRESENTATION('',(#6098),#6102);
#6098 = LINE('',#6099,#6100);
#6099 = CARTESIAN_POINT('',(7.02889829247,3.322966240584));
#6100 = VECTOR('',#6101,1.);
#6101 = DIRECTION('',(-0.382683432365,0.923879532511));
#6102 = ( GEOMETRIC_REPRESENTATION_CONTEXT(2) 
PARAMETRIC_REPRESENTATION_CONTEXT() REPRESENTATION_CONTEXT('2D SPACE',''
  ) );
#6103 = PCURVE('',#1286,#6104);
#6104 = DEFINITIONAL_REPRESENTATION('',(#6105),#6109);
#6105 = LINE('',#6106,#6107);
#6106 = CARTESIAN_POINT('',(0.,-1.8288));
#6107 = VECTOR('',#6108,1.);
#6108 = DIRECTION('',(1.,0.));
#6109 = ( GEOMETRIC_REPRESENTATION_CONTEXT(2) 
PARAMETRIC_REPRESENTATION_CONTEXT() REPRESENTATION_CONTEXT('2D SPACE',''
  ) );
#6110 = ORIENTED_EDGE('',*,*,#6111,.T.);
#6111 = EDGE_CURVE('',#6089,#6112,#6114,.T.);
#6112 = VERTEX_POINT('',#6113);
#6113 = CARTESIAN_POINT('',(13.9144,-6.622574358376,15.228397239969));
#6114 = SURFACE_CURVE('',#6115,(#6119,#6126),.PCURVE_S1.);
#6115 = LINE('',#6116,#6117);
#6116 = CARTESIAN_POINT('',(13.9144,-6.297559448951,15.383421399527));
#6117 = VECTOR('',#6118,1.);
#6118 = DIRECTION('',(0.,-0.90258528435,-0.430511096808));
#6119 = PCURVE('',#72,#6120);
#6120 = DEFINITIONAL_REPRESENTATION('',(#6121),#6125);
#6121 = LINE('',#6122,#6123);
#6122 = CARTESIAN_POINT('',(6.891096554213,3.655649066002));
#6123 = VECTOR('',#6124,1.);
#6124 = DIRECTION('',(-0.430511096808,0.90258528435));
#6125 = ( GEOMETRIC_REPRESENTATION_CONTEXT(2) 
PARAMETRIC_REPRESENTATION_CONTEXT() REPRESENTATION_CONTEXT('2D SPACE',''
  ) );
#6126 = PCURVE('',#1314,#6127);
#6127 = DEFINITIONAL_REPRESENTATION('',(#6128),#6132);
#6128 = LINE('',#6129,#6130);
#6129 = CARTESIAN_POINT('',(0.,-1.8288));
#6130 = VECTOR('',#6131,1.);
#6131 = DIRECTION('',(1.,0.));
#6132 = ( GEOMETRIC_REPRESENTATION_CONTEXT(2) 
PARAMETRIC_REPRESENTATION_CONTEXT() REPRESENTATION_CONTEXT('2D SPACE',''
  ) );
#6133 = ORIENTED_EDGE('',*,*,#6134,.T.);
#6134 = EDGE_CURVE('',#6112,#6135,#6137,.T.);
#6135 = VERTEX_POINT('',#6136);
#6136 = CARTESIAN_POINT('',(13.9144,-6.939030508532,15.056575569556));
#6137 = SURFACE_CURVE('',#6138,(#6142,#6149),.PCURVE_S1.);
#6138 = LINE('',#6139,#6140);
#6139 = CARTESIAN_POINT('',(13.9144,-6.622574358376,15.228397239969));
#6140 = VECTOR('',#6141,1.);
#6141 = DIRECTION('',(0.,-0.878817112662,-0.47715876026));
#6142 = PCURVE('',#72,#6143);
#6143 = DEFINITIONAL_REPRESENTATION('',(#6144),#6148);
#6144 = LINE('',#6145,#6146);
#6145 = CARTESIAN_POINT('',(6.736072394655,3.980663975427));
#6146 = VECTOR('',#6147,1.);
#6147 = DIRECTION('',(-0.47715876026,0.878817112662));
#6148 = ( GEOMETRIC_REPRESENTATION_CONTEXT(2) 
PARAMETRIC_REPRESENTATION_CONTEXT() REPRESENTATION_CONTEXT('2D SPACE',''
  ) );
#6149 = PCURVE('',#1342,#6150);
#6150 = DEFINITIONAL_REPRESENTATION('',(#6151),#6155);
#6151 = LINE('',#6152,#6153);
#6152 = CARTESIAN_POINT('',(0.,-1.8288));
#6153 = VECTOR('',#6154,1.);
#6154 = DIRECTION('',(1.,0.));
#6155 = ( GEOMETRIC_REPRESENTATION_CONTEXT(2) 
PARAMETRIC_REPRESENTATION_CONTEXT() REPRESENTATION_CONTEXT('2D SPACE',''
  ) );
#6156 = ORIENTED_EDGE('',*,*,#6157,.T.);
#6157 = EDGE_CURVE('',#6135,#6158,#6160,.T.);
#6158 = VERTEX_POINT('',#6159);
#6159 = CARTESIAN_POINT('',(13.9144,-7.246060515108,14.868427339544));
#6160 = SURFACE_CURVE('',#6161,(#6165,#6172),.PCURVE_S1.);
#6161 = LINE('',#6162,#6163);
#6162 = CARTESIAN_POINT('',(13.9144,-6.939030508532,15.056575569556));
#6163 = VECTOR('',#6164,1.);
#6164 = DIRECTION('',(0.,-0.852640164354,-0.522498564716));
#6165 = PCURVE('',#72,#6166);
#6166 = DEFINITIONAL_REPRESENTATION('',(#6167),#6171);
#6167 = LINE('',#6168,#6169);
#6168 = CARTESIAN_POINT('',(6.564250724242,4.297120125583));
#6169 = VECTOR('',#6170,1.);
#6170 = DIRECTION('',(-0.522498564716,0.852640164354));
#6171 = ( GEOMETRIC_REPRESENTATION_CONTEXT(2) 
PARAMETRIC_REPRESENTATION_CONTEXT() REPRESENTATION_CONTEXT('2D SPACE',''
  ) );
#6172 = PCURVE('',#1370,#6173);
#6173 = DEFINITIONAL_REPRESENTATION('',(#6174),#6178);
#6174 = LINE('',#6175,#6176);
#6175 = CARTESIAN_POINT('',(0.,-1.8288));
#6176 = VECTOR('',#6177,1.);
#6177 = DIRECTION('',(1.,0.));
#6178 = ( GEOMETRIC_REPRESENTATION_CONTEXT(2) 
PARAMETRIC_REPRESENTATION_CONTEXT() REPRESENTATION_CONTEXT('2D SPACE',''
  ) );
#6179 = ORIENTED_EDGE('',*,*,#6180,.T.);
#6180 = EDGE_CURVE('',#6158,#6181,#6183,.T.);
#6181 = VERTEX_POINT('',#6182);
#6182 = CARTESIAN_POINT('',(13.9144,-7.542822830198,14.664468251152));
#6183 = SURFACE_CURVE('',#6184,(#6188,#6195),.PCURVE_S1.);
#6184 = LINE('',#6185,#6186);
#6185 = CARTESIAN_POINT('',(13.9144,-7.246060515108,14.868427339544));
#6186 = VECTOR('',#6187,1.);
#6187 = DIRECTION('',(0.,-0.824126188622,-0.566406236925));
#6188 = PCURVE('',#72,#6189);
#6189 = DEFINITIONAL_REPRESENTATION('',(#6190),#6194);
#6190 = LINE('',#6191,#6192);
#6191 = CARTESIAN_POINT('',(6.37610249423,4.604150132159));
#6192 = VECTOR('',#6193,1.);
#6193 = DIRECTION('',(-0.566406236925,0.824126188622));
#6194 = ( GEOMETRIC_REPRESENTATION_CONTEXT(2) 
PARAMETRIC_REPRESENTATION_CONTEXT() REPRESENTATION_CONTEXT('2D SPACE',''
  ) );
#6195 = PCURVE('',#1398,#6196);
#6196 = DEFINITIONAL_REPRESENTATION('',(#6197),#6201);
#6197 = LINE('',#6198,#6199);
#6198 = CARTESIAN_POINT('',(0.,-1.8288));
#6199 = VECTOR('',#6200,1.);
#6200 = DIRECTION('',(1.,0.));
#6201 = ( GEOMETRIC_REPRESENTATION_CONTEXT(2) 
PARAMETRIC_REPRESENTATION_CONTEXT() REPRESENTATION_CONTEXT('2D SPACE',''
  ) );
#6202 = ORIENTED_EDGE('',*,*,#6203,.T.);
#6203 = EDGE_CURVE('',#6181,#6204,#6206,.T.);
#6204 = VERTEX_POINT('',#6205);
#6205 = CARTESIAN_POINT('',(13.9144,-7.828504048923,14.445257342065));
#6206 = SURFACE_CURVE('',#6207,(#6211,#6218),.PCURVE_S1.);
#6207 = LINE('',#6208,#6209);
#6208 = CARTESIAN_POINT('',(13.9144,-7.542822830198,14.664468251152));
#6209 = VECTOR('',#6210,1.);
#6210 = DIRECTION('',(0.,-0.793353340291,-0.608761429009));
#6211 = PCURVE('',#72,#6212);
#6212 = DEFINITIONAL_REPRESENTATION('',(#6213),#6217);
#6213 = LINE('',#6214,#6215);
#6214 = CARTESIAN_POINT('',(6.172143405838,4.900912447249));
#6215 = VECTOR('',#6216,1.);
#6216 = DIRECTION('',(-0.608761429009,0.793353340291));
#6217 = ( GEOMETRIC_REPRESENTATION_CONTEXT(2) 
PARAMETRIC_REPRESENTATION_CONTEXT() REPRESENTATION_CONTEXT('2D SPACE',''
  ) );
#6218 = PCURVE('',#1426,#6219);
#6219 = DEFINITIONAL_REPRESENTATION('',(#6220),#6224);
#6220 = LINE('',#6221,#6222);
#6221 = CARTESIAN_POINT('',(0.,-1.8288));
#6222 = VECTOR('',#6223,1.);
#6223 = DIRECTION('',(1.,0.));
#6224 = ( GEOMETRIC_REPRESENTATION_CONTEXT(2) 
PARAMETRIC_REPRESENTATION_CONTEXT() REPRESENTATION_CONTEXT('2D SPACE',''
  ) );
#6225 = ORIENTED_EDGE('',*,*,#6226,.T.);
#6226 = EDGE_CURVE('',#6204,#6227,#6229,.T.);
#6227 = VERTEX_POINT('',#6228);
#6228 = CARTESIAN_POINT('',(13.9144,-8.102321138921,14.211395454148));
#6229 = SURFACE_CURVE('',#6230,(#6234,#6241),.PCURVE_S1.);
#6230 = LINE('',#6231,#6232);
#6231 = CARTESIAN_POINT('',(13.9144,-7.828504048923,14.445257342065));
#6232 = VECTOR('',#6233,1.);
#6233 = DIRECTION('',(0.,-0.7604059656,-0.64944804833));
#6234 = PCURVE('',#72,#6235);
#6235 = DEFINITIONAL_REPRESENTATION('',(#6236),#6240);
#6236 = LINE('',#6237,#6238);
#6237 = CARTESIAN_POINT('',(5.952932496752,5.186593665975));
#6238 = VECTOR('',#6239,1.);
#6239 = DIRECTION('',(-0.64944804833,0.7604059656));
#6240 = ( GEOMETRIC_REPRESENTATION_CONTEXT(2) 
PARAMETRIC_REPRESENTATION_CONTEXT() REPRESENTATION_CONTEXT('2D SPACE',''
  ) );
#6241 = PCURVE('',#1454,#6242);
#6242 = DEFINITIONAL_REPRESENTATION('',(#6243),#6247);
#6243 = LINE('',#6244,#6245);
#6244 = CARTESIAN_POINT('',(0.,-1.8288));
#6245 = VECTOR('',#6246,1.);
#6246 = DIRECTION('',(1.,0.));
#6247 = ( GEOMETRIC_REPRESENTATION_CONTEXT(2) 
PARAMETRIC_REPRESENTATION_CONTEXT() REPRESENTATION_CONTEXT('2D SPACE',''
  ) );
#6248 = ORIENTED_EDGE('',*,*,#6249,.T.);
#6249 = EDGE_CURVE('',#6227,#6250,#6252,.T.);
#6250 = VERTEX_POINT('',#6251);
#6251 = CARTESIAN_POINT('',(13.9144,-8.36352358658,13.96352358658));
#6252 = SURFACE_CURVE('',#6253,(#6257,#6264),.PCURVE_S1.);
#6253 = LINE('',#6254,#6255);
#6254 = CARTESIAN_POINT('',(13.9144,-8.102321138921,14.211395454148));
#6255 = VECTOR('',#6256,1.);
#6256 = DIRECTION('',(0.,-0.725374371012,-0.688354575694));
#6257 = PCURVE('',#72,#6258);
#6258 = DEFINITIONAL_REPRESENTATION('',(#6259),#6263);
#6259 = LINE('',#6260,#6261);
#6260 = CARTESIAN_POINT('',(5.719070608835,5.460410755972));
#6261 = VECTOR('',#6262,1.);
#6262 = DIRECTION('',(-0.688354575694,0.725374371012));
#6263 = ( GEOMETRIC_REPRESENTATION_CONTEXT(2) 
PARAMETRIC_REPRESENTATION_CONTEXT() REPRESENTATION_CONTEXT('2D SPACE',''
  ) );
#6264 = PCURVE('',#1482,#6265);
#6265 = DEFINITIONAL_REPRESENTATION('',(#6266),#6270);
#6266 = LINE('',#6267,#6268);
#6267 = CARTESIAN_POINT('',(0.,-1.8288));
#6268 = VECTOR('',#6269,1.);
#6269 = DIRECTION('',(1.,0.));
#6270 = ( GEOMETRIC_REPRESENTATION_CONTEXT(2) 
PARAMETRIC_REPRESENTATION_CONTEXT() REPRESENTATION_CONTEXT('2D SPACE',''
  ) );
#6271 = ORIENTED_EDGE('',*,*,#6272,.T.);
#6272 = EDGE_CURVE('',#6250,#6273,#6275,.T.);
#6273 = VERTEX_POINT('',#6274);
#6274 = CARTESIAN_POINT('',(13.9144,-8.611395454148,13.702321138921));
#6275 = SURFACE_CURVE('',#6276,(#6280,#6287),.PCURVE_S1.);
#6276 = LINE('',#6277,#6278);
#6277 = CARTESIAN_POINT('',(13.9144,-8.36352358658,13.96352358658));
#6278 = VECTOR('',#6279,1.);
#6279 = DIRECTION('',(0.,-0.688354575694,-0.725374371012));
#6280 = PCURVE('',#72,#6281);
#6281 = DEFINITIONAL_REPRESENTATION('',(#6282),#6286);
#6282 = LINE('',#6283,#6284);
#6283 = CARTESIAN_POINT('',(5.471198741266,5.721613203632));
#6284 = VECTOR('',#6285,1.);
#6285 = DIRECTION('',(-0.725374371012,0.688354575694));
#6286 = ( GEOMETRIC_REPRESENTATION_CONTEXT(2) 
PARAMETRIC_REPRESENTATION_CONTEXT() REPRESENTATION_CONTEXT('2D SPACE',''
  ) );
#6287 = PCURVE('',#1510,#6288);
#6288 = DEFINITIONAL_REPRESENTATION('',(#6289),#6293);
#6289 = LINE('',#6290,#6291);
#6290 = CARTESIAN_POINT('',(0.,-1.8288));
#6291 = VECTOR('',#6292,1.);
#6292 = DIRECTION('',(1.,0.));
#6293 = ( GEOMETRIC_REPRESENTATION_CONTEXT(2) 
PARAMETRIC_REPRESENTATION_CONTEXT() REPRESENTATION_CONTEXT('2D SPACE',''
  ) );
#6294 = ORIENTED_EDGE('',*,*,#6295,.T.);
#6295 = EDGE_CURVE('',#6273,#6296,#6298,.T.);
#6296 = VERTEX_POINT('',#6297);
#6297 = CARTESIAN_POINT('',(13.9144,-8.845257342065,13.428504048923));
#6298 = SURFACE_CURVE('',#6299,(#6303,#6310),.PCURVE_S1.);
#6299 = LINE('',#6300,#6301);
#6300 = CARTESIAN_POINT('',(13.9144,-8.611395454148,13.702321138921));
#6301 = VECTOR('',#6302,1.);
#6302 = DIRECTION('',(0.,-0.64944804833,-0.7604059656));
#6303 = PCURVE('',#72,#6304);
#6304 = DEFINITIONAL_REPRESENTATION('',(#6305),#6309);
#6305 = LINE('',#6306,#6307);
#6306 = CARTESIAN_POINT('',(5.209996293607,5.9694850712));
#6307 = VECTOR('',#6308,1.);
#6308 = DIRECTION('',(-0.7604059656,0.64944804833));
#6309 = ( GEOMETRIC_REPRESENTATION_CONTEXT(2) 
PARAMETRIC_REPRESENTATION_CONTEXT() REPRESENTATION_CONTEXT('2D SPACE',''
  ) );
#6310 = PCURVE('',#1538,#6311);
#6311 = DEFINITIONAL_REPRESENTATION('',(#6312),#6316);
#6312 = LINE('',#6313,#6314);
#6313 = CARTESIAN_POINT('',(0.,-1.8288));
#6314 = VECTOR('',#6315,1.);
#6315 = DIRECTION('',(1.,0.));
#6316 = ( GEOMETRIC_REPRESENTATION_CONTEXT(2) 
PARAMETRIC_REPRESENTATION_CONTEXT() REPRESENTATION_CONTEXT('2D SPACE',''
  ) );
#6317 = ORIENTED_EDGE('',*,*,#6318,.T.);
#6318 = EDGE_CURVE('',#6296,#6319,#6321,.T.);
#6319 = VERTEX_POINT('',#6320);
#6320 = CARTESIAN_POINT('',(13.9144,-9.064468251152,13.142822830198));
#6321 = SURFACE_CURVE('',#6322,(#6326,#6333),.PCURVE_S1.);
#6322 = LINE('',#6323,#6324);
#6323 = CARTESIAN_POINT('',(13.9144,-8.845257342065,13.428504048923));
#6324 = VECTOR('',#6325,1.);
#6325 = DIRECTION('',(0.,-0.608761429009,-0.793353340291));
#6326 = PCURVE('',#72,#6327);
#6327 = DEFINITIONAL_REPRESENTATION('',(#6328),#6332);
#6328 = LINE('',#6329,#6330);
#6329 = CARTESIAN_POINT('',(4.936179203609,6.203346959117));
#6330 = VECTOR('',#6331,1.);
#6331 = DIRECTION('',(-0.793353340291,0.608761429009));
#6332 = ( GEOMETRIC_REPRESENTATION_CONTEXT(2) 
PARAMETRIC_REPRESENTATION_CONTEXT() REPRESENTATION_CONTEXT('2D SPACE',''
  ) );
#6333 = PCURVE('',#1566,#6334);
#6334 = DEFINITIONAL_REPRESENTATION('',(#6335),#6339);
#6335 = LINE('',#6336,#6337);
#6336 = CARTESIAN_POINT('',(0.,-1.8288));
#6337 = VECTOR('',#6338,1.);
#6338 = DIRECTION('',(1.,0.));
#6339 = ( GEOMETRIC_REPRESENTATION_CONTEXT(2) 
PARAMETRIC_REPRESENTATION_CONTEXT() REPRESENTATION_CONTEXT('2D SPACE',''
  ) );
#6340 = ORIENTED_EDGE('',*,*,#6341,.T.);
#6341 = EDGE_CURVE('',#6319,#6342,#6344,.T.);
#6342 = VERTEX_POINT('',#6343);
#6343 = CARTESIAN_POINT('',(13.9144,-9.268427339544,12.846060515108));
#6344 = SURFACE_CURVE('',#6345,(#6349,#6356),.PCURVE_S1.);
#6345 = LINE('',#6346,#6347);
#6346 = CARTESIAN_POINT('',(13.9144,-9.064468251152,13.142822830198));
#6347 = VECTOR('',#6348,1.);
#6348 = DIRECTION('',(0.,-0.566406236925,-0.824126188622));
#6349 = PCURVE('',#72,#6350);
#6350 = DEFINITIONAL_REPRESENTATION('',(#6351),#6355);
#6351 = LINE('',#6352,#6353);
#6352 = CARTESIAN_POINT('',(4.650497984884,6.422557868204));
#6353 = VECTOR('',#6354,1.);
#6354 = DIRECTION('',(-0.824126188622,0.566406236925));
#6355 = ( GEOMETRIC_REPRESENTATION_CONTEXT(2) 
PARAMETRIC_REPRESENTATION_CONTEXT() REPRESENTATION_CONTEXT('2D SPACE',''
  ) );
#6356 = PCURVE('',#1594,#6357);
#6357 = DEFINITIONAL_REPRESENTATION('',(#6358),#6362);
#6358 = LINE('',#6359,#6360);
#6359 = CARTESIAN_POINT('',(0.,-1.8288));
#6360 = VECTOR('',#6361,1.);
#6361 = DIRECTION('',(1.,0.));
#6362 = ( GEOMETRIC_REPRESENTATION_CONTEXT(2) 
PARAMETRIC_REPRESENTATION_CONTEXT() REPRESENTATION_CONTEXT('2D SPACE',''
  ) );
#6363 = ORIENTED_EDGE('',*,*,#6364,.T.);
#6364 = EDGE_CURVE('',#6342,#6365,#6367,.T.);
#6365 = VERTEX_POINT('',#6366);
#6366 = CARTESIAN_POINT('',(13.9144,-9.456575569556,12.539030508532));
#6367 = SURFACE_CURVE('',#6368,(#6372,#6379),.PCURVE_S1.);
#6368 = LINE('',#6369,#6370);
#6369 = CARTESIAN_POINT('',(13.9144,-9.268427339544,12.846060515108));
#6370 = VECTOR('',#6371,1.);
#6371 = DIRECTION('',(0.,-0.522498564716,-0.852640164354));
#6372 = PCURVE('',#72,#6373);
#6373 = DEFINITIONAL_REPRESENTATION('',(#6374),#6378);
#6374 = LINE('',#6375,#6376);
#6375 = CARTESIAN_POINT('',(4.353735669794,6.626516956595));
#6376 = VECTOR('',#6377,1.);
#6377 = DIRECTION('',(-0.852640164354,0.522498564716));
#6378 = ( GEOMETRIC_REPRESENTATION_CONTEXT(2) 
PARAMETRIC_REPRESENTATION_CONTEXT() REPRESENTATION_CONTEXT('2D SPACE',''
  ) );
#6379 = PCURVE('',#1622,#6380);
#6380 = DEFINITIONAL_REPRESENTATION('',(#6381),#6385);
#6381 = LINE('',#6382,#6383);
#6382 = CARTESIAN_POINT('',(0.,-1.8288));
#6383 = VECTOR('',#6384,1.);
#6384 = DIRECTION('',(1.,0.));
#6385 = ( GEOMETRIC_REPRESENTATION_CONTEXT(2) 
PARAMETRIC_REPRESENTATION_CONTEXT() REPRESENTATION_CONTEXT('2D SPACE',''
  ) );
#6386 = ORIENTED_EDGE('',*,*,#6387,.T.);
#6387 = EDGE_CURVE('',#6365,#6388,#6390,.T.);
#6388 = VERTEX_POINT('',#6389);
#6389 = CARTESIAN_POINT('',(13.9144,-9.628397239969,12.222574358376));
#6390 = SURFACE_CURVE('',#6391,(#6395,#6402),.PCURVE_S1.);
#6391 = LINE('',#6392,#6393);
#6392 = CARTESIAN_POINT('',(13.9144,-9.456575569556,12.539030508532));
#6393 = VECTOR('',#6394,1.);
#6394 = DIRECTION('',(0.,-0.47715876026,-0.878817112662));
#6395 = PCURVE('',#72,#6396);
#6396 = DEFINITIONAL_REPRESENTATION('',(#6397),#6401);
#6397 = LINE('',#6398,#6399);
#6398 = CARTESIAN_POINT('',(4.046705663218,6.814665186608));
#6399 = VECTOR('',#6400,1.);
#6400 = DIRECTION('',(-0.878817112662,0.47715876026));
#6401 = ( GEOMETRIC_REPRESENTATION_CONTEXT(2) 
PARAMETRIC_REPRESENTATION_CONTEXT() REPRESENTATION_CONTEXT('2D SPACE',''
  ) );
#6402 = PCURVE('',#1650,#6403);
#6403 = DEFINITIONAL_REPRESENTATION('',(#6404),#6408);
#6404 = LINE('',#6405,#6406);
#6405 = CARTESIAN_POINT('',(0.,-1.8288));
#6406 = VECTOR('',#6407,1.);
#6407 = DIRECTION('',(1.,0.));
#6408 = ( GEOMETRIC_REPRESENTATION_CONTEXT(2) 
PARAMETRIC_REPRESENTATION_CONTEXT() REPRESENTATION_CONTEXT('2D SPACE',''
  ) );
#6409 = ORIENTED_EDGE('',*,*,#6410,.T.);
#6410 = EDGE_CURVE('',#6388,#6411,#6413,.T.);
#6411 = VERTEX_POINT('',#6412);
#6412 = CARTESIAN_POINT('',(13.9144,-9.783421399527,11.897559448951));
#6413 = SURFACE_CURVE('',#6414,(#6418,#6425),.PCURVE_S1.);
#6414 = LINE('',#6415,#6416);
#6415 = CARTESIAN_POINT('',(13.9144,-9.628397239969,12.222574358376));
#6416 = VECTOR('',#6417,1.);
#6417 = DIRECTION('',(0.,-0.430511096808,-0.90258528435));
#6418 = PCURVE('',#72,#6419);
#6419 = DEFINITIONAL_REPRESENTATION('',(#6420),#6424);
#6420 = LINE('',#6421,#6422);
#6421 = CARTESIAN_POINT('',(3.730249513062,6.986486857021));
#6422 = VECTOR('',#6423,1.);
#6423 = DIRECTION('',(-0.90258528435,0.430511096808));
#6424 = ( GEOMETRIC_REPRESENTATION_CONTEXT(2) 
PARAMETRIC_REPRESENTATION_CONTEXT() REPRESENTATION_CONTEXT('2D SPACE',''
  ) );
#6425 = PCURVE('',#1678,#6426);
#6426 = DEFINITIONAL_REPRESENTATION('',(#6427),#6431);
#6427 = LINE('',#6428,#6429);
#6428 = CARTESIAN_POINT('',(0.,-1.8288));
#6429 = VECTOR('',#6430,1.);
#6430 = DIRECTION('',(1.,0.));
#6431 = ( GEOMETRIC_REPRESENTATION_CONTEXT(2) 
PARAMETRIC_REPRESENTATION_CONTEXT() REPRESENTATION_CONTEXT('2D SPACE',''
  ) );
#6432 = ORIENTED_EDGE('',*,*,#6433,.T.);
#6433 = EDGE_CURVE('',#6411,#6434,#6436,.T.);
#6434 = VERTEX_POINT('',#6435);
#6435 = CARTESIAN_POINT('',(13.9144,-9.921223137784,11.564876623532));
#6436 = SURFACE_CURVE('',#6437,(#6441,#6448),.PCURVE_S1.);
#6437 = LINE('',#6438,#6439);
#6438 = CARTESIAN_POINT('',(13.9144,-9.783421399527,11.897559448951));
#6439 = VECTOR('',#6440,1.);
#6440 = DIRECTION('',(0.,-0.382683432365,-0.923879532511));
#6441 = PCURVE('',#72,#6442);
#6442 = DEFINITIONAL_REPRESENTATION('',(#6443),#6447);
#6443 = LINE('',#6444,#6445);
#6444 = CARTESIAN_POINT('',(3.405234603637,7.141511016578));
#6445 = VECTOR('',#6446,1.);
#6446 = DIRECTION('',(-0.923879532511,0.382683432365));
#6447 = ( GEOMETRIC_REPRESENTATION_CONTEXT(2) 
PARAMETRIC_REPRESENTATION_CONTEXT() REPRESENTATION_CONTEXT('2D SPACE',''
  ) );
#6448 = PCURVE('',#1706,#6449);
#6449 = DEFINITIONAL_REPRESENTATION('',(#6450),#6454);
#6450 = LINE('',#6451,#6452);
#6451 = CARTESIAN_POINT('',(0.,-1.8288));
#6452 = VECTOR('',#6453,1.);
#6453 = DIRECTION('',(1.,0.));
#6454 = ( GEOMETRIC_REPRESENTATION_CONTEXT(2) 
PARAMETRIC_REPRESENTATION_CONTEXT() REPRESENTATION_CONTEXT('2D SPACE',''
  ) );
#6455 = ORIENTED_EDGE('',*,*,#6456,.T.);
#6456 = EDGE_CURVE('',#6434,#6457,#6459,.T.);
#6457 = VERTEX_POINT('',#6458);
#6458 = CARTESIAN_POINT('',(13.9144,-10.04142474975,11.22543774262));
#6459 = SURFACE_CURVE('',#6460,(#6464,#6471),.PCURVE_S1.);
#6460 = LINE('',#6461,#6462);
#6461 = CARTESIAN_POINT('',(13.9144,-9.921223137784,11.564876623532));
#6462 = VECTOR('',#6463,1.);
#6463 = DIRECTION('',(0.,-0.333806859234,-0.942641491092));
#6464 = PCURVE('',#72,#6465);
#6465 = DEFINITIONAL_REPRESENTATION('',(#6466),#6470);
#6466 = LINE('',#6467,#6468);
#6467 = CARTESIAN_POINT('',(3.072551778219,7.279312754835));
#6468 = VECTOR('',#6469,1.);
#6469 = DIRECTION('',(-0.942641491092,0.333806859234));
#6470 = ( GEOMETRIC_REPRESENTATION_CONTEXT(2) 
PARAMETRIC_REPRESENTATION_CONTEXT() REPRESENTATION_CONTEXT('2D SPACE',''
  ) );
#6471 = PCURVE('',#1734,#6472);
#6472 = DEFINITIONAL_REPRESENTATION('',(#6473),#6477);
#6473 = LINE('',#6474,#6475);
#6474 = CARTESIAN_POINT('',(0.,-1.8288));
#6475 = VECTOR('',#6476,1.);
#6476 = DIRECTION('',(1.,0.));
#6477 = ( GEOMETRIC_REPRESENTATION_CONTEXT(2) 
PARAMETRIC_REPRESENTATION_CONTEXT() REPRESENTATION_CONTEXT('2D SPACE',''
  ) );
#6478 = ORIENTED_EDGE('',*,*,#6479,.T.);
#6479 = EDGE_CURVE('',#6457,#6480,#6482,.T.);
#6480 = VERTEX_POINT('',#6481);
#6481 = CARTESIAN_POINT('',(13.9144,-10.14369677117,10.880173184593));
#6482 = SURFACE_CURVE('',#6483,(#6487,#6494),.PCURVE_S1.);
#6483 = LINE('',#6484,#6485);
#6484 = CARTESIAN_POINT('',(13.9144,-10.04142474975,11.22543774262));
#6485 = VECTOR('',#6486,1.);
#6486 = DIRECTION('',(0.,-0.284015344704,-0.958819734868));
#6487 = PCURVE('',#72,#6488);
#6488 = DEFINITIONAL_REPRESENTATION('',(#6489),#6493);
#6489 = LINE('',#6490,#6491);
#6490 = CARTESIAN_POINT('',(2.733112897307,7.399514366805));
#6491 = VECTOR('',#6492,1.);
#6492 = DIRECTION('',(-0.958819734868,0.284015344704));
#6493 = ( GEOMETRIC_REPRESENTATION_CONTEXT(2) 
PARAMETRIC_REPRESENTATION_CONTEXT() REPRESENTATION_CONTEXT('2D SPACE',''
  ) );
#6494 = PCURVE('',#1762,#6495);
#6495 = DEFINITIONAL_REPRESENTATION('',(#6496),#6500);
#6496 = LINE('',#6497,#6498);
#6497 = CARTESIAN_POINT('',(0.,-1.8288));
#6498 = VECTOR('',#6499,1.);
#6499 = DIRECTION('',(1.,0.));
#6500 = ( GEOMETRIC_REPRESENTATION_CONTEXT(2) 
PARAMETRIC_REPRESENTATION_CONTEXT() REPRESENTATION_CONTEXT('2D SPACE',''
  ) );
#6501 = ORIENTED_EDGE('',*,*,#6502,.T.);
#6502 = EDGE_CURVE('',#6480,#6503,#6505,.T.);
#6503 = VERTEX_POINT('',#6504);
#6504 = CARTESIAN_POINT('',(13.9144,-10.22775888154,10.530029295605));
#6505 = SURFACE_CURVE('',#6506,(#6510,#6517),.PCURVE_S1.);
#6506 = LINE('',#6507,#6508);
#6507 = CARTESIAN_POINT('',(13.9144,-10.14369677117,10.880173184593));
#6508 = VECTOR('',#6509,1.);
#6509 = DIRECTION('',(0.,-0.233445363856,-0.972369920398));
#6510 = PCURVE('',#72,#6511);
#6511 = DEFINITIONAL_REPRESENTATION('',(#6512),#6516);
#6512 = LINE('',#6513,#6514);
#6513 = CARTESIAN_POINT('',(2.387848339279,7.501786388225));
#6514 = VECTOR('',#6515,1.);
#6515 = DIRECTION('',(-0.972369920398,0.233445363856));
#6516 = ( GEOMETRIC_REPRESENTATION_CONTEXT(2) 
PARAMETRIC_REPRESENTATION_CONTEXT() REPRESENTATION_CONTEXT('2D SPACE',''
  ) );
#6517 = PCURVE('',#1790,#6518);
#6518 = DEFINITIONAL_REPRESENTATION('',(#6519),#6523);
#6519 = LINE('',#6520,#6521);
#6520 = CARTESIAN_POINT('',(0.,-1.8288));
#6521 = VECTOR('',#6522,1.);
#6522 = DIRECTION('',(1.,0.));
#6523 = ( GEOMETRIC_REPRESENTATION_CONTEXT(2) 
PARAMETRIC_REPRESENTATION_CONTEXT() REPRESENTATION_CONTEXT('2D SPACE',''
  ) );
#6524 = ORIENTED_EDGE('',*,*,#6525,.T.);
#6525 = EDGE_CURVE('',#6503,#6526,#6528,.T.);
#6526 = VERTEX_POINT('',#6527);
#6527 = CARTESIAN_POINT('',(13.9144,-10.29338067245,10.175965795718));
#6528 = SURFACE_CURVE('',#6529,(#6533,#6540),.PCURVE_S1.);
#6529 = LINE('',#6530,#6531);
#6530 = CARTESIAN_POINT('',(13.9144,-10.22775888154,10.530029295605));
#6531 = VECTOR('',#6532,1.);
#6532 = DIRECTION('',(0.,-0.182235525492,-0.983254907564));
#6533 = PCURVE('',#72,#6534);
#6534 = DEFINITIONAL_REPRESENTATION('',(#6535),#6539);
#6535 = LINE('',#6536,#6537);
#6536 = CARTESIAN_POINT('',(2.037704450291,7.585848498593));
#6537 = VECTOR('',#6538,1.);
#6538 = DIRECTION('',(-0.983254907564,0.182235525492));
#6539 = ( GEOMETRIC_REPRESENTATION_CONTEXT(2) 
PARAMETRIC_REPRESENTATION_CONTEXT() REPRESENTATION_CONTEXT('2D SPACE',''
  ) );
#6540 = PCURVE('',#1818,#6541);
#6541 = DEFINITIONAL_REPRESENTATION('',(#6542),#6546);
#6542 = LINE('',#6543,#6544);
#6543 = CARTESIAN_POINT('',(0.,-1.8288));
#6544 = VECTOR('',#6545,1.);
#6545 = DIRECTION('',(1.,0.));
#6546 = ( GEOMETRIC_REPRESENTATION_CONTEXT(2) 
PARAMETRIC_REPRESENTATION_CONTEXT() REPRESENTATION_CONTEXT('2D SPACE',''
  ) );
#6547 = ORIENTED_EDGE('',*,*,#6548,.T.);
#6548 = EDGE_CURVE('',#6526,#6549,#6551,.T.);
#6549 = VERTEX_POINT('',#6550);
#6550 = CARTESIAN_POINT('',(13.9144,-10.34038227914,9.818953148375));
#6551 = SURFACE_CURVE('',#6552,(#6556,#6563),.PCURVE_S1.);
#6552 = LINE('',#6553,#6554);
#6553 = CARTESIAN_POINT('',(13.9144,-10.29338067245,10.175965795718));
#6554 = VECTOR('',#6555,1.);
#6555 = DIRECTION('',(0.,-0.13052619222,-0.991444861374));
#6556 = PCURVE('',#72,#6557);
#6557 = DEFINITIONAL_REPRESENTATION('',(#6558),#6562);
#6558 = LINE('',#6559,#6560);
#6559 = CARTESIAN_POINT('',(1.683640950404,7.651470289507));
#6560 = VECTOR('',#6561,1.);
#6561 = DIRECTION('',(-0.991444861374,0.13052619222));
#6562 = ( GEOMETRIC_REPRESENTATION_CONTEXT(2) 
PARAMETRIC_REPRESENTATION_CONTEXT() REPRESENTATION_CONTEXT('2D SPACE',''
  ) );
#6563 = PCURVE('',#1846,#6564);
#6564 = DEFINITIONAL_REPRESENTATION('',(#6565),#6569);
#6565 = LINE('',#6566,#6567);
#6566 = CARTESIAN_POINT('',(0.,-1.8288));
#6567 = VECTOR('',#6568,1.);
#6568 = DIRECTION('',(1.,0.));
#6569 = ( GEOMETRIC_REPRESENTATION_CONTEXT(2) 
PARAMETRIC_REPRESENTATION_CONTEXT() REPRESENTATION_CONTEXT('2D SPACE',''
  ) );
#6570 = ORIENTED_EDGE('',*,*,#6571,.T.);
#6571 = EDGE_CURVE('',#6549,#6572,#6574,.T.);
#6572 = VERTEX_POINT('',#6573);
#6573 = CARTESIAN_POINT('',(13.9144,-10.36863487348,9.459969900425));
#6574 = SURFACE_CURVE('',#6575,(#6579,#6586),.PCURVE_S1.);
#6575 = LINE('',#6576,#6577);
#6576 = CARTESIAN_POINT('',(13.9144,-10.34038227914,9.818953148375));
#6577 = VECTOR('',#6578,1.);
#6578 = DIRECTION('',(0.,-7.845909572784E-02,-0.996917333733));
#6579 = PCURVE('',#72,#6580);
#6580 = DEFINITIONAL_REPRESENTATION('',(#6581),#6585);
#6581 = LINE('',#6582,#6583);
#6582 = CARTESIAN_POINT('',(1.326628303061,7.6984718962));
#6583 = VECTOR('',#6584,1.);
#6584 = DIRECTION('',(-0.996917333733,7.845909572784E-02));
#6585 = ( GEOMETRIC_REPRESENTATION_CONTEXT(2) 
PARAMETRIC_REPRESENTATION_CONTEXT() REPRESENTATION_CONTEXT('2D SPACE',''
  ) );
#6586 = PCURVE('',#1874,#6587);
#6587 = DEFINITIONAL_REPRESENTATION('',(#6588),#6592);
#6588 = LINE('',#6589,#6590);
#6589 = CARTESIAN_POINT('',(0.,-1.8288));
#6590 = VECTOR('',#6591,1.);
#6591 = DIRECTION('',(1.,0.));
#6592 = ( GEOMETRIC_REPRESENTATION_CONTEXT(2) 
PARAMETRIC_REPRESENTATION_CONTEXT() REPRESENTATION_CONTEXT('2D SPACE',''
  ) );
#6593 = ORIENTED_EDGE('',*,*,#6594,.T.);
#6594 = EDGE_CURVE('',#6572,#6595,#6597,.T.);
#6595 = VERTEX_POINT('',#6596);
#6596 = CARTESIAN_POINT('',(13.9144,-10.37806101706,9.1));
#6597 = SURFACE_CURVE('',#6598,(#6602,#6609),.PCURVE_S1.);
#6598 = LINE('',#6599,#6600);
#6599 = CARTESIAN_POINT('',(13.9144,-10.36863487348,9.459969900425));
#6600 = VECTOR('',#6601,1.);
#6601 = DIRECTION('',(0.,-2.617694830787E-02,-0.999657324976));
#6602 = PCURVE('',#72,#6603);
#6603 = DEFINITIONAL_REPRESENTATION('',(#6604),#6608);
#6604 = LINE('',#6605,#6606);
#6605 = CARTESIAN_POINT('',(0.967645055111,7.726724490535));
#6606 = VECTOR('',#6607,1.);
#6607 = DIRECTION('',(-0.999657324976,2.617694830787E-02));
#6608 = ( GEOMETRIC_REPRESENTATION_CONTEXT(2) 
PARAMETRIC_REPRESENTATION_CONTEXT() REPRESENTATION_CONTEXT('2D SPACE',''
  ) );
#6609 = PCURVE('',#1902,#6610);
#6610 = DEFINITIONAL_REPRESENTATION('',(#6611),#6615);
#6611 = LINE('',#6612,#6613);
#6612 = CARTESIAN_POINT('',(0.,-1.8288));
#6613 = VECTOR('',#6614,1.);
#6614 = DIRECTION('',(1.,0.));
#6615 = ( GEOMETRIC_REPRESENTATION_CONTEXT(2) 
PARAMETRIC_REPRESENTATION_CONTEXT() REPRESENTATION_CONTEXT('2D SPACE',''
  ) );
#6616 = ORIENTED_EDGE('',*,*,#6617,.T.);
#6617 = EDGE_CURVE('',#6595,#6618,#6620,.T.);
#6618 = VERTEX_POINT('',#6619);
#6619 = CARTESIAN_POINT('',(13.9144,-10.36863487348,8.740030099575));
#6620 = SURFACE_CURVE('',#6621,(#6625,#6632),.PCURVE_S1.);
#6621 = LINE('',#6622,#6623);
#6622 = CARTESIAN_POINT('',(13.9144,-10.37806101706,9.1));
#6623 = VECTOR('',#6624,1.);
#6624 = DIRECTION('',(0.,2.617694830787E-02,-0.999657324976));
#6625 = PCURVE('',#72,#6626);
#6626 = DEFINITIONAL_REPRESENTATION('',(#6627),#6631);
#6627 = LINE('',#6628,#6629);
#6628 = CARTESIAN_POINT('',(0.607675154686,7.736150634115));
#6629 = VECTOR('',#6630,1.);
#6630 = DIRECTION('',(-0.999657324976,-2.617694830787E-02));
#6631 = ( GEOMETRIC_REPRESENTATION_CONTEXT(2) 
PARAMETRIC_REPRESENTATION_CONTEXT() REPRESENTATION_CONTEXT('2D SPACE',''
  ) );
#6632 = PCURVE('',#1930,#6633);
#6633 = DEFINITIONAL_REPRESENTATION('',(#6634),#6638);
#6634 = LINE('',#6635,#6636);
#6635 = CARTESIAN_POINT('',(0.,-1.8288));
#6636 = VECTOR('',#6637,1.);
#6637 = DIRECTION('',(1.,0.));
#6638 = ( GEOMETRIC_REPRESENTATION_CONTEXT(2) 
PARAMETRIC_REPRESENTATION_CONTEXT() REPRESENTATION_CONTEXT('2D SPACE',''
  ) );
#6639 = ORIENTED_EDGE('',*,*,#6640,.T.);
#6640 = EDGE_CURVE('',#6618,#6641,#6643,.T.);
#6641 = VERTEX_POINT('',#6642);
#6642 = CARTESIAN_POINT('',(13.9144,-10.34038227914,8.381046851625));
#6643 = SURFACE_CURVE('',#6644,(#6648,#6655),.PCURVE_S1.);
#6644 = LINE('',#6645,#6646);
#6645 = CARTESIAN_POINT('',(13.9144,-10.36863487348,8.740030099575));
#6646 = VECTOR('',#6647,1.);
#6647 = DIRECTION('',(0.,7.845909572784E-02,-0.996917333733));
#6648 = PCURVE('',#72,#6649);
#6649 = DEFINITIONAL_REPRESENTATION('',(#6650),#6654);
#6650 = LINE('',#6651,#6652);
#6651 = CARTESIAN_POINT('',(0.247705254261,7.726724490535));
#6652 = VECTOR('',#6653,1.);
#6653 = DIRECTION('',(-0.996917333733,-7.845909572784E-02));
#6654 = ( GEOMETRIC_REPRESENTATION_CONTEXT(2) 
PARAMETRIC_REPRESENTATION_CONTEXT() REPRESENTATION_CONTEXT('2D SPACE',''
  ) );
#6655 = PCURVE('',#1958,#6656);
#6656 = DEFINITIONAL_REPRESENTATION('',(#6657),#6661);
#6657 = LINE('',#6658,#6659);
#6658 = CARTESIAN_POINT('',(0.,-1.8288));
#6659 = VECTOR('',#6660,1.);
#6660 = DIRECTION('',(1.,0.));
#6661 = ( GEOMETRIC_REPRESENTATION_CONTEXT(2) 
PARAMETRIC_REPRESENTATION_CONTEXT() REPRESENTATION_CONTEXT('2D SPACE',''
  ) );
#6662 = ORIENTED_EDGE('',*,*,#6663,.T.);
#6663 = EDGE_CURVE('',#6641,#6664,#6666,.T.);
#6664 = VERTEX_POINT('',#6665);
#6665 = CARTESIAN_POINT('',(13.9144,-10.29338067245,8.024034204282));
#6666 = SURFACE_CURVE('',#6667,(#6671,#6678),.PCURVE_S1.);
#6667 = LINE('',#6668,#6669);
#6668 = CARTESIAN_POINT('',(13.9144,-10.34038227914,8.381046851625));
#6669 = VECTOR('',#6670,1.);
#6670 = DIRECTION('',(0.,0.13052619222,-0.991444861374));
#6671 = PCURVE('',#72,#6672);
#6672 = DEFINITIONAL_REPRESENTATION('',(#6673),#6677);
#6673 = LINE('',#6674,#6675);
#6674 = CARTESIAN_POINT('',(-0.111277993689,7.6984718962));
#6675 = VECTOR('',#6676,1.);
#6676 = DIRECTION('',(-0.991444861374,-0.13052619222));
#6677 = ( GEOMETRIC_REPRESENTATION_CONTEXT(2) 
PARAMETRIC_REPRESENTATION_CONTEXT() REPRESENTATION_CONTEXT('2D SPACE',''
  ) );
#6678 = PCURVE('',#1986,#6679);
#6679 = DEFINITIONAL_REPRESENTATION('',(#6680),#6684);
#6680 = LINE('',#6681,#6682);
#6681 = CARTESIAN_POINT('',(0.,-1.8288));
#6682 = VECTOR('',#6683,1.);
#6683 = DIRECTION('',(1.,0.));
#6684 = ( GEOMETRIC_REPRESENTATION_CONTEXT(2) 
PARAMETRIC_REPRESENTATION_CONTEXT() REPRESENTATION_CONTEXT('2D SPACE',''
  ) );
#6685 = ORIENTED_EDGE('',*,*,#6686,.T.);
#6686 = EDGE_CURVE('',#6664,#6687,#6689,.T.);
#6687 = VERTEX_POINT('',#6688);
#6688 = CARTESIAN_POINT('',(13.9144,-10.22775888154,7.669970704395));
#6689 = SURFACE_CURVE('',#6690,(#6694,#6701),.PCURVE_S1.);
#6690 = LINE('',#6691,#6692);
#6691 = CARTESIAN_POINT('',(13.9144,-10.29338067245,8.024034204282));
#6692 = VECTOR('',#6693,1.);
#6693 = DIRECTION('',(0.,0.182235525492,-0.983254907564));
#6694 = PCURVE('',#72,#6695);
#6695 = DEFINITIONAL_REPRESENTATION('',(#6696),#6700);
#6696 = LINE('',#6697,#6698);
#6697 = CARTESIAN_POINT('',(-0.468290641032,7.651470289507));
#6698 = VECTOR('',#6699,1.);
#6699 = DIRECTION('',(-0.983254907564,-0.182235525492));
#6700 = ( GEOMETRIC_REPRESENTATION_CONTEXT(2) 
PARAMETRIC_REPRESENTATION_CONTEXT() REPRESENTATION_CONTEXT('2D SPACE',''
  ) );
#6701 = PCURVE('',#2014,#6702);
#6702 = DEFINITIONAL_REPRESENTATION('',(#6703),#6707);
#6703 = LINE('',#6704,#6705);
#6704 = CARTESIAN_POINT('',(0.,-1.8288));
#6705 = VECTOR('',#6706,1.);
#6706 = DIRECTION('',(1.,0.));
#6707 = ( GEOMETRIC_REPRESENTATION_CONTEXT(2) 
PARAMETRIC_REPRESENTATION_CONTEXT() REPRESENTATION_CONTEXT('2D SPACE',''
  ) );
#6708 = ORIENTED_EDGE('',*,*,#6709,.T.);
#6709 = EDGE_CURVE('',#6687,#6710,#6712,.T.);
#6710 = VERTEX_POINT('',#6711);
#6711 = CARTESIAN_POINT('',(13.9144,-10.14369677117,7.319826815407));
#6712 = SURFACE_CURVE('',#6713,(#6717,#6724),.PCURVE_S1.);
#6713 = LINE('',#6714,#6715);
#6714 = CARTESIAN_POINT('',(13.9144,-10.22775888154,7.669970704395));
#6715 = VECTOR('',#6716,1.);
#6716 = DIRECTION('',(0.,0.233445363856,-0.972369920398));
#6717 = PCURVE('',#72,#6718);
#6718 = DEFINITIONAL_REPRESENTATION('',(#6719),#6723);
#6719 = LINE('',#6720,#6721);
#6720 = CARTESIAN_POINT('',(-0.822354140919,7.585848498593));
#6721 = VECTOR('',#6722,1.);
#6722 = DIRECTION('',(-0.972369920398,-0.233445363856));
#6723 = ( GEOMETRIC_REPRESENTATION_CONTEXT(2) 
PARAMETRIC_REPRESENTATION_CONTEXT() REPRESENTATION_CONTEXT('2D SPACE',''
  ) );
#6724 = PCURVE('',#2042,#6725);
#6725 = DEFINITIONAL_REPRESENTATION('',(#6726),#6730);
#6726 = LINE('',#6727,#6728);
#6727 = CARTESIAN_POINT('',(0.,-1.8288));
#6728 = VECTOR('',#6729,1.);
#6729 = DIRECTION('',(1.,0.));
#6730 = ( GEOMETRIC_REPRESENTATION_CONTEXT(2) 
PARAMETRIC_REPRESENTATION_CONTEXT() REPRESENTATION_CONTEXT('2D SPACE',''
  ) );
#6731 = ORIENTED_EDGE('',*,*,#6732,.T.);
#6732 = EDGE_CURVE('',#6710,#6733,#6735,.T.);
#6733 = VERTEX_POINT('',#6734);
#6734 = CARTESIAN_POINT('',(13.9144,-10.04142474975,6.97456225738));
#6735 = SURFACE_CURVE('',#6736,(#6740,#6747),.PCURVE_S1.);
#6736 = LINE('',#6737,#6738);
#6737 = CARTESIAN_POINT('',(13.9144,-10.14369677117,7.319826815407));
#6738 = VECTOR('',#6739,1.);
#6739 = DIRECTION('',(0.,0.284015344704,-0.958819734868));
#6740 = PCURVE('',#72,#6741);
#6741 = DEFINITIONAL_REPRESENTATION('',(#6742),#6746);
#6742 = LINE('',#6743,#6744);
#6743 = CARTESIAN_POINT('',(-1.172498029907,7.501786388225));
#6744 = VECTOR('',#6745,1.);
#6745 = DIRECTION('',(-0.958819734868,-0.284015344704));
#6746 = ( GEOMETRIC_REPRESENTATION_CONTEXT(2) 
PARAMETRIC_REPRESENTATION_CONTEXT() REPRESENTATION_CONTEXT('2D SPACE',''
  ) );
#6747 = PCURVE('',#2070,#6748);
#6748 = DEFINITIONAL_REPRESENTATION('',(#6749),#6753);
#6749 = LINE('',#6750,#6751);
#6750 = CARTESIAN_POINT('',(0.,-1.8288));
#6751 = VECTOR('',#6752,1.);
#6752 = DIRECTION('',(1.,0.));
#6753 = ( GEOMETRIC_REPRESENTATION_CONTEXT(2) 
PARAMETRIC_REPRESENTATION_CONTEXT() REPRESENTATION_CONTEXT('2D SPACE',''
  ) );
#6754 = ORIENTED_EDGE('',*,*,#6755,.T.);
#6755 = EDGE_CURVE('',#6733,#6756,#6758,.T.);
#6756 = VERTEX_POINT('',#6757);
#6757 = CARTESIAN_POINT('',(13.9144,-9.921223137784,6.635123376468));
#6758 = SURFACE_CURVE('',#6759,(#6763,#6770),.PCURVE_S1.);
#6759 = LINE('',#6760,#6761);
#6760 = CARTESIAN_POINT('',(13.9144,-10.04142474975,6.97456225738));
#6761 = VECTOR('',#6762,1.);
#6762 = DIRECTION('',(0.,0.333806859234,-0.942641491092));
#6763 = PCURVE('',#72,#6764);
#6764 = DEFINITIONAL_REPRESENTATION('',(#6765),#6769);
#6765 = LINE('',#6766,#6767);
#6766 = CARTESIAN_POINT('',(-1.517762587934,7.399514366805));
#6767 = VECTOR('',#6768,1.);
#6768 = DIRECTION('',(-0.942641491092,-0.333806859234));
#6769 = ( GEOMETRIC_REPRESENTATION_CONTEXT(2) 
PARAMETRIC_REPRESENTATION_CONTEXT() REPRESENTATION_CONTEXT('2D SPACE',''
  ) );
#6770 = PCURVE('',#2098,#6771);
#6771 = DEFINITIONAL_REPRESENTATION('',(#6772),#6776);
#6772 = LINE('',#6773,#6774);
#6773 = CARTESIAN_POINT('',(0.,-1.8288));
#6774 = VECTOR('',#6775,1.);
#6775 = DIRECTION('',(1.,0.));
#6776 = ( GEOMETRIC_REPRESENTATION_CONTEXT(2) 
PARAMETRIC_REPRESENTATION_CONTEXT() REPRESENTATION_CONTEXT('2D SPACE',''
  ) );
#6777 = ORIENTED_EDGE('',*,*,#6778,.T.);
#6778 = EDGE_CURVE('',#6756,#6779,#6781,.T.);
#6779 = VERTEX_POINT('',#6780);
#6780 = CARTESIAN_POINT('',(13.9144,-9.783421399527,6.302440551049));
#6781 = SURFACE_CURVE('',#6782,(#6786,#6793),.PCURVE_S1.);
#6782 = LINE('',#6783,#6784);
#6783 = CARTESIAN_POINT('',(13.9144,-9.921223137784,6.635123376468));
#6784 = VECTOR('',#6785,1.);
#6785 = DIRECTION('',(0.,0.382683432365,-0.923879532511));
#6786 = PCURVE('',#72,#6787);
#6787 = DEFINITIONAL_REPRESENTATION('',(#6788),#6792);
#6788 = LINE('',#6789,#6790);
#6789 = CARTESIAN_POINT('',(-1.857201468846,7.279312754835));
#6790 = VECTOR('',#6791,1.);
#6791 = DIRECTION('',(-0.923879532511,-0.382683432365));
#6792 = ( GEOMETRIC_REPRESENTATION_CONTEXT(2) 
PARAMETRIC_REPRESENTATION_CONTEXT() REPRESENTATION_CONTEXT('2D SPACE',''
  ) );
#6793 = PCURVE('',#2126,#6794);
#6794 = DEFINITIONAL_REPRESENTATION('',(#6795),#6799);
#6795 = LINE('',#6796,#6797);
#6796 = CARTESIAN_POINT('',(0.,-1.8288));
#6797 = VECTOR('',#6798,1.);
#6798 = DIRECTION('',(1.,0.));
#6799 = ( GEOMETRIC_REPRESENTATION_CONTEXT(2) 
PARAMETRIC_REPRESENTATION_CONTEXT() REPRESENTATION_CONTEXT('2D SPACE',''
  ) );
#6800 = ORIENTED_EDGE('',*,*,#6801,.T.);
#6801 = EDGE_CURVE('',#6779,#6802,#6804,.T.);
#6802 = VERTEX_POINT('',#6803);
#6803 = CARTESIAN_POINT('',(13.9144,-9.628397239969,5.977425641624));
#6804 = SURFACE_CURVE('',#6805,(#6809,#6816),.PCURVE_S1.);
#6805 = LINE('',#6806,#6807);
#6806 = CARTESIAN_POINT('',(13.9144,-9.783421399527,6.302440551049));
#6807 = VECTOR('',#6808,1.);
#6808 = DIRECTION('',(0.,0.430511096808,-0.90258528435));
#6809 = PCURVE('',#72,#6810);
#6810 = DEFINITIONAL_REPRESENTATION('',(#6811),#6815);
#6811 = LINE('',#6812,#6813);
#6812 = CARTESIAN_POINT('',(-2.189884294265,7.141511016578));
#6813 = VECTOR('',#6814,1.);
#6814 = DIRECTION('',(-0.90258528435,-0.430511096808));
#6815 = ( GEOMETRIC_REPRESENTATION_CONTEXT(2) 
PARAMETRIC_REPRESENTATION_CONTEXT() REPRESENTATION_CONTEXT('2D SPACE',''
  ) );
#6816 = PCURVE('',#2154,#6817);
#6817 = DEFINITIONAL_REPRESENTATION('',(#6818),#6822);
#6818 = LINE('',#6819,#6820);
#6819 = CARTESIAN_POINT('',(0.,-1.8288));
#6820 = VECTOR('',#6821,1.);
#6821 = DIRECTION('',(1.,0.));
#6822 = ( GEOMETRIC_REPRESENTATION_CONTEXT(2) 
PARAMETRIC_REPRESENTATION_CONTEXT() REPRESENTATION_CONTEXT('2D SPACE',''
  ) );
#6823 = ORIENTED_EDGE('',*,*,#6824,.T.);
#6824 = EDGE_CURVE('',#6802,#6825,#6827,.T.);
#6825 = VERTEX_POINT('',#6826);
#6826 = CARTESIAN_POINT('',(13.9144,-9.456575569556,5.660969491468));
#6827 = SURFACE_CURVE('',#6828,(#6832,#6839),.PCURVE_S1.);
#6828 = LINE('',#6829,#6830);
#6829 = CARTESIAN_POINT('',(13.9144,-9.628397239969,5.977425641624));
#6830 = VECTOR('',#6831,1.);
#6831 = DIRECTION('',(0.,0.47715876026,-0.878817112662));
#6832 = PCURVE('',#72,#6833);
#6833 = DEFINITIONAL_REPRESENTATION('',(#6834),#6838);
#6834 = LINE('',#6835,#6836);
#6835 = CARTESIAN_POINT('',(-2.51489920369,6.986486857021));
#6836 = VECTOR('',#6837,1.);
#6837 = DIRECTION('',(-0.878817112662,-0.47715876026));
#6838 = ( GEOMETRIC_REPRESENTATION_CONTEXT(2) 
PARAMETRIC_REPRESENTATION_CONTEXT() REPRESENTATION_CONTEXT('2D SPACE',''
  ) );
#6839 = PCURVE('',#2182,#6840);
#6840 = DEFINITIONAL_REPRESENTATION('',(#6841),#6845);
#6841 = LINE('',#6842,#6843);
#6842 = CARTESIAN_POINT('',(0.,-1.8288));
#6843 = VECTOR('',#6844,1.);
#6844 = DIRECTION('',(1.,0.));
#6845 = ( GEOMETRIC_REPRESENTATION_CONTEXT(2) 
PARAMETRIC_REPRESENTATION_CONTEXT() REPRESENTATION_CONTEXT('2D SPACE',''
  ) );
#6846 = ORIENTED_EDGE('',*,*,#6847,.T.);
#6847 = EDGE_CURVE('',#6825,#6848,#6850,.T.);
#6848 = VERTEX_POINT('',#6849);
#6849 = CARTESIAN_POINT('',(13.9144,-9.268427339544,5.353939484892));
#6850 = SURFACE_CURVE('',#6851,(#6855,#6862),.PCURVE_S1.);
#6851 = LINE('',#6852,#6853);
#6852 = CARTESIAN_POINT('',(13.9144,-9.456575569556,5.660969491468));
#6853 = VECTOR('',#6854,1.);
#6854 = DIRECTION('',(0.,0.522498564716,-0.852640164354));
#6855 = PCURVE('',#72,#6856);
#6856 = DEFINITIONAL_REPRESENTATION('',(#6857),#6861);
#6857 = LINE('',#6858,#6859);
#6858 = CARTESIAN_POINT('',(-2.831355353846,6.814665186608));
#6859 = VECTOR('',#6860,1.);
#6860 = DIRECTION('',(-0.852640164354,-0.522498564716));
#6861 = ( GEOMETRIC_REPRESENTATION_CONTEXT(2) 
PARAMETRIC_REPRESENTATION_CONTEXT() REPRESENTATION_CONTEXT('2D SPACE',''
  ) );
#6862 = PCURVE('',#2210,#6863);
#6863 = DEFINITIONAL_REPRESENTATION('',(#6864),#6868);
#6864 = LINE('',#6865,#6866);
#6865 = CARTESIAN_POINT('',(0.,-1.8288));
#6866 = VECTOR('',#6867,1.);
#6867 = DIRECTION('',(1.,0.));
#6868 = ( GEOMETRIC_REPRESENTATION_CONTEXT(2) 
PARAMETRIC_REPRESENTATION_CONTEXT() REPRESENTATION_CONTEXT('2D SPACE',''
  ) );
#6869 = ORIENTED_EDGE('',*,*,#6870,.T.);
#6870 = EDGE_CURVE('',#6848,#6871,#6873,.T.);
#6871 = VERTEX_POINT('',#6872);
#6872 = CARTESIAN_POINT('',(13.9144,-9.064468251152,5.057177169802));
#6873 = SURFACE_CURVE('',#6874,(#6878,#6885),.PCURVE_S1.);
#6874 = LINE('',#6875,#6876);
#6875 = CARTESIAN_POINT('',(13.9144,-9.268427339544,5.353939484892));
#6876 = VECTOR('',#6877,1.);
#6877 = DIRECTION('',(0.,0.566406236925,-0.824126188622));
#6878 = PCURVE('',#72,#6879);
#6879 = DEFINITIONAL_REPRESENTATION('',(#6880),#6884);
#6880 = LINE('',#6881,#6882);
#6881 = CARTESIAN_POINT('',(-3.138385360422,6.626516956595));
#6882 = VECTOR('',#6883,1.);
#6883 = DIRECTION('',(-0.824126188622,-0.566406236925));
#6884 = ( GEOMETRIC_REPRESENTATION_CONTEXT(2) 
PARAMETRIC_REPRESENTATION_CONTEXT() REPRESENTATION_CONTEXT('2D SPACE',''
  ) );
#6885 = PCURVE('',#2238,#6886);
#6886 = DEFINITIONAL_REPRESENTATION('',(#6887),#6891);
#6887 = LINE('',#6888,#6889);
#6888 = CARTESIAN_POINT('',(0.,-1.8288));
#6889 = VECTOR('',#6890,1.);
#6890 = DIRECTION('',(1.,0.));
#6891 = ( GEOMETRIC_REPRESENTATION_CONTEXT(2) 
PARAMETRIC_REPRESENTATION_CONTEXT() REPRESENTATION_CONTEXT('2D SPACE',''
  ) );
#6892 = ORIENTED_EDGE('',*,*,#6893,.T.);
#6893 = EDGE_CURVE('',#6871,#6894,#6896,.T.);
#6894 = VERTEX_POINT('',#6895);
#6895 = CARTESIAN_POINT('',(13.9144,-8.845257342065,4.771495951077));
#6896 = SURFACE_CURVE('',#6897,(#6901,#6908),.PCURVE_S1.);
#6897 = LINE('',#6898,#6899);
#6898 = CARTESIAN_POINT('',(13.9144,-9.064468251152,5.057177169802));
#6899 = VECTOR('',#6900,1.);
#6900 = DIRECTION('',(0.,0.608761429009,-0.793353340291));
#6901 = PCURVE('',#72,#6902);
#6902 = DEFINITIONAL_REPRESENTATION('',(#6903),#6907);
#6903 = LINE('',#6904,#6905);
#6904 = CARTESIAN_POINT('',(-3.435147675512,6.422557868204));
#6905 = VECTOR('',#6906,1.);
#6906 = DIRECTION('',(-0.793353340291,-0.608761429009));
#6907 = ( GEOMETRIC_REPRESENTATION_CONTEXT(2) 
PARAMETRIC_REPRESENTATION_CONTEXT() REPRESENTATION_CONTEXT('2D SPACE',''
  ) );
#6908 = PCURVE('',#2266,#6909);
#6909 = DEFINITIONAL_REPRESENTATION('',(#6910),#6914);
#6910 = LINE('',#6911,#6912);
#6911 = CARTESIAN_POINT('',(0.,-1.8288));
#6912 = VECTOR('',#6913,1.);
#6913 = DIRECTION('',(1.,0.));
#6914 = ( GEOMETRIC_REPRESENTATION_CONTEXT(2) 
PARAMETRIC_REPRESENTATION_CONTEXT() REPRESENTATION_CONTEXT('2D SPACE',''
  ) );
#6915 = ORIENTED_EDGE('',*,*,#6916,.T.);
#6916 = EDGE_CURVE('',#6894,#6917,#6919,.T.);
#6917 = VERTEX_POINT('',#6918);
#6918 = CARTESIAN_POINT('',(13.9144,-8.611395454148,4.497678861079));
#6919 = SURFACE_CURVE('',#6920,(#6924,#6931),.PCURVE_S1.);
#6920 = LINE('',#6921,#6922);
#6921 = CARTESIAN_POINT('',(13.9144,-8.845257342065,4.771495951077));
#6922 = VECTOR('',#6923,1.);
#6923 = DIRECTION('',(0.,0.64944804833,-0.7604059656));
#6924 = PCURVE('',#72,#6925);
#6925 = DEFINITIONAL_REPRESENTATION('',(#6926),#6930);
#6926 = LINE('',#6927,#6928);
#6927 = CARTESIAN_POINT('',(-3.720828894237,6.203346959117));
#6928 = VECTOR('',#6929,1.);
#6929 = DIRECTION('',(-0.7604059656,-0.64944804833));
#6930 = ( GEOMETRIC_REPRESENTATION_CONTEXT(2) 
PARAMETRIC_REPRESENTATION_CONTEXT() REPRESENTATION_CONTEXT('2D SPACE',''
  ) );
#6931 = PCURVE('',#2294,#6932);
#6932 = DEFINITIONAL_REPRESENTATION('',(#6933),#6937);
#6933 = LINE('',#6934,#6935);
#6934 = CARTESIAN_POINT('',(0.,-1.8288));
#6935 = VECTOR('',#6936,1.);
#6936 = DIRECTION('',(1.,0.));
#6937 = ( GEOMETRIC_REPRESENTATION_CONTEXT(2) 
PARAMETRIC_REPRESENTATION_CONTEXT() REPRESENTATION_CONTEXT('2D SPACE',''
  ) );
#6938 = ORIENTED_EDGE('',*,*,#6939,.T.);
#6939 = EDGE_CURVE('',#6917,#6940,#6942,.T.);
#6940 = VERTEX_POINT('',#6941);
#6941 = CARTESIAN_POINT('',(13.9144,-8.36352358658,4.23647641342));
#6942 = SURFACE_CURVE('',#6943,(#6947,#6954),.PCURVE_S1.);
#6943 = LINE('',#6944,#6945);
#6944 = CARTESIAN_POINT('',(13.9144,-8.611395454148,4.497678861079));
#6945 = VECTOR('',#6946,1.);
#6946 = DIRECTION('',(0.,0.688354575694,-0.725374371012));
#6947 = PCURVE('',#72,#6948);
#6948 = DEFINITIONAL_REPRESENTATION('',(#6949),#6953);
#6949 = LINE('',#6950,#6951);
#6950 = CARTESIAN_POINT('',(-3.994645984235,5.9694850712));
#6951 = VECTOR('',#6952,1.);
#6952 = DIRECTION('',(-0.725374371012,-0.688354575694));
#6953 = ( GEOMETRIC_REPRESENTATION_CONTEXT(2) 
PARAMETRIC_REPRESENTATION_CONTEXT() REPRESENTATION_CONTEXT('2D SPACE',''
  ) );
#6954 = PCURVE('',#2322,#6955);
#6955 = DEFINITIONAL_REPRESENTATION('',(#6956),#6960);
#6956 = LINE('',#6957,#6958);
#6957 = CARTESIAN_POINT('',(0.,-1.8288));
#6958 = VECTOR('',#6959,1.);
#6959 = DIRECTION('',(1.,0.));
#6960 = ( GEOMETRIC_REPRESENTATION_CONTEXT(2) 
PARAMETRIC_REPRESENTATION_CONTEXT() REPRESENTATION_CONTEXT('2D SPACE',''
  ) );
#6961 = ORIENTED_EDGE('',*,*,#6962,.T.);
#6962 = EDGE_CURVE('',#6940,#6963,#6965,.T.);
#6963 = VERTEX_POINT('',#6964);
#6964 = CARTESIAN_POINT('',(13.9144,-8.102321138921,3.988604545852));
#6965 = SURFACE_CURVE('',#6966,(#6970,#6977),.PCURVE_S1.);
#6966 = LINE('',#6967,#6968);
#6967 = CARTESIAN_POINT('',(13.9144,-8.36352358658,4.23647641342));
#6968 = VECTOR('',#6969,1.);
#6969 = DIRECTION('',(0.,0.725374371012,-0.688354575694));
#6970 = PCURVE('',#72,#6971);
#6971 = DEFINITIONAL_REPRESENTATION('',(#6972),#6976);
#6972 = LINE('',#6973,#6974);
#6973 = CARTESIAN_POINT('',(-4.255848431894,5.721613203632));
#6974 = VECTOR('',#6975,1.);
#6975 = DIRECTION('',(-0.688354575694,-0.725374371012));
#6976 = ( GEOMETRIC_REPRESENTATION_CONTEXT(2) 
PARAMETRIC_REPRESENTATION_CONTEXT() REPRESENTATION_CONTEXT('2D SPACE',''
  ) );
#6977 = PCURVE('',#2350,#6978);
#6978 = DEFINITIONAL_REPRESENTATION('',(#6979),#6983);
#6979 = LINE('',#6980,#6981);
#6980 = CARTESIAN_POINT('',(0.,-1.8288));
#6981 = VECTOR('',#6982,1.);
#6982 = DIRECTION('',(1.,0.));
#6983 = ( GEOMETRIC_REPRESENTATION_CONTEXT(2) 
PARAMETRIC_REPRESENTATION_CONTEXT() REPRESENTATION_CONTEXT('2D SPACE',''
  ) );
#6984 = ORIENTED_EDGE('',*,*,#6985,.T.);
#6985 = EDGE_CURVE('',#6963,#6986,#6988,.T.);
#6986 = VERTEX_POINT('',#6987);
#6987 = CARTESIAN_POINT('',(13.9144,-7.828504048923,3.754742657935));
#6988 = SURFACE_CURVE('',#6989,(#6993,#7000),.PCURVE_S1.);
#6989 = LINE('',#6990,#6991);
#6990 = CARTESIAN_POINT('',(13.9144,-8.102321138921,3.988604545852));
#6991 = VECTOR('',#6992,1.);
#6992 = DIRECTION('',(0.,0.7604059656,-0.64944804833));
#6993 = PCURVE('',#72,#6994);
#6994 = DEFINITIONAL_REPRESENTATION('',(#6995),#6999);
#6995 = LINE('',#6996,#6997);
#6996 = CARTESIAN_POINT('',(-4.503720299462,5.460410755972));
#6997 = VECTOR('',#6998,1.);
#6998 = DIRECTION('',(-0.64944804833,-0.7604059656));
#6999 = ( GEOMETRIC_REPRESENTATION_CONTEXT(2) 
PARAMETRIC_REPRESENTATION_CONTEXT() REPRESENTATION_CONTEXT('2D SPACE',''
  ) );
#7000 = PCURVE('',#2378,#7001);
#7001 = DEFINITIONAL_REPRESENTATION('',(#7002),#7006);
#7002 = LINE('',#7003,#7004);
#7003 = CARTESIAN_POINT('',(0.,-1.8288));
#7004 = VECTOR('',#7005,1.);
#7005 = DIRECTION('',(1.,0.));
#7006 = ( GEOMETRIC_REPRESENTATION_CONTEXT(2) 
PARAMETRIC_REPRESENTATION_CONTEXT() REPRESENTATION_CONTEXT('2D SPACE',''
  ) );
#7007 = ORIENTED_EDGE('',*,*,#7008,.T.);
#7008 = EDGE_CURVE('',#6986,#7009,#7011,.T.);
#7009 = VERTEX_POINT('',#7010);
#7010 = CARTESIAN_POINT('',(13.9144,-7.542822830198,3.535531748848));
#7011 = SURFACE_CURVE('',#7012,(#7016,#7023),.PCURVE_S1.);
#7012 = LINE('',#7013,#7014);
#7013 = CARTESIAN_POINT('',(13.9144,-7.828504048923,3.754742657935));
#7014 = VECTOR('',#7015,1.);
#7015 = DIRECTION('',(0.,0.793353340291,-0.608761429009));
#7016 = PCURVE('',#72,#7017);
#7017 = DEFINITIONAL_REPRESENTATION('',(#7018),#7022);
#7018 = LINE('',#7019,#7020);
#7019 = CARTESIAN_POINT('',(-4.737582187379,5.186593665975));
#7020 = VECTOR('',#7021,1.);
#7021 = DIRECTION('',(-0.608761429009,-0.793353340291));
#7022 = ( GEOMETRIC_REPRESENTATION_CONTEXT(2) 
PARAMETRIC_REPRESENTATION_CONTEXT() REPRESENTATION_CONTEXT('2D SPACE',''
  ) );
#7023 = PCURVE('',#2406,#7024);
#7024 = DEFINITIONAL_REPRESENTATION('',(#7025),#7029);
#7025 = LINE('',#7026,#7027);
#7026 = CARTESIAN_POINT('',(0.,-1.8288));
#7027 = VECTOR('',#7028,1.);
#7028 = DIRECTION('',(1.,0.));
#7029 = ( GEOMETRIC_REPRESENTATION_CONTEXT(2) 
PARAMETRIC_REPRESENTATION_CONTEXT() REPRESENTATION_CONTEXT('2D SPACE',''
  ) );
#7030 = ORIENTED_EDGE('',*,*,#7031,.T.);
#7031 = EDGE_CURVE('',#7009,#7032,#7034,.T.);
#7032 = VERTEX_POINT('',#7033);
#7033 = CARTESIAN_POINT('',(13.9144,-7.246060515108,3.331572660456));
#7034 = SURFACE_CURVE('',#7035,(#7039,#7046),.PCURVE_S1.);
#7035 = LINE('',#7036,#7037);
#7036 = CARTESIAN_POINT('',(13.9144,-7.542822830198,3.535531748848));
#7037 = VECTOR('',#7038,1.);
#7038 = DIRECTION('',(0.,0.824126188622,-0.566406236925));
#7039 = PCURVE('',#72,#7040);
#7040 = DEFINITIONAL_REPRESENTATION('',(#7041),#7045);
#7041 = LINE('',#7042,#7043);
#7042 = CARTESIAN_POINT('',(-4.956793096466,4.900912447249));
#7043 = VECTOR('',#7044,1.);
#7044 = DIRECTION('',(-0.566406236925,-0.824126188622));
#7045 = ( GEOMETRIC_REPRESENTATION_CONTEXT(2) 
PARAMETRIC_REPRESENTATION_CONTEXT() REPRESENTATION_CONTEXT('2D SPACE',''
  ) );
#7046 = PCURVE('',#2434,#7047);
#7047 = DEFINITIONAL_REPRESENTATION('',(#7048),#7052);
#7048 = LINE('',#7049,#7050);
#7049 = CARTESIAN_POINT('',(0.,-1.8288));
#7050 = VECTOR('',#7051,1.);
#7051 = DIRECTION('',(1.,0.));
#7052 = ( GEOMETRIC_REPRESENTATION_CONTEXT(2) 
PARAMETRIC_REPRESENTATION_CONTEXT() REPRESENTATION_CONTEXT('2D SPACE',''
  ) );
#7053 = ORIENTED_EDGE('',*,*,#7054,.T.);
#7054 = EDGE_CURVE('',#7032,#7055,#7057,.T.);
#7055 = VERTEX_POINT('',#7056);
#7056 = CARTESIAN_POINT('',(13.9144,-6.939030508532,3.143424430444));
#7057 = SURFACE_CURVE('',#7058,(#7062,#7069),.PCURVE_S1.);
#7058 = LINE('',#7059,#7060);
#7059 = CARTESIAN_POINT('',(13.9144,-7.246060515108,3.331572660456));
#7060 = VECTOR('',#7061,1.);
#7061 = DIRECTION('',(0.,0.852640164354,-0.522498564716));
#7062 = PCURVE('',#72,#7063);
#7063 = DEFINITIONAL_REPRESENTATION('',(#7064),#7068);
#7064 = LINE('',#7065,#7066);
#7065 = CARTESIAN_POINT('',(-5.160752184858,4.604150132159));
#7066 = VECTOR('',#7067,1.);
#7067 = DIRECTION('',(-0.522498564716,-0.852640164354));
#7068 = ( GEOMETRIC_REPRESENTATION_CONTEXT(2) 
PARAMETRIC_REPRESENTATION_CONTEXT() REPRESENTATION_CONTEXT('2D SPACE',''
  ) );
#7069 = PCURVE('',#2462,#7070);
#7070 = DEFINITIONAL_REPRESENTATION('',(#7071),#7075);
#7071 = LINE('',#7072,#7073);
#7072 = CARTESIAN_POINT('',(0.,-1.8288));
#7073 = VECTOR('',#7074,1.);
#7074 = DIRECTION('',(1.,0.));
#7075 = ( GEOMETRIC_REPRESENTATION_CONTEXT(2) 
PARAMETRIC_REPRESENTATION_CONTEXT() REPRESENTATION_CONTEXT('2D SPACE',''
  ) );
#7076 = ORIENTED_EDGE('',*,*,#7077,.T.);
#7077 = EDGE_CURVE('',#7055,#7078,#7080,.T.);
#7078 = VERTEX_POINT('',#7079);
#7079 = CARTESIAN_POINT('',(13.9144,-6.622574358376,2.971602760031));
#7080 = SURFACE_CURVE('',#7081,(#7085,#7092),.PCURVE_S1.);
#7081 = LINE('',#7082,#7083);
#7082 = CARTESIAN_POINT('',(13.9144,-6.939030508532,3.143424430444));
#7083 = VECTOR('',#7084,1.);
#7084 = DIRECTION('',(0.,0.878817112662,-0.47715876026));
#7085 = PCURVE('',#72,#7086);
#7086 = DEFINITIONAL_REPRESENTATION('',(#7087),#7091);
#7087 = LINE('',#7088,#7089);
#7088 = CARTESIAN_POINT('',(-5.34890041487,4.297120125583));
#7089 = VECTOR('',#7090,1.);
#7090 = DIRECTION('',(-0.47715876026,-0.878817112662));
#7091 = ( GEOMETRIC_REPRESENTATION_CONTEXT(2) 
PARAMETRIC_REPRESENTATION_CONTEXT() REPRESENTATION_CONTEXT('2D SPACE',''
  ) );
#7092 = PCURVE('',#2490,#7093);
#7093 = DEFINITIONAL_REPRESENTATION('',(#7094),#7098);
#7094 = LINE('',#7095,#7096);
#7095 = CARTESIAN_POINT('',(0.,-1.8288));
#7096 = VECTOR('',#7097,1.);
#7097 = DIRECTION('',(1.,0.));
#7098 = ( GEOMETRIC_REPRESENTATION_CONTEXT(2) 
PARAMETRIC_REPRESENTATION_CONTEXT() REPRESENTATION_CONTEXT('2D SPACE',''
  ) );
#7099 = ORIENTED_EDGE('',*,*,#7100,.T.);
#7100 = EDGE_CURVE('',#7078,#7101,#7103,.T.);
#7101 = VERTEX_POINT('',#7102);
#7102 = CARTESIAN_POINT('',(13.9144,-6.297559448951,2.816578600473));
#7103 = SURFACE_CURVE('',#7104,(#7108,#7115),.PCURVE_S1.);
#7104 = LINE('',#7105,#7106);
#7105 = CARTESIAN_POINT('',(13.9144,-6.622574358376,2.971602760031));
#7106 = VECTOR('',#7107,1.);
#7107 = DIRECTION('',(0.,0.90258528435,-0.430511096808));
#7108 = PCURVE('',#72,#7109);
#7109 = DEFINITIONAL_REPRESENTATION('',(#7110),#7114);
#7110 = LINE('',#7111,#7112);
#7111 = CARTESIAN_POINT('',(-5.520722085283,3.980663975427));
#7112 = VECTOR('',#7113,1.);
#7113 = DIRECTION('',(-0.430511096808,-0.90258528435));
#7114 = ( GEOMETRIC_REPRESENTATION_CONTEXT(2) 
PARAMETRIC_REPRESENTATION_CONTEXT() REPRESENTATION_CONTEXT('2D SPACE',''
  ) );
#7115 = PCURVE('',#2518,#7116);
#7116 = DEFINITIONAL_REPRESENTATION('',(#7117),#7121);
#7117 = LINE('',#7118,#7119);
#7118 = CARTESIAN_POINT('',(0.,-1.8288));
#7119 = VECTOR('',#7120,1.);
#7120 = DIRECTION('',(1.,0.));
#7121 = ( GEOMETRIC_REPRESENTATION_CONTEXT(2) 
PARAMETRIC_REPRESENTATION_CONTEXT() REPRESENTATION_CONTEXT('2D SPACE',''
  ) );
#7122 = ORIENTED_EDGE('',*,*,#7123,.T.);
#7123 = EDGE_CURVE('',#7101,#7124,#7126,.T.);
#7124 = VERTEX_POINT('',#7125);
#7125 = CARTESIAN_POINT('',(13.9144,-5.964876623532,2.678776862216));
#7126 = SURFACE_CURVE('',#7127,(#7131,#7138),.PCURVE_S1.);
#7127 = LINE('',#7128,#7129);
#7128 = CARTESIAN_POINT('',(13.9144,-6.297559448951,2.816578600473));
#7129 = VECTOR('',#7130,1.);
#7130 = DIRECTION('',(0.,0.923879532511,-0.382683432365));
#7131 = PCURVE('',#72,#7132);
#7132 = DEFINITIONAL_REPRESENTATION('',(#7133),#7137);
#7133 = LINE('',#7134,#7135);
#7134 = CARTESIAN_POINT('',(-5.675746244841,3.655649066002));
#7135 = VECTOR('',#7136,1.);
#7136 = DIRECTION('',(-0.382683432365,-0.923879532511));
#7137 = ( GEOMETRIC_REPRESENTATION_CONTEXT(2) 
PARAMETRIC_REPRESENTATION_CONTEXT() REPRESENTATION_CONTEXT('2D SPACE',''
  ) );
#7138 = PCURVE('',#2546,#7139);
#7139 = DEFINITIONAL_REPRESENTATION('',(#7140),#7144);
#7140 = LINE('',#7141,#7142);
#7141 = CARTESIAN_POINT('',(0.,-1.8288));
#7142 = VECTOR('',#7143,1.);
#7143 = DIRECTION('',(1.,0.));
#7144 = ( GEOMETRIC_REPRESENTATION_CONTEXT(2) 
PARAMETRIC_REPRESENTATION_CONTEXT() REPRESENTATION_CONTEXT('2D SPACE',''
  ) );
#7145 = ORIENTED_EDGE('',*,*,#7146,.T.);
#7146 = EDGE_CURVE('',#7124,#7147,#7149,.T.);
#7147 = VERTEX_POINT('',#7148);
#7148 = CARTESIAN_POINT('',(13.9144,-5.62543774262,2.558575250246));
#7149 = SURFACE_CURVE('',#7150,(#7154,#7161),.PCURVE_S1.);
#7150 = LINE('',#7151,#7152);
#7151 = CARTESIAN_POINT('',(13.9144,-5.964876623532,2.678776862216));
#7152 = VECTOR('',#7153,1.);
#7153 = DIRECTION('',(0.,0.942641491092,-0.333806859234));
#7154 = PCURVE('',#72,#7155);
#7155 = DEFINITIONAL_REPRESENTATION('',(#7156),#7160);
#7156 = LINE('',#7157,#7158);
#7157 = CARTESIAN_POINT('',(-5.813547983098,3.322966240584));
#7158 = VECTOR('',#7159,1.);
#7159 = DIRECTION('',(-0.333806859234,-0.942641491092));
#7160 = ( GEOMETRIC_REPRESENTATION_CONTEXT(2) 
PARAMETRIC_REPRESENTATION_CONTEXT() REPRESENTATION_CONTEXT('2D SPACE',''
  ) );
#7161 = PCURVE('',#2574,#7162);
#7162 = DEFINITIONAL_REPRESENTATION('',(#7163),#7167);
#7163 = LINE('',#7164,#7165);
#7164 = CARTESIAN_POINT('',(0.,-1.8288));
#7165 = VECTOR('',#7166,1.);
#7166 = DIRECTION('',(1.,0.));
#7167 = ( GEOMETRIC_REPRESENTATION_CONTEXT(2) 
PARAMETRIC_REPRESENTATION_CONTEXT() REPRESENTATION_CONTEXT('2D SPACE',''
  ) );
#7168 = ORIENTED_EDGE('',*,*,#7169,.T.);
#7169 = EDGE_CURVE('',#7147,#7170,#7172,.T.);
#7170 = VERTEX_POINT('',#7171);
#7171 = CARTESIAN_POINT('',(13.9144,-5.280173184593,2.456303228826));
#7172 = SURFACE_CURVE('',#7173,(#7177,#7184),.PCURVE_S1.);
#7173 = LINE('',#7174,#7175);
#7174 = CARTESIAN_POINT('',(13.9144,-5.62543774262,2.558575250246));
#7175 = VECTOR('',#7176,1.);
#7176 = DIRECTION('',(0.,0.958819734868,-0.284015344704));
#7177 = PCURVE('',#72,#7178);
#7178 = DEFINITIONAL_REPRESENTATION('',(#7179),#7183);
#7179 = LINE('',#7180,#7181);
#7180 = CARTESIAN_POINT('',(-5.933749595068,2.983527359672));
#7181 = VECTOR('',#7182,1.);
#7182 = DIRECTION('',(-0.284015344704,-0.958819734868));
#7183 = ( GEOMETRIC_REPRESENTATION_CONTEXT(2) 
PARAMETRIC_REPRESENTATION_CONTEXT() REPRESENTATION_CONTEXT('2D SPACE',''
  ) );
#7184 = PCURVE('',#2602,#7185);
#7185 = DEFINITIONAL_REPRESENTATION('',(#7186),#7190);
#7186 = LINE('',#7187,#7188);
#7187 = CARTESIAN_POINT('',(0.,-1.8288));
#7188 = VECTOR('',#7189,1.);
#7189 = DIRECTION('',(1.,0.));
#7190 = ( GEOMETRIC_REPRESENTATION_CONTEXT(2) 
PARAMETRIC_REPRESENTATION_CONTEXT() REPRESENTATION_CONTEXT('2D SPACE',''
  ) );
#7191 = ORIENTED_EDGE('',*,*,#7192,.T.);
#7192 = EDGE_CURVE('',#7170,#7193,#7195,.T.);
#7193 = VERTEX_POINT('',#7194);
#7194 = CARTESIAN_POINT('',(13.9144,-4.930029295605,2.372241118459));
#7195 = SURFACE_CURVE('',#7196,(#7200,#7207),.PCURVE_S1.);
#7196 = LINE('',#7197,#7198);
#7197 = CARTESIAN_POINT('',(13.9144,-5.280173184593,2.456303228826));
#7198 = VECTOR('',#7199,1.);
#7199 = DIRECTION('',(0.,0.972369920398,-0.233445363856));
#7200 = PCURVE('',#72,#7201);
#7201 = DEFINITIONAL_REPRESENTATION('',(#7202),#7206);
#7202 = LINE('',#7203,#7204);
#7203 = CARTESIAN_POINT('',(-6.036021616487,2.638262801645));
#7204 = VECTOR('',#7205,1.);
#7205 = DIRECTION('',(-0.233445363856,-0.972369920398));
#7206 = ( GEOMETRIC_REPRESENTATION_CONTEXT(2) 
PARAMETRIC_REPRESENTATION_CONTEXT() REPRESENTATION_CONTEXT('2D SPACE',''
  ) );
#7207 = PCURVE('',#2630,#7208);
#7208 = DEFINITIONAL_REPRESENTATION('',(#7209),#7213);
#7209 = LINE('',#7210,#7211);
#7210 = CARTESIAN_POINT('',(0.,-1.8288));
#7211 = VECTOR('',#7212,1.);
#7212 = DIRECTION('',(1.,0.));
#7213 = ( GEOMETRIC_REPRESENTATION_CONTEXT(2) 
PARAMETRIC_REPRESENTATION_CONTEXT() REPRESENTATION_CONTEXT('2D SPACE',''
  ) );
#7214 = ORIENTED_EDGE('',*,*,#7215,.T.);
#7215 = EDGE_CURVE('',#7193,#7216,#7218,.T.);
#7216 = VERTEX_POINT('',#7217);
#7217 = CARTESIAN_POINT('',(13.9144,-4.575965795718,2.306619327545));
#7218 = SURFACE_CURVE('',#7219,(#7223,#7230),.PCURVE_S1.);
#7219 = LINE('',#7220,#7221);
#7220 = CARTESIAN_POINT('',(13.9144,-4.930029295605,2.372241118459));
#7221 = VECTOR('',#7222,1.);
#7222 = DIRECTION('',(0.,0.983254907564,-0.182235525492));
#7223 = PCURVE('',#72,#7224);
#7224 = DEFINITIONAL_REPRESENTATION('',(#7225),#7229);
#7225 = LINE('',#7226,#7227);
#7226 = CARTESIAN_POINT('',(-6.120083726855,2.288118912657));
#7227 = VECTOR('',#7228,1.);
#7228 = DIRECTION('',(-0.182235525492,-0.983254907564));
#7229 = ( GEOMETRIC_REPRESENTATION_CONTEXT(2) 
PARAMETRIC_REPRESENTATION_CONTEXT() REPRESENTATION_CONTEXT('2D SPACE',''
  ) );
#7230 = PCURVE('',#2658,#7231);
#7231 = DEFINITIONAL_REPRESENTATION('',(#7232),#7236);
#7232 = LINE('',#7233,#7234);
#7233 = CARTESIAN_POINT('',(0.,-1.8288));
#7234 = VECTOR('',#7235,1.);
#7235 = DIRECTION('',(1.,0.));
#7236 = ( GEOMETRIC_REPRESENTATION_CONTEXT(2) 
PARAMETRIC_REPRESENTATION_CONTEXT() REPRESENTATION_CONTEXT('2D SPACE',''
  ) );
#7237 = ORIENTED_EDGE('',*,*,#7238,.T.);
#7238 = EDGE_CURVE('',#7216,#7239,#7241,.T.);
#7239 = VERTEX_POINT('',#7240);
#7240 = CARTESIAN_POINT('',(13.9144,-4.218953148375,2.259617720851));
#7241 = SURFACE_CURVE('',#7242,(#7246,#7253),.PCURVE_S1.);
#7242 = LINE('',#7243,#7244);
#7243 = CARTESIAN_POINT('',(13.9144,-4.575965795718,2.306619327545));
#7244 = VECTOR('',#7245,1.);
#7245 = DIRECTION('',(0.,0.991444861374,-0.13052619222));
#7246 = PCURVE('',#72,#7247);
#7247 = DEFINITIONAL_REPRESENTATION('',(#7248),#7252);
#7248 = LINE('',#7249,#7250);
#7249 = CARTESIAN_POINT('',(-6.185705517769,1.93405541277));
#7250 = VECTOR('',#7251,1.);
#7251 = DIRECTION('',(-0.13052619222,-0.991444861374));
#7252 = ( GEOMETRIC_REPRESENTATION_CONTEXT(2) 
PARAMETRIC_REPRESENTATION_CONTEXT() REPRESENTATION_CONTEXT('2D SPACE',''
  ) );
#7253 = PCURVE('',#2686,#7254);
#7254 = DEFINITIONAL_REPRESENTATION('',(#7255),#7259);
#7255 = LINE('',#7256,#7257);
#7256 = CARTESIAN_POINT('',(0.,-1.8288));
#7257 = VECTOR('',#7258,1.);
#7258 = DIRECTION('',(1.,0.));
#7259 = ( GEOMETRIC_REPRESENTATION_CONTEXT(2) 
PARAMETRIC_REPRESENTATION_CONTEXT() REPRESENTATION_CONTEXT('2D SPACE',''
  ) );
#7260 = ORIENTED_EDGE('',*,*,#7261,.T.);
#7261 = EDGE_CURVE('',#7239,#7262,#7264,.T.);
#7262 = VERTEX_POINT('',#7263);
#7263 = CARTESIAN_POINT('',(13.9144,-3.859969900425,2.231365126516));
#7264 = SURFACE_CURVE('',#7265,(#7269,#7276),.PCURVE_S1.);
#7265 = LINE('',#7266,#7267);
#7266 = CARTESIAN_POINT('',(13.9144,-4.218953148375,2.259617720851));
#7267 = VECTOR('',#7268,1.);
#7268 = DIRECTION('',(0.,0.996917333733,-7.845909572784E-02));
#7269 = PCURVE('',#72,#7270);
#7270 = DEFINITIONAL_REPRESENTATION('',(#7271),#7275);
#7271 = LINE('',#7272,#7273);
#7272 = CARTESIAN_POINT('',(-6.232707124462,1.577042765426));
#7273 = VECTOR('',#7274,1.);
#7274 = DIRECTION('',(-7.845909572784E-02,-0.996917333733));
#7275 = ( GEOMETRIC_REPRESENTATION_CONTEXT(2) 
PARAMETRIC_REPRESENTATION_CONTEXT() REPRESENTATION_CONTEXT('2D SPACE',''
  ) );
#7276 = PCURVE('',#2714,#7277);
#7277 = DEFINITIONAL_REPRESENTATION('',(#7278),#7282);
#7278 = LINE('',#7279,#7280);
#7279 = CARTESIAN_POINT('',(0.,-1.8288));
#7280 = VECTOR('',#7281,1.);
#7281 = DIRECTION('',(1.,0.));
#7282 = ( GEOMETRIC_REPRESENTATION_CONTEXT(2) 
PARAMETRIC_REPRESENTATION_CONTEXT() REPRESENTATION_CONTEXT('2D SPACE',''
  ) );
#7283 = ORIENTED_EDGE('',*,*,#7284,.T.);
#7284 = EDGE_CURVE('',#7262,#7285,#7287,.T.);
#7285 = VERTEX_POINT('',#7286);
#7286 = CARTESIAN_POINT('',(13.9144,-3.502330147641,2.222));
#7287 = SURFACE_CURVE('',#7288,(#7292,#7299),.PCURVE_S1.);
#7288 = LINE('',#7289,#7290);
#7289 = CARTESIAN_POINT('',(13.9144,-3.859969900425,2.231365126516));
#7290 = VECTOR('',#7291,1.);
#7291 = DIRECTION('',(0.,0.999657324976,-2.617694830787E-02));
#7292 = PCURVE('',#72,#7293);
#7293 = DEFINITIONAL_REPRESENTATION('',(#7294),#7298);
#7294 = LINE('',#7295,#7296);
#7295 = CARTESIAN_POINT('',(-6.260959718797,1.218059517477));
#7296 = VECTOR('',#7297,1.);
#7297 = DIRECTION('',(-2.617694830787E-02,-0.999657324976));
#7298 = ( GEOMETRIC_REPRESENTATION_CONTEXT(2) 
PARAMETRIC_REPRESENTATION_CONTEXT() REPRESENTATION_CONTEXT('2D SPACE',''
  ) );
#7299 = PCURVE('',#2742,#7300);
#7300 = DEFINITIONAL_REPRESENTATION('',(#7301),#7305);
#7301 = LINE('',#7302,#7303);
#7302 = CARTESIAN_POINT('',(0.,-1.8288));
#7303 = VECTOR('',#7304,1.);
#7304 = DIRECTION('',(1.,0.));
#7305 = ( GEOMETRIC_REPRESENTATION_CONTEXT(2) 
PARAMETRIC_REPRESENTATION_CONTEXT() REPRESENTATION_CONTEXT('2D SPACE',''
  ) );
#7306 = ORIENTED_EDGE('',*,*,#7307,.T.);
#7307 = EDGE_CURVE('',#7285,#7308,#7310,.T.);
#7308 = VERTEX_POINT('',#7309);
#7309 = CARTESIAN_POINT('',(13.9144,4.178,2.222));
#7310 = SURFACE_CURVE('',#7311,(#7315,#7322),.PCURVE_S1.);
#7311 = LINE('',#7312,#7313);
#7312 = CARTESIAN_POINT('',(13.9144,-3.502330147641,2.222));
#7313 = VECTOR('',#7314,1.);
#7314 = DIRECTION('',(0.,1.,5.782163023115E-17));
#7315 = PCURVE('',#72,#7316);
#7316 = DEFINITIONAL_REPRESENTATION('',(#7317),#7321);
#7317 = LINE('',#7318,#7319);
#7318 = CARTESIAN_POINT('',(-6.270324845314,0.860419764693));
#7319 = VECTOR('',#7320,1.);
#7320 = DIRECTION('',(5.782163023115E-17,-1.));
#7321 = ( GEOMETRIC_REPRESENTATION_CONTEXT(2) 
PARAMETRIC_REPRESENTATION_CONTEXT() REPRESENTATION_CONTEXT('2D SPACE',''
  ) );
#7322 = PCURVE('',#2770,#7323);
#7323 = DEFINITIONAL_REPRESENTATION('',(#7324),#7328);
#7324 = LINE('',#7325,#7326);
#7325 = CARTESIAN_POINT('',(0.,-1.8288));
#7326 = VECTOR('',#7327,1.);
#7327 = DIRECTION('',(1.,0.));
#7328 = ( GEOMETRIC_REPRESENTATION_CONTEXT(2) 
PARAMETRIC_REPRESENTATION_CONTEXT() REPRESENTATION_CONTEXT('2D SPACE',''
  ) );
#7329 = ORIENTED_EDGE('',*,*,#7330,.T.);
#7330 = EDGE_CURVE('',#7308,#7331,#7333,.T.);
#7331 = VERTEX_POINT('',#7332);
#7332 = CARTESIAN_POINT('',(13.9144,4.178,7.));
#7333 = SURFACE_CURVE('',#7334,(#7338,#7345),.PCURVE_S1.);
#7334 = LINE('',#7335,#7336);
#7335 = CARTESIAN_POINT('',(13.9144,4.178,2.222));
#7336 = VECTOR('',#7337,1.);
#7337 = DIRECTION('',(0.,0.,1.));
#7338 = PCURVE('',#72,#7339);
#7339 = DEFINITIONAL_REPRESENTATION('',(#7340),#7344);
#7340 = LINE('',#7341,#7342);
#7341 = CARTESIAN_POINT('',(-6.270324845314,-6.819910382948));
#7342 = VECTOR('',#7343,1.);
#7343 = DIRECTION('',(1.,0.));
#7344 = ( GEOMETRIC_REPRESENTATION_CONTEXT(2) 
PARAMETRIC_REPRESENTATION_CONTEXT() REPRESENTATION_CONTEXT('2D SPACE',''
  ) );
#7345 = PCURVE('',#2798,#7346);
#7346 = DEFINITIONAL_REPRESENTATION('',(#7347),#7351);
#7347 = LINE('',#7348,#7349);
#7348 = CARTESIAN_POINT('',(0.,-1.8288));
#7349 = VECTOR('',#7350,1.);
#7350 = DIRECTION('',(1.,0.));
#7351 = ( GEOMETRIC_REPRESENTATION_CONTEXT(2) 
PARAMETRIC_REPRESENTATION_CONTEXT() REPRESENTATION_CONTEXT('2D SPACE',''
  ) );
#7352 = ORIENTED_EDGE('',*,*,#7353,.T.);
#7353 = EDGE_CURVE('',#7331,#144,#7354,.T.);
#7354 = SURFACE_CURVE('',#7355,(#7359,#7366),.PCURVE_S1.);
#7355 = LINE('',#7356,#7357);
#7356 = CARTESIAN_POINT('',(13.9144,4.178,7.));
#7357 = VECTOR('',#7358,1.);
#7358 = DIRECTION('',(0.,0.,1.));
#7359 = PCURVE('',#72,#7360);
#7360 = DEFINITIONAL_REPRESENTATION('',(#7361),#7365);
#7361 = LINE('',#7362,#7363);
#7362 = CARTESIAN_POINT('',(-1.492324845314,-6.819910382948));
#7363 = VECTOR('',#7364,1.);
#7364 = DIRECTION('',(1.,0.));
#7365 = ( GEOMETRIC_REPRESENTATION_CONTEXT(2) 
PARAMETRIC_REPRESENTATION_CONTEXT() REPRESENTATION_CONTEXT('2D SPACE',''
  ) );
#7366 = PCURVE('',#159,#7367);
#7367 = DEFINITIONAL_REPRESENTATION('',(#7368),#7372);
#7368 = LINE('',#7369,#7370);
#7369 = CARTESIAN_POINT('',(0.,-1.8288));
#7370 = VECTOR('',#7371,1.);
#7371 = DIRECTION('',(1.,0.));
#7372 = ( GEOMETRIC_REPRESENTATION_CONTEXT(2) 
PARAMETRIC_REPRESENTATION_CONTEXT() REPRESENTATION_CONTEXT('2D SPACE',''
  ) );
#7373 = ORIENTED_EDGE('',*,*,#171,.T.);
#7374 = FACE_BOUND('',#7375,.T.);
#7375 = EDGE_LOOP('',(#7376,#7399,#7420,#7441,#7462,#7483,#7504,#7525,
    #7546,#7567,#7588,#7609,#7630,#7651,#7672,#7693,#7714,#7735,#7756,
    #7777,#7798,#7819,#7840,#7861,#7882,#7903,#7924,#7945,#7966,#7987,
    #8008,#8029,#8050,#8071,#8092,#8113,#8134,#8155,#8176,#8197,#8218,
    #8239,#8260,#8281,#8302,#8323,#8344,#8365,#8386,#8407,#8428,#8449,
    #8470,#8491,#8512,#8533,#8554,#8575,#8596,#8617,#8638,#8659,#8680,
    #8701,#8722,#8743,#8764,#8785,#8806,#8827,#8848,#8869,#8890,#8911,
    #8932,#8953,#8974,#8995,#9016,#9037,#9058,#9079,#9100,#9121,#9142,
    #9163,#9184,#9205,#9226,#9247,#9268,#9289,#9310,#9331));
#7376 = ORIENTED_EDGE('',*,*,#7377,.T.);
#7377 = EDGE_CURVE('',#7378,#7380,#7382,.T.);
#7378 = VERTEX_POINT('',#7379);
#7379 = CARTESIAN_POINT('',(13.9144,2.986211118786,9.781728259412));
#7380 = VERTEX_POINT('',#7381);
#7381 = CARTESIAN_POINT('',(13.9144,3.013000892228,9.44133191323));
#7382 = SURFACE_CURVE('',#7383,(#7387,#7393),.PCURVE_S1.);
#7383 = LINE('',#7384,#7385);
#7384 = CARTESIAN_POINT('',(13.9144,3.032709910079,9.190905097266));
#7385 = VECTOR('',#7386,1.);
#7386 = DIRECTION('',(0.,7.845909572785E-02,-0.996917333733));
#7387 = PCURVE('',#72,#7388);
#7388 = DEFINITIONAL_REPRESENTATION('',(#7389),#7392);
#7389 = B_SPLINE_CURVE_WITH_KNOTS('',1,(#7390,#7391),.UNSPECIFIED.,.F.,
  .F.,(2,2),(-0.592650104632,-0.251201185385),.PIECEWISE_BEZIER_KNOTS.);
#7390 = CARTESIAN_POINT('',(1.289403414098,-5.628121501735));
#7391 = CARTESIAN_POINT('',(0.949007067916,-5.654911275176));
#7392 = ( GEOMETRIC_REPRESENTATION_CONTEXT(2) 
PARAMETRIC_REPRESENTATION_CONTEXT() REPRESENTATION_CONTEXT('2D SPACE',''
  ) );
#7393 = PCURVE('',#2851,#7394);
#7394 = DEFINITIONAL_REPRESENTATION('',(#7395),#7398);
#7395 = B_SPLINE_CURVE_WITH_KNOTS('',1,(#7396,#7397),.UNSPECIFIED.,.F.,
  .F.,(2,2),(-0.592650104632,-0.251201185385),.PIECEWISE_BEZIER_KNOTS.);
#7396 = CARTESIAN_POINT('',(0.341448919247,-1.9144));
#7397 = CARTESIAN_POINT('',(0.,-1.9144));
#7398 = ( GEOMETRIC_REPRESENTATION_CONTEXT(2) 
PARAMETRIC_REPRESENTATION_CONTEXT() REPRESENTATION_CONTEXT('2D SPACE',''
  ) );
#7399 = ORIENTED_EDGE('',*,*,#7400,.T.);
#7400 = EDGE_CURVE('',#7380,#7401,#7403,.T.);
#7401 = VERTEX_POINT('',#7402);
#7402 = CARTESIAN_POINT('',(13.9144,3.026600076976,8.922));
#7403 = SURFACE_CURVE('',#7404,(#7408,#7414),.PCURVE_S1.);
#7404 = LINE('',#7405,#7406);
#7405 = CARTESIAN_POINT('',(13.9144,3.030279817855,8.781476365222));
#7406 = VECTOR('',#7407,1.);
#7407 = DIRECTION('',(0.,2.617694830787E-02,-0.999657324976));
#7408 = PCURVE('',#72,#7409);
#7409 = DEFINITIONAL_REPRESENTATION('',(#7410),#7413);
#7410 = B_SPLINE_CURVE_WITH_KNOTS('',1,(#7411,#7412),.UNSPECIFIED.,.F.,
  .F.,(2,2),(-0.660081741535,-0.140571805225),.PIECEWISE_BEZIER_KNOTS.);
#7411 = CARTESIAN_POINT('',(0.949007067916,-5.654911275176));
#7412 = CARTESIAN_POINT('',(0.429675154686,-5.668510459924));
#7413 = ( GEOMETRIC_REPRESENTATION_CONTEXT(2) 
PARAMETRIC_REPRESENTATION_CONTEXT() REPRESENTATION_CONTEXT('2D SPACE',''
  ) );
#7414 = PCURVE('',#2877,#7415);
#7415 = DEFINITIONAL_REPRESENTATION('',(#7416),#7419);
#7416 = B_SPLINE_CURVE_WITH_KNOTS('',1,(#7417,#7418),.UNSPECIFIED.,.F.,
  .F.,(2,2),(-0.660081741535,-0.140571805225),.PIECEWISE_BEZIER_KNOTS.);
#7417 = CARTESIAN_POINT('',(0.51950993631,-1.9144));
#7418 = CARTESIAN_POINT('',(0.,-1.9144));
#7419 = ( GEOMETRIC_REPRESENTATION_CONTEXT(2) 
PARAMETRIC_REPRESENTATION_CONTEXT() REPRESENTATION_CONTEXT('2D SPACE',''
  ) );
#7420 = ORIENTED_EDGE('',*,*,#7421,.T.);
#7421 = EDGE_CURVE('',#7401,#7422,#7424,.T.);
#7422 = VERTEX_POINT('',#7423);
#7423 = CARTESIAN_POINT('',(13.9144,3.822,8.922));
#7424 = SURFACE_CURVE('',#7425,(#7429,#7435),.PCURVE_S1.);
#7425 = LINE('',#7426,#7427);
#7426 = CARTESIAN_POINT('',(13.9144,0.590044808526,8.922));
#7427 = VECTOR('',#7428,1.);
#7428 = DIRECTION('',(-0.,1.,0.));
#7429 = PCURVE('',#72,#7430);
#7430 = DEFINITIONAL_REPRESENTATION('',(#7431),#7434);
#7431 = B_SPLINE_CURVE_WITH_KNOTS('',1,(#7432,#7433),.UNSPECIFIED.,.F.,
  .F.,(2,2),(2.43655526845,3.231955191474),.PIECEWISE_BEZIER_KNOTS.);
#7432 = CARTESIAN_POINT('',(0.429675154686,-5.668510459924));
#7433 = CARTESIAN_POINT('',(0.429675154686,-6.463910382948));
#7434 = ( GEOMETRIC_REPRESENTATION_CONTEXT(2) 
PARAMETRIC_REPRESENTATION_CONTEXT() REPRESENTATION_CONTEXT('2D SPACE',''
  ) );
#7435 = PCURVE('',#2903,#7436);
#7436 = DEFINITIONAL_REPRESENTATION('',(#7437),#7440);
#7437 = B_SPLINE_CURVE_WITH_KNOTS('',1,(#7438,#7439),.UNSPECIFIED.,.F.,
  .F.,(2,2),(2.43655526845,3.231955191474),.PIECEWISE_BEZIER_KNOTS.);
#7438 = CARTESIAN_POINT('',(0.795399923024,-1.9144));
#7439 = CARTESIAN_POINT('',(0.,-1.9144));
#7440 = ( GEOMETRIC_REPRESENTATION_CONTEXT(2) 
PARAMETRIC_REPRESENTATION_CONTEXT() REPRESENTATION_CONTEXT('2D SPACE',''
  ) );
#7441 = ORIENTED_EDGE('',*,*,#7442,.T.);
#7442 = EDGE_CURVE('',#7422,#7443,#7445,.T.);
#7443 = VERTEX_POINT('',#7444);
#7444 = CARTESIAN_POINT('',(13.9144,3.822,7.));
#7445 = SURFACE_CURVE('',#7446,(#7450,#7456),.PCURVE_S1.);
#7446 = LINE('',#7447,#7448);
#7447 = CARTESIAN_POINT('',(13.9144,3.822,7.746162422657));
#7448 = VECTOR('',#7449,1.);
#7449 = DIRECTION('',(0.,0.,-1.));
#7450 = PCURVE('',#72,#7451);
#7451 = DEFINITIONAL_REPRESENTATION('',(#7452),#7455);
#7452 = B_SPLINE_CURVE_WITH_KNOTS('',1,(#7453,#7454),.UNSPECIFIED.,.F.,
  .F.,(2,2),(-1.175837577343,0.746162422657),.PIECEWISE_BEZIER_KNOTS.);
#7453 = CARTESIAN_POINT('',(0.429675154686,-6.463910382948));
#7454 = CARTESIAN_POINT('',(-1.492324845314,-6.463910382948));
#7455 = ( GEOMETRIC_REPRESENTATION_CONTEXT(2) 
PARAMETRIC_REPRESENTATION_CONTEXT() REPRESENTATION_CONTEXT('2D SPACE',''
  ) );
#7456 = PCURVE('',#2929,#7457);
#7457 = DEFINITIONAL_REPRESENTATION('',(#7458),#7461);
#7458 = B_SPLINE_CURVE_WITH_KNOTS('',1,(#7459,#7460),.UNSPECIFIED.,.F.,
  .F.,(2,2),(-1.175837577343,0.746162422657),.PIECEWISE_BEZIER_KNOTS.);
#7459 = CARTESIAN_POINT('',(1.922,-1.9144));
#7460 = CARTESIAN_POINT('',(0.,-1.9144));
#7461 = ( GEOMETRIC_REPRESENTATION_CONTEXT(2) 
PARAMETRIC_REPRESENTATION_CONTEXT() REPRESENTATION_CONTEXT('2D SPACE',''
  ) );
#7462 = ORIENTED_EDGE('',*,*,#7463,.T.);
#7463 = EDGE_CURVE('',#7443,#7464,#7466,.T.);
#7464 = VERTEX_POINT('',#7465);
#7465 = CARTESIAN_POINT('',(13.9144,3.822,2.578));
#7466 = SURFACE_CURVE('',#7467,(#7471,#7477),.PCURVE_S1.);
#7467 = LINE('',#7468,#7469);
#7468 = CARTESIAN_POINT('',(13.9144,3.822,5.535162422657));
#7469 = VECTOR('',#7470,1.);
#7470 = DIRECTION('',(0.,0.,-1.));
#7471 = PCURVE('',#72,#7472);
#7472 = DEFINITIONAL_REPRESENTATION('',(#7473),#7476);
#7473 = B_SPLINE_CURVE_WITH_KNOTS('',1,(#7474,#7475),.UNSPECIFIED.,.F.,
  .F.,(2,2),(-1.464837577343,2.957162422657),.PIECEWISE_BEZIER_KNOTS.);
#7474 = CARTESIAN_POINT('',(-1.492324845314,-6.463910382948));
#7475 = CARTESIAN_POINT('',(-5.914324845314,-6.463910382948));
#7476 = ( GEOMETRIC_REPRESENTATION_CONTEXT(2) 
PARAMETRIC_REPRESENTATION_CONTEXT() REPRESENTATION_CONTEXT('2D SPACE',''
  ) );
#7477 = PCURVE('',#2955,#7478);
#7478 = DEFINITIONAL_REPRESENTATION('',(#7479),#7482);
#7479 = B_SPLINE_CURVE_WITH_KNOTS('',1,(#7480,#7481),.UNSPECIFIED.,.F.,
  .F.,(2,2),(-1.464837577343,2.957162422657),.PIECEWISE_BEZIER_KNOTS.);
#7480 = CARTESIAN_POINT('',(4.422,-1.9144));
#7481 = CARTESIAN_POINT('',(0.,-1.9144));
#7482 = ( GEOMETRIC_REPRESENTATION_CONTEXT(2) 
PARAMETRIC_REPRESENTATION_CONTEXT() REPRESENTATION_CONTEXT('2D SPACE',''
  ) );
#7483 = ORIENTED_EDGE('',*,*,#7484,.T.);
#7484 = EDGE_CURVE('',#7464,#7485,#7487,.T.);
#7485 = VERTEX_POINT('',#7486);
#7486 = CARTESIAN_POINT('',(13.9144,-3.497669852359,2.578));
#7487 = SURFACE_CURVE('',#7488,(#7492,#7498),.PCURVE_S1.);
#7488 = LINE('',#7489,#7490);
#7489 = CARTESIAN_POINT('',(13.9144,-3.069790117654,2.578));
#7490 = VECTOR('',#7491,1.);
#7491 = DIRECTION('',(0.,-1.,-6.067066121936E-17));
#7492 = PCURVE('',#72,#7493);
#7493 = DEFINITIONAL_REPRESENTATION('',(#7494),#7497);
#7494 = B_SPLINE_CURVE_WITH_KNOTS('',1,(#7495,#7496),.UNSPECIFIED.,.F.,
  .F.,(2,2),(-6.891790117654,0.427879734705),.PIECEWISE_BEZIER_KNOTS.);
#7495 = CARTESIAN_POINT('',(-5.914324845314,-6.463910382948));
#7496 = CARTESIAN_POINT('',(-5.914324845314,0.855759469411));
#7497 = ( GEOMETRIC_REPRESENTATION_CONTEXT(2) 
PARAMETRIC_REPRESENTATION_CONTEXT() REPRESENTATION_CONTEXT('2D SPACE',''
  ) );
#7498 = PCURVE('',#2981,#7499);
#7499 = DEFINITIONAL_REPRESENTATION('',(#7500),#7503);
#7500 = B_SPLINE_CURVE_WITH_KNOTS('',1,(#7501,#7502),.UNSPECIFIED.,.F.,
  .F.,(2,2),(-6.891790117654,0.427879734705),.PIECEWISE_BEZIER_KNOTS.);
#7501 = CARTESIAN_POINT('',(7.319669852359,-1.9144));
#7502 = CARTESIAN_POINT('',(0.,-1.9144));
#7503 = ( GEOMETRIC_REPRESENTATION_CONTEXT(2) 
PARAMETRIC_REPRESENTATION_CONTEXT() REPRESENTATION_CONTEXT('2D SPACE',''
  ) );
#7504 = ORIENTED_EDGE('',*,*,#7505,.T.);
#7505 = EDGE_CURVE('',#7485,#7506,#7508,.T.);
#7506 = VERTEX_POINT('',#7507);
#7507 = CARTESIAN_POINT('',(13.9144,-3.84133191323,2.586999107772));
#7508 = SURFACE_CURVE('',#7509,(#7513,#7519),.PCURVE_S1.);
#7509 = LINE('',#7510,#7511);
#7510 = CARTESIAN_POINT('',(13.9144,-3.31929730682,2.573329150512));
#7511 = VECTOR('',#7512,1.);
#7512 = DIRECTION('',(0.,-0.999657324976,2.617694830787E-02));
#7513 = PCURVE('',#72,#7514);
#7514 = DEFINITIONAL_REPRESENTATION('',(#7515),#7518);
#7515 = B_SPLINE_CURVE_WITH_KNOTS('',1,(#7516,#7517),.UNSPECIFIED.,.F.,
  .F.,(2,2),(0.178433690308,0.522213555953),.PIECEWISE_BEZIER_KNOTS.);
#7516 = CARTESIAN_POINT('',(-5.914324845314,0.855759469411));
#7517 = CARTESIAN_POINT('',(-5.905325737542,1.199421530282));
#7518 = ( GEOMETRIC_REPRESENTATION_CONTEXT(2) 
PARAMETRIC_REPRESENTATION_CONTEXT() REPRESENTATION_CONTEXT('2D SPACE',''
  ) );
#7519 = PCURVE('',#3007,#7520);
#7520 = DEFINITIONAL_REPRESENTATION('',(#7521),#7524);
#7521 = B_SPLINE_CURVE_WITH_KNOTS('',1,(#7522,#7523),.UNSPECIFIED.,.F.,
  .F.,(2,2),(0.178433690308,0.522213555953),.PIECEWISE_BEZIER_KNOTS.);
#7522 = CARTESIAN_POINT('',(0.343779865645,-1.9144));
#7523 = CARTESIAN_POINT('',(0.,-1.9144));
#7524 = ( GEOMETRIC_REPRESENTATION_CONTEXT(2) 
PARAMETRIC_REPRESENTATION_CONTEXT() REPRESENTATION_CONTEXT('2D SPACE',''
  ) );
#7525 = ORIENTED_EDGE('',*,*,#7526,.T.);
#7526 = EDGE_CURVE('',#7506,#7527,#7529,.T.);
#7527 = VERTEX_POINT('',#7528);
#7528 = CARTESIAN_POINT('',(13.9144,-4.181728259412,2.613788881214));
#7529 = SURFACE_CURVE('',#7530,(#7534,#7540),.PCURVE_S1.);
#7530 = LINE('',#7531,#7532);
#7531 = CARTESIAN_POINT('',(13.9144,-3.646460156681,2.57166236792));
#7532 = VECTOR('',#7533,1.);
#7533 = DIRECTION('',(0.,-0.996917333733,7.845909572784E-02));
#7534 = PCURVE('',#72,#7535);
#7535 = DEFINITIONAL_REPRESENTATION('',(#7536),#7539);
#7536 = B_SPLINE_CURVE_WITH_KNOTS('',1,(#7537,#7538),.UNSPECIFIED.,.F.,
  .F.,(2,2),(0.195474338699,0.536923257946),.PIECEWISE_BEZIER_KNOTS.);
#7537 = CARTESIAN_POINT('',(-5.905325737542,1.199421530282));
#7538 = CARTESIAN_POINT('',(-5.8785359641,1.539817876463));
#7539 = ( GEOMETRIC_REPRESENTATION_CONTEXT(2) 
PARAMETRIC_REPRESENTATION_CONTEXT() REPRESENTATION_CONTEXT('2D SPACE',''
  ) );
#7540 = PCURVE('',#3033,#7541);
#7541 = DEFINITIONAL_REPRESENTATION('',(#7542),#7545);
#7542 = B_SPLINE_CURVE_WITH_KNOTS('',1,(#7543,#7544),.UNSPECIFIED.,.F.,
  .F.,(2,2),(0.195474338699,0.536923257946),.PIECEWISE_BEZIER_KNOTS.);
#7543 = CARTESIAN_POINT('',(0.341448919247,-1.9144));
#7544 = CARTESIAN_POINT('',(0.,-1.9144));
#7545 = ( GEOMETRIC_REPRESENTATION_CONTEXT(2) 
PARAMETRIC_REPRESENTATION_CONTEXT() REPRESENTATION_CONTEXT('2D SPACE',''
  ) );
#7546 = ORIENTED_EDGE('',*,*,#7547,.T.);
#7547 = EDGE_CURVE('',#7527,#7548,#7550,.T.);
#7548 = VERTEX_POINT('',#7549);
#7549 = CARTESIAN_POINT('',(13.9144,-4.520256035821,2.658356908481));
#7550 = SURFACE_CURVE('',#7551,(#7555,#7561),.PCURVE_S1.);
#7551 = LINE('',#7552,#7553);
#7552 = CARTESIAN_POINT('',(13.9144,-3.974569481043,2.586515910644));
#7553 = VECTOR('',#7554,1.);
#7554 = DIRECTION('',(0.,-0.991444861374,0.13052619222));
#7555 = PCURVE('',#72,#7556);
#7556 = DEFINITIONAL_REPRESENTATION('',(#7557),#7560);
#7557 = B_SPLINE_CURVE_WITH_KNOTS('',1,(#7558,#7559),.UNSPECIFIED.,.F.,
  .F.,(2,2),(0.208946343301,0.550395262548),.PIECEWISE_BEZIER_KNOTS.);
#7558 = CARTESIAN_POINT('',(-5.8785359641,1.539817876463));
#7559 = CARTESIAN_POINT('',(-5.833967936833,1.878345652872));
#7560 = ( GEOMETRIC_REPRESENTATION_CONTEXT(2) 
PARAMETRIC_REPRESENTATION_CONTEXT() REPRESENTATION_CONTEXT('2D SPACE',''
  ) );
#7561 = PCURVE('',#3059,#7562);
#7562 = DEFINITIONAL_REPRESENTATION('',(#7563),#7566);
#7563 = B_SPLINE_CURVE_WITH_KNOTS('',1,(#7564,#7565),.UNSPECIFIED.,.F.,
  .F.,(2,2),(0.208946343301,0.550395262548),.PIECEWISE_BEZIER_KNOTS.);
#7564 = CARTESIAN_POINT('',(0.341448919247,-1.9144));
#7565 = CARTESIAN_POINT('',(0.,-1.9144));
#7566 = ( GEOMETRIC_REPRESENTATION_CONTEXT(2) 
PARAMETRIC_REPRESENTATION_CONTEXT() REPRESENTATION_CONTEXT('2D SPACE',''
  ) );
#7567 = ORIENTED_EDGE('',*,*,#7568,.T.);
#7568 = EDGE_CURVE('',#7548,#7569,#7571,.T.);
#7569 = VERTEX_POINT('',#7570);
#7570 = CARTESIAN_POINT('',(13.9144,-4.855987361353,2.720581031708));
#7571 = SURFACE_CURVE('',#7572,(#7576,#7582),.PCURVE_S1.);
#7572 = LINE('',#7573,#7574);
#7573 = CARTESIAN_POINT('',(13.9144,-4.302815383248,2.618056665603));
#7574 = VECTOR('',#7575,1.);
#7575 = DIRECTION('',(0.,-0.983254907564,0.182235525492));
#7576 = PCURVE('',#72,#7577);
#7577 = DEFINITIONAL_REPRESENTATION('',(#7578),#7581);
#7578 = B_SPLINE_CURVE_WITH_KNOTS('',1,(#7579,#7580),.UNSPECIFIED.,.F.,
  .F.,(2,2),(0.221143724684,0.562592643931),.PIECEWISE_BEZIER_KNOTS.);
#7579 = CARTESIAN_POINT('',(-5.833967936833,1.878345652872));
#7580 = CARTESIAN_POINT('',(-5.771743813606,2.214076978404));
#7581 = ( GEOMETRIC_REPRESENTATION_CONTEXT(2) 
PARAMETRIC_REPRESENTATION_CONTEXT() REPRESENTATION_CONTEXT('2D SPACE',''
  ) );
#7582 = PCURVE('',#3085,#7583);
#7583 = DEFINITIONAL_REPRESENTATION('',(#7584),#7587);
#7584 = B_SPLINE_CURVE_WITH_KNOTS('',1,(#7585,#7586),.UNSPECIFIED.,.F.,
  .F.,(2,2),(0.221143724684,0.562592643931),.PIECEWISE_BEZIER_KNOTS.);
#7585 = CARTESIAN_POINT('',(0.341448919247,-1.9144));
#7586 = CARTESIAN_POINT('',(0.,-1.9144));
#7587 = ( GEOMETRIC_REPRESENTATION_CONTEXT(2) 
PARAMETRIC_REPRESENTATION_CONTEXT() REPRESENTATION_CONTEXT('2D SPACE',''
  ) );
#7588 = ORIENTED_EDGE('',*,*,#7589,.T.);
#7589 = EDGE_CURVE('',#7569,#7590,#7592,.T.);
#7590 = VERTEX_POINT('',#7591);
#7591 = CARTESIAN_POINT('',(13.9144,-5.188002019781,2.8002906989));
#7592 = SURFACE_CURVE('',#7593,(#7597,#7603),.PCURVE_S1.);
#7593 = LINE('',#7594,#7595);
#7594 = CARTESIAN_POINT('',(13.9144,-4.630365402339,2.666413991767));
#7595 = VECTOR('',#7596,1.);
#7596 = DIRECTION('',(0.,-0.972369920398,0.233445363856));
#7597 = PCURVE('',#72,#7598);
#7598 = DEFINITIONAL_REPRESENTATION('',(#7599),#7602);
#7599 = B_SPLINE_CURVE_WITH_KNOTS('',1,(#7600,#7601),.UNSPECIFIED.,.F.,
  .F.,(2,2),(0.232033050674,0.573481969921),.PIECEWISE_BEZIER_KNOTS.);
#7600 = CARTESIAN_POINT('',(-5.771743813606,2.214076978404));
#7601 = CARTESIAN_POINT('',(-5.692034146414,2.546091636832));
#7602 = ( GEOMETRIC_REPRESENTATION_CONTEXT(2) 
PARAMETRIC_REPRESENTATION_CONTEXT() REPRESENTATION_CONTEXT('2D SPACE',''
  ) );
#7603 = PCURVE('',#3111,#7604);
#7604 = DEFINITIONAL_REPRESENTATION('',(#7605),#7608);
#7605 = B_SPLINE_CURVE_WITH_KNOTS('',1,(#7606,#7607),.UNSPECIFIED.,.F.,
  .F.,(2,2),(0.232033050674,0.573481969921),.PIECEWISE_BEZIER_KNOTS.);
#7606 = CARTESIAN_POINT('',(0.341448919247,-1.9144));
#7607 = CARTESIAN_POINT('',(0.,-1.9144));
#7608 = ( GEOMETRIC_REPRESENTATION_CONTEXT(2) 
PARAMETRIC_REPRESENTATION_CONTEXT() REPRESENTATION_CONTEXT('2D SPACE',''
  ) );
#7609 = ORIENTED_EDGE('',*,*,#7610,.T.);
#7610 = EDGE_CURVE('',#7590,#7611,#7613,.T.);
#7611 = VERTEX_POINT('',#7612);
#7612 = CARTESIAN_POINT('',(13.9144,-5.515389982004,2.897267431399));
#7613 = SURFACE_CURVE('',#7614,(#7618,#7624),.PCURVE_S1.);
#7614 = LINE('',#7615,#7616);
#7615 = CARTESIAN_POINT('',(13.9144,-4.956366058102,2.731677001132));
#7616 = VECTOR('',#7617,1.);
#7617 = DIRECTION('',(0.,-0.958819734868,0.284015344704));
#7618 = PCURVE('',#72,#7619);
#7619 = DEFINITIONAL_REPRESENTATION('',(#7620),#7623);
#7620 = B_SPLINE_CURVE_WITH_KNOTS('',1,(#7621,#7622),.UNSPECIFIED.,.F.,
  .F.,(2,2),(0.241584474385,0.583033393632),.PIECEWISE_BEZIER_KNOTS.);
#7621 = CARTESIAN_POINT('',(-5.692034146414,2.546091636832));
#7622 = CARTESIAN_POINT('',(-5.595057413915,2.873479599055));
#7623 = ( GEOMETRIC_REPRESENTATION_CONTEXT(2) 
PARAMETRIC_REPRESENTATION_CONTEXT() REPRESENTATION_CONTEXT('2D SPACE',''
  ) );
#7624 = PCURVE('',#3137,#7625);
#7625 = DEFINITIONAL_REPRESENTATION('',(#7626),#7629);
#7626 = B_SPLINE_CURVE_WITH_KNOTS('',1,(#7627,#7628),.UNSPECIFIED.,.F.,
  .F.,(2,2),(0.241584474385,0.583033393632),.PIECEWISE_BEZIER_KNOTS.);
#7627 = CARTESIAN_POINT('',(0.341448919247,-1.9144));
#7628 = CARTESIAN_POINT('',(0.,-1.9144));
#7629 = ( GEOMETRIC_REPRESENTATION_CONTEXT(2) 
PARAMETRIC_REPRESENTATION_CONTEXT() REPRESENTATION_CONTEXT('2D SPACE',''
  ) );
#7630 = ORIENTED_EDGE('',*,*,#7631,.T.);
#7631 = EDGE_CURVE('',#7611,#7632,#7634,.T.);
#7632 = VERTEX_POINT('',#7633);
#7633 = CARTESIAN_POINT('',(13.9144,-5.837253900375,3.011245422721));
#7634 = SURFACE_CURVE('',#7635,(#7639,#7645),.PCURVE_S1.);
#7635 = LINE('',#7636,#7637);
#7636 = CARTESIAN_POINT('',(13.9144,-5.279944704909,2.813891885965));
#7637 = VECTOR('',#7638,1.);
#7638 = DIRECTION('',(0.,-0.942641491092,0.333806859234));
#7639 = PCURVE('',#72,#7640);
#7640 = DEFINITIONAL_REPRESENTATION('',(#7641),#7644);
#7641 = B_SPLINE_CURVE_WITH_KNOTS('',1,(#7642,#7643),.UNSPECIFIED.,.F.,
  .F.,(2,2),(0.249771816029,0.591220735276),.PIECEWISE_BEZIER_KNOTS.);
#7642 = CARTESIAN_POINT('',(-5.595057413915,2.873479599055));
#7643 = CARTESIAN_POINT('',(-5.481079422593,3.195343517426));
#7644 = ( GEOMETRIC_REPRESENTATION_CONTEXT(2) 
PARAMETRIC_REPRESENTATION_CONTEXT() REPRESENTATION_CONTEXT('2D SPACE',''
  ) );
#7645 = PCURVE('',#3163,#7646);
#7646 = DEFINITIONAL_REPRESENTATION('',(#7647),#7650);
#7647 = B_SPLINE_CURVE_WITH_KNOTS('',1,(#7648,#7649),.UNSPECIFIED.,.F.,
  .F.,(2,2),(0.249771816029,0.591220735276),.PIECEWISE_BEZIER_KNOTS.);
#7648 = CARTESIAN_POINT('',(0.341448919247,-1.9144));
#7649 = CARTESIAN_POINT('',(0.,-1.9144));
#7650 = ( GEOMETRIC_REPRESENTATION_CONTEXT(2) 
PARAMETRIC_REPRESENTATION_CONTEXT() REPRESENTATION_CONTEXT('2D SPACE',''
  ) );
#7651 = ORIENTED_EDGE('',*,*,#7652,.T.);
#7652 = EDGE_CURVE('',#7632,#7653,#7655,.T.);
#7653 = VERTEX_POINT('',#7654);
#7654 = CARTESIAN_POINT('',(13.9144,-6.152711568265,3.141912267116));
#7655 = SURFACE_CURVE('',#7656,(#7660,#7666),.PCURVE_S1.);
#7656 = LINE('',#7657,#7658);
#7657 = CARTESIAN_POINT('',(13.9144,-5.600211694599,2.913059326234));
#7658 = VECTOR('',#7659,1.);
#7659 = DIRECTION('',(0.,-0.923879532511,0.382683432365));
#7660 = PCURVE('',#72,#7661);
#7661 = DEFINITIONAL_REPRESENTATION('',(#7662),#7665);
#7662 = B_SPLINE_CURVE_WITH_KNOTS('',1,(#7663,#7664),.UNSPECIFIED.,.F.,
  .F.,(2,2),(0.256572634671,0.598021553918),.PIECEWISE_BEZIER_KNOTS.);
#7663 = CARTESIAN_POINT('',(-5.481079422593,3.195343517426));
#7664 = CARTESIAN_POINT('',(-5.350412578198,3.510801185316));
#7665 = ( GEOMETRIC_REPRESENTATION_CONTEXT(2) 
PARAMETRIC_REPRESENTATION_CONTEXT() REPRESENTATION_CONTEXT('2D SPACE',''
  ) );
#7666 = PCURVE('',#3189,#7667);
#7667 = DEFINITIONAL_REPRESENTATION('',(#7668),#7671);
#7668 = B_SPLINE_CURVE_WITH_KNOTS('',1,(#7669,#7670),.UNSPECIFIED.,.F.,
  .F.,(2,2),(0.256572634671,0.598021553918),.PIECEWISE_BEZIER_KNOTS.);
#7669 = CARTESIAN_POINT('',(0.341448919247,-1.9144));
#7670 = CARTESIAN_POINT('',(0.,-1.9144));
#7671 = ( GEOMETRIC_REPRESENTATION_CONTEXT(2) 
PARAMETRIC_REPRESENTATION_CONTEXT() REPRESENTATION_CONTEXT('2D SPACE',''
  ) );
#7672 = ORIENTED_EDGE('',*,*,#7673,.T.);
#7673 = EDGE_CURVE('',#7653,#7674,#7676,.T.);
#7674 = VERTEX_POINT('',#7675);
#7675 = CARTESIAN_POINT('',(13.9144,-6.460898338134,3.288909815845));
#7676 = SURFACE_CURVE('',#7677,(#7681,#7687),.PCURVE_S1.);
#7677 = LINE('',#7678,#7679);
#7678 = CARTESIAN_POINT('',(13.9144,-5.916262844979,3.029132011371));
#7679 = VECTOR('',#7680,1.);
#7680 = DIRECTION('',(0.,-0.90258528435,0.430511096808));
#7681 = PCURVE('',#72,#7682);
#7682 = DEFINITIONAL_REPRESENTATION('',(#7683),#7686);
#7683 = B_SPLINE_CURVE_WITH_KNOTS('',1,(#7684,#7685),.UNSPECIFIED.,.F.,
  .F.,(2,2),(0.26196828974,0.603417208987),.PIECEWISE_BEZIER_KNOTS.);
#7684 = CARTESIAN_POINT('',(-5.350412578198,3.510801185316));
#7685 = CARTESIAN_POINT('',(-5.203415029469,3.818987955186));
#7686 = ( GEOMETRIC_REPRESENTATION_CONTEXT(2) 
PARAMETRIC_REPRESENTATION_CONTEXT() REPRESENTATION_CONTEXT('2D SPACE',''
  ) );
#7687 = PCURVE('',#3215,#7688);
#7688 = DEFINITIONAL_REPRESENTATION('',(#7689),#7692);
#7689 = B_SPLINE_CURVE_WITH_KNOTS('',1,(#7690,#7691),.UNSPECIFIED.,.F.,
  .F.,(2,2),(0.26196828974,0.603417208987),.PIECEWISE_BEZIER_KNOTS.);
#7690 = CARTESIAN_POINT('',(0.341448919247,-1.9144));
#7691 = CARTESIAN_POINT('',(0.,-1.9144));
#7692 = ( GEOMETRIC_REPRESENTATION_CONTEXT(2) 
PARAMETRIC_REPRESENTATION_CONTEXT() REPRESENTATION_CONTEXT('2D SPACE',''
  ) );
#7693 = ORIENTED_EDGE('',*,*,#7694,.T.);
#7694 = EDGE_CURVE('',#7674,#7695,#7697,.T.);
#7695 = VERTEX_POINT('',#7696);
#7696 = CARTESIAN_POINT('',(13.9144,-6.760969491468,3.451835158845));
#7697 = SURFACE_CURVE('',#7698,(#7702,#7708),.PCURVE_S1.);
#7698 = LINE('',#7699,#7700);
#7699 = CARTESIAN_POINT('',(13.9144,-6.227182206848,3.162012310266));
#7700 = VECTOR('',#7701,1.);
#7701 = DIRECTION('',(0.,-0.878817112662,0.47715876026));
#7702 = PCURVE('',#72,#7703);
#7703 = DEFINITIONAL_REPRESENTATION('',(#7704),#7707);
#7704 = B_SPLINE_CURVE_WITH_KNOTS('',1,(#7705,#7706),.UNSPECIFIED.,.F.,
  .F.,(2,2),(0.265943992121,0.607392911368),.PIECEWISE_BEZIER_KNOTS.);
#7705 = CARTESIAN_POINT('',(-5.203415029469,3.818987955186));
#7706 = CARTESIAN_POINT('',(-5.040489686469,4.11905910852));
#7707 = ( GEOMETRIC_REPRESENTATION_CONTEXT(2) 
PARAMETRIC_REPRESENTATION_CONTEXT() REPRESENTATION_CONTEXT('2D SPACE',''
  ) );
#7708 = PCURVE('',#3241,#7709);
#7709 = DEFINITIONAL_REPRESENTATION('',(#7710),#7713);
#7710 = B_SPLINE_CURVE_WITH_KNOTS('',1,(#7711,#7712),.UNSPECIFIED.,.F.,
  .F.,(2,2),(0.265943992121,0.607392911368),.PIECEWISE_BEZIER_KNOTS.);
#7711 = CARTESIAN_POINT('',(0.341448919247,-1.9144));
#7712 = CARTESIAN_POINT('',(0.,-1.9144));
#7713 = ( GEOMETRIC_REPRESENTATION_CONTEXT(2) 
PARAMETRIC_REPRESENTATION_CONTEXT() REPRESENTATION_CONTEXT('2D SPACE',''
  ) );
#7714 = ORIENTED_EDGE('',*,*,#7715,.T.);
#7715 = EDGE_CURVE('',#7695,#7716,#7718,.T.);
#7716 = VERTEX_POINT('',#7717);
#7717 = CARTESIAN_POINT('',(13.9144,-7.052102554093,3.630241729075));
#7718 = SURFACE_CURVE('',#7719,(#7723,#7729),.PCURVE_S1.);
#7719 = LINE('',#7720,#7721);
#7720 = CARTESIAN_POINT('',(13.9144,-6.532045118805,3.311550122852));
#7721 = VECTOR('',#7722,1.);
#7722 = DIRECTION('',(0.,-0.852640164354,0.522498564716));
#7723 = PCURVE('',#72,#7724);
#7724 = DEFINITIONAL_REPRESENTATION('',(#7725),#7728);
#7725 = B_SPLINE_CURVE_WITH_KNOTS('',1,(#7726,#7727),.UNSPECIFIED.,.F.,
  .F.,(2,2),(0.26848884469,0.609937763937),.PIECEWISE_BEZIER_KNOTS.);
#7726 = CARTESIAN_POINT('',(-5.040489686469,4.11905910852));
#7727 = CARTESIAN_POINT('',(-4.862083116239,4.410192171145));
#7728 = ( GEOMETRIC_REPRESENTATION_CONTEXT(2) 
PARAMETRIC_REPRESENTATION_CONTEXT() REPRESENTATION_CONTEXT('2D SPACE',''
  ) );
#7729 = PCURVE('',#3267,#7730);
#7730 = DEFINITIONAL_REPRESENTATION('',(#7731),#7734);
#7731 = B_SPLINE_CURVE_WITH_KNOTS('',1,(#7732,#7733),.UNSPECIFIED.,.F.,
  .F.,(2,2),(0.26848884469,0.609937763937),.PIECEWISE_BEZIER_KNOTS.);
#7732 = CARTESIAN_POINT('',(0.341448919247,-1.9144));
#7733 = CARTESIAN_POINT('',(0.,-1.9144));
#7734 = ( GEOMETRIC_REPRESENTATION_CONTEXT(2) 
PARAMETRIC_REPRESENTATION_CONTEXT() REPRESENTATION_CONTEXT('2D SPACE',''
  ) );
#7735 = ORIENTED_EDGE('',*,*,#7736,.T.);
#7736 = EDGE_CURVE('',#7716,#7737,#7739,.T.);
#7737 = VERTEX_POINT('',#7738);
#7738 = CARTESIAN_POINT('',(13.9144,-7.333499550522,3.823640526528));
#7739 = SURFACE_CURVE('',#7740,(#7744,#7750),.PCURVE_S1.);
#7740 = LINE('',#7741,#7742);
#7741 = CARTESIAN_POINT('',(13.9144,-6.829921535483,3.477540945622));
#7742 = VECTOR('',#7743,1.);
#7743 = DIRECTION('',(0.,-0.824126188622,0.566406236925));
#7744 = PCURVE('',#72,#7745);
#7745 = DEFINITIONAL_REPRESENTATION('',(#7746),#7749);
#7746 = B_SPLINE_CURVE_WITH_KNOTS('',1,(#7747,#7748),.UNSPECIFIED.,.F.,
  .F.,(2,2),(0.269595872183,0.611044791429),.PIECEWISE_BEZIER_KNOTS.);
#7747 = CARTESIAN_POINT('',(-4.862083116239,4.410192171145));
#7748 = CARTESIAN_POINT('',(-4.668684318786,4.691589167573));
#7749 = ( GEOMETRIC_REPRESENTATION_CONTEXT(2) 
PARAMETRIC_REPRESENTATION_CONTEXT() REPRESENTATION_CONTEXT('2D SPACE',''
  ) );
#7750 = PCURVE('',#3293,#7751);
#7751 = DEFINITIONAL_REPRESENTATION('',(#7752),#7755);
#7752 = B_SPLINE_CURVE_WITH_KNOTS('',1,(#7753,#7754),.UNSPECIFIED.,.F.,
  .F.,(2,2),(0.269595872183,0.611044791429),.PIECEWISE_BEZIER_KNOTS.);
#7753 = CARTESIAN_POINT('',(0.341448919247,-1.9144));
#7754 = CARTESIAN_POINT('',(0.,-1.9144));
#7755 = ( GEOMETRIC_REPRESENTATION_CONTEXT(2) 
PARAMETRIC_REPRESENTATION_CONTEXT() REPRESENTATION_CONTEXT('2D SPACE',''
  ) );
#7756 = ORIENTED_EDGE('',*,*,#7757,.T.);
#7757 = EDGE_CURVE('',#7737,#7758,#7760,.T.);
#7758 = VERTEX_POINT('',#7759);
#7759 = CARTESIAN_POINT('',(13.9144,-7.604389191145,4.031501458542));
#7760 = SURFACE_CURVE('',#7761,(#7765,#7771),.PCURVE_S1.);
#7761 = LINE('',#7762,#7763);
#7762 = CARTESIAN_POINT('',(13.9144,-7.119879611425,3.659724182089));
#7763 = VECTOR('',#7764,1.);
#7764 = DIRECTION('',(0.,-0.793353340291,0.608761429009));
#7765 = PCURVE('',#72,#7766);
#7766 = DEFINITIONAL_REPRESENTATION('',(#7767),#7770);
#7767 = B_SPLINE_CURVE_WITH_KNOTS('',1,(#7768,#7769),.UNSPECIFIED.,.F.,
  .F.,(2,2),(0.269262040313,0.61071095956),.PIECEWISE_BEZIER_KNOTS.);
#7768 = CARTESIAN_POINT('',(-4.668684318786,4.691589167573));
#7769 = CARTESIAN_POINT('',(-4.460823386772,4.962478808196));
#7770 = ( GEOMETRIC_REPRESENTATION_CONTEXT(2) 
PARAMETRIC_REPRESENTATION_CONTEXT() REPRESENTATION_CONTEXT('2D SPACE',''
  ) );
#7771 = PCURVE('',#3319,#7772);
#7772 = DEFINITIONAL_REPRESENTATION('',(#7773),#7776);
#7773 = B_SPLINE_CURVE_WITH_KNOTS('',1,(#7774,#7775),.UNSPECIFIED.,.F.,
  .F.,(2,2),(0.269262040313,0.61071095956),.PIECEWISE_BEZIER_KNOTS.);
#7774 = CARTESIAN_POINT('',(0.341448919247,-1.9144));
#7775 = CARTESIAN_POINT('',(0.,-1.9144));
#7776 = ( GEOMETRIC_REPRESENTATION_CONTEXT(2) 
PARAMETRIC_REPRESENTATION_CONTEXT() REPRESENTATION_CONTEXT('2D SPACE',''
  ) );
#7777 = ORIENTED_EDGE('',*,*,#7778,.T.);
#7778 = EDGE_CURVE('',#7758,#7779,#7781,.T.);
#7779 = VERTEX_POINT('',#7780);
#7780 = CARTESIAN_POINT('',(13.9144,-7.864028986288,4.253254792751));
#7781 = SURFACE_CURVE('',#7782,(#7786,#7792),.PCURVE_S1.);
#7782 = LINE('',#7783,#7784);
#7783 = CARTESIAN_POINT('',(13.9144,-7.400989519401,3.857781727476));
#7784 = VECTOR('',#7785,1.);
#7785 = DIRECTION('',(0.,-0.7604059656,0.64944804833));
#7786 = PCURVE('',#72,#7787);
#7787 = DEFINITIONAL_REPRESENTATION('',(#7788),#7791);
#7788 = B_SPLINE_CURVE_WITH_KNOTS('',1,(#7789,#7790),.UNSPECIFIED.,.F.,
  .F.,(2,2),(0.267488264092,0.608937183339),.PIECEWISE_BEZIER_KNOTS.);
#7789 = CARTESIAN_POINT('',(-4.460823386772,4.962478808196));
#7790 = CARTESIAN_POINT('',(-4.239070052563,5.222118603339));
#7791 = ( GEOMETRIC_REPRESENTATION_CONTEXT(2) 
PARAMETRIC_REPRESENTATION_CONTEXT() REPRESENTATION_CONTEXT('2D SPACE',''
  ) );
#7792 = PCURVE('',#3345,#7793);
#7793 = DEFINITIONAL_REPRESENTATION('',(#7794),#7797);
#7794 = B_SPLINE_CURVE_WITH_KNOTS('',1,(#7795,#7796),.UNSPECIFIED.,.F.,
  .F.,(2,2),(0.267488264092,0.608937183339),.PIECEWISE_BEZIER_KNOTS.);
#7795 = CARTESIAN_POINT('',(0.341448919247,-1.9144));
#7796 = CARTESIAN_POINT('',(0.,-1.9144));
#7797 = ( GEOMETRIC_REPRESENTATION_CONTEXT(2) 
PARAMETRIC_REPRESENTATION_CONTEXT() REPRESENTATION_CONTEXT('2D SPACE',''
  ) );
#7798 = ORIENTED_EDGE('',*,*,#7799,.T.);
#7799 = EDGE_CURVE('',#7779,#7800,#7802,.T.);
#7800 = VERTEX_POINT('',#7801);
#7801 = CARTESIAN_POINT('',(13.9144,-8.111707281319,4.488292718681));
#7802 = SURFACE_CURVE('',#7803,(#7807,#7813),.PCURVE_S1.);
#7803 = LINE('',#7804,#7805);
#7804 = CARTESIAN_POINT('',(13.9144,-7.672327478884,4.07133685484));
#7805 = VECTOR('',#7806,1.);
#7806 = DIRECTION('',(0.,-0.725374371012,0.688354575694));
#7807 = PCURVE('',#72,#7808);
#7808 = DEFINITIONAL_REPRESENTATION('',(#7809),#7812);
#7809 = B_SPLINE_CURVE_WITH_KNOTS('',1,(#7810,#7811),.UNSPECIFIED.,.F.,
  .F.,(2,2),(0.264279405317,0.605728324564),.PIECEWISE_BEZIER_KNOTS.);
#7810 = CARTESIAN_POINT('',(-4.239070052563,5.222118603339));
#7811 = CARTESIAN_POINT('',(-4.004032126633,5.469796898371));
#7812 = ( GEOMETRIC_REPRESENTATION_CONTEXT(2) 
PARAMETRIC_REPRESENTATION_CONTEXT() REPRESENTATION_CONTEXT('2D SPACE',''
  ) );
#7813 = PCURVE('',#3371,#7814);
#7814 = DEFINITIONAL_REPRESENTATION('',(#7815),#7818);
#7815 = B_SPLINE_CURVE_WITH_KNOTS('',1,(#7816,#7817),.UNSPECIFIED.,.F.,
  .F.,(2,2),(0.264279405317,0.605728324564),.PIECEWISE_BEZIER_KNOTS.);
#7816 = CARTESIAN_POINT('',(0.341448919247,-1.9144));
#7817 = CARTESIAN_POINT('',(0.,-1.9144));
#7818 = ( GEOMETRIC_REPRESENTATION_CONTEXT(2) 
PARAMETRIC_REPRESENTATION_CONTEXT() REPRESENTATION_CONTEXT('2D SPACE',''
  ) );
#7819 = ORIENTED_EDGE('',*,*,#7820,.T.);
#7820 = EDGE_CURVE('',#7800,#7821,#7823,.T.);
#7821 = VERTEX_POINT('',#7822);
#7822 = CARTESIAN_POINT('',(13.9144,-8.346745207249,4.735971013712));
#7823 = SURFACE_CURVE('',#7824,(#7828,#7834),.PCURVE_S1.);
#7824 = LINE('',#7825,#7826);
#7825 = CARTESIAN_POINT('',(13.9144,-7.932979967415,4.299953427443));
#7826 = VECTOR('',#7827,1.);
#7827 = DIRECTION('',(0.,-0.688354575694,0.725374371012));
#7828 = PCURVE('',#72,#7829);
#7829 = DEFINITIONAL_REPRESENTATION('',(#7830),#7833);
#7830 = B_SPLINE_CURVE_WITH_KNOTS('',1,(#7831,#7832),.UNSPECIFIED.,.F.,
  .F.,(2,2),(0.259644259246,0.601093178493),.PIECEWISE_BEZIER_KNOTS.);
#7831 = CARTESIAN_POINT('',(-4.004032126633,5.469796898371));
#7832 = CARTESIAN_POINT('',(-3.756353831602,5.7048348243));
#7833 = ( GEOMETRIC_REPRESENTATION_CONTEXT(2) 
PARAMETRIC_REPRESENTATION_CONTEXT() REPRESENTATION_CONTEXT('2D SPACE',''
  ) );
#7834 = PCURVE('',#3397,#7835);
#7835 = DEFINITIONAL_REPRESENTATION('',(#7836),#7839);
#7836 = B_SPLINE_CURVE_WITH_KNOTS('',1,(#7837,#7838),.UNSPECIFIED.,.F.,
  .F.,(2,2),(0.259644259246,0.601093178493),.PIECEWISE_BEZIER_KNOTS.);
#7837 = CARTESIAN_POINT('',(0.341448919247,-1.9144));
#7838 = CARTESIAN_POINT('',(0.,-1.9144));
#7839 = ( GEOMETRIC_REPRESENTATION_CONTEXT(2) 
PARAMETRIC_REPRESENTATION_CONTEXT() REPRESENTATION_CONTEXT('2D SPACE',''
  ) );
#7840 = ORIENTED_EDGE('',*,*,#7841,.T.);
#7841 = EDGE_CURVE('',#7821,#7842,#7844,.T.);
#7842 = VERTEX_POINT('',#7843);
#7843 = CARTESIAN_POINT('',(13.9144,-8.568498541458,4.995610808855));
#7844 = SURFACE_CURVE('',#7845,(#7849,#7855),.PCURVE_S1.);
#7845 = LINE('',#7846,#7847);
#7846 = CARTESIAN_POINT('',(13.9144,-8.182048084905,4.543135459476));
#7847 = VECTOR('',#7848,1.);
#7848 = DIRECTION('',(0.,-0.64944804833,0.7604059656));
#7849 = PCURVE('',#72,#7850);
#7850 = DEFINITIONAL_REPRESENTATION('',(#7851),#7854);
#7851 = B_SPLINE_CURVE_WITH_KNOTS('',1,(#7852,#7853),.UNSPECIFIED.,.F.,
  .F.,(2,2),(0.253595530493,0.59504444974),.PIECEWISE_BEZIER_KNOTS.);
#7852 = CARTESIAN_POINT('',(-3.756353831602,5.7048348243));
#7853 = CARTESIAN_POINT('',(-3.496714036459,5.92658815851));
#7854 = ( GEOMETRIC_REPRESENTATION_CONTEXT(2) 
PARAMETRIC_REPRESENTATION_CONTEXT() REPRESENTATION_CONTEXT('2D SPACE',''
  ) );
#7855 = PCURVE('',#3423,#7856);
#7856 = DEFINITIONAL_REPRESENTATION('',(#7857),#7860);
#7857 = B_SPLINE_CURVE_WITH_KNOTS('',1,(#7858,#7859),.UNSPECIFIED.,.F.,
  .F.,(2,2),(0.253595530493,0.59504444974),.PIECEWISE_BEZIER_KNOTS.);
#7858 = CARTESIAN_POINT('',(0.341448919247,-1.9144));
#7859 = CARTESIAN_POINT('',(0.,-1.9144));
#7860 = ( GEOMETRIC_REPRESENTATION_CONTEXT(2) 
PARAMETRIC_REPRESENTATION_CONTEXT() REPRESENTATION_CONTEXT('2D SPACE',''
  ) );
#7861 = ORIENTED_EDGE('',*,*,#7862,.T.);
#7862 = EDGE_CURVE('',#7842,#7863,#7865,.T.);
#7863 = VERTEX_POINT('',#7864);
#7864 = CARTESIAN_POINT('',(13.9144,-8.776359473472,5.266500449478));
#7865 = SURFACE_CURVE('',#7866,(#7870,#7876),.PCURVE_S1.);
#7866 = LINE('',#7867,#7868);
#7867 = CARTESIAN_POINT('',(13.9144,-8.418652038554,4.800327044239));
#7868 = VECTOR('',#7869,1.);
#7869 = DIRECTION('',(0.,-0.608761429009,0.793353340291));
#7870 = PCURVE('',#72,#7871);
#7871 = DEFINITIONAL_REPRESENTATION('',(#7872),#7875);
#7872 = B_SPLINE_CURVE_WITH_KNOTS('',1,(#7873,#7874),.UNSPECIFIED.,.F.,
  .F.,(2,2),(0.246149798203,0.58759871745),.PIECEWISE_BEZIER_KNOTS.);
#7873 = CARTESIAN_POINT('',(-3.496714036459,5.92658815851));
#7874 = CARTESIAN_POINT('',(-3.225824395835,6.134449090524));
#7875 = ( GEOMETRIC_REPRESENTATION_CONTEXT(2) 
PARAMETRIC_REPRESENTATION_CONTEXT() REPRESENTATION_CONTEXT('2D SPACE',''
  ) );
#7876 = PCURVE('',#3449,#7877);
#7877 = DEFINITIONAL_REPRESENTATION('',(#7878),#7881);
#7878 = B_SPLINE_CURVE_WITH_KNOTS('',1,(#7879,#7880),.UNSPECIFIED.,.F.,
  .F.,(2,2),(0.246149798203,0.58759871745),.PIECEWISE_BEZIER_KNOTS.);
#7879 = CARTESIAN_POINT('',(0.341448919247,-1.9144));
#7880 = CARTESIAN_POINT('',(0.,-1.9144));
#7881 = ( GEOMETRIC_REPRESENTATION_CONTEXT(2) 
PARAMETRIC_REPRESENTATION_CONTEXT() REPRESENTATION_CONTEXT('2D SPACE',''
  ) );
#7882 = ORIENTED_EDGE('',*,*,#7883,.T.);
#7883 = EDGE_CURVE('',#7863,#7884,#7886,.T.);
#7884 = VERTEX_POINT('',#7885);
#7885 = CARTESIAN_POINT('',(13.9144,-8.969758270925,5.547897445907));
#7886 = SURFACE_CURVE('',#7887,(#7891,#7897),.PCURVE_S1.);
#7887 = LINE('',#7888,#7889);
#7888 = CARTESIAN_POINT('',(13.9144,-8.641935713925,5.070912665669));
#7889 = VECTOR('',#7890,1.);
#7890 = DIRECTION('',(0.,-0.566406236925,0.824126188622));
#7891 = PCURVE('',#72,#7892);
#7892 = DEFINITIONAL_REPRESENTATION('',(#7893),#7896);
#7893 = B_SPLINE_CURVE_WITH_KNOTS('',1,(#7894,#7895),.UNSPECIFIED.,.F.,
  .F.,(2,2),(0.23732747061,0.578776389857),.PIECEWISE_BEZIER_KNOTS.);
#7894 = CARTESIAN_POINT('',(-3.225824395835,6.134449090524));
#7895 = CARTESIAN_POINT('',(-2.944427399407,6.327847887976));
#7896 = ( GEOMETRIC_REPRESENTATION_CONTEXT(2) 
PARAMETRIC_REPRESENTATION_CONTEXT() REPRESENTATION_CONTEXT('2D SPACE',''
  ) );
#7897 = PCURVE('',#3475,#7898);
#7898 = DEFINITIONAL_REPRESENTATION('',(#7899),#7902);
#7899 = B_SPLINE_CURVE_WITH_KNOTS('',1,(#7900,#7901),.UNSPECIFIED.,.F.,
  .F.,(2,2),(0.23732747061,0.578776389857),.PIECEWISE_BEZIER_KNOTS.);
#7900 = CARTESIAN_POINT('',(0.341448919247,-1.9144));
#7901 = CARTESIAN_POINT('',(0.,-1.9144));
#7902 = ( GEOMETRIC_REPRESENTATION_CONTEXT(2) 
PARAMETRIC_REPRESENTATION_CONTEXT() REPRESENTATION_CONTEXT('2D SPACE',''
  ) );
#7903 = ORIENTED_EDGE('',*,*,#7904,.T.);
#7904 = EDGE_CURVE('',#7884,#7905,#7907,.T.);
#7905 = VERTEX_POINT('',#7906);
#7906 = CARTESIAN_POINT('',(13.9144,-9.148164841155,5.839030508532));
#7907 = SURFACE_CURVE('',#7908,(#7912,#7918),.PCURVE_S1.);
#7908 = LINE('',#7909,#7910);
#7909 = CARTESIAN_POINT('',(13.9144,-8.851071295998,5.354217905632));
#7910 = VECTOR('',#7911,1.);
#7911 = DIRECTION('',(0.,-0.522498564716,0.852640164354));
#7912 = PCURVE('',#72,#7913);
#7913 = DEFINITIONAL_REPRESENTATION('',(#7914),#7917);
#7914 = B_SPLINE_CURVE_WITH_KNOTS('',1,(#7915,#7916),.UNSPECIFIED.,.F.,
  .F.,(2,2),(0.227152729101,0.568601648348),.PIECEWISE_BEZIER_KNOTS.);
#7915 = CARTESIAN_POINT('',(-2.944427399407,6.327847887976));
#7916 = CARTESIAN_POINT('',(-2.653294336782,6.506254458207));
#7917 = ( GEOMETRIC_REPRESENTATION_CONTEXT(2) 
PARAMETRIC_REPRESENTATION_CONTEXT() REPRESENTATION_CONTEXT('2D SPACE',''
  ) );
#7918 = PCURVE('',#3501,#7919);
#7919 = DEFINITIONAL_REPRESENTATION('',(#7920),#7923);
#7920 = B_SPLINE_CURVE_WITH_KNOTS('',1,(#7921,#7922),.UNSPECIFIED.,.F.,
  .F.,(2,2),(0.227152729101,0.568601648348),.PIECEWISE_BEZIER_KNOTS.);
#7921 = CARTESIAN_POINT('',(0.341448919247,-1.9144));
#7922 = CARTESIAN_POINT('',(0.,-1.9144));
#7923 = ( GEOMETRIC_REPRESENTATION_CONTEXT(2) 
PARAMETRIC_REPRESENTATION_CONTEXT() REPRESENTATION_CONTEXT('2D SPACE',''
  ) );
#7924 = ORIENTED_EDGE('',*,*,#7925,.T.);
#7925 = EDGE_CURVE('',#7905,#7926,#7928,.T.);
#7926 = VERTEX_POINT('',#7927);
#7927 = CARTESIAN_POINT('',(13.9144,-9.311090184155,6.139101661866));
#7928 = SURFACE_CURVE('',#7929,(#7933,#7939),.PCURVE_S1.);
#7929 = LINE('',#7930,#7931);
#7930 = CARTESIAN_POINT('',(13.9144,-9.045263902612,5.649510555778));
#7931 = VECTOR('',#7932,1.);
#7932 = DIRECTION('',(0.,-0.47715876026,0.878817112662));
#7933 = PCURVE('',#72,#7934);
#7934 = DEFINITIONAL_REPRESENTATION('',(#7935),#7938);
#7935 = B_SPLINE_CURVE_WITH_KNOTS('',1,(#7936,#7937),.UNSPECIFIED.,.F.,
  .F.,(2,2),(0.215653461936,0.557102381183),.PIECEWISE_BEZIER_KNOTS.);
#7936 = CARTESIAN_POINT('',(-2.653294336782,6.506254458207));
#7937 = CARTESIAN_POINT('',(-2.353223183448,6.669179801207));
#7938 = ( GEOMETRIC_REPRESENTATION_CONTEXT(2) 
PARAMETRIC_REPRESENTATION_CONTEXT() REPRESENTATION_CONTEXT('2D SPACE',''
  ) );
#7939 = PCURVE('',#3527,#7940);
#7940 = DEFINITIONAL_REPRESENTATION('',(#7941),#7944);
#7941 = B_SPLINE_CURVE_WITH_KNOTS('',1,(#7942,#7943),.UNSPECIFIED.,.F.,
  .F.,(2,2),(0.215653461936,0.557102381183),.PIECEWISE_BEZIER_KNOTS.);
#7942 = CARTESIAN_POINT('',(0.341448919247,-1.9144));
#7943 = CARTESIAN_POINT('',(0.,-1.9144));
#7944 = ( GEOMETRIC_REPRESENTATION_CONTEXT(2) 
PARAMETRIC_REPRESENTATION_CONTEXT() REPRESENTATION_CONTEXT('2D SPACE',''
  ) );
#7945 = ORIENTED_EDGE('',*,*,#7946,.T.);
#7946 = EDGE_CURVE('',#7926,#7947,#7949,.T.);
#7947 = VERTEX_POINT('',#7948);
#7948 = CARTESIAN_POINT('',(13.9144,-9.458087732884,6.447288431735));
#7949 = SURFACE_CURVE('',#7950,(#7954,#7960),.PCURVE_S1.);
#7950 = LINE('',#7951,#7952);
#7951 = CARTESIAN_POINT('',(13.9144,-9.223756191693,5.956002138987));
#7952 = VECTOR('',#7953,1.);
#7953 = DIRECTION('',(0.,-0.430511096808,0.90258528435));
#7954 = PCURVE('',#72,#7955);
#7955 = DEFINITIONAL_REPRESENTATION('',(#7956),#7959);
#7956 = B_SPLINE_CURVE_WITH_KNOTS('',1,(#7957,#7958),.UNSPECIFIED.,.F.,
  .F.,(2,2),(0.202861187806,0.544310107052),.PIECEWISE_BEZIER_KNOTS.);
#7957 = CARTESIAN_POINT('',(-2.353223183448,6.669179801207));
#7958 = CARTESIAN_POINT('',(-2.045036413579,6.816177349936));
#7959 = ( GEOMETRIC_REPRESENTATION_CONTEXT(2) 
PARAMETRIC_REPRESENTATION_CONTEXT() REPRESENTATION_CONTEXT('2D SPACE',''
  ) );
#7960 = PCURVE('',#3553,#7961);
#7961 = DEFINITIONAL_REPRESENTATION('',(#7962),#7965);
#7962 = B_SPLINE_CURVE_WITH_KNOTS('',1,(#7963,#7964),.UNSPECIFIED.,.F.,
  .F.,(2,2),(0.202861187806,0.544310107052),.PIECEWISE_BEZIER_KNOTS.);
#7963 = CARTESIAN_POINT('',(0.341448919247,-1.9144));
#7964 = CARTESIAN_POINT('',(0.,-1.9144));
#7965 = ( GEOMETRIC_REPRESENTATION_CONTEXT(2) 
PARAMETRIC_REPRESENTATION_CONTEXT() REPRESENTATION_CONTEXT('2D SPACE',''
  ) );
#7966 = ORIENTED_EDGE('',*,*,#7967,.T.);
#7967 = EDGE_CURVE('',#7947,#7968,#7970,.T.);
#7968 = VERTEX_POINT('',#7969);
#7969 = CARTESIAN_POINT('',(13.9144,-9.588754577279,6.762746099625));
#7970 = SURFACE_CURVE('',#7971,(#7975,#7981),.PCURVE_S1.);
#7971 = LINE('',#7972,#7973);
#7972 = CARTESIAN_POINT('',(13.9144,-9.385832903029,6.272849841551));
#7973 = VECTOR('',#7974,1.);
#7974 = DIRECTION('',(0.,-0.382683432365,0.923879532511));
#7975 = PCURVE('',#72,#7976);
#7976 = DEFINITIONAL_REPRESENTATION('',(#7977),#7980);
#7977 = B_SPLINE_CURVE_WITH_KNOTS('',1,(#7978,#7979),.UNSPECIFIED.,.F.,
  .F.,(2,2),(0.188810969445,0.530259888692),.PIECEWISE_BEZIER_KNOTS.);
#7978 = CARTESIAN_POINT('',(-2.045036413579,6.816177349936));
#7979 = CARTESIAN_POINT('',(-1.729578745688,6.94684419433));
#7980 = ( GEOMETRIC_REPRESENTATION_CONTEXT(2) 
PARAMETRIC_REPRESENTATION_CONTEXT() REPRESENTATION_CONTEXT('2D SPACE',''
  ) );
#7981 = PCURVE('',#3579,#7982);
#7982 = DEFINITIONAL_REPRESENTATION('',(#7983),#7986);
#7983 = B_SPLINE_CURVE_WITH_KNOTS('',1,(#7984,#7985),.UNSPECIFIED.,.F.,
  .F.,(2,2),(0.188810969445,0.530259888692),.PIECEWISE_BEZIER_KNOTS.);
#7984 = CARTESIAN_POINT('',(0.341448919247,-1.9144));
#7985 = CARTESIAN_POINT('',(0.,-1.9144));
#7986 = ( GEOMETRIC_REPRESENTATION_CONTEXT(2) 
PARAMETRIC_REPRESENTATION_CONTEXT() REPRESENTATION_CONTEXT('2D SPACE',''
  ) );
#7987 = ORIENTED_EDGE('',*,*,#7988,.T.);
#7988 = EDGE_CURVE('',#7968,#7989,#7991,.T.);
#7989 = VERTEX_POINT('',#7990);
#7990 = CARTESIAN_POINT('',(13.9144,-9.702732568601,7.084610017996));
#7991 = SURFACE_CURVE('',#7992,(#7996,#8002),.PCURVE_S1.);
#7992 = LINE('',#7993,#7994);
#7993 = CARTESIAN_POINT('',(13.9144,-9.530825295128,6.599158853307));
#7994 = VECTOR('',#7995,1.);
#7995 = DIRECTION('',(0.,-0.333806859234,0.942641491092));
#7996 = PCURVE('',#72,#7997);
#7997 = DEFINITIONAL_REPRESENTATION('',(#7998),#8001);
#7998 = B_SPLINE_CURVE_WITH_KNOTS('',1,(#7999,#8000),.UNSPECIFIED.,.F.,
  .F.,(2,2),(0.173541317526,0.514990236773),.PIECEWISE_BEZIER_KNOTS.);
#7999 = CARTESIAN_POINT('',(-1.729578745688,6.94684419433));
#8000 = CARTESIAN_POINT('',(-1.407714827318,7.060822185653));
#8001 = ( GEOMETRIC_REPRESENTATION_CONTEXT(2) 
PARAMETRIC_REPRESENTATION_CONTEXT() REPRESENTATION_CONTEXT('2D SPACE',''
  ) );
#8002 = PCURVE('',#3605,#8003);
#8003 = DEFINITIONAL_REPRESENTATION('',(#8004),#8007);
#8004 = B_SPLINE_CURVE_WITH_KNOTS('',1,(#8005,#8006),.UNSPECIFIED.,.F.,
  .F.,(2,2),(0.173541317526,0.514990236773),.PIECEWISE_BEZIER_KNOTS.);
#8005 = CARTESIAN_POINT('',(0.341448919247,-1.9144));
#8006 = CARTESIAN_POINT('',(0.,-1.9144));
#8007 = ( GEOMETRIC_REPRESENTATION_CONTEXT(2) 
PARAMETRIC_REPRESENTATION_CONTEXT() REPRESENTATION_CONTEXT('2D SPACE',''
  ) );
#8008 = ORIENTED_EDGE('',*,*,#8009,.T.);
#8009 = EDGE_CURVE('',#7989,#8010,#8012,.T.);
#8010 = VERTEX_POINT('',#8011);
#8011 = CARTESIAN_POINT('',(13.9144,-9.7997093011,7.411997980219));
#8012 = SURFACE_CURVE('',#8013,(#8017,#8023),.PCURVE_S1.);
#8013 = LINE('',#8014,#8015);
#8014 = CARTESIAN_POINT('',(13.9144,-9.65811543787,6.933985108968));
#8015 = VECTOR('',#8016,1.);
#8016 = DIRECTION('',(0.,-0.284015344704,0.958819734868));
#8017 = PCURVE('',#72,#8018);
#8018 = DEFINITIONAL_REPRESENTATION('',(#8019),#8022);
#8019 = B_SPLINE_CURVE_WITH_KNOTS('',1,(#8020,#8021),.UNSPECIFIED.,.F.,
  .F.,(2,2),(0.157094085103,0.49854300435),.PIECEWISE_BEZIER_KNOTS.);
#8020 = CARTESIAN_POINT('',(-1.407714827318,7.060822185653));
#8021 = CARTESIAN_POINT('',(-1.080326865094,7.157798918152));
#8022 = ( GEOMETRIC_REPRESENTATION_CONTEXT(2) 
PARAMETRIC_REPRESENTATION_CONTEXT() REPRESENTATION_CONTEXT('2D SPACE',''
  ) );
#8023 = PCURVE('',#3631,#8024);
#8024 = DEFINITIONAL_REPRESENTATION('',(#8025),#8028);
#8025 = B_SPLINE_CURVE_WITH_KNOTS('',1,(#8026,#8027),.UNSPECIFIED.,.F.,
  .F.,(2,2),(0.157094085103,0.49854300435),.PIECEWISE_BEZIER_KNOTS.);
#8026 = CARTESIAN_POINT('',(0.341448919247,-1.9144));
#8027 = CARTESIAN_POINT('',(0.,-1.9144));
#8028 = ( GEOMETRIC_REPRESENTATION_CONTEXT(2) 
PARAMETRIC_REPRESENTATION_CONTEXT() REPRESENTATION_CONTEXT('2D SPACE',''
  ) );
#8029 = ORIENTED_EDGE('',*,*,#8030,.T.);
#8030 = EDGE_CURVE('',#8010,#8031,#8033,.T.);
#8031 = VERTEX_POINT('',#8032);
#8032 = CARTESIAN_POINT('',(13.9144,-9.879418968292,7.744012638647));
#8033 = SURFACE_CURVE('',#8034,(#8038,#8044),.PCURVE_S1.);
#8034 = LINE('',#8035,#8036);
#8035 = CARTESIAN_POINT('',(13.9144,-9.767140322225,7.276338419999));
#8036 = VECTOR('',#8037,1.);
#8037 = DIRECTION('',(0.,-0.233445363856,0.972369920398));
#8038 = PCURVE('',#72,#8039);
#8039 = DEFINITIONAL_REPRESENTATION('',(#8040),#8043);
#8040 = B_SPLINE_CURVE_WITH_KNOTS('',1,(#8041,#8042),.UNSPECIFIED.,.F.,
  .F.,(2,2),(0.139514352897,0.480963272143),.PIECEWISE_BEZIER_KNOTS.);
#8041 = CARTESIAN_POINT('',(-1.080326865094,7.157798918152));
#8042 = CARTESIAN_POINT('',(-0.748312206666,7.237508585343));
#8043 = ( GEOMETRIC_REPRESENTATION_CONTEXT(2) 
PARAMETRIC_REPRESENTATION_CONTEXT() REPRESENTATION_CONTEXT('2D SPACE',''
  ) );
#8044 = PCURVE('',#3657,#8045);
#8045 = DEFINITIONAL_REPRESENTATION('',(#8046),#8049);
#8046 = B_SPLINE_CURVE_WITH_KNOTS('',1,(#8047,#8048),.UNSPECIFIED.,.F.,
  .F.,(2,2),(0.139514352897,0.480963272143),.PIECEWISE_BEZIER_KNOTS.);
#8047 = CARTESIAN_POINT('',(0.341448919247,-1.9144));
#8048 = CARTESIAN_POINT('',(0.,-1.9144));
#8049 = ( GEOMETRIC_REPRESENTATION_CONTEXT(2) 
PARAMETRIC_REPRESENTATION_CONTEXT() REPRESENTATION_CONTEXT('2D SPACE',''
  ) );
#8050 = ORIENTED_EDGE('',*,*,#8051,.T.);
#8051 = EDGE_CURVE('',#8031,#8052,#8054,.T.);
#8052 = VERTEX_POINT('',#8053);
#8053 = CARTESIAN_POINT('',(13.9144,-9.941643091519,8.079743964179));
#8054 = SURFACE_CURVE('',#8055,(#8059,#8065),.PCURVE_S1.);
#8055 = LINE('',#8056,#8057);
#8056 = CARTESIAN_POINT('',(13.9144,-9.857395749321,7.625185982457));
#8057 = VECTOR('',#8058,1.);
#8058 = DIRECTION('',(0.,-0.182235525492,0.983254907564));
#8059 = PCURVE('',#72,#8060);
#8060 = DEFINITIONAL_REPRESENTATION('',(#8061),#8064);
#8061 = B_SPLINE_CURVE_WITH_KNOTS('',1,(#8062,#8063),.UNSPECIFIED.,.F.,
  .F.,(2,2),(0.120850305731,0.462299224978),.PIECEWISE_BEZIER_KNOTS.);
#8062 = CARTESIAN_POINT('',(-0.748312206666,7.237508585343));
#8063 = CARTESIAN_POINT('',(-0.412580881135,7.299732708571));
#8064 = ( GEOMETRIC_REPRESENTATION_CONTEXT(2) 
PARAMETRIC_REPRESENTATION_CONTEXT() REPRESENTATION_CONTEXT('2D SPACE',''
  ) );
#8065 = PCURVE('',#3683,#8066);
#8066 = DEFINITIONAL_REPRESENTATION('',(#8067),#8070);
#8067 = B_SPLINE_CURVE_WITH_KNOTS('',1,(#8068,#8069),.UNSPECIFIED.,.F.,
  .F.,(2,2),(0.120850305731,0.462299224978),.PIECEWISE_BEZIER_KNOTS.);
#8068 = CARTESIAN_POINT('',(0.341448919247,-1.9144));
#8069 = CARTESIAN_POINT('',(0.,-1.9144));
#8070 = ( GEOMETRIC_REPRESENTATION_CONTEXT(2) 
PARAMETRIC_REPRESENTATION_CONTEXT() REPRESENTATION_CONTEXT('2D SPACE',''
  ) );
#8071 = ORIENTED_EDGE('',*,*,#8072,.T.);
#8072 = EDGE_CURVE('',#8052,#8073,#8075,.T.);
#8073 = VERTEX_POINT('',#8074);
#8074 = CARTESIAN_POINT('',(13.9144,-9.986211118786,8.418271740588));
#8075 = SURFACE_CURVE('',#8076,(#8080,#8086),.PCURVE_S1.);
#8076 = LINE('',#8077,#8078);
#8077 = CARTESIAN_POINT('',(13.9144,-9.928439962485,7.979456242514));
#8078 = VECTOR('',#8079,1.);
#8079 = DIRECTION('',(0.,-0.13052619222,0.991444861374));
#8080 = PCURVE('',#72,#8081);
#8081 = DEFINITIONAL_REPRESENTATION('',(#8082),#8085);
#8082 = B_SPLINE_CURVE_WITH_KNOTS('',1,(#8083,#8084),.UNSPECIFIED.,.F.,
  .F.,(2,2),(0.101153100463,0.442602019709),.PIECEWISE_BEZIER_KNOTS.);
#8083 = CARTESIAN_POINT('',(-0.412580881135,7.299732708571));
#8084 = CARTESIAN_POINT('',(-7.405310472565E-02,7.344300735838));
#8085 = ( GEOMETRIC_REPRESENTATION_CONTEXT(2) 
PARAMETRIC_REPRESENTATION_CONTEXT() REPRESENTATION_CONTEXT('2D SPACE',''
  ) );
#8086 = PCURVE('',#3709,#8087);
#8087 = DEFINITIONAL_REPRESENTATION('',(#8088),#8091);
#8088 = B_SPLINE_CURVE_WITH_KNOTS('',1,(#8089,#8090),.UNSPECIFIED.,.F.,
  .F.,(2,2),(0.101153100463,0.442602019709),.PIECEWISE_BEZIER_KNOTS.);
#8089 = CARTESIAN_POINT('',(0.341448919247,-1.9144));
#8090 = CARTESIAN_POINT('',(0.,-1.9144));
#8091 = ( GEOMETRIC_REPRESENTATION_CONTEXT(2) 
PARAMETRIC_REPRESENTATION_CONTEXT() REPRESENTATION_CONTEXT('2D SPACE',''
  ) );
#8092 = ORIENTED_EDGE('',*,*,#8093,.T.);
#8093 = EDGE_CURVE('',#8073,#8094,#8096,.T.);
#8094 = VERTEX_POINT('',#8095);
#8095 = CARTESIAN_POINT('',(13.9144,-10.01300089222,8.75866808677));
#8096 = SURFACE_CURVE('',#8097,(#8101,#8107),.PCURVE_S1.);
#8097 = LINE('',#8098,#8099);
#8098 = CARTESIAN_POINT('',(13.9144,-9.979896987656,8.338043097715));
#8099 = VECTOR('',#8100,1.);
#8100 = DIRECTION('',(0.,-7.845909572784E-02,0.996917333733));
#8101 = PCURVE('',#72,#8102);
#8102 = DEFINITIONAL_REPRESENTATION('',(#8103),#8106);
#8103 = B_SPLINE_CURVE_WITH_KNOTS('',1,(#8104,#8105),.UNSPECIFIED.,.F.,
  .F.,(2,2),(8.047672576125E-02,0.421925645008),
  .PIECEWISE_BEZIER_KNOTS.);
#8104 = CARTESIAN_POINT('',(-7.405310472565E-02,7.344300735838));
#8105 = CARTESIAN_POINT('',(0.266343241456,7.371090509279));
#8106 = ( GEOMETRIC_REPRESENTATION_CONTEXT(2) 
PARAMETRIC_REPRESENTATION_CONTEXT() REPRESENTATION_CONTEXT('2D SPACE',''
  ) );
#8107 = PCURVE('',#3735,#8108);
#8108 = DEFINITIONAL_REPRESENTATION('',(#8109),#8112);
#8109 = B_SPLINE_CURVE_WITH_KNOTS('',1,(#8110,#8111),.UNSPECIFIED.,.F.,
  .F.,(2,2),(8.047672576125E-02,0.421925645008),
  .PIECEWISE_BEZIER_KNOTS.);
#8110 = CARTESIAN_POINT('',(0.341448919247,-1.9144));
#8111 = CARTESIAN_POINT('',(0.,-1.9144));
#8112 = ( GEOMETRIC_REPRESENTATION_CONTEXT(2) 
PARAMETRIC_REPRESENTATION_CONTEXT() REPRESENTATION_CONTEXT('2D SPACE',''
  ) );
#8113 = ORIENTED_EDGE('',*,*,#8114,.T.);
#8114 = EDGE_CURVE('',#8094,#8115,#8117,.T.);
#8115 = VERTEX_POINT('',#8116);
#8116 = CARTESIAN_POINT('',(13.9144,-10.02193898293,9.1));
#8117 = SURFACE_CURVE('',#8118,(#8122,#8128),.PCURVE_S1.);
#8118 = LINE('',#8119,#8120);
#8119 = CARTESIAN_POINT('',(13.9144,-10.01145964968,8.699810408607));
#8120 = VECTOR('',#8121,1.);
#8121 = DIRECTION('',(0.,-2.617694830788E-02,0.999657324976));
#8122 = PCURVE('',#72,#8123);
#8123 = DEFINITIONAL_REPRESENTATION('',(#8124),#8127);
#8124 = B_SPLINE_CURVE_WITH_KNOTS('',1,(#8125,#8126),.UNSPECIFIED.,.F.,
  .F.,(2,2),(5.887785413322E-02,0.40032677338),
  .PIECEWISE_BEZIER_KNOTS.);
#8125 = CARTESIAN_POINT('',(0.266343241456,7.371090509279));
#8126 = CARTESIAN_POINT('',(0.607675154686,7.380028599988));
#8127 = ( GEOMETRIC_REPRESENTATION_CONTEXT(2) 
PARAMETRIC_REPRESENTATION_CONTEXT() REPRESENTATION_CONTEXT('2D SPACE',''
  ) );
#8128 = PCURVE('',#3761,#8129);
#8129 = DEFINITIONAL_REPRESENTATION('',(#8130),#8133);
#8130 = B_SPLINE_CURVE_WITH_KNOTS('',1,(#8131,#8132),.UNSPECIFIED.,.F.,
  .F.,(2,2),(5.887785413322E-02,0.40032677338),
  .PIECEWISE_BEZIER_KNOTS.);
#8131 = CARTESIAN_POINT('',(0.341448919247,-1.9144));
#8132 = CARTESIAN_POINT('',(0.,-1.9144));
#8133 = ( GEOMETRIC_REPRESENTATION_CONTEXT(2) 
PARAMETRIC_REPRESENTATION_CONTEXT() REPRESENTATION_CONTEXT('2D SPACE',''
  ) );
#8134 = ORIENTED_EDGE('',*,*,#8135,.T.);
#8135 = EDGE_CURVE('',#8115,#8136,#8138,.T.);
#8136 = VERTEX_POINT('',#8137);
#8137 = CARTESIAN_POINT('',(13.9144,-10.01300089222,9.44133191323));
#8138 = SURFACE_CURVE('',#8139,(#8143,#8149),.PCURVE_S1.);
#8139 = LINE('',#8140,#8141);
#8140 = CARTESIAN_POINT('',(13.9144,-10.02289223448,9.063596792162));
#8141 = VECTOR('',#8142,1.);
#8142 = DIRECTION('',(-0.,2.617694830788E-02,0.999657324976));
#8143 = PCURVE('',#72,#8144);
#8144 = DEFINITIONAL_REPRESENTATION('',(#8145),#8148);
#8145 = B_SPLINE_CURVE_WITH_KNOTS('',1,(#8146,#8147),.UNSPECIFIED.,.F.,
  .F.,(2,2),(3.64156865841E-02,0.377864605831),
  .PIECEWISE_BEZIER_KNOTS.);
#8146 = CARTESIAN_POINT('',(0.607675154686,7.380028599988));
#8147 = CARTESIAN_POINT('',(0.949007067916,7.371090509279));
#8148 = ( GEOMETRIC_REPRESENTATION_CONTEXT(2) 
PARAMETRIC_REPRESENTATION_CONTEXT() REPRESENTATION_CONTEXT('2D SPACE',''
  ) );
#8149 = PCURVE('',#3787,#8150);
#8150 = DEFINITIONAL_REPRESENTATION('',(#8151),#8154);
#8151 = B_SPLINE_CURVE_WITH_KNOTS('',1,(#8152,#8153),.UNSPECIFIED.,.F.,
  .F.,(2,2),(3.64156865841E-02,0.377864605831),
  .PIECEWISE_BEZIER_KNOTS.);
#8152 = CARTESIAN_POINT('',(0.341448919247,-1.9144));
#8153 = CARTESIAN_POINT('',(0.,-1.9144));
#8154 = ( GEOMETRIC_REPRESENTATION_CONTEXT(2) 
PARAMETRIC_REPRESENTATION_CONTEXT() REPRESENTATION_CONTEXT('2D SPACE',''
  ) );
#8155 = ORIENTED_EDGE('',*,*,#8156,.T.);
#8156 = EDGE_CURVE('',#8136,#8157,#8159,.T.);
#8157 = VERTEX_POINT('',#8158);
#8158 = CARTESIAN_POINT('',(13.9144,-9.986211118786,9.781728259412));
#8159 = SURFACE_CURVE('',#8160,(#8164,#8170),.PCURVE_S1.);
#8160 = LINE('',#8161,#8162);
#8161 = CARTESIAN_POINT('',(13.9144,-10.0140327698,9.428220665457));
#8162 = VECTOR('',#8163,1.);
#8163 = DIRECTION('',(-0.,7.845909572784E-02,0.996917333733));
#8164 = PCURVE('',#72,#8165);
#8165 = DEFINITIONAL_REPRESENTATION('',(#8166),#8169);
#8166 = B_SPLINE_CURVE_WITH_KNOTS('',1,(#8167,#8168),.UNSPECIFIED.,.F.,
  .F.,(2,2),(1.315179035399E-02,0.354600709601),
  .PIECEWISE_BEZIER_KNOTS.);
#8167 = CARTESIAN_POINT('',(0.949007067916,7.371090509279));
#8168 = CARTESIAN_POINT('',(1.289403414098,7.344300735838));
#8169 = ( GEOMETRIC_REPRESENTATION_CONTEXT(2) 
PARAMETRIC_REPRESENTATION_CONTEXT() REPRESENTATION_CONTEXT('2D SPACE',''
  ) );
#8170 = PCURVE('',#3813,#8171);
#8171 = DEFINITIONAL_REPRESENTATION('',(#8172),#8175);
#8172 = B_SPLINE_CURVE_WITH_KNOTS('',1,(#8173,#8174),.UNSPECIFIED.,.F.,
  .F.,(2,2),(1.315179035399E-02,0.354600709601),
  .PIECEWISE_BEZIER_KNOTS.);
#8173 = CARTESIAN_POINT('',(0.341448919247,-1.9144));
#8174 = CARTESIAN_POINT('',(0.,-1.9144));
#8175 = ( GEOMETRIC_REPRESENTATION_CONTEXT(2) 
PARAMETRIC_REPRESENTATION_CONTEXT() REPRESENTATION_CONTEXT('2D SPACE',''
  ) );
#8176 = ORIENTED_EDGE('',*,*,#8177,.T.);
#8177 = EDGE_CURVE('',#8157,#8178,#8180,.T.);
#8178 = VERTEX_POINT('',#8179);
#8179 = CARTESIAN_POINT('',(13.9144,-9.941643091519,10.120256035821));
#8180 = SURFACE_CURVE('',#8181,(#8185,#8191),.PCURVE_S1.);
#8181 = LINE('',#8182,#8183);
#8182 = CARTESIAN_POINT('',(13.9144,-9.984794900486,9.792485505395));
#8183 = VECTOR('',#8184,1.);
#8184 = DIRECTION('',(-0.,0.13052619222,0.991444861374));
#8185 = PCURVE('',#72,#8186);
#8186 = DEFINITIONAL_REPRESENTATION('',(#8187),#8190);
#8187 = B_SPLINE_CURVE_WITH_KNOTS('',1,(#8188,#8189),.UNSPECIFIED.,.F.,
  .F.,(2,2),(-1.085006983479E-02,0.330598849412),
  .PIECEWISE_BEZIER_KNOTS.);
#8188 = CARTESIAN_POINT('',(1.289403414098,7.344300735838));
#8189 = CARTESIAN_POINT('',(1.627931190507,7.299732708571));
#8190 = ( GEOMETRIC_REPRESENTATION_CONTEXT(2) 
PARAMETRIC_REPRESENTATION_CONTEXT() REPRESENTATION_CONTEXT('2D SPACE',''
  ) );
#8191 = PCURVE('',#3839,#8192);
#8192 = DEFINITIONAL_REPRESENTATION('',(#8193),#8196);
#8193 = B_SPLINE_CURVE_WITH_KNOTS('',1,(#8194,#8195),.UNSPECIFIED.,.F.,
  .F.,(2,2),(-1.085006983479E-02,0.330598849412),
  .PIECEWISE_BEZIER_KNOTS.);
#8194 = CARTESIAN_POINT('',(0.341448919247,-1.9144));
#8195 = CARTESIAN_POINT('',(0.,-1.9144));
#8196 = ( GEOMETRIC_REPRESENTATION_CONTEXT(2) 
PARAMETRIC_REPRESENTATION_CONTEXT() REPRESENTATION_CONTEXT('2D SPACE',''
  ) );
#8197 = ORIENTED_EDGE('',*,*,#8198,.T.);
#8198 = EDGE_CURVE('',#8178,#8199,#8201,.T.);
#8199 = VERTEX_POINT('',#8200);
#8200 = CARTESIAN_POINT('',(13.9144,-9.879418968292,10.455987361353));
#8201 = SURFACE_CURVE('',#8202,(#8206,#8212),.PCURVE_S1.);
#8202 = LINE('',#8203,#8204);
#8203 = CARTESIAN_POINT('',(13.9144,-9.935169337294,10.155185287924));
#8204 = VECTOR('',#8205,1.);
#8205 = DIRECTION('',(-0.,0.182235525492,0.983254907564));
#8206 = PCURVE('',#72,#8207);
#8207 = DEFINITIONAL_REPRESENTATION('',(#8208),#8211);
#8208 = B_SPLINE_CURVE_WITH_KNOTS('',1,(#8209,#8210),.UNSPECIFIED.,.F.,
  .F.,(2,2),(-3.552410655163E-02,0.305924812695),
  .PIECEWISE_BEZIER_KNOTS.);
#8209 = CARTESIAN_POINT('',(1.627931190507,7.299732708571));
#8210 = CARTESIAN_POINT('',(1.963662516039,7.237508585343));
#8211 = ( GEOMETRIC_REPRESENTATION_CONTEXT(2) 
PARAMETRIC_REPRESENTATION_CONTEXT() REPRESENTATION_CONTEXT('2D SPACE',''
  ) );
#8212 = PCURVE('',#3865,#8213);
#8213 = DEFINITIONAL_REPRESENTATION('',(#8214),#8217);
#8214 = B_SPLINE_CURVE_WITH_KNOTS('',1,(#8215,#8216),.UNSPECIFIED.,.F.,
  .F.,(2,2),(-3.552410655163E-02,0.305924812695),
  .PIECEWISE_BEZIER_KNOTS.);
#8215 = CARTESIAN_POINT('',(0.341448919247,-1.9144));
#8216 = CARTESIAN_POINT('',(0.,-1.9144));
#8217 = ( GEOMETRIC_REPRESENTATION_CONTEXT(2) 
PARAMETRIC_REPRESENTATION_CONTEXT() REPRESENTATION_CONTEXT('2D SPACE',''
  ) );
#8218 = ORIENTED_EDGE('',*,*,#8219,.T.);
#8219 = EDGE_CURVE('',#8199,#8220,#8222,.T.);
#8220 = VERTEX_POINT('',#8221);
#8221 = CARTESIAN_POINT('',(13.9144,-9.7997093011,10.788002019781));
#8222 = SURFACE_CURVE('',#8223,(#8227,#8233),.PCURVE_S1.);
#8223 = LINE('',#8224,#8225);
#8224 = CARTESIAN_POINT('',(13.9144,-9.865224862207,10.515110068166));
#8225 = VECTOR('',#8226,1.);
#8226 = DIRECTION('',(-0.,0.233445363856,0.972369920398));
#8227 = PCURVE('',#72,#8228);
#8228 = DEFINITIONAL_REPRESENTATION('',(#8229),#8232);
#8229 = B_SPLINE_CURVE_WITH_KNOTS('',1,(#8230,#8231),.UNSPECIFIED.,.F.,
  .F.,(2,2),(-6.080268997705E-02,0.28064622927),
  .PIECEWISE_BEZIER_KNOTS.);
#8230 = CARTESIAN_POINT('',(1.963662516039,7.237508585343));
#8231 = CARTESIAN_POINT('',(2.295677174467,7.157798918152));
#8232 = ( GEOMETRIC_REPRESENTATION_CONTEXT(2) 
PARAMETRIC_REPRESENTATION_CONTEXT() REPRESENTATION_CONTEXT('2D SPACE',''
  ) );
#8233 = PCURVE('',#3891,#8234);
#8234 = DEFINITIONAL_REPRESENTATION('',(#8235),#8238);
#8235 = B_SPLINE_CURVE_WITH_KNOTS('',1,(#8236,#8237),.UNSPECIFIED.,.F.,
  .F.,(2,2),(-6.080268997705E-02,0.28064622927),
  .PIECEWISE_BEZIER_KNOTS.);
#8236 = CARTESIAN_POINT('',(0.341448919247,-1.9144));
#8237 = CARTESIAN_POINT('',(0.,-1.9144));
#8238 = ( GEOMETRIC_REPRESENTATION_CONTEXT(2) 
PARAMETRIC_REPRESENTATION_CONTEXT() REPRESENTATION_CONTEXT('2D SPACE',''
  ) );
#8239 = ORIENTED_EDGE('',*,*,#8240,.T.);
#8240 = EDGE_CURVE('',#8220,#8241,#8243,.T.);
#8241 = VERTEX_POINT('',#8242);
#8242 = CARTESIAN_POINT('',(13.9144,-9.702732568601,11.115389982004));
#8243 = SURFACE_CURVE('',#8244,(#8248,#8254),.PCURVE_S1.);
#8244 = LINE('',#8245,#8246);
#8245 = CARTESIAN_POINT('',(13.9144,-9.775108876546,10.871051661247));
#8246 = VECTOR('',#8247,1.);
#8247 = DIRECTION('',(-0.,0.284015344704,0.958819734868));
#8248 = PCURVE('',#72,#8249);
#8249 = DEFINITIONAL_REPRESENTATION('',(#8250),#8253);
#8250 = B_SPLINE_CURVE_WITH_KNOTS('',1,(#8251,#8252),.UNSPECIFIED.,.F.,
  .F.,(2,2),(-8.661653327098E-02,0.254832385976),
  .PIECEWISE_BEZIER_KNOTS.);
#8251 = CARTESIAN_POINT('',(2.295677174467,7.157798918152));
#8252 = CARTESIAN_POINT('',(2.62306513669,7.060822185653));
#8253 = ( GEOMETRIC_REPRESENTATION_CONTEXT(2) 
PARAMETRIC_REPRESENTATION_CONTEXT() REPRESENTATION_CONTEXT('2D SPACE',''
  ) );
#8254 = PCURVE('',#3917,#8255);
#8255 = DEFINITIONAL_REPRESENTATION('',(#8256),#8259);
#8256 = B_SPLINE_CURVE_WITH_KNOTS('',1,(#8257,#8258),.UNSPECIFIED.,.F.,
  .F.,(2,2),(-8.661653327098E-02,0.254832385976),
  .PIECEWISE_BEZIER_KNOTS.);
#8257 = CARTESIAN_POINT('',(0.341448919247,-1.9144));
#8258 = CARTESIAN_POINT('',(0.,-1.9144));
#8259 = ( GEOMETRIC_REPRESENTATION_CONTEXT(2) 
PARAMETRIC_REPRESENTATION_CONTEXT() REPRESENTATION_CONTEXT('2D SPACE',''
  ) );
#8260 = ORIENTED_EDGE('',*,*,#8261,.T.);
#8261 = EDGE_CURVE('',#8241,#8262,#8264,.T.);
#8262 = VERTEX_POINT('',#8263);
#8263 = CARTESIAN_POINT('',(13.9144,-9.588754577279,11.437253900375));
#8264 = SURFACE_CURVE('',#8265,(#8269,#8275),.PCURVE_S1.);
#8265 = LINE('',#8266,#8267);
#8266 = CARTESIAN_POINT('',(13.9144,-9.665047482456,11.221809382365));
#8267 = VECTOR('',#8268,1.);
#8268 = DIRECTION('',(-0.,0.333806859234,0.942641491092));
#8269 = PCURVE('',#72,#8270);
#8270 = DEFINITIONAL_REPRESENTATION('',(#8271),#8274);
#8271 = B_SPLINE_CURVE_WITH_KNOTS('',1,(#8272,#8273),.UNSPECIFIED.,.F.,
  .F.,(2,2),(-0.112894882483,0.228554036764),.PIECEWISE_BEZIER_KNOTS.);
#8272 = CARTESIAN_POINT('',(2.62306513669,7.060822185653));
#8273 = CARTESIAN_POINT('',(2.944929055061,6.94684419433));
#8274 = ( GEOMETRIC_REPRESENTATION_CONTEXT(2) 
PARAMETRIC_REPRESENTATION_CONTEXT() REPRESENTATION_CONTEXT('2D SPACE',''
  ) );
#8275 = PCURVE('',#3943,#8276);
#8276 = DEFINITIONAL_REPRESENTATION('',(#8277),#8280);
#8277 = B_SPLINE_CURVE_WITH_KNOTS('',1,(#8278,#8279),.UNSPECIFIED.,.F.,
  .F.,(2,2),(-0.112894882483,0.228554036764),.PIECEWISE_BEZIER_KNOTS.);
#8278 = CARTESIAN_POINT('',(0.341448919247,-1.9144));
#8279 = CARTESIAN_POINT('',(0.,-1.9144));
#8280 = ( GEOMETRIC_REPRESENTATION_CONTEXT(2) 
PARAMETRIC_REPRESENTATION_CONTEXT() REPRESENTATION_CONTEXT('2D SPACE',''
  ) );
#8281 = ORIENTED_EDGE('',*,*,#8282,.T.);
#8282 = EDGE_CURVE('',#8262,#8283,#8285,.T.);
#8283 = VERTEX_POINT('',#8284);
#8284 = CARTESIAN_POINT('',(13.9144,-9.458087732884,11.752711568265));
#8285 = SURFACE_CURVE('',#8286,(#8290,#8296),.PCURVE_S1.);
#8286 = LINE('',#8287,#8288);
#8287 = CARTESIAN_POINT('',(13.9144,-9.53534509215,11.566195803732));
#8288 = VECTOR('',#8289,1.);
#8289 = DIRECTION('',(-0.,0.382683432365,0.923879532511));
#8290 = PCURVE('',#72,#8291);
#8291 = DEFINITIONAL_REPRESENTATION('',(#8292),#8295);
#8292 = B_SPLINE_CURVE_WITH_KNOTS('',1,(#8293,#8294),.UNSPECIFIED.,.F.,
  .F.,(2,2),(-0.139565710485,0.201883208762),.PIECEWISE_BEZIER_KNOTS.);
#8293 = CARTESIAN_POINT('',(2.944929055061,6.94684419433));
#8294 = CARTESIAN_POINT('',(3.260386722951,6.816177349936));
#8295 = ( GEOMETRIC_REPRESENTATION_CONTEXT(2) 
PARAMETRIC_REPRESENTATION_CONTEXT() REPRESENTATION_CONTEXT('2D SPACE',''
  ) );
#8296 = PCURVE('',#3969,#8297);
#8297 = DEFINITIONAL_REPRESENTATION('',(#8298),#8301);
#8298 = B_SPLINE_CURVE_WITH_KNOTS('',1,(#8299,#8300),.UNSPECIFIED.,.F.,
  .F.,(2,2),(-0.139565710485,0.201883208762),.PIECEWISE_BEZIER_KNOTS.);
#8299 = CARTESIAN_POINT('',(0.341448919247,-1.9144));
#8300 = CARTESIAN_POINT('',(0.,-1.9144));
#8301 = ( GEOMETRIC_REPRESENTATION_CONTEXT(2) 
PARAMETRIC_REPRESENTATION_CONTEXT() REPRESENTATION_CONTEXT('2D SPACE',''
  ) );
#8302 = ORIENTED_EDGE('',*,*,#8303,.T.);
#8303 = EDGE_CURVE('',#8283,#8304,#8306,.T.);
#8304 = VERTEX_POINT('',#8305);
#8305 = CARTESIAN_POINT('',(13.9144,-9.311090184155,12.060898338134));
#8306 = SURFACE_CURVE('',#8307,(#8311,#8317),.PCURVE_S1.);
#8307 = LINE('',#8308,#8309);
#8308 = CARTESIAN_POINT('',(13.9144,-9.3863835635,11.903042485616));
#8309 = VECTOR('',#8310,1.);
#8310 = DIRECTION('',(-0.,0.430511096808,0.90258528435));
#8311 = PCURVE('',#72,#8312);
#8312 = DEFINITIONAL_REPRESENTATION('',(#8313),#8316);
#8313 = B_SPLINE_CURVE_WITH_KNOTS('',1,(#8314,#8315),.UNSPECIFIED.,.F.,
  .F.,(2,2),(-0.166555914391,0.174893004856),.PIECEWISE_BEZIER_KNOTS.);
#8314 = CARTESIAN_POINT('',(3.260386722951,6.816177349936));
#8315 = CARTESIAN_POINT('',(3.56857349282,6.669179801207));
#8316 = ( GEOMETRIC_REPRESENTATION_CONTEXT(2) 
PARAMETRIC_REPRESENTATION_CONTEXT() REPRESENTATION_CONTEXT('2D SPACE',''
  ) );
#8317 = PCURVE('',#3995,#8318);
#8318 = DEFINITIONAL_REPRESENTATION('',(#8319),#8322);
#8319 = B_SPLINE_CURVE_WITH_KNOTS('',1,(#8320,#8321),.UNSPECIFIED.,.F.,
  .F.,(2,2),(-0.166555914391,0.174893004856),.PIECEWISE_BEZIER_KNOTS.);
#8320 = CARTESIAN_POINT('',(0.341448919247,-1.9144));
#8321 = CARTESIAN_POINT('',(0.,-1.9144));
#8322 = ( GEOMETRIC_REPRESENTATION_CONTEXT(2) 
PARAMETRIC_REPRESENTATION_CONTEXT() REPRESENTATION_CONTEXT('2D SPACE',''
  ) );
#8323 = ORIENTED_EDGE('',*,*,#8324,.T.);
#8324 = EDGE_CURVE('',#8304,#8325,#8327,.T.);
#8325 = VERTEX_POINT('',#8326);
#8326 = CARTESIAN_POINT('',(13.9144,-9.148164841155,12.360969491468));
#8327 = SURFACE_CURVE('',#8328,(#8332,#8338),.PCURVE_S1.);
#8328 = LINE('',#8329,#8330);
#8329 = CARTESIAN_POINT('',(13.9144,-9.218620864666,12.231205638621));
#8330 = VECTOR('',#8331,1.);
#8331 = DIRECTION('',(-0.,0.47715876026,0.878817112662));
#8332 = PCURVE('',#72,#8333);
#8333 = DEFINITIONAL_REPRESENTATION('',(#8334),#8337);
#8334 = B_SPLINE_CURVE_WITH_KNOTS('',1,(#8335,#8336),.UNSPECIFIED.,.F.,
  .F.,(2,2),(-0.193791515928,0.147657403319),.PIECEWISE_BEZIER_KNOTS.);
#8335 = CARTESIAN_POINT('',(3.56857349282,6.669179801207));
#8336 = CARTESIAN_POINT('',(3.868644646154,6.506254458207));
#8337 = ( GEOMETRIC_REPRESENTATION_CONTEXT(2) 
PARAMETRIC_REPRESENTATION_CONTEXT() REPRESENTATION_CONTEXT('2D SPACE',''
  ) );
#8338 = PCURVE('',#4021,#8339);
#8339 = DEFINITIONAL_REPRESENTATION('',(#8340),#8343);
#8340 = B_SPLINE_CURVE_WITH_KNOTS('',1,(#8341,#8342),.UNSPECIFIED.,.F.,
  .F.,(2,2),(-0.193791515928,0.147657403319),.PIECEWISE_BEZIER_KNOTS.);
#8341 = CARTESIAN_POINT('',(0.341448919247,-1.9144));
#8342 = CARTESIAN_POINT('',(0.,-1.9144));
#8343 = ( GEOMETRIC_REPRESENTATION_CONTEXT(2) 
PARAMETRIC_REPRESENTATION_CONTEXT() REPRESENTATION_CONTEXT('2D SPACE',''
  ) );
#8344 = ORIENTED_EDGE('',*,*,#8345,.T.);
#8345 = EDGE_CURVE('',#8325,#8346,#8348,.T.);
#8346 = VERTEX_POINT('',#8347);
#8347 = CARTESIAN_POINT('',(13.9144,-8.969758270925,12.652102554093));
#8348 = SURFACE_CURVE('',#8349,(#8353,#8359),.PCURVE_S1.);
#8349 = LINE('',#8350,#8351);
#8350 = CARTESIAN_POINT('',(13.9144,-9.032589274589,12.54957167476));
#8351 = VECTOR('',#8352,1.);
#8352 = DIRECTION('',(-0.,0.522498564716,0.852640164354));
#8353 = PCURVE('',#72,#8354);
#8354 = DEFINITIONAL_REPRESENTATION('',(#8355),#8358);
#8355 = B_SPLINE_CURVE_WITH_KNOTS('',1,(#8356,#8357),.UNSPECIFIED.,.F.,
  .F.,(2,2),(-0.221197864206,0.120251055041),.PIECEWISE_BEZIER_KNOTS.);
#8356 = CARTESIAN_POINT('',(3.868644646154,6.506254458207));
#8357 = CARTESIAN_POINT('',(4.15977770878,6.327847887976));
#8358 = ( GEOMETRIC_REPRESENTATION_CONTEXT(2) 
PARAMETRIC_REPRESENTATION_CONTEXT() REPRESENTATION_CONTEXT('2D SPACE',''
  ) );
#8359 = PCURVE('',#4047,#8360);
#8360 = DEFINITIONAL_REPRESENTATION('',(#8361),#8364);
#8361 = B_SPLINE_CURVE_WITH_KNOTS('',1,(#8362,#8363),.UNSPECIFIED.,.F.,
  .F.,(2,2),(-0.221197864206,0.120251055041),.PIECEWISE_BEZIER_KNOTS.);
#8362 = CARTESIAN_POINT('',(0.341448919247,-1.9144));
#8363 = CARTESIAN_POINT('',(0.,-1.9144));
#8364 = ( GEOMETRIC_REPRESENTATION_CONTEXT(2) 
PARAMETRIC_REPRESENTATION_CONTEXT() REPRESENTATION_CONTEXT('2D SPACE',''
  ) );
#8365 = ORIENTED_EDGE('',*,*,#8366,.T.);
#8366 = EDGE_CURVE('',#8346,#8367,#8369,.T.);
#8367 = VERTEX_POINT('',#8368);
#8368 = CARTESIAN_POINT('',(13.9144,-8.776359473472,12.933499550522));
#8369 = SURFACE_CURVE('',#8370,(#8374,#8380),.PCURVE_S1.);
#8370 = LINE('',#8371,#8372);
#8371 = CARTESIAN_POINT('',(13.9144,-8.828893130241,12.857062605614));
#8372 = VECTOR('',#8373,1.);
#8373 = DIRECTION('',(-0.,0.566406236925,0.824126188622));
#8374 = PCURVE('',#72,#8375);
#8375 = DEFINITIONAL_REPRESENTATION('',(#8376),#8379);
#8376 = B_SPLINE_CURVE_WITH_KNOTS('',1,(#8377,#8378),.UNSPECIFIED.,.F.,
  .F.,(2,2),(-0.248699840329,9.274907891836E-02),
  .PIECEWISE_BEZIER_KNOTS.);
#8377 = CARTESIAN_POINT('',(4.15977770878,6.327847887976));
#8378 = CARTESIAN_POINT('',(4.441174705208,6.134449090524));
#8379 = ( GEOMETRIC_REPRESENTATION_CONTEXT(2) 
PARAMETRIC_REPRESENTATION_CONTEXT() REPRESENTATION_CONTEXT('2D SPACE',''
  ) );
#8380 = PCURVE('',#4073,#8381);
#8381 = DEFINITIONAL_REPRESENTATION('',(#8382),#8385);
#8382 = B_SPLINE_CURVE_WITH_KNOTS('',1,(#8383,#8384),.UNSPECIFIED.,.F.,
  .F.,(2,2),(-0.248699840329,9.274907891836E-02),
  .PIECEWISE_BEZIER_KNOTS.);
#8383 = CARTESIAN_POINT('',(0.341448919247,-1.9144));
#8384 = CARTESIAN_POINT('',(0.,-1.9144));
#8385 = ( GEOMETRIC_REPRESENTATION_CONTEXT(2) 
PARAMETRIC_REPRESENTATION_CONTEXT() REPRESENTATION_CONTEXT('2D SPACE',''
  ) );
#8386 = ORIENTED_EDGE('',*,*,#8387,.T.);
#8387 = EDGE_CURVE('',#8367,#8388,#8390,.T.);
#8388 = VERTEX_POINT('',#8389);
#8389 = CARTESIAN_POINT('',(13.9144,-8.568498541458,13.204389191145));
#8390 = SURFACE_CURVE('',#8391,(#8395,#8401),.PCURVE_S1.);
#8391 = LINE('',#8392,#8393);
#8392 = CARTESIAN_POINT('',(13.9144,-8.608206135499,13.152641247096));
#8393 = VECTOR('',#8394,1.);
#8394 = DIRECTION('',(-0.,0.608761429009,0.793353340291));
#8395 = PCURVE('',#72,#8396);
#8396 = DEFINITIONAL_REPRESENTATION('',(#8397),#8400);
#8397 = B_SPLINE_CURVE_WITH_KNOTS('',1,(#8398,#8399),.UNSPECIFIED.,.F.,
  .F.,(2,2),(-0.276222063291,6.522685595588E-02),
  .PIECEWISE_BEZIER_KNOTS.);
#8398 = CARTESIAN_POINT('',(4.441174705208,6.134449090524));
#8399 = CARTESIAN_POINT('',(4.712064345831,5.92658815851));
#8400 = ( GEOMETRIC_REPRESENTATION_CONTEXT(2) 
PARAMETRIC_REPRESENTATION_CONTEXT() REPRESENTATION_CONTEXT('2D SPACE',''
  ) );
#8401 = PCURVE('',#4099,#8402);
#8402 = DEFINITIONAL_REPRESENTATION('',(#8403),#8406);
#8403 = B_SPLINE_CURVE_WITH_KNOTS('',1,(#8404,#8405),.UNSPECIFIED.,.F.,
  .F.,(2,2),(-0.276222063291,6.522685595588E-02),
  .PIECEWISE_BEZIER_KNOTS.);
#8404 = CARTESIAN_POINT('',(0.341448919247,-1.9144));
#8405 = CARTESIAN_POINT('',(0.,-1.9144));
#8406 = ( GEOMETRIC_REPRESENTATION_CONTEXT(2) 
PARAMETRIC_REPRESENTATION_CONTEXT() REPRESENTATION_CONTEXT('2D SPACE',''
  ) );
#8407 = ORIENTED_EDGE('',*,*,#8408,.T.);
#8408 = EDGE_CURVE('',#8388,#8409,#8411,.T.);
#8409 = VERTEX_POINT('',#8410);
#8410 = CARTESIAN_POINT('',(13.9144,-8.346745207249,13.464028986288));
#8411 = SURFACE_CURVE('',#8412,(#8416,#8422),.PCURVE_S1.);
#8412 = LINE('',#8413,#8414);
#8413 = CARTESIAN_POINT('',(13.9144,-8.371268250376,13.435316191882));
#8414 = VECTOR('',#8415,1.);
#8415 = DIRECTION('',(-0.,0.64944804833,0.7604059656));
#8416 = PCURVE('',#72,#8417);
#8417 = DEFINITIONAL_REPRESENTATION('',(#8418),#8421);
#8418 = B_SPLINE_CURVE_WITH_KNOTS('',1,(#8419,#8420),.UNSPECIFIED.,.F.,
  .F.,(2,2),(-0.303689096593,3.775982265357E-02),
  .PIECEWISE_BEZIER_KNOTS.);
#8419 = CARTESIAN_POINT('',(4.712064345831,5.92658815851));
#8420 = CARTESIAN_POINT('',(4.971704140974,5.7048348243));
#8421 = ( GEOMETRIC_REPRESENTATION_CONTEXT(2) 
PARAMETRIC_REPRESENTATION_CONTEXT() REPRESENTATION_CONTEXT('2D SPACE',''
  ) );
#8422 = PCURVE('',#4125,#8423);
#8423 = DEFINITIONAL_REPRESENTATION('',(#8424),#8427);
#8424 = B_SPLINE_CURVE_WITH_KNOTS('',1,(#8425,#8426),.UNSPECIFIED.,.F.,
  .F.,(2,2),(-0.303689096593,3.775982265357E-02),
  .PIECEWISE_BEZIER_KNOTS.);
#8425 = CARTESIAN_POINT('',(0.341448919247,-1.9144));
#8426 = CARTESIAN_POINT('',(0.,-1.9144));
#8427 = ( GEOMETRIC_REPRESENTATION_CONTEXT(2) 
PARAMETRIC_REPRESENTATION_CONTEXT() REPRESENTATION_CONTEXT('2D SPACE',''
  ) );
#8428 = ORIENTED_EDGE('',*,*,#8429,.T.);
#8429 = EDGE_CURVE('',#8409,#8430,#8432,.T.);
#8430 = VERTEX_POINT('',#8431);
#8431 = CARTESIAN_POINT('',(13.9144,-8.111707281319,13.711707281319));
#8432 = SURFACE_CURVE('',#8433,(#8437,#8443),.PCURVE_S1.);
#8433 = LINE('',#8434,#8435);
#8434 = CARTESIAN_POINT('',(13.9144,-8.118882182953,13.704146512577));
#8435 = VECTOR('',#8436,1.);
#8436 = DIRECTION('',(-0.,0.688354575694,0.725374371012));
#8437 = PCURVE('',#72,#8438);
#8438 = DEFINITIONAL_REPRESENTATION('',(#8439),#8442);
#8439 = B_SPLINE_CURVE_WITH_KNOTS('',1,(#8440,#8441),.UNSPECIFIED.,.F.,
  .F.,(2,2),(-0.331025655006,1.042326424045E-02),
  .PIECEWISE_BEZIER_KNOTS.);
#8440 = CARTESIAN_POINT('',(4.971704140974,5.7048348243));
#8441 = CARTESIAN_POINT('',(5.219382436005,5.469796898371));
#8442 = ( GEOMETRIC_REPRESENTATION_CONTEXT(2) 
PARAMETRIC_REPRESENTATION_CONTEXT() REPRESENTATION_CONTEXT('2D SPACE',''
  ) );
#8443 = PCURVE('',#4151,#8444);
#8444 = DEFINITIONAL_REPRESENTATION('',(#8445),#8448);
#8445 = B_SPLINE_CURVE_WITH_KNOTS('',1,(#8446,#8447),.UNSPECIFIED.,.F.,
  .F.,(2,2),(-0.331025655006,1.042326424045E-02),
  .PIECEWISE_BEZIER_KNOTS.);
#8446 = CARTESIAN_POINT('',(0.341448919247,-1.9144));
#8447 = CARTESIAN_POINT('',(0.,-1.9144));
#8448 = ( GEOMETRIC_REPRESENTATION_CONTEXT(2) 
PARAMETRIC_REPRESENTATION_CONTEXT() REPRESENTATION_CONTEXT('2D SPACE',''
  ) );
#8449 = ORIENTED_EDGE('',*,*,#8450,.T.);
#8450 = EDGE_CURVE('',#8430,#8451,#8453,.T.);
#8451 = VERTEX_POINT('',#8452);
#8452 = CARTESIAN_POINT('',(13.9144,-7.864028986288,13.946745207249));
#8453 = SURFACE_CURVE('',#8454,(#8458,#8464),.PCURVE_S1.);
#8454 = LINE('',#8455,#8456);
#8455 = CARTESIAN_POINT('',(13.9144,-7.851909509872,13.958246160935));
#8456 = VECTOR('',#8457,1.);
#8457 = DIRECTION('',(-0.,0.725374371012,0.688354575694));
#8458 = PCURVE('',#72,#8459);
#8459 = DEFINITIONAL_REPRESENTATION('',(#8460),#8463);
#8460 = B_SPLINE_CURVE_WITH_KNOTS('',1,(#8461,#8462),.UNSPECIFIED.,.F.,
  .F.,(2,2),(-0.358156810924,-1.670789167697E-02),
  .PIECEWISE_BEZIER_KNOTS.);
#8461 = CARTESIAN_POINT('',(5.219382436005,5.469796898371));
#8462 = CARTESIAN_POINT('',(5.454420361935,5.222118603339));
#8463 = ( GEOMETRIC_REPRESENTATION_CONTEXT(2) 
PARAMETRIC_REPRESENTATION_CONTEXT() REPRESENTATION_CONTEXT('2D SPACE',''
  ) );
#8464 = PCURVE('',#4177,#8465);
#8465 = DEFINITIONAL_REPRESENTATION('',(#8466),#8469);
#8466 = B_SPLINE_CURVE_WITH_KNOTS('',1,(#8467,#8468),.UNSPECIFIED.,.F.,
  .F.,(2,2),(-0.358156810924,-1.670789167697E-02),
  .PIECEWISE_BEZIER_KNOTS.);
#8467 = CARTESIAN_POINT('',(0.341448919247,-1.9144));
#8468 = CARTESIAN_POINT('',(0.,-1.9144));
#8469 = ( GEOMETRIC_REPRESENTATION_CONTEXT(2) 
PARAMETRIC_REPRESENTATION_CONTEXT() REPRESENTATION_CONTEXT('2D SPACE',''
  ) );
#8470 = ORIENTED_EDGE('',*,*,#8471,.T.);
#8471 = EDGE_CURVE('',#8451,#8472,#8474,.T.);
#8472 = VERTEX_POINT('',#8473);
#8473 = CARTESIAN_POINT('',(13.9144,-7.604389191145,14.168498541458));
#8474 = SURFACE_CURVE('',#8475,(#8479,#8485),.PCURVE_S1.);
#8475 = LINE('',#8476,#8477);
#8476 = CARTESIAN_POINT('',(13.9144,-7.571266454406,14.196788031156));
#8477 = VECTOR('',#8478,1.);
#8478 = DIRECTION('',(-0.,0.7604059656,0.64944804833));
#8479 = PCURVE('',#72,#8480);
#8480 = DEFINITIONAL_REPRESENTATION('',(#8481),#8484);
#8481 = B_SPLINE_CURVE_WITH_KNOTS('',1,(#8482,#8483),.UNSPECIFIED.,.F.,
  .F.,(2,2),(-0.385008199733,-4.355928048621E-02),
  .PIECEWISE_BEZIER_KNOTS.);
#8482 = CARTESIAN_POINT('',(5.454420361935,5.222118603339));
#8483 = CARTESIAN_POINT('',(5.676173696144,4.962478808196));
#8484 = ( GEOMETRIC_REPRESENTATION_CONTEXT(2) 
PARAMETRIC_REPRESENTATION_CONTEXT() REPRESENTATION_CONTEXT('2D SPACE',''
  ) );
#8485 = PCURVE('',#4203,#8486);
#8486 = DEFINITIONAL_REPRESENTATION('',(#8487),#8490);
#8487 = B_SPLINE_CURVE_WITH_KNOTS('',1,(#8488,#8489),.UNSPECIFIED.,.F.,
  .F.,(2,2),(-0.385008199733,-4.355928048621E-02),
  .PIECEWISE_BEZIER_KNOTS.);
#8488 = CARTESIAN_POINT('',(0.341448919247,-1.9144));
#8489 = CARTESIAN_POINT('',(0.,-1.9144));
#8490 = ( GEOMETRIC_REPRESENTATION_CONTEXT(2) 
PARAMETRIC_REPRESENTATION_CONTEXT() REPRESENTATION_CONTEXT('2D SPACE',''
  ) );
#8491 = ORIENTED_EDGE('',*,*,#8492,.T.);
#8492 = EDGE_CURVE('',#8472,#8493,#8495,.T.);
#8493 = VERTEX_POINT('',#8494);
#8494 = CARTESIAN_POINT('',(13.9144,-7.333499550522,14.376359473472));
#8495 = SURFACE_CURVE('',#8496,(#8500,#8506),.PCURVE_S1.);
#8496 = LINE('',#8497,#8498);
#8497 = CARTESIAN_POINT('',(13.9144,-7.277919354066,14.419007658209));
#8498 = VECTOR('',#8499,1.);
#8499 = DIRECTION('',(-0.,0.793353340291,0.608761429009));
#8500 = PCURVE('',#72,#8501);
#8501 = DEFINITIONAL_REPRESENTATION('',(#8502),#8505);
#8502 = B_SPLINE_CURVE_WITH_KNOTS('',1,(#8503,#8504),.UNSPECIFIED.,.F.,
  .F.,(2,2),(-0.411506223644,-7.005730439695E-02),
  .PIECEWISE_BEZIER_KNOTS.);
#8503 = CARTESIAN_POINT('',(5.676173696144,4.962478808196));
#8504 = CARTESIAN_POINT('',(5.884034628158,4.691589167573));
#8505 = ( GEOMETRIC_REPRESENTATION_CONTEXT(2) 
PARAMETRIC_REPRESENTATION_CONTEXT() REPRESENTATION_CONTEXT('2D SPACE',''
  ) );
#8506 = PCURVE('',#4229,#8507);
#8507 = DEFINITIONAL_REPRESENTATION('',(#8508),#8511);
#8508 = B_SPLINE_CURVE_WITH_KNOTS('',1,(#8509,#8510),.UNSPECIFIED.,.F.,
  .F.,(2,2),(-0.411506223644,-7.005730439695E-02),
  .PIECEWISE_BEZIER_KNOTS.);
#8509 = CARTESIAN_POINT('',(0.341448919247,-1.9144));
#8510 = CARTESIAN_POINT('',(0.,-1.9144));
#8511 = ( GEOMETRIC_REPRESENTATION_CONTEXT(2) 
PARAMETRIC_REPRESENTATION_CONTEXT() REPRESENTATION_CONTEXT('2D SPACE',''
  ) );
#8512 = ORIENTED_EDGE('',*,*,#8513,.T.);
#8513 = EDGE_CURVE('',#8493,#8514,#8516,.T.);
#8514 = VERTEX_POINT('',#8515);
#8515 = CARTESIAN_POINT('',(13.9144,-7.052102554093,14.569758270925));
#8516 = SURFACE_CURVE('',#8517,(#8521,#8527),.PCURVE_S1.);
#8517 = LINE('',#8518,#8519);
#8518 = CARTESIAN_POINT('',(13.9144,-6.972879852311,14.624206525349));
#8519 = VECTOR('',#8520,1.);
#8520 = DIRECTION('',(-0.,0.824126188622,0.566406236925));
#8521 = PCURVE('',#72,#8522);
#8522 = DEFINITIONAL_REPRESENTATION('',(#8523),#8526);
#8523 = B_SPLINE_CURVE_WITH_KNOTS('',1,(#8524,#8525),.UNSPECIFIED.,.F.,
  .F.,(2,2),(-0.437578253414,-9.612933416745E-02),
  .PIECEWISE_BEZIER_KNOTS.);
#8524 = CARTESIAN_POINT('',(5.884034628158,4.691589167573));
#8525 = CARTESIAN_POINT('',(6.077433425611,4.410192171145));
#8526 = ( GEOMETRIC_REPRESENTATION_CONTEXT(2) 
PARAMETRIC_REPRESENTATION_CONTEXT() REPRESENTATION_CONTEXT('2D SPACE',''
  ) );
#8527 = PCURVE('',#4255,#8528);
#8528 = DEFINITIONAL_REPRESENTATION('',(#8529),#8532);
#8529 = B_SPLINE_CURVE_WITH_KNOTS('',1,(#8530,#8531),.UNSPECIFIED.,.F.,
  .F.,(2,2),(-0.437578253414,-9.612933416745E-02),
  .PIECEWISE_BEZIER_KNOTS.);
#8530 = CARTESIAN_POINT('',(0.341448919247,-1.9144));
#8531 = CARTESIAN_POINT('',(0.,-1.9144));
#8532 = ( GEOMETRIC_REPRESENTATION_CONTEXT(2) 
PARAMETRIC_REPRESENTATION_CONTEXT() REPRESENTATION_CONTEXT('2D SPACE',''
  ) );
#8533 = ORIENTED_EDGE('',*,*,#8534,.T.);
#8534 = EDGE_CURVE('',#8514,#8535,#8537,.T.);
#8535 = VERTEX_POINT('',#8536);
#8536 = CARTESIAN_POINT('',(13.9144,-6.760969491468,14.748164841155));
#8537 = SURFACE_CURVE('',#8538,(#8542,#8548),.PCURVE_S1.);
#8538 = LINE('',#8539,#8540);
#8539 = CARTESIAN_POINT('',(13.9144,-6.657199851198,14.811754958498));
#8540 = VECTOR('',#8541,1.);
#8541 = DIRECTION('',(-0.,0.852640164354,0.522498564716));
#8542 = PCURVE('',#72,#8543);
#8543 = DEFINITIONAL_REPRESENTATION('',(#8544),#8547);
#8544 = B_SPLINE_CURVE_WITH_KNOTS('',1,(#8545,#8546),.UNSPECIFIED.,.F.,
  .F.,(2,2),(-0.463152827423,-0.121703908176),.PIECEWISE_BEZIER_KNOTS.);
#8545 = CARTESIAN_POINT('',(6.077433425611,4.410192171145));
#8546 = CARTESIAN_POINT('',(6.255839995841,4.11905910852));
#8547 = ( GEOMETRIC_REPRESENTATION_CONTEXT(2) 
PARAMETRIC_REPRESENTATION_CONTEXT() REPRESENTATION_CONTEXT('2D SPACE',''
  ) );
#8548 = PCURVE('',#4281,#8549);
#8549 = DEFINITIONAL_REPRESENTATION('',(#8550),#8553);
#8550 = B_SPLINE_CURVE_WITH_KNOTS('',1,(#8551,#8552),.UNSPECIFIED.,.F.,
  .F.,(2,2),(-0.463152827423,-0.121703908176),.PIECEWISE_BEZIER_KNOTS.);
#8551 = CARTESIAN_POINT('',(0.341448919247,-1.9144));
#8552 = CARTESIAN_POINT('',(0.,-1.9144));
#8553 = ( GEOMETRIC_REPRESENTATION_CONTEXT(2) 
PARAMETRIC_REPRESENTATION_CONTEXT() REPRESENTATION_CONTEXT('2D SPACE',''
  ) );
#8554 = ORIENTED_EDGE('',*,*,#8555,.T.);
#8555 = EDGE_CURVE('',#8535,#8556,#8558,.T.);
#8556 = VERTEX_POINT('',#8557);
#8557 = CARTESIAN_POINT('',(13.9144,-6.460898338134,14.911090184155));
#8558 = SURFACE_CURVE('',#8559,(#8563,#8569),.PCURVE_S1.);
#8559 = LINE('',#8560,#8561);
#8560 = CARTESIAN_POINT('',(13.9144,-6.331966263735,14.981094588816));
#8561 = VECTOR('',#8562,1.);
#8562 = DIRECTION('',(-0.,0.878817112662,0.47715876026));
#8563 = PCURVE('',#72,#8564);
#8564 = DEFINITIONAL_REPRESENTATION('',(#8565),#8568);
#8565 = B_SPLINE_CURVE_WITH_KNOTS('',1,(#8566,#8567),.UNSPECIFIED.,.F.,
  .F.,(2,2),(-0.488159847541,-0.146710928294),.PIECEWISE_BEZIER_KNOTS.);
#8566 = CARTESIAN_POINT('',(6.255839995841,4.11905910852));
#8567 = CARTESIAN_POINT('',(6.418765338841,3.818987955186));
#8568 = ( GEOMETRIC_REPRESENTATION_CONTEXT(2) 
PARAMETRIC_REPRESENTATION_CONTEXT() REPRESENTATION_CONTEXT('2D SPACE',''
  ) );
#8569 = PCURVE('',#4307,#8570);
#8570 = DEFINITIONAL_REPRESENTATION('',(#8571),#8574);
#8571 = B_SPLINE_CURVE_WITH_KNOTS('',1,(#8572,#8573),.UNSPECIFIED.,.F.,
  .F.,(2,2),(-0.488159847541,-0.146710928294),.PIECEWISE_BEZIER_KNOTS.);
#8572 = CARTESIAN_POINT('',(0.341448919247,-1.9144));
#8573 = CARTESIAN_POINT('',(0.,-1.9144));
#8574 = ( GEOMETRIC_REPRESENTATION_CONTEXT(2) 
PARAMETRIC_REPRESENTATION_CONTEXT() REPRESENTATION_CONTEXT('2D SPACE',''
  ) );
#8575 = ORIENTED_EDGE('',*,*,#8576,.T.);
#8576 = EDGE_CURVE('',#8556,#8577,#8579,.T.);
#8577 = VERTEX_POINT('',#8578);
#8578 = CARTESIAN_POINT('',(13.9144,-6.152711568265,15.058087732884));
#8579 = SURFACE_CURVE('',#8580,(#8584,#8590),.PCURVE_S1.);
#8580 = LINE('',#8581,#8582);
#8581 = CARTESIAN_POINT('',(13.9144,-5.998295606215,15.13174036864));
#8582 = VECTOR('',#8583,1.);
#8583 = DIRECTION('',(-0.,0.90258528435,0.430511096808));
#8584 = PCURVE('',#72,#8585);
#8585 = DEFINITIONAL_REPRESENTATION('',(#8586),#8589);
#8586 = B_SPLINE_CURVE_WITH_KNOTS('',1,(#8587,#8588),.UNSPECIFIED.,.F.,
  .F.,(2,2),(-0.512530771264,-0.171081852017),.PIECEWISE_BEZIER_KNOTS.);
#8587 = CARTESIAN_POINT('',(6.418765338841,3.818987955186));
#8588 = CARTESIAN_POINT('',(6.56576288757,3.510801185316));
#8589 = ( GEOMETRIC_REPRESENTATION_CONTEXT(2) 
PARAMETRIC_REPRESENTATION_CONTEXT() REPRESENTATION_CONTEXT('2D SPACE',''
  ) );
#8590 = PCURVE('',#4333,#8591);
#8591 = DEFINITIONAL_REPRESENTATION('',(#8592),#8595);
#8592 = B_SPLINE_CURVE_WITH_KNOTS('',1,(#8593,#8594),.UNSPECIFIED.,.F.,
  .F.,(2,2),(-0.512530771264,-0.171081852017),.PIECEWISE_BEZIER_KNOTS.);
#8593 = CARTESIAN_POINT('',(0.341448919247,-1.9144));
#8594 = CARTESIAN_POINT('',(0.,-1.9144));
#8595 = ( GEOMETRIC_REPRESENTATION_CONTEXT(2) 
PARAMETRIC_REPRESENTATION_CONTEXT() REPRESENTATION_CONTEXT('2D SPACE',''
  ) );
#8596 = ORIENTED_EDGE('',*,*,#8597,.T.);
#8597 = EDGE_CURVE('',#8577,#8598,#8600,.T.);
#8598 = VERTEX_POINT('',#8599);
#8599 = CARTESIAN_POINT('',(13.9144,-5.837253900375,15.188754577279));
#8600 = SURFACE_CURVE('',#8601,(#8605,#8611),.PCURVE_S1.);
#8601 = LINE('',#8602,#8603);
#8602 = CARTESIAN_POINT('',(13.9144,-5.657328471973,15.263282129939));
#8603 = VECTOR('',#8604,1.);
#8604 = DIRECTION('',(-0.,0.923879532511,0.382683432365));
#8605 = PCURVE('',#72,#8606);
#8606 = DEFINITIONAL_REPRESENTATION('',(#8607),#8610);
#8607 = B_SPLINE_CURVE_WITH_KNOTS('',1,(#8608,#8609),.UNSPECIFIED.,.F.,
  .F.,(2,2),(-0.536198799583,-0.194749880336),.PIECEWISE_BEZIER_KNOTS.);
#8608 = CARTESIAN_POINT('',(6.56576288757,3.510801185316));
#8609 = CARTESIAN_POINT('',(6.696429731965,3.195343517426));
#8610 = ( GEOMETRIC_REPRESENTATION_CONTEXT(2) 
PARAMETRIC_REPRESENTATION_CONTEXT() REPRESENTATION_CONTEXT('2D SPACE',''
  ) );
#8611 = PCURVE('',#4359,#8612);
#8612 = DEFINITIONAL_REPRESENTATION('',(#8613),#8616);
#8613 = B_SPLINE_CURVE_WITH_KNOTS('',1,(#8614,#8615),.UNSPECIFIED.,.F.,
  .F.,(2,2),(-0.536198799583,-0.194749880336),.PIECEWISE_BEZIER_KNOTS.);
#8614 = CARTESIAN_POINT('',(0.341448919247,-1.9144));
#8615 = CARTESIAN_POINT('',(0.,-1.9144));
#8616 = ( GEOMETRIC_REPRESENTATION_CONTEXT(2) 
PARAMETRIC_REPRESENTATION_CONTEXT() REPRESENTATION_CONTEXT('2D SPACE',''
  ) );
#8617 = ORIENTED_EDGE('',*,*,#8618,.T.);
#8618 = EDGE_CURVE('',#8598,#8619,#8621,.T.);
#8619 = VERTEX_POINT('',#8620);
#8620 = CARTESIAN_POINT('',(13.9144,-5.515389982004,15.302732568601));
#8621 = SURFACE_CURVE('',#8622,(#8626,#8632),.PCURVE_S1.);
#8622 = LINE('',#8623,#8624);
#8623 = CARTESIAN_POINT('',(13.9144,-5.310223928713,15.375385678524));
#8624 = VECTOR('',#8625,1.);
#8625 = DIRECTION('',(-0.,0.942641491092,0.333806859234));
#8626 = PCURVE('',#72,#8627);
#8627 = DEFINITIONAL_REPRESENTATION('',(#8628),#8631);
#8628 = B_SPLINE_CURVE_WITH_KNOTS('',1,(#8629,#8630),.UNSPECIFIED.,.F.,
  .F.,(2,2),(-0.559099060079,-0.217650140832),.PIECEWISE_BEZIER_KNOTS.);
#8629 = CARTESIAN_POINT('',(6.696429731965,3.195343517426));
#8630 = CARTESIAN_POINT('',(6.810407723287,2.873479599055));
#8631 = ( GEOMETRIC_REPRESENTATION_CONTEXT(2) 
PARAMETRIC_REPRESENTATION_CONTEXT() REPRESENTATION_CONTEXT('2D SPACE',''
  ) );
#8632 = PCURVE('',#4385,#8633);
#8633 = DEFINITIONAL_REPRESENTATION('',(#8634),#8637);
#8634 = B_SPLINE_CURVE_WITH_KNOTS('',1,(#8635,#8636),.UNSPECIFIED.,.F.,
  .F.,(2,2),(-0.559099060079,-0.217650140832),.PIECEWISE_BEZIER_KNOTS.);
#8635 = CARTESIAN_POINT('',(0.341448919247,-1.9144));
#8636 = CARTESIAN_POINT('',(0.,-1.9144));
#8637 = ( GEOMETRIC_REPRESENTATION_CONTEXT(2) 
PARAMETRIC_REPRESENTATION_CONTEXT() REPRESENTATION_CONTEXT('2D SPACE',''
  ) );
#8638 = ORIENTED_EDGE('',*,*,#8639,.T.);
#8639 = EDGE_CURVE('',#8619,#8640,#8642,.T.);
#8640 = VERTEX_POINT('',#8641);
#8641 = CARTESIAN_POINT('',(13.9144,-5.188002019781,15.3997093011));
#8642 = SURFACE_CURVE('',#8643,(#8647,#8653),.PCURVE_S1.);
#8643 = LINE('',#8644,#8645);
#8644 = CARTESIAN_POINT('',(13.9144,-4.958153881916,15.467793421327));
#8645 = VECTOR('',#8646,1.);
#8646 = DIRECTION('',(-0.,0.958819734868,0.284015344704));
#8647 = PCURVE('',#72,#8648);
#8648 = DEFINITIONAL_REPRESENTATION('',(#8649),#8652);
#8649 = B_SPLINE_CURVE_WITH_KNOTS('',1,(#8650,#8651),.UNSPECIFIED.,.F.,
  .F.,(2,2),(-0.581168784729,-0.239719865482),.PIECEWISE_BEZIER_KNOTS.);
#8650 = CARTESIAN_POINT('',(6.810407723287,2.873479599055));
#8651 = CARTESIAN_POINT('',(6.907384455786,2.546091636832));
#8652 = ( GEOMETRIC_REPRESENTATION_CONTEXT(2) 
PARAMETRIC_REPRESENTATION_CONTEXT() REPRESENTATION_CONTEXT('2D SPACE',''
  ) );
#8653 = PCURVE('',#4411,#8654);
#8654 = DEFINITIONAL_REPRESENTATION('',(#8655),#8658);
#8655 = B_SPLINE_CURVE_WITH_KNOTS('',1,(#8656,#8657),.UNSPECIFIED.,.F.,
  .F.,(2,2),(-0.581168784729,-0.239719865482),.PIECEWISE_BEZIER_KNOTS.);
#8656 = CARTESIAN_POINT('',(0.341448919247,-1.9144));
#8657 = CARTESIAN_POINT('',(0.,-1.9144));
#8658 = ( GEOMETRIC_REPRESENTATION_CONTEXT(2) 
PARAMETRIC_REPRESENTATION_CONTEXT() REPRESENTATION_CONTEXT('2D SPACE',''
  ) );
#8659 = ORIENTED_EDGE('',*,*,#8660,.T.);
#8660 = EDGE_CURVE('',#8640,#8661,#8663,.T.);
#8661 = VERTEX_POINT('',#8662);
#8662 = CARTESIAN_POINT('',(13.9144,-4.855987361353,15.479418968292));
#8663 = SURFACE_CURVE('',#8664,(#8668,#8674),.PCURVE_S1.);
#8664 = LINE('',#8665,#8666);
#8665 = CARTESIAN_POINT('',(13.9144,-4.602297446703,15.540324528192));
#8666 = VECTOR('',#8667,1.);
#8667 = DIRECTION('',(-0.,0.972369920398,0.233445363856));
#8668 = PCURVE('',#72,#8669);
#8669 = DEFINITIONAL_REPRESENTATION('',(#8670),#8673);
#8670 = B_SPLINE_CURVE_WITH_KNOTS('',1,(#8671,#8672),.UNSPECIFIED.,.F.,
  .F.,(2,2),(-0.602347481952,-0.260898562706),.PIECEWISE_BEZIER_KNOTS.);
#8671 = CARTESIAN_POINT('',(6.907384455786,2.546091636832));
#8672 = CARTESIAN_POINT('',(6.987094122978,2.214076978404));
#8673 = ( GEOMETRIC_REPRESENTATION_CONTEXT(2) 
PARAMETRIC_REPRESENTATION_CONTEXT() REPRESENTATION_CONTEXT('2D SPACE',''
  ) );
#8674 = PCURVE('',#4437,#8675);
#8675 = DEFINITIONAL_REPRESENTATION('',(#8676),#8679);
#8676 = B_SPLINE_CURVE_WITH_KNOTS('',1,(#8677,#8678),.UNSPECIFIED.,.F.,
  .F.,(2,2),(-0.602347481952,-0.260898562706),.PIECEWISE_BEZIER_KNOTS.);
#8677 = CARTESIAN_POINT('',(0.341448919247,-1.9144));
#8678 = CARTESIAN_POINT('',(0.,-1.9144));
#8679 = ( GEOMETRIC_REPRESENTATION_CONTEXT(2) 
PARAMETRIC_REPRESENTATION_CONTEXT() REPRESENTATION_CONTEXT('2D SPACE',''
  ) );
#8680 = ORIENTED_EDGE('',*,*,#8681,.T.);
#8681 = EDGE_CURVE('',#8661,#8682,#8684,.T.);
#8682 = VERTEX_POINT('',#8683);
#8683 = CARTESIAN_POINT('',(13.9144,-4.520256035821,15.541643091519));
#8684 = SURFACE_CURVE('',#8685,(#8689,#8695),.PCURVE_S1.);
#8685 = LINE('',#8686,#8687);
#8686 = CARTESIAN_POINT('',(13.9144,-4.243835370069,15.592874633709));
#8687 = VECTOR('',#8688,1.);
#8688 = DIRECTION('',(-0.,0.983254907564,0.182235525492));
#8689 = PCURVE('',#72,#8690);
#8690 = DEFINITIONAL_REPRESENTATION('',(#8691),#8694);
#8691 = B_SPLINE_CURVE_WITH_KNOTS('',1,(#8692,#8693),.UNSPECIFIED.,.F.,
  .F.,(2,2),(-0.622577102412,-0.281128183165),.PIECEWISE_BEZIER_KNOTS.);
#8692 = CARTESIAN_POINT('',(6.987094122978,2.214076978404));
#8693 = CARTESIAN_POINT('',(7.049318246206,1.878345652872));
#8694 = ( GEOMETRIC_REPRESENTATION_CONTEXT(2) 
PARAMETRIC_REPRESENTATION_CONTEXT() REPRESENTATION_CONTEXT('2D SPACE',''
  ) );
#8695 = PCURVE('',#4463,#8696);
#8696 = DEFINITIONAL_REPRESENTATION('',(#8697),#8700);
#8697 = B_SPLINE_CURVE_WITH_KNOTS('',1,(#8698,#8699),.UNSPECIFIED.,.F.,
  .F.,(2,2),(-0.622577102412,-0.281128183165),.PIECEWISE_BEZIER_KNOTS.);
#8698 = CARTESIAN_POINT('',(0.341448919247,-1.9144));
#8699 = CARTESIAN_POINT('',(0.,-1.9144));
#8700 = ( GEOMETRIC_REPRESENTATION_CONTEXT(2) 
PARAMETRIC_REPRESENTATION_CONTEXT() REPRESENTATION_CONTEXT('2D SPACE',''
  ) );
#8701 = ORIENTED_EDGE('',*,*,#8702,.T.);
#8702 = EDGE_CURVE('',#8682,#8703,#8705,.T.);
#8703 = VERTEX_POINT('',#8704);
#8704 = CARTESIAN_POINT('',(13.9144,-4.181728259412,15.586211118786));
#8705 = SURFACE_CURVE('',#8706,(#8710,#8716),.PCURVE_S1.);
#8706 = LINE('',#8707,#8708);
#8707 = CARTESIAN_POINT('',(13.9144,-3.883944544473,15.625415088599));
#8708 = VECTOR('',#8709,1.);
#8709 = DIRECTION('',(-0.,0.991444861374,0.13052619222));
#8710 = PCURVE('',#72,#8711);
#8711 = DEFINITIONAL_REPRESENTATION('',(#8712),#8715);
#8712 = B_SPLINE_CURVE_WITH_KNOTS('',1,(#8713,#8714),.UNSPECIFIED.,.F.,
  .F.,(2,2),(-0.641802198123,-0.300353278876),.PIECEWISE_BEZIER_KNOTS.);
#8713 = CARTESIAN_POINT('',(7.049318246206,1.878345652872));
#8714 = CARTESIAN_POINT('',(7.093886273472,1.539817876463));
#8715 = ( GEOMETRIC_REPRESENTATION_CONTEXT(2) 
PARAMETRIC_REPRESENTATION_CONTEXT() REPRESENTATION_CONTEXT('2D SPACE',''
  ) );
#8716 = PCURVE('',#4489,#8717);
#8717 = DEFINITIONAL_REPRESENTATION('',(#8718),#8721);
#8718 = B_SPLINE_CURVE_WITH_KNOTS('',1,(#8719,#8720),.UNSPECIFIED.,.F.,
  .F.,(2,2),(-0.641802198123,-0.300353278876),.PIECEWISE_BEZIER_KNOTS.);
#8719 = CARTESIAN_POINT('',(0.341448919247,-1.9144));
#8720 = CARTESIAN_POINT('',(0.,-1.9144));
#8721 = ( GEOMETRIC_REPRESENTATION_CONTEXT(2) 
PARAMETRIC_REPRESENTATION_CONTEXT() REPRESENTATION_CONTEXT('2D SPACE',''
  ) );
#8722 = ORIENTED_EDGE('',*,*,#8723,.T.);
#8723 = EDGE_CURVE('',#8703,#8724,#8726,.T.);
#8724 = VERTEX_POINT('',#8725);
#8725 = CARTESIAN_POINT('',(13.9144,-3.84133191323,15.613000892228));
#8726 = SURFACE_CURVE('',#8727,(#8731,#8737),.PCURVE_S1.);
#8727 = LINE('',#8728,#8729);
#8728 = CARTESIAN_POINT('',(13.9144,-3.523792652461,15.637991774034));
#8729 = VECTOR('',#8730,1.);
#8730 = DIRECTION('',(-0.,0.996917333733,7.845909572784E-02));
#8731 = PCURVE('',#72,#8732);
#8732 = DEFINITIONAL_REPRESENTATION('',(#8733),#8736);
#8733 = B_SPLINE_CURVE_WITH_KNOTS('',1,(#8734,#8735),.UNSPECIFIED.,.F.,
  .F.,(2,2),(-0.659970074436,-0.318521155189),.PIECEWISE_BEZIER_KNOTS.);
#8734 = CARTESIAN_POINT('',(7.093886273472,1.539817876463));
#8735 = CARTESIAN_POINT('',(7.120676046914,1.199421530282));
#8736 = ( GEOMETRIC_REPRESENTATION_CONTEXT(2) 
PARAMETRIC_REPRESENTATION_CONTEXT() REPRESENTATION_CONTEXT('2D SPACE',''
  ) );
#8737 = PCURVE('',#4515,#8738);
#8738 = DEFINITIONAL_REPRESENTATION('',(#8739),#8742);
#8739 = B_SPLINE_CURVE_WITH_KNOTS('',1,(#8740,#8741),.UNSPECIFIED.,.F.,
  .F.,(2,2),(-0.659970074436,-0.318521155189),.PIECEWISE_BEZIER_KNOTS.);
#8740 = CARTESIAN_POINT('',(0.341448919247,-1.9144));
#8741 = CARTESIAN_POINT('',(0.,-1.9144));
#8742 = ( GEOMETRIC_REPRESENTATION_CONTEXT(2) 
PARAMETRIC_REPRESENTATION_CONTEXT() REPRESENTATION_CONTEXT('2D SPACE',''
  ) );
#8743 = ORIENTED_EDGE('',*,*,#8744,.T.);
#8744 = EDGE_CURVE('',#8724,#8745,#8747,.T.);
#8745 = VERTEX_POINT('',#8746);
#8746 = CARTESIAN_POINT('',(13.9144,-3.5,15.621938982937));
#8747 = SURFACE_CURVE('',#8748,(#8752,#8758),.PCURVE_S1.);
#8748 = LINE('',#8749,#8750);
#8749 = CARTESIAN_POINT('',(13.9144,-3.164532980358,15.630723496002));
#8750 = VECTOR('',#8751,1.);
#8751 = DIRECTION('',(-0.,0.999657324976,2.617694830788E-02));
#8752 = PCURVE('',#72,#8753);
#8753 = DEFINITIONAL_REPRESENTATION('',(#8754),#8757);
#8754 = B_SPLINE_CURVE_WITH_KNOTS('',1,(#8755,#8756),.UNSPECIFIED.,.F.,
  .F.,(2,2),(-0.677030934465,-0.335582015218),.PIECEWISE_BEZIER_KNOTS.);
#8755 = CARTESIAN_POINT('',(7.120676046914,1.199421530282));
#8756 = CARTESIAN_POINT('',(7.129614137623,0.858089617052));
#8757 = ( GEOMETRIC_REPRESENTATION_CONTEXT(2) 
PARAMETRIC_REPRESENTATION_CONTEXT() REPRESENTATION_CONTEXT('2D SPACE',''
  ) );
#8758 = PCURVE('',#4541,#8759);
#8759 = DEFINITIONAL_REPRESENTATION('',(#8760),#8763);
#8760 = B_SPLINE_CURVE_WITH_KNOTS('',1,(#8761,#8762),.UNSPECIFIED.,.F.,
  .F.,(2,2),(-0.677030934465,-0.335582015218),.PIECEWISE_BEZIER_KNOTS.);
#8761 = CARTESIAN_POINT('',(0.341448919247,-1.9144));
#8762 = CARTESIAN_POINT('',(0.,-1.9144));
#8763 = ( GEOMETRIC_REPRESENTATION_CONTEXT(2) 
PARAMETRIC_REPRESENTATION_CONTEXT() REPRESENTATION_CONTEXT('2D SPACE',''
  ) );
#8764 = ORIENTED_EDGE('',*,*,#8765,.T.);
#8765 = EDGE_CURVE('',#8745,#8766,#8768,.T.);
#8766 = VERTEX_POINT('',#8767);
#8767 = CARTESIAN_POINT('',(13.9144,-3.15866808677,15.613000892228));
#8768 = SURFACE_CURVE('',#8769,(#8773,#8779),.PCURVE_S1.);
#8769 = LINE('',#8770,#8771);
#8770 = CARTESIAN_POINT('',(13.9144,-2.807299436975,15.603799980322));
#8771 = VECTOR('',#8772,1.);
#8772 = DIRECTION('',(0.,0.999657324976,-2.617694830788E-02));
#8773 = PCURVE('',#72,#8774);
#8774 = DEFINITIONAL_REPRESENTATION('',(#8775),#8778);
#8775 = B_SPLINE_CURVE_WITH_KNOTS('',1,(#8776,#8777),.UNSPECIFIED.,.F.,
  .F.,(2,2),(-0.692938015577,-0.35148909633),.PIECEWISE_BEZIER_KNOTS.);
#8776 = CARTESIAN_POINT('',(7.129614137623,0.858089617052));
#8777 = CARTESIAN_POINT('',(7.120676046914,0.516757703821));
#8778 = ( GEOMETRIC_REPRESENTATION_CONTEXT(2) 
PARAMETRIC_REPRESENTATION_CONTEXT() REPRESENTATION_CONTEXT('2D SPACE',''
  ) );
#8779 = PCURVE('',#4567,#8780);
#8780 = DEFINITIONAL_REPRESENTATION('',(#8781),#8784);
#8781 = B_SPLINE_CURVE_WITH_KNOTS('',1,(#8782,#8783),.UNSPECIFIED.,.F.,
  .F.,(2,2),(-0.692938015577,-0.35148909633),.PIECEWISE_BEZIER_KNOTS.);
#8782 = CARTESIAN_POINT('',(0.341448919247,-1.9144));
#8783 = CARTESIAN_POINT('',(0.,-1.9144));
#8784 = ( GEOMETRIC_REPRESENTATION_CONTEXT(2) 
PARAMETRIC_REPRESENTATION_CONTEXT() REPRESENTATION_CONTEXT('2D SPACE',''
  ) );
#8785 = ORIENTED_EDGE('',*,*,#8786,.T.);
#8786 = EDGE_CURVE('',#8766,#8787,#8789,.T.);
#8787 = VERTEX_POINT('',#8788);
#8788 = CARTESIAN_POINT('',(13.9144,-2.818271740588,15.586211118786));
#8789 = SURFACE_CURVE('',#8790,(#8794,#8800),.PCURVE_S1.);
#8790 = LINE('',#8791,#8792);
#8791 = CARTESIAN_POINT('',(13.9144,-2.453201810948,15.557479492213));
#8792 = VECTOR('',#8793,1.);
#8793 = DIRECTION('',(0.,0.996917333733,-7.845909572785E-02));
#8794 = PCURVE('',#72,#8795);
#8795 = DEFINITIONAL_REPRESENTATION('',(#8796),#8799);
#8796 = B_SPLINE_CURVE_WITH_KNOTS('',1,(#8797,#8798),.UNSPECIFIED.,.F.,
  .F.,(2,2),(-0.707647717569,-0.366198798322),.PIECEWISE_BEZIER_KNOTS.);
#8797 = CARTESIAN_POINT('',(7.120676046914,0.516757703821));
#8798 = CARTESIAN_POINT('',(7.093886273472,0.17636135764));
#8799 = ( GEOMETRIC_REPRESENTATION_CONTEXT(2) 
PARAMETRIC_REPRESENTATION_CONTEXT() REPRESENTATION_CONTEXT('2D SPACE',''
  ) );
#8800 = PCURVE('',#4593,#8801);
#8801 = DEFINITIONAL_REPRESENTATION('',(#8802),#8805);
#8802 = B_SPLINE_CURVE_WITH_KNOTS('',1,(#8803,#8804),.UNSPECIFIED.,.F.,
  .F.,(2,2),(-0.707647717569,-0.366198798322),.PIECEWISE_BEZIER_KNOTS.);
#8803 = CARTESIAN_POINT('',(0.341448919247,-1.9144));
#8804 = CARTESIAN_POINT('',(0.,-1.9144));
#8805 = ( GEOMETRIC_REPRESENTATION_CONTEXT(2) 
PARAMETRIC_REPRESENTATION_CONTEXT() REPRESENTATION_CONTEXT('2D SPACE',''
  ) );
#8806 = ORIENTED_EDGE('',*,*,#8807,.T.);
#8807 = EDGE_CURVE('',#8787,#8808,#8810,.T.);
#8808 = VERTEX_POINT('',#8809);
#8809 = CARTESIAN_POINT('',(13.9144,-2.479743964179,15.541643091519));
#8810 = SURFACE_CURVE('',#8811,(#8815,#8821),.PCURVE_S1.);
#8811 = LINE('',#8812,#8813);
#8812 = CARTESIAN_POINT('',(13.9144,-2.103321297606,15.492086107317));
#8813 = VECTOR('',#8814,1.);
#8814 = DIRECTION('',(0.,0.991444861374,-0.13052619222));
#8815 = PCURVE('',#72,#8816);
#8816 = DEFINITIONAL_REPRESENTATION('',(#8817),#8820);
#8817 = B_SPLINE_CURVE_WITH_KNOTS('',1,(#8818,#8819),.UNSPECIFIED.,.F.,
  .F.,(2,2),(-0.721119722171,-0.379670802924),.PIECEWISE_BEZIER_KNOTS.);
#8818 = CARTESIAN_POINT('',(7.093886273472,0.17636135764));
#8819 = CARTESIAN_POINT('',(7.049318246206,-0.162166418769));
#8820 = ( GEOMETRIC_REPRESENTATION_CONTEXT(2) 
PARAMETRIC_REPRESENTATION_CONTEXT() REPRESENTATION_CONTEXT('2D SPACE',''
  ) );
#8821 = PCURVE('',#4619,#8822);
#8822 = DEFINITIONAL_REPRESENTATION('',(#8823),#8826);
#8823 = B_SPLINE_CURVE_WITH_KNOTS('',1,(#8824,#8825),.UNSPECIFIED.,.F.,
  .F.,(2,2),(-0.721119722171,-0.379670802924),.PIECEWISE_BEZIER_KNOTS.);
#8824 = CARTESIAN_POINT('',(0.341448919247,-1.9144));
#8825 = CARTESIAN_POINT('',(0.,-1.9144));
#8826 = ( GEOMETRIC_REPRESENTATION_CONTEXT(2) 
PARAMETRIC_REPRESENTATION_CONTEXT() REPRESENTATION_CONTEXT('2D SPACE',''
  ) );
#8827 = ORIENTED_EDGE('',*,*,#8828,.T.);
#8828 = EDGE_CURVE('',#8808,#8829,#8831,.T.);
#8829 = VERTEX_POINT('',#8830);
#8830 = CARTESIAN_POINT('',(13.9144,-2.144012638647,15.479418968292));
#8831 = SURFACE_CURVE('',#8832,(#8836,#8842),.PCURVE_S1.);
#8832 = LINE('',#8833,#8834);
#8833 = CARTESIAN_POINT('',(13.9144,-1.758706323309,15.408006663801));
#8834 = VECTOR('',#8835,1.);
#8835 = DIRECTION('',(0.,0.983254907564,-0.182235525492));
#8836 = PCURVE('',#72,#8837);
#8837 = DEFINITIONAL_REPRESENTATION('',(#8838),#8841);
#8838 = B_SPLINE_CURVE_WITH_KNOTS('',1,(#8839,#8840),.UNSPECIFIED.,.F.,
  .F.,(2,2),(-0.733317103554,-0.391868184307),.PIECEWISE_BEZIER_KNOTS.);
#8839 = CARTESIAN_POINT('',(7.049318246206,-0.162166418769));
#8840 = CARTESIAN_POINT('',(6.987094122978,-0.497897744301));
#8841 = ( GEOMETRIC_REPRESENTATION_CONTEXT(2) 
PARAMETRIC_REPRESENTATION_CONTEXT() REPRESENTATION_CONTEXT('2D SPACE',''
  ) );
#8842 = PCURVE('',#4645,#8843);
#8843 = DEFINITIONAL_REPRESENTATION('',(#8844),#8847);
#8844 = B_SPLINE_CURVE_WITH_KNOTS('',1,(#8845,#8846),.UNSPECIFIED.,.F.,
  .F.,(2,2),(-0.733317103554,-0.391868184307),.PIECEWISE_BEZIER_KNOTS.);
#8845 = CARTESIAN_POINT('',(0.341448919247,-1.9144));
#8846 = CARTESIAN_POINT('',(0.,-1.9144));
#8847 = ( GEOMETRIC_REPRESENTATION_CONTEXT(2) 
PARAMETRIC_REPRESENTATION_CONTEXT() REPRESENTATION_CONTEXT('2D SPACE',''
  ) );
#8848 = ORIENTED_EDGE('',*,*,#8849,.T.);
#8849 = EDGE_CURVE('',#8829,#8850,#8852,.T.);
#8850 = VERTEX_POINT('',#8851);
#8851 = CARTESIAN_POINT('',(13.9144,-1.811997980219,15.3997093011));
#8852 = SURFACE_CURVE('',#8853,(#8857,#8863),.PCURVE_S1.);
#8853 = LINE('',#8854,#8855);
#8854 = CARTESIAN_POINT('',(13.9144,-1.420368691992,15.305687427563));
#8855 = VECTOR('',#8856,1.);
#8856 = DIRECTION('',(0.,0.972369920398,-0.233445363856));
#8857 = PCURVE('',#72,#8858);
#8858 = DEFINITIONAL_REPRESENTATION('',(#8859),#8862);
#8859 = B_SPLINE_CURVE_WITH_KNOTS('',1,(#8860,#8861),.UNSPECIFIED.,.F.,
  .F.,(2,2),(-0.744206429544,-0.402757510298),.PIECEWISE_BEZIER_KNOTS.);
#8860 = CARTESIAN_POINT('',(6.987094122978,-0.497897744301));
#8861 = CARTESIAN_POINT('',(6.907384455786,-0.829912402729));
#8862 = ( GEOMETRIC_REPRESENTATION_CONTEXT(2) 
PARAMETRIC_REPRESENTATION_CONTEXT() REPRESENTATION_CONTEXT('2D SPACE',''
  ) );
#8863 = PCURVE('',#4671,#8864);
#8864 = DEFINITIONAL_REPRESENTATION('',(#8865),#8868);
#8865 = B_SPLINE_CURVE_WITH_KNOTS('',1,(#8866,#8867),.UNSPECIFIED.,.F.,
  .F.,(2,2),(-0.744206429544,-0.402757510298),.PIECEWISE_BEZIER_KNOTS.);
#8866 = CARTESIAN_POINT('',(0.341448919247,-1.9144));
#8867 = CARTESIAN_POINT('',(0.,-1.9144));
#8868 = ( GEOMETRIC_REPRESENTATION_CONTEXT(2) 
PARAMETRIC_REPRESENTATION_CONTEXT() REPRESENTATION_CONTEXT('2D SPACE',''
  ) );
#8869 = ORIENTED_EDGE('',*,*,#8870,.T.);
#8870 = EDGE_CURVE('',#8850,#8871,#8873,.T.);
#8871 = VERTEX_POINT('',#8872);
#8872 = CARTESIAN_POINT('',(13.9144,-1.484610017996,15.302732568601));
#8873 = SURFACE_CURVE('',#8874,(#8878,#8884),.PCURVE_S1.);
#8874 = LINE('',#8875,#8876);
#8875 = CARTESIAN_POINT('',(13.9144,-1.089280075206,15.185630504584));
#8876 = VECTOR('',#8877,1.);
#8877 = DIRECTION('',(0.,0.958819734868,-0.284015344704));
#8878 = PCURVE('',#72,#8879);
#8879 = DEFINITIONAL_REPRESENTATION('',(#8880),#8883);
#8880 = B_SPLINE_CURVE_WITH_KNOTS('',1,(#8881,#8882),.UNSPECIFIED.,.F.,
  .F.,(2,2),(-0.753757853256,-0.412308934009),.PIECEWISE_BEZIER_KNOTS.);
#8881 = CARTESIAN_POINT('',(6.907384455786,-0.829912402729));
#8882 = CARTESIAN_POINT('',(6.810407723287,-1.157300364952));
#8883 = ( GEOMETRIC_REPRESENTATION_CONTEXT(2) 
PARAMETRIC_REPRESENTATION_CONTEXT() REPRESENTATION_CONTEXT('2D SPACE',''
  ) );
#8884 = PCURVE('',#4697,#8885);
#8885 = DEFINITIONAL_REPRESENTATION('',(#8886),#8889);
#8886 = B_SPLINE_CURVE_WITH_KNOTS('',1,(#8887,#8888),.UNSPECIFIED.,.F.,
  .F.,(2,2),(-0.753757853256,-0.412308934009),.PIECEWISE_BEZIER_KNOTS.);
#8887 = CARTESIAN_POINT('',(0.341448919247,-1.9144));
#8888 = CARTESIAN_POINT('',(0.,-1.9144));
#8889 = ( GEOMETRIC_REPRESENTATION_CONTEXT(2) 
PARAMETRIC_REPRESENTATION_CONTEXT() REPRESENTATION_CONTEXT('2D SPACE',''
  ) );
#8890 = ORIENTED_EDGE('',*,*,#8891,.T.);
#8891 = EDGE_CURVE('',#8871,#8892,#8894,.T.);
#8892 = VERTEX_POINT('',#8893);
#8893 = CARTESIAN_POINT('',(13.9144,-1.162746099625,15.188754577279));
#8894 = SURFACE_CURVE('',#8895,(#8899,#8905),.PCURVE_S1.);
#8895 = LINE('',#8896,#8897);
#8896 = CARTESIAN_POINT('',(13.9144,-0.766368863346,15.048390036184));
#8897 = VECTOR('',#8898,1.);
#8898 = DIRECTION('',(0.,0.942641491092,-0.333806859234));
#8899 = PCURVE('',#72,#8900);
#8900 = DEFINITIONAL_REPRESENTATION('',(#8901),#8904);
#8901 = B_SPLINE_CURVE_WITH_KNOTS('',1,(#8902,#8903),.UNSPECIFIED.,.F.,
  .F.,(2,2),(-0.761945194899,-0.420496275652),.PIECEWISE_BEZIER_KNOTS.);
#8902 = CARTESIAN_POINT('',(6.810407723287,-1.157300364952));
#8903 = CARTESIAN_POINT('',(6.696429731965,-1.479164283323));
#8904 = ( GEOMETRIC_REPRESENTATION_CONTEXT(2) 
PARAMETRIC_REPRESENTATION_CONTEXT() REPRESENTATION_CONTEXT('2D SPACE',''
  ) );
#8905 = PCURVE('',#4723,#8906);
#8906 = DEFINITIONAL_REPRESENTATION('',(#8907),#8910);
#8907 = B_SPLINE_CURVE_WITH_KNOTS('',1,(#8908,#8909),.UNSPECIFIED.,.F.,
  .F.,(2,2),(-0.761945194899,-0.420496275652),.PIECEWISE_BEZIER_KNOTS.);
#8908 = CARTESIAN_POINT('',(0.341448919247,-1.9144));
#8909 = CARTESIAN_POINT('',(0.,-1.9144));
#8910 = ( GEOMETRIC_REPRESENTATION_CONTEXT(2) 
PARAMETRIC_REPRESENTATION_CONTEXT() REPRESENTATION_CONTEXT('2D SPACE',''
  ) );
#8911 = ORIENTED_EDGE('',*,*,#8912,.T.);
#8912 = EDGE_CURVE('',#8892,#8913,#8915,.T.);
#8913 = VERTEX_POINT('',#8914);
#8914 = CARTESIAN_POINT('',(13.9144,-0.847288431735,15.058087732884));
#8915 = SURFACE_CURVE('',#8916,(#8920,#8926),.PCURVE_S1.);
#8916 = LINE('',#8917,#8918);
#8917 = CARTESIAN_POINT('',(13.9144,-0.452517392015,14.8945682142));
#8918 = VECTOR('',#8919,1.);
#8919 = DIRECTION('',(0.,0.923879532511,-0.382683432365));
#8920 = PCURVE('',#72,#8921);
#8921 = DEFINITIONAL_REPRESENTATION('',(#8922),#8925);
#8922 = B_SPLINE_CURVE_WITH_KNOTS('',1,(#8923,#8924),.UNSPECIFIED.,.F.,
  .F.,(2,2),(-0.768746013541,-0.427297094295),.PIECEWISE_BEZIER_KNOTS.);
#8923 = CARTESIAN_POINT('',(6.696429731965,-1.479164283323));
#8924 = CARTESIAN_POINT('',(6.56576288757,-1.794621951213));
#8925 = ( GEOMETRIC_REPRESENTATION_CONTEXT(2) 
PARAMETRIC_REPRESENTATION_CONTEXT() REPRESENTATION_CONTEXT('2D SPACE',''
  ) );
#8926 = PCURVE('',#4749,#8927);
#8927 = DEFINITIONAL_REPRESENTATION('',(#8928),#8931);
#8928 = B_SPLINE_CURVE_WITH_KNOTS('',1,(#8929,#8930),.UNSPECIFIED.,.F.,
  .F.,(2,2),(-0.768746013541,-0.427297094295),.PIECEWISE_BEZIER_KNOTS.);
#8929 = CARTESIAN_POINT('',(0.341448919247,-1.9144));
#8930 = CARTESIAN_POINT('',(0.,-1.9144));
#8931 = ( GEOMETRIC_REPRESENTATION_CONTEXT(2) 
PARAMETRIC_REPRESENTATION_CONTEXT() REPRESENTATION_CONTEXT('2D SPACE',''
  ) );
#8932 = ORIENTED_EDGE('',*,*,#8933,.T.);
#8933 = EDGE_CURVE('',#8913,#8934,#8936,.T.);
#8934 = VERTEX_POINT('',#8935);
#8935 = CARTESIAN_POINT('',(13.9144,-0.539101661866,14.911090184155));
#8936 = SURFACE_CURVE('',#8937,(#8941,#8947),.PCURVE_S1.);
#8937 = LINE('',#8938,#8939);
#8938 = CARTESIAN_POINT('',(13.9144,-0.148559553645,14.724811154045));
#8939 = VECTOR('',#8940,1.);
#8940 = DIRECTION('',(0.,0.90258528435,-0.430511096808));
#8941 = PCURVE('',#72,#8942);
#8942 = DEFINITIONAL_REPRESENTATION('',(#8943),#8946);
#8943 = B_SPLINE_CURVE_WITH_KNOTS('',1,(#8944,#8945),.UNSPECIFIED.,.F.,
  .F.,(2,2),(-0.774141668611,-0.432692749364),.PIECEWISE_BEZIER_KNOTS.);
#8944 = CARTESIAN_POINT('',(6.56576288757,-1.794621951213));
#8945 = CARTESIAN_POINT('',(6.418765338841,-2.102808721083));
#8946 = ( GEOMETRIC_REPRESENTATION_CONTEXT(2) 
PARAMETRIC_REPRESENTATION_CONTEXT() REPRESENTATION_CONTEXT('2D SPACE',''
  ) );
#8947 = PCURVE('',#4775,#8948);
#8948 = DEFINITIONAL_REPRESENTATION('',(#8949),#8952);
#8949 = B_SPLINE_CURVE_WITH_KNOTS('',1,(#8950,#8951),.UNSPECIFIED.,.F.,
  .F.,(2,2),(-0.774141668611,-0.432692749364),.PIECEWISE_BEZIER_KNOTS.);
#8950 = CARTESIAN_POINT('',(0.341448919247,-1.9144));
#8951 = CARTESIAN_POINT('',(0.,-1.9144));
#8952 = ( GEOMETRIC_REPRESENTATION_CONTEXT(2) 
PARAMETRIC_REPRESENTATION_CONTEXT() REPRESENTATION_CONTEXT('2D SPACE',''
  ) );
#8953 = ORIENTED_EDGE('',*,*,#8954,.T.);
#8954 = EDGE_CURVE('',#8934,#8955,#8957,.T.);
#8955 = VERTEX_POINT('',#8956);
#8956 = CARTESIAN_POINT('',(13.9144,-0.239030508532,14.748164841155));
#8957 = SURFACE_CURVE('',#8958,(#8962,#8968),.PCURVE_S1.);
#8958 = LINE('',#8959,#8960);
#8959 = CARTESIAN_POINT('',(13.9144,0.144721199421,14.539804664076));
#8960 = VECTOR('',#8961,1.);
#8961 = DIRECTION('',(0.,0.878817112662,-0.47715876026));
#8962 = PCURVE('',#72,#8963);
#8963 = DEFINITIONAL_REPRESENTATION('',(#8964),#8967);
#8964 = B_SPLINE_CURVE_WITH_KNOTS('',1,(#8965,#8966),.UNSPECIFIED.,.F.,
  .F.,(2,2),(-0.778117370992,-0.436668451745),.PIECEWISE_BEZIER_KNOTS.);
#8965 = CARTESIAN_POINT('',(6.418765338841,-2.102808721083));
#8966 = CARTESIAN_POINT('',(6.255839995841,-2.402879874417));
#8967 = ( GEOMETRIC_REPRESENTATION_CONTEXT(2) 
PARAMETRIC_REPRESENTATION_CONTEXT() REPRESENTATION_CONTEXT('2D SPACE',''
  ) );
#8968 = PCURVE('',#4801,#8969);
#8969 = DEFINITIONAL_REPRESENTATION('',(#8970),#8973);
#8970 = B_SPLINE_CURVE_WITH_KNOTS('',1,(#8971,#8972),.UNSPECIFIED.,.F.,
  .F.,(2,2),(-0.778117370992,-0.436668451745),.PIECEWISE_BEZIER_KNOTS.);
#8971 = CARTESIAN_POINT('',(0.341448919247,-1.9144));
#8972 = CARTESIAN_POINT('',(0.,-1.9144));
#8973 = ( GEOMETRIC_REPRESENTATION_CONTEXT(2) 
PARAMETRIC_REPRESENTATION_CONTEXT() REPRESENTATION_CONTEXT('2D SPACE',''
  ) );
#8974 = ORIENTED_EDGE('',*,*,#8975,.T.);
#8975 = EDGE_CURVE('',#8955,#8976,#8978,.T.);
#8976 = VERTEX_POINT('',#8977);
#8977 = CARTESIAN_POINT('',(13.9144,5.210255409349E-02,14.569758270925)
  );
#8978 = SURFACE_CURVE('',#8979,(#8983,#8989),.PCURVE_S1.);
#8979 = LINE('',#8980,#8981);
#8980 = CARTESIAN_POINT('',(13.9144,0.42659345807,14.340269949817));
#8981 = VECTOR('',#8982,1.);
#8982 = DIRECTION('',(0.,0.852640164354,-0.522498564716));
#8983 = PCURVE('',#72,#8984);
#8984 = DEFINITIONAL_REPRESENTATION('',(#8985),#8988);
#8985 = B_SPLINE_CURVE_WITH_KNOTS('',1,(#8986,#8987),.UNSPECIFIED.,.F.,
  .F.,(2,2),(-0.78066222356,-0.439213304314),.PIECEWISE_BEZIER_KNOTS.);
#8986 = CARTESIAN_POINT('',(6.255839995841,-2.402879874417));
#8987 = CARTESIAN_POINT('',(6.077433425611,-2.694012937042));
#8988 = ( GEOMETRIC_REPRESENTATION_CONTEXT(2) 
PARAMETRIC_REPRESENTATION_CONTEXT() REPRESENTATION_CONTEXT('2D SPACE',''
  ) );
#8989 = PCURVE('',#4827,#8990);
#8990 = DEFINITIONAL_REPRESENTATION('',(#8991),#8994);
#8991 = B_SPLINE_CURVE_WITH_KNOTS('',1,(#8992,#8993),.UNSPECIFIED.,.F.,
  .F.,(2,2),(-0.78066222356,-0.439213304314),.PIECEWISE_BEZIER_KNOTS.);
#8992 = CARTESIAN_POINT('',(0.341448919247,-1.9144));
#8993 = CARTESIAN_POINT('',(0.,-1.9144));
#8994 = ( GEOMETRIC_REPRESENTATION_CONTEXT(2) 
PARAMETRIC_REPRESENTATION_CONTEXT() REPRESENTATION_CONTEXT('2D SPACE',''
  ) );
#8995 = ORIENTED_EDGE('',*,*,#8996,.T.);
#8996 = EDGE_CURVE('',#8976,#8997,#8999,.T.);
#8997 = VERTEX_POINT('',#8998);
#8998 = CARTESIAN_POINT('',(13.9144,0.333499550522,14.376359473472));
#8999 = SURFACE_CURVE('',#9000,(#9004,#9010),.PCURVE_S1.);
#9000 = LINE('',#9001,#9002);
#9001 = CARTESIAN_POINT('',(13.9144,0.696379067346,14.126959291292));
#9002 = VECTOR('',#9003,1.);
#9003 = DIRECTION('',(0.,0.824126188622,-0.566406236925));
#9004 = PCURVE('',#72,#9005);
#9005 = DEFINITIONAL_REPRESENTATION('',(#9006),#9009);
#9006 = B_SPLINE_CURVE_WITH_KNOTS('',1,(#9007,#9008),.UNSPECIFIED.,.F.,
  .F.,(2,2),(-0.781769251053,-0.440320331806),.PIECEWISE_BEZIER_KNOTS.);
#9007 = CARTESIAN_POINT('',(6.077433425611,-2.694012937042));
#9008 = CARTESIAN_POINT('',(5.884034628158,-2.97540993347));
#9009 = ( GEOMETRIC_REPRESENTATION_CONTEXT(2) 
PARAMETRIC_REPRESENTATION_CONTEXT() REPRESENTATION_CONTEXT('2D SPACE',''
  ) );
#9010 = PCURVE('',#4853,#9011);
#9011 = DEFINITIONAL_REPRESENTATION('',(#9012),#9015);
#9012 = B_SPLINE_CURVE_WITH_KNOTS('',1,(#9013,#9014),.UNSPECIFIED.,.F.,
  .F.,(2,2),(-0.781769251053,-0.440320331806),.PIECEWISE_BEZIER_KNOTS.);
#9013 = CARTESIAN_POINT('',(0.341448919247,-1.9144));
#9014 = CARTESIAN_POINT('',(0.,-1.9144));
#9015 = ( GEOMETRIC_REPRESENTATION_CONTEXT(2) 
PARAMETRIC_REPRESENTATION_CONTEXT() REPRESENTATION_CONTEXT('2D SPACE',''
  ) );
#9016 = ORIENTED_EDGE('',*,*,#9017,.T.);
#9017 = EDGE_CURVE('',#8997,#9018,#9020,.T.);
#9018 = VERTEX_POINT('',#9019);
#9019 = CARTESIAN_POINT('',(13.9144,0.604389191145,14.168498541458));
#9020 = SURFACE_CURVE('',#9021,(#9025,#9031),.PCURVE_S1.);
#9021 = LINE('',#9022,#9023);
#9022 = CARTESIAN_POINT('',(13.9144,0.953453950553,13.900651731012));
#9023 = VECTOR('',#9024,1.);
#9024 = DIRECTION('',(0.,0.793353340291,-0.608761429009));
#9025 = PCURVE('',#72,#9026);
#9026 = DEFINITIONAL_REPRESENTATION('',(#9027),#9030);
#9027 = B_SPLINE_CURVE_WITH_KNOTS('',1,(#9028,#9029),.UNSPECIFIED.,.F.,
  .F.,(2,2),(-0.781435419184,-0.439986499937),.PIECEWISE_BEZIER_KNOTS.);
#9028 = CARTESIAN_POINT('',(5.884034628158,-2.97540993347));
#9029 = CARTESIAN_POINT('',(5.676173696144,-3.246299574093));
#9030 = ( GEOMETRIC_REPRESENTATION_CONTEXT(2) 
PARAMETRIC_REPRESENTATION_CONTEXT() REPRESENTATION_CONTEXT('2D SPACE',''
  ) );
#9031 = PCURVE('',#4879,#9032);
#9032 = DEFINITIONAL_REPRESENTATION('',(#9033),#9036);
#9033 = B_SPLINE_CURVE_WITH_KNOTS('',1,(#9034,#9035),.UNSPECIFIED.,.F.,
  .F.,(2,2),(-0.781435419184,-0.439986499937),.PIECEWISE_BEZIER_KNOTS.);
#9034 = CARTESIAN_POINT('',(0.341448919247,-1.9144));
#9035 = CARTESIAN_POINT('',(0.,-1.9144));
#9036 = ( GEOMETRIC_REPRESENTATION_CONTEXT(2) 
PARAMETRIC_REPRESENTATION_CONTEXT() REPRESENTATION_CONTEXT('2D SPACE',''
  ) );
#9037 = ORIENTED_EDGE('',*,*,#9038,.T.);
#9038 = EDGE_CURVE('',#9018,#9039,#9041,.T.);
#9039 = VERTEX_POINT('',#9040);
#9040 = CARTESIAN_POINT('',(13.9144,0.864028986288,13.946745207249));
#9041 = SURFACE_CURVE('',#9042,(#9046,#9052),.PCURVE_S1.);
#9042 = LINE('',#9043,#9044);
#9043 = CARTESIAN_POINT('',(13.9144,1.197248555603,13.662148809078));
#9044 = VECTOR('',#9045,1.);
#9045 = DIRECTION('',(0.,0.7604059656,-0.64944804833));
#9046 = PCURVE('',#72,#9047);
#9047 = DEFINITIONAL_REPRESENTATION('',(#9048),#9051);
#9048 = B_SPLINE_CURVE_WITH_KNOTS('',1,(#9049,#9050),.UNSPECIFIED.,.F.,
  .F.,(2,2),(-0.779661642963,-0.438212723716),.PIECEWISE_BEZIER_KNOTS.);
#9049 = CARTESIAN_POINT('',(5.676173696144,-3.246299574093));
#9050 = CARTESIAN_POINT('',(5.454420361935,-3.505939369236));
#9051 = ( GEOMETRIC_REPRESENTATION_CONTEXT(2) 
PARAMETRIC_REPRESENTATION_CONTEXT() REPRESENTATION_CONTEXT('2D SPACE',''
  ) );
#9052 = PCURVE('',#4905,#9053);
#9053 = DEFINITIONAL_REPRESENTATION('',(#9054),#9057);
#9054 = B_SPLINE_CURVE_WITH_KNOTS('',1,(#9055,#9056),.UNSPECIFIED.,.F.,
  .F.,(2,2),(-0.779661642963,-0.438212723716),.PIECEWISE_BEZIER_KNOTS.);
#9055 = CARTESIAN_POINT('',(0.341448919247,-1.9144));
#9056 = CARTESIAN_POINT('',(0.,-1.9144));
#9057 = ( GEOMETRIC_REPRESENTATION_CONTEXT(2) 
PARAMETRIC_REPRESENTATION_CONTEXT() REPRESENTATION_CONTEXT('2D SPACE',''
  ) );
#9058 = ORIENTED_EDGE('',*,*,#9059,.T.);
#9059 = EDGE_CURVE('',#9039,#9060,#9062,.T.);
#9060 = VERTEX_POINT('',#9061);
#9061 = CARTESIAN_POINT('',(13.9144,1.111707281319,13.711707281319));
#9062 = SURFACE_CURVE('',#9063,(#9067,#9073),.PCURVE_S1.);
#9063 = LINE('',#9064,#9065);
#9064 = CARTESIAN_POINT('',(13.9144,1.427247936239,13.412270380443));
#9065 = VECTOR('',#9066,1.);
#9066 = DIRECTION('',(0.,0.725374371012,-0.688354575694));
#9067 = PCURVE('',#72,#9068);
#9068 = DEFINITIONAL_REPRESENTATION('',(#9069),#9072);
#9069 = B_SPLINE_CURVE_WITH_KNOTS('',1,(#9070,#9071),.UNSPECIFIED.,.F.,
  .F.,(2,2),(-0.776452784187,-0.435003864941),.PIECEWISE_BEZIER_KNOTS.);
#9070 = CARTESIAN_POINT('',(5.454420361935,-3.505939369236));
#9071 = CARTESIAN_POINT('',(5.219382436005,-3.753617664268));
#9072 = ( GEOMETRIC_REPRESENTATION_CONTEXT(2) 
PARAMETRIC_REPRESENTATION_CONTEXT() REPRESENTATION_CONTEXT('2D SPACE',''
  ) );
#9073 = PCURVE('',#4931,#9074);
#9074 = DEFINITIONAL_REPRESENTATION('',(#9075),#9078);
#9075 = B_SPLINE_CURVE_WITH_KNOTS('',1,(#9076,#9077),.UNSPECIFIED.,.F.,
  .F.,(2,2),(-0.776452784187,-0.435003864941),.PIECEWISE_BEZIER_KNOTS.);
#9076 = CARTESIAN_POINT('',(0.341448919247,-1.9144));
#9077 = CARTESIAN_POINT('',(0.,-1.9144));
#9078 = ( GEOMETRIC_REPRESENTATION_CONTEXT(2) 
PARAMETRIC_REPRESENTATION_CONTEXT() REPRESENTATION_CONTEXT('2D SPACE',''
  ) );
#9079 = ORIENTED_EDGE('',*,*,#9080,.T.);
#9080 = EDGE_CURVE('',#9060,#9081,#9083,.T.);
#9081 = VERTEX_POINT('',#9082);
#9082 = CARTESIAN_POINT('',(13.9144,1.346745207249,13.464028986288));
#9083 = SURFACE_CURVE('',#9084,(#9088,#9094),.PCURVE_S1.);
#9084 = LINE('',#9085,#9086);
#9085 = CARTESIAN_POINT('',(13.9144,1.642991484118,13.151850547534));
#9086 = VECTOR('',#9087,1.);
#9087 = DIRECTION('',(0.,0.688354575694,-0.725374371012));
#9088 = PCURVE('',#72,#9089);
#9089 = DEFINITIONAL_REPRESENTATION('',(#9090),#9093);
#9090 = B_SPLINE_CURVE_WITH_KNOTS('',1,(#9091,#9092),.UNSPECIFIED.,.F.,
  .F.,(2,2),(-0.771817638117,-0.43036871887),.PIECEWISE_BEZIER_KNOTS.);
#9091 = CARTESIAN_POINT('',(5.219382436005,-3.753617664268));
#9092 = CARTESIAN_POINT('',(4.971704140974,-3.988655590197));
#9093 = ( GEOMETRIC_REPRESENTATION_CONTEXT(2) 
PARAMETRIC_REPRESENTATION_CONTEXT() REPRESENTATION_CONTEXT('2D SPACE',''
  ) );
#9094 = PCURVE('',#4957,#9095);
#9095 = DEFINITIONAL_REPRESENTATION('',(#9096),#9099);
#9096 = B_SPLINE_CURVE_WITH_KNOTS('',1,(#9097,#9098),.UNSPECIFIED.,.F.,
  .F.,(2,2),(-0.771817638117,-0.43036871887),.PIECEWISE_BEZIER_KNOTS.);
#9097 = CARTESIAN_POINT('',(0.341448919247,-1.9144));
#9098 = CARTESIAN_POINT('',(0.,-1.9144));
#9099 = ( GEOMETRIC_REPRESENTATION_CONTEXT(2) 
PARAMETRIC_REPRESENTATION_CONTEXT() REPRESENTATION_CONTEXT('2D SPACE',''
  ) );
#9100 = ORIENTED_EDGE('',*,*,#9101,.T.);
#9101 = EDGE_CURVE('',#9081,#9102,#9104,.T.);
#9102 = VERTEX_POINT('',#9103);
#9103 = CARTESIAN_POINT('',(13.9144,1.568498541458,13.204389191145));
#9104 = SURFACE_CURVE('',#9105,(#9109,#9115),.PCURVE_S1.);
#9105 = LINE('',#9106,#9107);
#9106 = CARTESIAN_POINT('',(13.9144,1.844072330907,12.881733739337));
#9107 = VECTOR('',#9108,1.);
#9108 = DIRECTION('',(0.,0.64944804833,-0.7604059656));
#9109 = PCURVE('',#72,#9110);
#9110 = DEFINITIONAL_REPRESENTATION('',(#9111),#9114);
#9111 = B_SPLINE_CURVE_WITH_KNOTS('',1,(#9112,#9113),.UNSPECIFIED.,.F.,
  .F.,(2,2),(-0.765768909364,-0.424319990117),.PIECEWISE_BEZIER_KNOTS.);
#9112 = CARTESIAN_POINT('',(4.971704140974,-3.988655590197));
#9113 = CARTESIAN_POINT('',(4.712064345831,-4.210408924406));
#9114 = ( GEOMETRIC_REPRESENTATION_CONTEXT(2) 
PARAMETRIC_REPRESENTATION_CONTEXT() REPRESENTATION_CONTEXT('2D SPACE',''
  ) );
#9115 = PCURVE('',#4983,#9116);
#9116 = DEFINITIONAL_REPRESENTATION('',(#9117),#9120);
#9117 = B_SPLINE_CURVE_WITH_KNOTS('',1,(#9118,#9119),.UNSPECIFIED.,.F.,
  .F.,(2,2),(-0.765768909364,-0.424319990117),.PIECEWISE_BEZIER_KNOTS.);
#9118 = CARTESIAN_POINT('',(0.341448919247,-1.9144));
#9119 = CARTESIAN_POINT('',(0.,-1.9144));
#9120 = ( GEOMETRIC_REPRESENTATION_CONTEXT(2) 
PARAMETRIC_REPRESENTATION_CONTEXT() REPRESENTATION_CONTEXT('2D SPACE',''
  ) );
#9121 = ORIENTED_EDGE('',*,*,#9122,.T.);
#9122 = EDGE_CURVE('',#9102,#9123,#9125,.T.);
#9123 = VERTEX_POINT('',#9124);
#9124 = CARTESIAN_POINT('',(13.9144,1.776359473472,12.933499550522));
#9125 = SURFACE_CURVE('',#9126,(#9130,#9136),.PCURVE_S1.);
#9126 = LINE('',#9127,#9128);
#9127 = CARTESIAN_POINT('',(13.9144,2.030136442384,12.602770965594));
#9128 = VECTOR('',#9129,1.);
#9129 = DIRECTION('',(0.,0.608761429009,-0.793353340291));
#9130 = PCURVE('',#72,#9131);
#9131 = DEFINITIONAL_REPRESENTATION('',(#9132),#9135);
#9132 = B_SPLINE_CURVE_WITH_KNOTS('',1,(#9133,#9134),.UNSPECIFIED.,.F.,
  .F.,(2,2),(-0.758323177073,-0.416874257826),.PIECEWISE_BEZIER_KNOTS.);
#9133 = CARTESIAN_POINT('',(4.712064345831,-4.210408924406));
#9134 = CARTESIAN_POINT('',(4.441174705208,-4.418269856421));
#9135 = ( GEOMETRIC_REPRESENTATION_CONTEXT(2) 
PARAMETRIC_REPRESENTATION_CONTEXT() REPRESENTATION_CONTEXT('2D SPACE',''
  ) );
#9136 = PCURVE('',#5009,#9137);
#9137 = DEFINITIONAL_REPRESENTATION('',(#9138),#9141);
#9138 = B_SPLINE_CURVE_WITH_KNOTS('',1,(#9139,#9140),.UNSPECIFIED.,.F.,
  .F.,(2,2),(-0.758323177073,-0.416874257826),.PIECEWISE_BEZIER_KNOTS.);
#9139 = CARTESIAN_POINT('',(0.341448919247,-1.9144));
#9140 = CARTESIAN_POINT('',(0.,-1.9144));
#9141 = ( GEOMETRIC_REPRESENTATION_CONTEXT(2) 
PARAMETRIC_REPRESENTATION_CONTEXT() REPRESENTATION_CONTEXT('2D SPACE',''
  ) );
#9142 = ORIENTED_EDGE('',*,*,#9143,.T.);
#9143 = EDGE_CURVE('',#9123,#9144,#9146,.T.);
#9144 = VERTEX_POINT('',#9145);
#9145 = CARTESIAN_POINT('',(13.9144,1.969758270925,12.652102554093));
#9146 = SURFACE_CURVE('',#9147,(#9151,#9157),.PCURVE_S1.);
#9147 = LINE('',#9148,#9149);
#9148 = CARTESIAN_POINT('',(13.9144,2.200881429198,12.31581627207));
#9149 = VECTOR('',#9150,1.);
#9150 = DIRECTION('',(0.,0.566406236925,-0.824126188622));
#9151 = PCURVE('',#72,#9152);
#9152 = DEFINITIONAL_REPRESENTATION('',(#9153),#9156);
#9153 = B_SPLINE_CURVE_WITH_KNOTS('',1,(#9154,#9155),.UNSPECIFIED.,.F.,
  .F.,(2,2),(-0.74950084948,-0.408051930233),.PIECEWISE_BEZIER_KNOTS.);
#9154 = CARTESIAN_POINT('',(4.441174705208,-4.418269856421));
#9155 = CARTESIAN_POINT('',(4.15977770878,-4.611668653873));
#9156 = ( GEOMETRIC_REPRESENTATION_CONTEXT(2) 
PARAMETRIC_REPRESENTATION_CONTEXT() REPRESENTATION_CONTEXT('2D SPACE',''
  ) );
#9157 = PCURVE('',#5035,#9158);
#9158 = DEFINITIONAL_REPRESENTATION('',(#9159),#9162);
#9159 = B_SPLINE_CURVE_WITH_KNOTS('',1,(#9160,#9161),.UNSPECIFIED.,.F.,
  .F.,(2,2),(-0.74950084948,-0.408051930233),.PIECEWISE_BEZIER_KNOTS.);
#9160 = CARTESIAN_POINT('',(0.341448919247,-1.9144));
#9161 = CARTESIAN_POINT('',(0.,-1.9144));
#9162 = ( GEOMETRIC_REPRESENTATION_CONTEXT(2) 
PARAMETRIC_REPRESENTATION_CONTEXT() REPRESENTATION_CONTEXT('2D SPACE',''
  ) );
#9163 = ORIENTED_EDGE('',*,*,#9164,.T.);
#9164 = EDGE_CURVE('',#9144,#9165,#9167,.T.);
#9165 = VERTEX_POINT('',#9166);
#9166 = CARTESIAN_POINT('',(13.9144,2.148164841155,12.360969491468));
#9167 = SURFACE_CURVE('',#9168,(#9172,#9178),.PCURVE_S1.);
#9168 = LINE('',#9169,#9170);
#9169 = CARTESIAN_POINT('',(13.9144,2.356055101197,12.021723419881));
#9170 = VECTOR('',#9171,1.);
#9171 = DIRECTION('',(0.,0.522498564716,-0.852640164354));
#9172 = PCURVE('',#72,#9173);
#9173 = DEFINITIONAL_REPRESENTATION('',(#9174),#9177);
#9174 = B_SPLINE_CURVE_WITH_KNOTS('',1,(#9175,#9176),.UNSPECIFIED.,.F.,
  .F.,(2,2),(-0.739326107971,-0.397877188725),.PIECEWISE_BEZIER_KNOTS.);
#9175 = CARTESIAN_POINT('',(4.15977770878,-4.611668653873));
#9176 = CARTESIAN_POINT('',(3.868644646154,-4.790075224104));
#9177 = ( GEOMETRIC_REPRESENTATION_CONTEXT(2) 
PARAMETRIC_REPRESENTATION_CONTEXT() REPRESENTATION_CONTEXT('2D SPACE',''
  ) );
#9178 = PCURVE('',#5061,#9179);
#9179 = DEFINITIONAL_REPRESENTATION('',(#9180),#9183);
#9180 = B_SPLINE_CURVE_WITH_KNOTS('',1,(#9181,#9182),.UNSPECIFIED.,.F.,
  .F.,(2,2),(-0.739326107971,-0.397877188725),.PIECEWISE_BEZIER_KNOTS.);
#9181 = CARTESIAN_POINT('',(0.341448919247,-1.9144));
#9182 = CARTESIAN_POINT('',(0.,-1.9144));
#9183 = ( GEOMETRIC_REPRESENTATION_CONTEXT(2) 
PARAMETRIC_REPRESENTATION_CONTEXT() REPRESENTATION_CONTEXT('2D SPACE',''
  ) );
#9184 = ORIENTED_EDGE('',*,*,#9185,.T.);
#9185 = EDGE_CURVE('',#9165,#9186,#9188,.T.);
#9186 = VERTEX_POINT('',#9187);
#9187 = CARTESIAN_POINT('',(13.9144,2.311090184155,12.060898338134));
#9188 = SURFACE_CURVE('',#9189,(#9193,#9199),.PCURVE_S1.);
#9189 = LINE('',#9190,#9191);
#9190 = CARTESIAN_POINT('',(13.9144,2.495453794198,11.721342808713));
#9191 = VECTOR('',#9192,1.);
#9192 = DIRECTION('',(0.,0.47715876026,-0.878817112662));
#9193 = PCURVE('',#72,#9194);
#9194 = DEFINITIONAL_REPRESENTATION('',(#9195),#9198);
#9195 = B_SPLINE_CURVE_WITH_KNOTS('',1,(#9196,#9197),.UNSPECIFIED.,.F.,
  .F.,(2,2),(-0.727826840806,-0.386377921559),.PIECEWISE_BEZIER_KNOTS.);
#9196 = CARTESIAN_POINT('',(3.868644646154,-4.790075224104));
#9197 = CARTESIAN_POINT('',(3.56857349282,-4.953000567103));
#9198 = ( GEOMETRIC_REPRESENTATION_CONTEXT(2) 
PARAMETRIC_REPRESENTATION_CONTEXT() REPRESENTATION_CONTEXT('2D SPACE',''
  ) );
#9199 = PCURVE('',#5087,#9200);
#9200 = DEFINITIONAL_REPRESENTATION('',(#9201),#9204);
#9201 = B_SPLINE_CURVE_WITH_KNOTS('',1,(#9202,#9203),.UNSPECIFIED.,.F.,
  .F.,(2,2),(-0.727826840806,-0.386377921559),.PIECEWISE_BEZIER_KNOTS.);
#9202 = CARTESIAN_POINT('',(0.341448919247,-1.9144));
#9203 = CARTESIAN_POINT('',(0.,-1.9144));
#9204 = ( GEOMETRIC_REPRESENTATION_CONTEXT(2) 
PARAMETRIC_REPRESENTATION_CONTEXT() REPRESENTATION_CONTEXT('2D SPACE',''
  ) );
#9205 = ORIENTED_EDGE('',*,*,#9206,.T.);
#9206 = EDGE_CURVE('',#9186,#9207,#9209,.T.);
#9207 = VERTEX_POINT('',#9208);
#9208 = CARTESIAN_POINT('',(13.9144,2.458087732884,11.752711568265));
#9209 = SURFACE_CURVE('',#9210,(#9214,#9220),.PCURVE_S1.);
#9210 = LINE('',#9211,#9212);
#9211 = CARTESIAN_POINT('',(13.9144,2.61892049971,11.415518660451));
#9212 = VECTOR('',#9213,1.);
#9213 = DIRECTION('',(0.,0.430511096808,-0.90258528435));
#9214 = PCURVE('',#72,#9215);
#9215 = DEFINITIONAL_REPRESENTATION('',(#9216),#9219);
#9216 = B_SPLINE_CURVE_WITH_KNOTS('',1,(#9217,#9218),.UNSPECIFIED.,.F.,
  .F.,(2,2),(-0.715034566676,-0.373585647429),.PIECEWISE_BEZIER_KNOTS.);
#9217 = CARTESIAN_POINT('',(3.56857349282,-4.953000567103));
#9218 = CARTESIAN_POINT('',(3.260386722951,-5.099998115832));
#9219 = ( GEOMETRIC_REPRESENTATION_CONTEXT(2) 
PARAMETRIC_REPRESENTATION_CONTEXT() REPRESENTATION_CONTEXT('2D SPACE',''
  ) );
#9220 = PCURVE('',#5113,#9221);
#9221 = DEFINITIONAL_REPRESENTATION('',(#9222),#9225);
#9222 = B_SPLINE_CURVE_WITH_KNOTS('',1,(#9223,#9224),.UNSPECIFIED.,.F.,
  .F.,(2,2),(-0.715034566676,-0.373585647429),.PIECEWISE_BEZIER_KNOTS.);
#9223 = CARTESIAN_POINT('',(0.341448919247,-1.9144));
#9224 = CARTESIAN_POINT('',(0.,-1.9144));
#9225 = ( GEOMETRIC_REPRESENTATION_CONTEXT(2) 
PARAMETRIC_REPRESENTATION_CONTEXT() REPRESENTATION_CONTEXT('2D SPACE',''
  ) );
#9226 = ORIENTED_EDGE('',*,*,#9227,.T.);
#9227 = EDGE_CURVE('',#9207,#9228,#9230,.T.);
#9228 = VERTEX_POINT('',#9229);
#9229 = CARTESIAN_POINT('',(13.9144,2.588754577279,11.437253900375));
#9230 = SURFACE_CURVE('',#9231,(#9235,#9241),.PCURVE_S1.);
#9231 = LINE('',#9232,#9233);
#9232 = CARTESIAN_POINT('',(13.9144,2.726342829331,11.105086476246));
#9233 = VECTOR('',#9234,1.);
#9234 = DIRECTION('',(0.,0.382683432365,-0.923879532511));
#9235 = PCURVE('',#72,#9236);
#9236 = DEFINITIONAL_REPRESENTATION('',(#9237),#9240);
#9237 = B_SPLINE_CURVE_WITH_KNOTS('',1,(#9238,#9239),.UNSPECIFIED.,.F.,
  .F.,(2,2),(-0.700984348315,-0.359535429068),.PIECEWISE_BEZIER_KNOTS.);
#9238 = CARTESIAN_POINT('',(3.260386722951,-5.099998115832));
#9239 = CARTESIAN_POINT('',(2.944929055061,-5.230664960227));
#9240 = ( GEOMETRIC_REPRESENTATION_CONTEXT(2) 
PARAMETRIC_REPRESENTATION_CONTEXT() REPRESENTATION_CONTEXT('2D SPACE',''
  ) );
#9241 = PCURVE('',#5139,#9242);
#9242 = DEFINITIONAL_REPRESENTATION('',(#9243),#9246);
#9243 = B_SPLINE_CURVE_WITH_KNOTS('',1,(#9244,#9245),.UNSPECIFIED.,.F.,
  .F.,(2,2),(-0.700984348315,-0.359535429068),.PIECEWISE_BEZIER_KNOTS.);
#9244 = CARTESIAN_POINT('',(0.341448919247,-1.9144));
#9245 = CARTESIAN_POINT('',(0.,-1.9144));
#9246 = ( GEOMETRIC_REPRESENTATION_CONTEXT(2) 
PARAMETRIC_REPRESENTATION_CONTEXT() REPRESENTATION_CONTEXT('2D SPACE',''
  ) );
#9247 = ORIENTED_EDGE('',*,*,#9248,.T.);
#9248 = EDGE_CURVE('',#9228,#9249,#9251,.T.);
#9249 = VERTEX_POINT('',#9250);
#9250 = CARTESIAN_POINT('',(13.9144,2.702732568601,11.115389982004));
#9251 = SURFACE_CURVE('',#9252,(#9256,#9262),.PCURVE_S1.);
#9252 = LINE('',#9253,#9254);
#9253 = CARTESIAN_POINT('',(13.9144,2.817650846413,10.7908707765));
#9254 = VECTOR('',#9255,1.);
#9255 = DIRECTION('',(0.,0.333806859234,-0.942641491092));
#9256 = PCURVE('',#72,#9257);
#9257 = DEFINITIONAL_REPRESENTATION('',(#9258),#9261);
#9258 = B_SPLINE_CURVE_WITH_KNOTS('',1,(#9259,#9260),.UNSPECIFIED.,.F.,
  .F.,(2,2),(-0.685714696396,-0.344265777149),.PIECEWISE_BEZIER_KNOTS.);
#9259 = CARTESIAN_POINT('',(2.944929055061,-5.230664960227));
#9260 = CARTESIAN_POINT('',(2.62306513669,-5.34464295155));
#9261 = ( GEOMETRIC_REPRESENTATION_CONTEXT(2) 
PARAMETRIC_REPRESENTATION_CONTEXT() REPRESENTATION_CONTEXT('2D SPACE',''
  ) );
#9262 = PCURVE('',#5165,#9263);
#9263 = DEFINITIONAL_REPRESENTATION('',(#9264),#9267);
#9264 = B_SPLINE_CURVE_WITH_KNOTS('',1,(#9265,#9266),.UNSPECIFIED.,.F.,
  .F.,(2,2),(-0.685714696396,-0.344265777149),.PIECEWISE_BEZIER_KNOTS.);
#9265 = CARTESIAN_POINT('',(0.341448919247,-1.9144));
#9266 = CARTESIAN_POINT('',(0.,-1.9144));
#9267 = ( GEOMETRIC_REPRESENTATION_CONTEXT(2) 
PARAMETRIC_REPRESENTATION_CONTEXT() REPRESENTATION_CONTEXT('2D SPACE',''
  ) );
#9268 = ORIENTED_EDGE('',*,*,#9269,.T.);
#9269 = EDGE_CURVE('',#9249,#9270,#9272,.T.);
#9270 = VERTEX_POINT('',#9271);
#9271 = CARTESIAN_POINT('',(13.9144,2.7997093011,10.788002019781));
#9272 = SURFACE_CURVE('',#9273,(#9277,#9283),.PCURVE_S1.);
#9273 = LINE('',#9274,#9275);
#9274 = CARTESIAN_POINT('',(13.9144,2.892814798081,10.473683129641));
#9275 = VECTOR('',#9276,1.);
#9276 = DIRECTION('',(0.,0.284015344704,-0.958819734868));
#9277 = PCURVE('',#72,#9278);
#9278 = DEFINITIONAL_REPRESENTATION('',(#9279),#9282);
#9279 = B_SPLINE_CURVE_WITH_KNOTS('',1,(#9280,#9281),.UNSPECIFIED.,.F.,
  .F.,(2,2),(-0.669267463973,-0.327818544726),.PIECEWISE_BEZIER_KNOTS.);
#9280 = CARTESIAN_POINT('',(2.62306513669,-5.34464295155));
#9281 = CARTESIAN_POINT('',(2.295677174467,-5.441619684048));
#9282 = ( GEOMETRIC_REPRESENTATION_CONTEXT(2) 
PARAMETRIC_REPRESENTATION_CONTEXT() REPRESENTATION_CONTEXT('2D SPACE',''
  ) );
#9283 = PCURVE('',#5191,#9284);
#9284 = DEFINITIONAL_REPRESENTATION('',(#9285),#9288);
#9285 = B_SPLINE_CURVE_WITH_KNOTS('',1,(#9286,#9287),.UNSPECIFIED.,.F.,
  .F.,(2,2),(-0.669267463973,-0.327818544726),.PIECEWISE_BEZIER_KNOTS.);
#9286 = CARTESIAN_POINT('',(0.341448919247,-1.9144));
#9287 = CARTESIAN_POINT('',(0.,-1.9144));
#9288 = ( GEOMETRIC_REPRESENTATION_CONTEXT(2) 
PARAMETRIC_REPRESENTATION_CONTEXT() REPRESENTATION_CONTEXT('2D SPACE',''
  ) );
#9289 = ORIENTED_EDGE('',*,*,#9290,.T.);
#9290 = EDGE_CURVE('',#9270,#9291,#9293,.T.);
#9291 = VERTEX_POINT('',#9292);
#9292 = CARTESIAN_POINT('',(13.9144,2.879418968292,10.455987361353));
#9293 = SURFACE_CURVE('',#9294,(#9298,#9304),.PCURVE_S1.);
#9294 = LINE('',#9295,#9296);
#9295 = CARTESIAN_POINT('',(13.9144,2.951842780763,10.154320471918));
#9296 = VECTOR('',#9297,1.);
#9297 = DIRECTION('',(0.,0.233445363856,-0.972369920398));
#9298 = PCURVE('',#72,#9299);
#9299 = DEFINITIONAL_REPRESENTATION('',(#9300),#9303);
#9300 = B_SPLINE_CURVE_WITH_KNOTS('',1,(#9301,#9302),.UNSPECIFIED.,.F.,
  .F.,(2,2),(-0.651687731767,-0.31023881252),.PIECEWISE_BEZIER_KNOTS.);
#9301 = CARTESIAN_POINT('',(2.295677174467,-5.441619684048));
#9302 = CARTESIAN_POINT('',(1.963662516039,-5.52132935124));
#9303 = ( GEOMETRIC_REPRESENTATION_CONTEXT(2) 
PARAMETRIC_REPRESENTATION_CONTEXT() REPRESENTATION_CONTEXT('2D SPACE',''
  ) );
#9304 = PCURVE('',#5217,#9305);
#9305 = DEFINITIONAL_REPRESENTATION('',(#9306),#9309);
#9306 = B_SPLINE_CURVE_WITH_KNOTS('',1,(#9307,#9308),.UNSPECIFIED.,.F.,
  .F.,(2,2),(-0.651687731767,-0.31023881252),.PIECEWISE_BEZIER_KNOTS.);
#9307 = CARTESIAN_POINT('',(0.341448919247,-1.9144));
#9308 = CARTESIAN_POINT('',(0.,-1.9144));
#9309 = ( GEOMETRIC_REPRESENTATION_CONTEXT(2) 
PARAMETRIC_REPRESENTATION_CONTEXT() REPRESENTATION_CONTEXT('2D SPACE',''
  ) );
#9310 = ORIENTED_EDGE('',*,*,#9311,.T.);
#9311 = EDGE_CURVE('',#9291,#9312,#9314,.T.);
#9312 = VERTEX_POINT('',#9313);
#9313 = CARTESIAN_POINT('',(13.9144,2.941643091519,10.120256035821));
#9314 = SURFACE_CURVE('',#9315,(#9319,#9325),.PCURVE_S1.);
#9315 = LINE('',#9316,#9317);
#9316 = CARTESIAN_POINT('',(13.9144,2.994778372104,9.833563716864));
#9317 = VECTOR('',#9318,1.);
#9318 = DIRECTION('',(0.,0.182235525492,-0.983254907564));
#9319 = PCURVE('',#72,#9320);
#9320 = DEFINITIONAL_REPRESENTATION('',(#9321),#9324);
#9321 = B_SPLINE_CURVE_WITH_KNOTS('',1,(#9322,#9323),.UNSPECIFIED.,.F.,
  .F.,(2,2),(-0.633023684601,-0.291574765355),.PIECEWISE_BEZIER_KNOTS.);
#9322 = CARTESIAN_POINT('',(1.963662516039,-5.52132935124));
#9323 = CARTESIAN_POINT('',(1.627931190507,-5.583553474468));
#9324 = ( GEOMETRIC_REPRESENTATION_CONTEXT(2) 
PARAMETRIC_REPRESENTATION_CONTEXT() REPRESENTATION_CONTEXT('2D SPACE',''
  ) );
#9325 = PCURVE('',#5243,#9326);
#9326 = DEFINITIONAL_REPRESENTATION('',(#9327),#9330);
#9327 = B_SPLINE_CURVE_WITH_KNOTS('',1,(#9328,#9329),.UNSPECIFIED.,.F.,
  .F.,(2,2),(-0.633023684601,-0.291574765355),.PIECEWISE_BEZIER_KNOTS.);
#9328 = CARTESIAN_POINT('',(0.341448919247,-1.9144));
#9329 = CARTESIAN_POINT('',(0.,-1.9144));
#9330 = ( GEOMETRIC_REPRESENTATION_CONTEXT(2) 
PARAMETRIC_REPRESENTATION_CONTEXT() REPRESENTATION_CONTEXT('2D SPACE',''
  ) );
#9331 = ORIENTED_EDGE('',*,*,#9332,.T.);
#9332 = EDGE_CURVE('',#9312,#7378,#9333,.T.);
#9333 = SURFACE_CURVE('',#9334,(#9338,#9344),.PCURVE_S1.);
#9334 = LINE('',#9335,#9336);
#9335 = CARTESIAN_POINT('',(13.9144,3.021698261454,9.512176649542));
#9336 = VECTOR('',#9337,1.);
#9337 = DIRECTION('',(0.,0.13052619222,-0.991444861374));
#9338 = PCURVE('',#72,#9339);
#9339 = DEFINITIONAL_REPRESENTATION('',(#9340),#9343);
#9340 = B_SPLINE_CURVE_WITH_KNOTS('',1,(#9341,#9342),.UNSPECIFIED.,.F.,
  .F.,(2,2),(-0.613326479333,-0.271877560086),.PIECEWISE_BEZIER_KNOTS.);
#9341 = CARTESIAN_POINT('',(1.627931190507,-5.583553474468));
#9342 = CARTESIAN_POINT('',(1.289403414098,-5.628121501735));
#9343 = ( GEOMETRIC_REPRESENTATION_CONTEXT(2) 
PARAMETRIC_REPRESENTATION_CONTEXT() REPRESENTATION_CONTEXT('2D SPACE',''
  ) );
#9344 = PCURVE('',#5267,#9345);
#9345 = DEFINITIONAL_REPRESENTATION('',(#9346),#9349);
#9346 = B_SPLINE_CURVE_WITH_KNOTS('',1,(#9347,#9348),.UNSPECIFIED.,.F.,
  .F.,(2,2),(-0.613326479333,-0.271877560086),.PIECEWISE_BEZIER_KNOTS.);
#9347 = CARTESIAN_POINT('',(0.341448919247,-1.9144));
#9348 = CARTESIAN_POINT('',(0.,-1.9144));
#9349 = ( GEOMETRIC_REPRESENTATION_CONTEXT(2) 
PARAMETRIC_REPRESENTATION_CONTEXT() REPRESENTATION_CONTEXT('2D SPACE',''
  ) );
#9350 = ADVANCED_FACE('',(#9351),#159,.F.);
#9351 = FACE_BOUND('',#9352,.F.);
#9352 = EDGE_LOOP('',(#9353,#9374,#9375,#9376));
#9353 = ORIENTED_EDGE('',*,*,#9354,.T.);
#9354 = EDGE_CURVE('',#2783,#7331,#9355,.T.);
#9355 = SURFACE_CURVE('',#9356,(#9360,#9367),.PCURVE_S1.);
#9356 = LINE('',#9357,#9358);
#9357 = CARTESIAN_POINT('',(12.0856,4.178,7.));
#9358 = VECTOR('',#9359,1.);
#9359 = DIRECTION('',(1.,0.,0.));
#9360 = PCURVE('',#159,#9361);
#9361 = DEFINITIONAL_REPRESENTATION('',(#9362),#9366);
#9362 = LINE('',#9363,#9364);
#9363 = CARTESIAN_POINT('',(0.,0.));
#9364 = VECTOR('',#9365,1.);
#9365 = DIRECTION('',(0.,-1.));
#9366 = ( GEOMETRIC_REPRESENTATION_CONTEXT(2) 
PARAMETRIC_REPRESENTATION_CONTEXT() REPRESENTATION_CONTEXT('2D SPACE',''
  ) );
#9367 = PCURVE('',#2798,#9368);
#9368 = DEFINITIONAL_REPRESENTATION('',(#9369),#9373);
#9369 = LINE('',#9370,#9371);
#9370 = CARTESIAN_POINT('',(4.778,0.));
#9371 = VECTOR('',#9372,1.);
#9372 = DIRECTION('',(0.,-1.));
#9373 = ( GEOMETRIC_REPRESENTATION_CONTEXT(2) 
PARAMETRIC_REPRESENTATION_CONTEXT() REPRESENTATION_CONTEXT('2D SPACE',''
  ) );
#9374 = ORIENTED_EDGE('',*,*,#7353,.T.);
#9375 = ORIENTED_EDGE('',*,*,#141,.F.);
#9376 = ORIENTED_EDGE('',*,*,#2810,.F.);
#9377 = ADVANCED_FACE('',(#9378),#257,.F.);
#9378 = FACE_BOUND('',#9379,.F.);
#9379 = EDGE_LOOP('',(#9380,#9381,#9382,#9403));
#9380 = ORIENTED_EDGE('',*,*,#241,.T.);
#9381 = ORIENTED_EDGE('',*,*,#5283,.T.);
#9382 = ORIENTED_EDGE('',*,*,#9383,.F.);
#9383 = EDGE_CURVE('',#296,#5284,#9384,.T.);
#9384 = SURFACE_CURVE('',#9385,(#9389,#9396),.PCURVE_S1.);
#9385 = LINE('',#9386,#9387);
#9386 = CARTESIAN_POINT('',(12.0856,3.293380672455,10.175965795718));
#9387 = VECTOR('',#9388,1.);
#9388 = DIRECTION('',(1.,0.,0.));
#9389 = PCURVE('',#257,#9390);
#9390 = DEFINITIONAL_REPRESENTATION('',(#9391),#9395);
#9391 = LINE('',#9392,#9393);
#9392 = CARTESIAN_POINT('',(0.360093295404,0.));
#9393 = VECTOR('',#9394,1.);
#9394 = DIRECTION('',(0.,-1.));
#9395 = ( GEOMETRIC_REPRESENTATION_CONTEXT(2) 
PARAMETRIC_REPRESENTATION_CONTEXT() REPRESENTATION_CONTEXT('2D SPACE',''
  ) );
#9396 = PCURVE('',#334,#9397);
#9397 = DEFINITIONAL_REPRESENTATION('',(#9398),#9402);
#9398 = LINE('',#9399,#9400);
#9399 = CARTESIAN_POINT('',(0.,0.));
#9400 = VECTOR('',#9401,1.);
#9401 = DIRECTION('',(0.,-1.));
#9402 = ( GEOMETRIC_REPRESENTATION_CONTEXT(2) 
PARAMETRIC_REPRESENTATION_CONTEXT() REPRESENTATION_CONTEXT('2D SPACE',''
  ) );
#9403 = ORIENTED_EDGE('',*,*,#295,.F.);
#9404 = ADVANCED_FACE('',(#9405),#2798,.F.);
#9405 = FACE_BOUND('',#9406,.F.);
#9406 = EDGE_LOOP('',(#9407,#9428,#9429,#9430));
#9407 = ORIENTED_EDGE('',*,*,#9408,.T.);
#9408 = EDGE_CURVE('',#2755,#7308,#9409,.T.);
#9409 = SURFACE_CURVE('',#9410,(#9414,#9421),.PCURVE_S1.);
#9410 = LINE('',#9411,#9412);
#9411 = CARTESIAN_POINT('',(12.0856,4.178,2.222));
#9412 = VECTOR('',#9413,1.);
#9413 = DIRECTION('',(1.,0.,0.));
#9414 = PCURVE('',#2798,#9415);
#9415 = DEFINITIONAL_REPRESENTATION('',(#9416),#9420);
#9416 = LINE('',#9417,#9418);
#9417 = CARTESIAN_POINT('',(0.,0.));
#9418 = VECTOR('',#9419,1.);
#9419 = DIRECTION('',(0.,-1.));
#9420 = ( GEOMETRIC_REPRESENTATION_CONTEXT(2) 
PARAMETRIC_REPRESENTATION_CONTEXT() REPRESENTATION_CONTEXT('2D SPACE',''
  ) );
#9421 = PCURVE('',#2770,#9422);
#9422 = DEFINITIONAL_REPRESENTATION('',(#9423),#9427);
#9423 = LINE('',#9424,#9425);
#9424 = CARTESIAN_POINT('',(7.680330147641,0.));
#9425 = VECTOR('',#9426,1.);
#9426 = DIRECTION('',(0.,-1.));
#9427 = ( GEOMETRIC_REPRESENTATION_CONTEXT(2) 
PARAMETRIC_REPRESENTATION_CONTEXT() REPRESENTATION_CONTEXT('2D SPACE',''
  ) );
#9428 = ORIENTED_EDGE('',*,*,#7330,.T.);
#9429 = ORIENTED_EDGE('',*,*,#9354,.F.);
#9430 = ORIENTED_EDGE('',*,*,#2782,.F.);
#9431 = ADVANCED_FACE('',(#9432),#334,.F.);
#9432 = FACE_BOUND('',#9433,.F.);
#9433 = EDGE_LOOP('',(#9434,#9435,#9436,#9457));
#9434 = ORIENTED_EDGE('',*,*,#9383,.T.);
#9435 = ORIENTED_EDGE('',*,*,#5306,.T.);
#9436 = ORIENTED_EDGE('',*,*,#9437,.F.);
#9437 = EDGE_CURVE('',#319,#5307,#9438,.T.);
#9438 = SURFACE_CURVE('',#9439,(#9443,#9450),.PCURVE_S1.);
#9439 = LINE('',#9440,#9441);
#9440 = CARTESIAN_POINT('',(12.0856,3.227758881541,10.530029295605));
#9441 = VECTOR('',#9442,1.);
#9442 = DIRECTION('',(1.,0.,0.));
#9443 = PCURVE('',#334,#9444);
#9444 = DEFINITIONAL_REPRESENTATION('',(#9445),#9449);
#9445 = LINE('',#9446,#9447);
#9446 = CARTESIAN_POINT('',(0.360093295404,0.));
#9447 = VECTOR('',#9448,1.);
#9448 = DIRECTION('',(0.,-1.));
#9449 = ( GEOMETRIC_REPRESENTATION_CONTEXT(2) 
PARAMETRIC_REPRESENTATION_CONTEXT() REPRESENTATION_CONTEXT('2D SPACE',''
  ) );
#9450 = PCURVE('',#362,#9451);
#9451 = DEFINITIONAL_REPRESENTATION('',(#9452),#9456);
#9452 = LINE('',#9453,#9454);
#9453 = CARTESIAN_POINT('',(0.,0.));
#9454 = VECTOR('',#9455,1.);
#9455 = DIRECTION('',(0.,-1.));
#9456 = ( GEOMETRIC_REPRESENTATION_CONTEXT(2) 
PARAMETRIC_REPRESENTATION_CONTEXT() REPRESENTATION_CONTEXT('2D SPACE',''
  ) );
#9457 = ORIENTED_EDGE('',*,*,#318,.F.);
#9458 = ADVANCED_FACE('',(#9459),#2770,.F.);
#9459 = FACE_BOUND('',#9460,.F.);
#9460 = EDGE_LOOP('',(#9461,#9482,#9483,#9484));
#9461 = ORIENTED_EDGE('',*,*,#9462,.T.);
#9462 = EDGE_CURVE('',#2727,#7285,#9463,.T.);
#9463 = SURFACE_CURVE('',#9464,(#9468,#9475),.PCURVE_S1.);
#9464 = LINE('',#9465,#9466);
#9465 = CARTESIAN_POINT('',(12.0856,-3.502330147641,2.222));
#9466 = VECTOR('',#9467,1.);
#9467 = DIRECTION('',(1.,0.,0.));
#9468 = PCURVE('',#2770,#9469);
#9469 = DEFINITIONAL_REPRESENTATION('',(#9470),#9474);
#9470 = LINE('',#9471,#9472);
#9471 = CARTESIAN_POINT('',(0.,0.));
#9472 = VECTOR('',#9473,1.);
#9473 = DIRECTION('',(0.,-1.));
#9474 = ( GEOMETRIC_REPRESENTATION_CONTEXT(2) 
PARAMETRIC_REPRESENTATION_CONTEXT() REPRESENTATION_CONTEXT('2D SPACE',''
  ) );
#9475 = PCURVE('',#2742,#9476);
#9476 = DEFINITIONAL_REPRESENTATION('',(#9477),#9481);
#9477 = LINE('',#9478,#9479);
#9478 = CARTESIAN_POINT('',(0.357762349006,0.));
#9479 = VECTOR('',#9480,1.);
#9480 = DIRECTION('',(0.,-1.));
#9481 = ( GEOMETRIC_REPRESENTATION_CONTEXT(2) 
PARAMETRIC_REPRESENTATION_CONTEXT() REPRESENTATION_CONTEXT('2D SPACE',''
  ) );
#9482 = ORIENTED_EDGE('',*,*,#7307,.T.);
#9483 = ORIENTED_EDGE('',*,*,#9408,.F.);
#9484 = ORIENTED_EDGE('',*,*,#2754,.F.);
#9485 = ADVANCED_FACE('',(#9486),#362,.F.);
#9486 = FACE_BOUND('',#9487,.F.);
#9487 = EDGE_LOOP('',(#9488,#9489,#9490,#9511));
#9488 = ORIENTED_EDGE('',*,*,#9437,.T.);
#9489 = ORIENTED_EDGE('',*,*,#5329,.T.);
#9490 = ORIENTED_EDGE('',*,*,#9491,.F.);
#9491 = EDGE_CURVE('',#347,#5330,#9492,.T.);
#9492 = SURFACE_CURVE('',#9493,(#9497,#9504),.PCURVE_S1.);
#9493 = LINE('',#9494,#9495);
#9494 = CARTESIAN_POINT('',(12.0856,3.143696771174,10.880173184593));
#9495 = VECTOR('',#9496,1.);
#9496 = DIRECTION('',(1.,0.,0.));
#9497 = PCURVE('',#362,#9498);
#9498 = DEFINITIONAL_REPRESENTATION('',(#9499),#9503);
#9499 = LINE('',#9500,#9501);
#9500 = CARTESIAN_POINT('',(0.360093295404,0.));
#9501 = VECTOR('',#9502,1.);
#9502 = DIRECTION('',(0.,-1.));
#9503 = ( GEOMETRIC_REPRESENTATION_CONTEXT(2) 
PARAMETRIC_REPRESENTATION_CONTEXT() REPRESENTATION_CONTEXT('2D SPACE',''
  ) );
#9504 = PCURVE('',#390,#9505);
#9505 = DEFINITIONAL_REPRESENTATION('',(#9506),#9510);
#9506 = LINE('',#9507,#9508);
#9507 = CARTESIAN_POINT('',(0.,0.));
#9508 = VECTOR('',#9509,1.);
#9509 = DIRECTION('',(0.,-1.));
#9510 = ( GEOMETRIC_REPRESENTATION_CONTEXT(2) 
PARAMETRIC_REPRESENTATION_CONTEXT() REPRESENTATION_CONTEXT('2D SPACE',''
  ) );
#9511 = ORIENTED_EDGE('',*,*,#346,.F.);
#9512 = ADVANCED_FACE('',(#9513),#2742,.F.);
#9513 = FACE_BOUND('',#9514,.F.);
#9514 = EDGE_LOOP('',(#9515,#9536,#9537,#9538));
#9515 = ORIENTED_EDGE('',*,*,#9516,.T.);
#9516 = EDGE_CURVE('',#2699,#7262,#9517,.T.);
#9517 = SURFACE_CURVE('',#9518,(#9522,#9529),.PCURVE_S1.);
#9518 = LINE('',#9519,#9520);
#9519 = CARTESIAN_POINT('',(12.0856,-3.859969900425,2.231365126516));
#9520 = VECTOR('',#9521,1.);
#9521 = DIRECTION('',(1.,0.,0.));
#9522 = PCURVE('',#2742,#9523);
#9523 = DEFINITIONAL_REPRESENTATION('',(#9524),#9528);
#9524 = LINE('',#9525,#9526);
#9525 = CARTESIAN_POINT('',(0.,0.));
#9526 = VECTOR('',#9527,1.);
#9527 = DIRECTION('',(0.,-1.));
#9528 = ( GEOMETRIC_REPRESENTATION_CONTEXT(2) 
PARAMETRIC_REPRESENTATION_CONTEXT() REPRESENTATION_CONTEXT('2D SPACE',''
  ) );
#9529 = PCURVE('',#2714,#9530);
#9530 = DEFINITIONAL_REPRESENTATION('',(#9531),#9535);
#9531 = LINE('',#9532,#9533);
#9532 = CARTESIAN_POINT('',(0.360093295404,0.));
#9533 = VECTOR('',#9534,1.);
#9534 = DIRECTION('',(0.,-1.));
#9535 = ( GEOMETRIC_REPRESENTATION_CONTEXT(2) 
PARAMETRIC_REPRESENTATION_CONTEXT() REPRESENTATION_CONTEXT('2D SPACE',''
  ) );
#9536 = ORIENTED_EDGE('',*,*,#7284,.T.);
#9537 = ORIENTED_EDGE('',*,*,#9462,.F.);
#9538 = ORIENTED_EDGE('',*,*,#2726,.F.);
#9539 = ADVANCED_FACE('',(#9540),#390,.F.);
#9540 = FACE_BOUND('',#9541,.F.);
#9541 = EDGE_LOOP('',(#9542,#9543,#9544,#9565));
#9542 = ORIENTED_EDGE('',*,*,#9491,.T.);
#9543 = ORIENTED_EDGE('',*,*,#5352,.T.);
#9544 = ORIENTED_EDGE('',*,*,#9545,.F.);
#9545 = EDGE_CURVE('',#375,#5353,#9546,.T.);
#9546 = SURFACE_CURVE('',#9547,(#9551,#9558),.PCURVE_S1.);
#9547 = LINE('',#9548,#9549);
#9548 = CARTESIAN_POINT('',(12.0856,3.041424749754,11.22543774262));
#9549 = VECTOR('',#9550,1.);
#9550 = DIRECTION('',(1.,0.,0.));
#9551 = PCURVE('',#390,#9552);
#9552 = DEFINITIONAL_REPRESENTATION('',(#9553),#9557);
#9553 = LINE('',#9554,#9555);
#9554 = CARTESIAN_POINT('',(0.360093295404,0.));
#9555 = VECTOR('',#9556,1.);
#9556 = DIRECTION('',(0.,-1.));
#9557 = ( GEOMETRIC_REPRESENTATION_CONTEXT(2) 
PARAMETRIC_REPRESENTATION_CONTEXT() REPRESENTATION_CONTEXT('2D SPACE',''
  ) );
#9558 = PCURVE('',#418,#9559);
#9559 = DEFINITIONAL_REPRESENTATION('',(#9560),#9564);
#9560 = LINE('',#9561,#9562);
#9561 = CARTESIAN_POINT('',(0.,0.));
#9562 = VECTOR('',#9563,1.);
#9563 = DIRECTION('',(0.,-1.));
#9564 = ( GEOMETRIC_REPRESENTATION_CONTEXT(2) 
PARAMETRIC_REPRESENTATION_CONTEXT() REPRESENTATION_CONTEXT('2D SPACE',''
  ) );
#9565 = ORIENTED_EDGE('',*,*,#374,.F.);
#9566 = ADVANCED_FACE('',(#9567),#2714,.F.);
#9567 = FACE_BOUND('',#9568,.F.);
#9568 = EDGE_LOOP('',(#9569,#9590,#9591,#9592));
#9569 = ORIENTED_EDGE('',*,*,#9570,.T.);
#9570 = EDGE_CURVE('',#2671,#7239,#9571,.T.);
#9571 = SURFACE_CURVE('',#9572,(#9576,#9583),.PCURVE_S1.);
#9572 = LINE('',#9573,#9574);
#9573 = CARTESIAN_POINT('',(12.0856,-4.218953148375,2.259617720851));
#9574 = VECTOR('',#9575,1.);
#9575 = DIRECTION('',(1.,0.,0.));
#9576 = PCURVE('',#2714,#9577);
#9577 = DEFINITIONAL_REPRESENTATION('',(#9578),#9582);
#9578 = LINE('',#9579,#9580);
#9579 = CARTESIAN_POINT('',(0.,0.));
#9580 = VECTOR('',#9581,1.);
#9581 = DIRECTION('',(0.,-1.));
#9582 = ( GEOMETRIC_REPRESENTATION_CONTEXT(2) 
PARAMETRIC_REPRESENTATION_CONTEXT() REPRESENTATION_CONTEXT('2D SPACE',''
  ) );
#9583 = PCURVE('',#2686,#9584);
#9584 = DEFINITIONAL_REPRESENTATION('',(#9585),#9589);
#9585 = LINE('',#9586,#9587);
#9586 = CARTESIAN_POINT('',(0.360093295404,0.));
#9587 = VECTOR('',#9588,1.);
#9588 = DIRECTION('',(0.,-1.));
#9589 = ( GEOMETRIC_REPRESENTATION_CONTEXT(2) 
PARAMETRIC_REPRESENTATION_CONTEXT() REPRESENTATION_CONTEXT('2D SPACE',''
  ) );
#9590 = ORIENTED_EDGE('',*,*,#7261,.T.);
#9591 = ORIENTED_EDGE('',*,*,#9516,.F.);
#9592 = ORIENTED_EDGE('',*,*,#2698,.F.);
#9593 = ADVANCED_FACE('',(#9594),#418,.F.);
#9594 = FACE_BOUND('',#9595,.F.);
#9595 = EDGE_LOOP('',(#9596,#9597,#9598,#9619));
#9596 = ORIENTED_EDGE('',*,*,#9545,.T.);
#9597 = ORIENTED_EDGE('',*,*,#5375,.T.);
#9598 = ORIENTED_EDGE('',*,*,#9599,.F.);
#9599 = EDGE_CURVE('',#403,#5376,#9600,.T.);
#9600 = SURFACE_CURVE('',#9601,(#9605,#9612),.PCURVE_S1.);
#9601 = LINE('',#9602,#9603);
#9602 = CARTESIAN_POINT('',(12.0856,2.921223137784,11.564876623532));
#9603 = VECTOR('',#9604,1.);
#9604 = DIRECTION('',(1.,0.,0.));
#9605 = PCURVE('',#418,#9606);
#9606 = DEFINITIONAL_REPRESENTATION('',(#9607),#9611);
#9607 = LINE('',#9608,#9609);
#9608 = CARTESIAN_POINT('',(0.360093295404,0.));
#9609 = VECTOR('',#9610,1.);
#9610 = DIRECTION('',(0.,-1.));
#9611 = ( GEOMETRIC_REPRESENTATION_CONTEXT(2) 
PARAMETRIC_REPRESENTATION_CONTEXT() REPRESENTATION_CONTEXT('2D SPACE',''
  ) );
#9612 = PCURVE('',#446,#9613);
#9613 = DEFINITIONAL_REPRESENTATION('',(#9614),#9618);
#9614 = LINE('',#9615,#9616);
#9615 = CARTESIAN_POINT('',(0.,0.));
#9616 = VECTOR('',#9617,1.);
#9617 = DIRECTION('',(0.,-1.));
#9618 = ( GEOMETRIC_REPRESENTATION_CONTEXT(2) 
PARAMETRIC_REPRESENTATION_CONTEXT() REPRESENTATION_CONTEXT('2D SPACE',''
  ) );
#9619 = ORIENTED_EDGE('',*,*,#402,.F.);
#9620 = ADVANCED_FACE('',(#9621),#2686,.F.);
#9621 = FACE_BOUND('',#9622,.F.);
#9622 = EDGE_LOOP('',(#9623,#9644,#9645,#9646));
#9623 = ORIENTED_EDGE('',*,*,#9624,.T.);
#9624 = EDGE_CURVE('',#2643,#7216,#9625,.T.);
#9625 = SURFACE_CURVE('',#9626,(#9630,#9637),.PCURVE_S1.);
#9626 = LINE('',#9627,#9628);
#9627 = CARTESIAN_POINT('',(12.0856,-4.575965795718,2.306619327545));
#9628 = VECTOR('',#9629,1.);
#9629 = DIRECTION('',(1.,0.,0.));
#9630 = PCURVE('',#2686,#9631);
#9631 = DEFINITIONAL_REPRESENTATION('',(#9632),#9636);
#9632 = LINE('',#9633,#9634);
#9633 = CARTESIAN_POINT('',(0.,0.));
#9634 = VECTOR('',#9635,1.);
#9635 = DIRECTION('',(0.,-1.));
#9636 = ( GEOMETRIC_REPRESENTATION_CONTEXT(2) 
PARAMETRIC_REPRESENTATION_CONTEXT() REPRESENTATION_CONTEXT('2D SPACE',''
  ) );
#9637 = PCURVE('',#2658,#9638);
#9638 = DEFINITIONAL_REPRESENTATION('',(#9639),#9643);
#9639 = LINE('',#9640,#9641);
#9640 = CARTESIAN_POINT('',(0.360093295404,0.));
#9641 = VECTOR('',#9642,1.);
#9642 = DIRECTION('',(0.,-1.));
#9643 = ( GEOMETRIC_REPRESENTATION_CONTEXT(2) 
PARAMETRIC_REPRESENTATION_CONTEXT() REPRESENTATION_CONTEXT('2D SPACE',''
  ) );
#9644 = ORIENTED_EDGE('',*,*,#7238,.T.);
#9645 = ORIENTED_EDGE('',*,*,#9570,.F.);
#9646 = ORIENTED_EDGE('',*,*,#2670,.F.);
#9647 = ADVANCED_FACE('',(#9648),#446,.F.);
#9648 = FACE_BOUND('',#9649,.F.);
#9649 = EDGE_LOOP('',(#9650,#9651,#9652,#9673));
#9650 = ORIENTED_EDGE('',*,*,#9599,.T.);
#9651 = ORIENTED_EDGE('',*,*,#5398,.T.);
#9652 = ORIENTED_EDGE('',*,*,#9653,.F.);
#9653 = EDGE_CURVE('',#431,#5399,#9654,.T.);
#9654 = SURFACE_CURVE('',#9655,(#9659,#9666),.PCURVE_S1.);
#9655 = LINE('',#9656,#9657);
#9656 = CARTESIAN_POINT('',(12.0856,2.783421399527,11.897559448951));
#9657 = VECTOR('',#9658,1.);
#9658 = DIRECTION('',(1.,0.,0.));
#9659 = PCURVE('',#446,#9660);
#9660 = DEFINITIONAL_REPRESENTATION('',(#9661),#9665);
#9661 = LINE('',#9662,#9663);
#9662 = CARTESIAN_POINT('',(0.360093295404,0.));
#9663 = VECTOR('',#9664,1.);
#9664 = DIRECTION('',(0.,-1.));
#9665 = ( GEOMETRIC_REPRESENTATION_CONTEXT(2) 
PARAMETRIC_REPRESENTATION_CONTEXT() REPRESENTATION_CONTEXT('2D SPACE',''
  ) );
#9666 = PCURVE('',#474,#9667);
#9667 = DEFINITIONAL_REPRESENTATION('',(#9668),#9672);
#9668 = LINE('',#9669,#9670);
#9669 = CARTESIAN_POINT('',(0.,0.));
#9670 = VECTOR('',#9671,1.);
#9671 = DIRECTION('',(0.,-1.));
#9672 = ( GEOMETRIC_REPRESENTATION_CONTEXT(2) 
PARAMETRIC_REPRESENTATION_CONTEXT() REPRESENTATION_CONTEXT('2D SPACE',''
  ) );
#9673 = ORIENTED_EDGE('',*,*,#430,.F.);
#9674 = ADVANCED_FACE('',(#9675),#2658,.F.);
#9675 = FACE_BOUND('',#9676,.F.);
#9676 = EDGE_LOOP('',(#9677,#9698,#9699,#9700));
#9677 = ORIENTED_EDGE('',*,*,#9678,.T.);
#9678 = EDGE_CURVE('',#2615,#7193,#9679,.T.);
#9679 = SURFACE_CURVE('',#9680,(#9684,#9691),.PCURVE_S1.);
#9680 = LINE('',#9681,#9682);
#9681 = CARTESIAN_POINT('',(12.0856,-4.930029295605,2.372241118459));
#9682 = VECTOR('',#9683,1.);
#9683 = DIRECTION('',(1.,0.,0.));
#9684 = PCURVE('',#2658,#9685);
#9685 = DEFINITIONAL_REPRESENTATION('',(#9686),#9690);
#9686 = LINE('',#9687,#9688);
#9687 = CARTESIAN_POINT('',(0.,0.));
#9688 = VECTOR('',#9689,1.);
#9689 = DIRECTION('',(0.,-1.));
#9690 = ( GEOMETRIC_REPRESENTATION_CONTEXT(2) 
PARAMETRIC_REPRESENTATION_CONTEXT() REPRESENTATION_CONTEXT('2D SPACE',''
  ) );
#9691 = PCURVE('',#2630,#9692);
#9692 = DEFINITIONAL_REPRESENTATION('',(#9693),#9697);
#9693 = LINE('',#9694,#9695);
#9694 = CARTESIAN_POINT('',(0.360093295404,0.));
#9695 = VECTOR('',#9696,1.);
#9696 = DIRECTION('',(0.,-1.));
#9697 = ( GEOMETRIC_REPRESENTATION_CONTEXT(2) 
PARAMETRIC_REPRESENTATION_CONTEXT() REPRESENTATION_CONTEXT('2D SPACE',''
  ) );
#9698 = ORIENTED_EDGE('',*,*,#7215,.T.);
#9699 = ORIENTED_EDGE('',*,*,#9624,.F.);
#9700 = ORIENTED_EDGE('',*,*,#2642,.F.);
#9701 = ADVANCED_FACE('',(#9702),#474,.F.);
#9702 = FACE_BOUND('',#9703,.F.);
#9703 = EDGE_LOOP('',(#9704,#9705,#9706,#9727));
#9704 = ORIENTED_EDGE('',*,*,#9653,.T.);
#9705 = ORIENTED_EDGE('',*,*,#5421,.T.);
#9706 = ORIENTED_EDGE('',*,*,#9707,.F.);
#9707 = EDGE_CURVE('',#459,#5422,#9708,.T.);
#9708 = SURFACE_CURVE('',#9709,(#9713,#9720),.PCURVE_S1.);
#9709 = LINE('',#9710,#9711);
#9710 = CARTESIAN_POINT('',(12.0856,2.628397239969,12.222574358376));
#9711 = VECTOR('',#9712,1.);
#9712 = DIRECTION('',(1.,0.,0.));
#9713 = PCURVE('',#474,#9714);
#9714 = DEFINITIONAL_REPRESENTATION('',(#9715),#9719);
#9715 = LINE('',#9716,#9717);
#9716 = CARTESIAN_POINT('',(0.360093295404,0.));
#9717 = VECTOR('',#9718,1.);
#9718 = DIRECTION('',(0.,-1.));
#9719 = ( GEOMETRIC_REPRESENTATION_CONTEXT(2) 
PARAMETRIC_REPRESENTATION_CONTEXT() REPRESENTATION_CONTEXT('2D SPACE',''
  ) );
#9720 = PCURVE('',#502,#9721);
#9721 = DEFINITIONAL_REPRESENTATION('',(#9722),#9726);
#9722 = LINE('',#9723,#9724);
#9723 = CARTESIAN_POINT('',(0.,0.));
#9724 = VECTOR('',#9725,1.);
#9725 = DIRECTION('',(0.,-1.));
#9726 = ( GEOMETRIC_REPRESENTATION_CONTEXT(2) 
PARAMETRIC_REPRESENTATION_CONTEXT() REPRESENTATION_CONTEXT('2D SPACE',''
  ) );
#9727 = ORIENTED_EDGE('',*,*,#458,.F.);
#9728 = ADVANCED_FACE('',(#9729),#2630,.F.);
#9729 = FACE_BOUND('',#9730,.F.);
#9730 = EDGE_LOOP('',(#9731,#9752,#9753,#9754));
#9731 = ORIENTED_EDGE('',*,*,#9732,.T.);
#9732 = EDGE_CURVE('',#2587,#7170,#9733,.T.);
#9733 = SURFACE_CURVE('',#9734,(#9738,#9745),.PCURVE_S1.);
#9734 = LINE('',#9735,#9736);
#9735 = CARTESIAN_POINT('',(12.0856,-5.280173184593,2.456303228826));
#9736 = VECTOR('',#9737,1.);
#9737 = DIRECTION('',(1.,0.,0.));
#9738 = PCURVE('',#2630,#9739);
#9739 = DEFINITIONAL_REPRESENTATION('',(#9740),#9744);
#9740 = LINE('',#9741,#9742);
#9741 = CARTESIAN_POINT('',(0.,0.));
#9742 = VECTOR('',#9743,1.);
#9743 = DIRECTION('',(0.,-1.));
#9744 = ( GEOMETRIC_REPRESENTATION_CONTEXT(2) 
PARAMETRIC_REPRESENTATION_CONTEXT() REPRESENTATION_CONTEXT('2D SPACE',''
  ) );
#9745 = PCURVE('',#2602,#9746);
#9746 = DEFINITIONAL_REPRESENTATION('',(#9747),#9751);
#9747 = LINE('',#9748,#9749);
#9748 = CARTESIAN_POINT('',(0.360093295404,0.));
#9749 = VECTOR('',#9750,1.);
#9750 = DIRECTION('',(0.,-1.));
#9751 = ( GEOMETRIC_REPRESENTATION_CONTEXT(2) 
PARAMETRIC_REPRESENTATION_CONTEXT() REPRESENTATION_CONTEXT('2D SPACE',''
  ) );
#9752 = ORIENTED_EDGE('',*,*,#7192,.T.);
#9753 = ORIENTED_EDGE('',*,*,#9678,.F.);
#9754 = ORIENTED_EDGE('',*,*,#2614,.F.);
#9755 = ADVANCED_FACE('',(#9756),#502,.F.);
#9756 = FACE_BOUND('',#9757,.F.);
#9757 = EDGE_LOOP('',(#9758,#9759,#9760,#9781));
#9758 = ORIENTED_EDGE('',*,*,#9707,.T.);
#9759 = ORIENTED_EDGE('',*,*,#5444,.T.);
#9760 = ORIENTED_EDGE('',*,*,#9761,.F.);
#9761 = EDGE_CURVE('',#487,#5445,#9762,.T.);
#9762 = SURFACE_CURVE('',#9763,(#9767,#9774),.PCURVE_S1.);
#9763 = LINE('',#9764,#9765);
#9764 = CARTESIAN_POINT('',(12.0856,2.456575569556,12.539030508532));
#9765 = VECTOR('',#9766,1.);
#9766 = DIRECTION('',(1.,0.,0.));
#9767 = PCURVE('',#502,#9768);
#9768 = DEFINITIONAL_REPRESENTATION('',(#9769),#9773);
#9769 = LINE('',#9770,#9771);
#9770 = CARTESIAN_POINT('',(0.360093295404,0.));
#9771 = VECTOR('',#9772,1.);
#9772 = DIRECTION('',(0.,-1.));
#9773 = ( GEOMETRIC_REPRESENTATION_CONTEXT(2) 
PARAMETRIC_REPRESENTATION_CONTEXT() REPRESENTATION_CONTEXT('2D SPACE',''
  ) );
#9774 = PCURVE('',#530,#9775);
#9775 = DEFINITIONAL_REPRESENTATION('',(#9776),#9780);
#9776 = LINE('',#9777,#9778);
#9777 = CARTESIAN_POINT('',(0.,0.));
#9778 = VECTOR('',#9779,1.);
#9779 = DIRECTION('',(0.,-1.));
#9780 = ( GEOMETRIC_REPRESENTATION_CONTEXT(2) 
PARAMETRIC_REPRESENTATION_CONTEXT() REPRESENTATION_CONTEXT('2D SPACE',''
  ) );
#9781 = ORIENTED_EDGE('',*,*,#486,.F.);
#9782 = ADVANCED_FACE('',(#9783),#2602,.F.);
#9783 = FACE_BOUND('',#9784,.F.);
#9784 = EDGE_LOOP('',(#9785,#9806,#9807,#9808));
#9785 = ORIENTED_EDGE('',*,*,#9786,.T.);
#9786 = EDGE_CURVE('',#2559,#7147,#9787,.T.);
#9787 = SURFACE_CURVE('',#9788,(#9792,#9799),.PCURVE_S1.);
#9788 = LINE('',#9789,#9790);
#9789 = CARTESIAN_POINT('',(12.0856,-5.62543774262,2.558575250246));
#9790 = VECTOR('',#9791,1.);
#9791 = DIRECTION('',(1.,0.,0.));
#9792 = PCURVE('',#2602,#9793);
#9793 = DEFINITIONAL_REPRESENTATION('',(#9794),#9798);
#9794 = LINE('',#9795,#9796);
#9795 = CARTESIAN_POINT('',(0.,0.));
#9796 = VECTOR('',#9797,1.);
#9797 = DIRECTION('',(0.,-1.));
#9798 = ( GEOMETRIC_REPRESENTATION_CONTEXT(2) 
PARAMETRIC_REPRESENTATION_CONTEXT() REPRESENTATION_CONTEXT('2D SPACE',''
  ) );
#9799 = PCURVE('',#2574,#9800);
#9800 = DEFINITIONAL_REPRESENTATION('',(#9801),#9805);
#9801 = LINE('',#9802,#9803);
#9802 = CARTESIAN_POINT('',(0.360093295404,0.));
#9803 = VECTOR('',#9804,1.);
#9804 = DIRECTION('',(0.,-1.));
#9805 = ( GEOMETRIC_REPRESENTATION_CONTEXT(2) 
PARAMETRIC_REPRESENTATION_CONTEXT() REPRESENTATION_CONTEXT('2D SPACE',''
  ) );
#9806 = ORIENTED_EDGE('',*,*,#7169,.T.);
#9807 = ORIENTED_EDGE('',*,*,#9732,.F.);
#9808 = ORIENTED_EDGE('',*,*,#2586,.F.);
#9809 = ADVANCED_FACE('',(#9810),#530,.F.);
#9810 = FACE_BOUND('',#9811,.F.);
#9811 = EDGE_LOOP('',(#9812,#9813,#9814,#9835));
#9812 = ORIENTED_EDGE('',*,*,#9761,.T.);
#9813 = ORIENTED_EDGE('',*,*,#5467,.T.);
#9814 = ORIENTED_EDGE('',*,*,#9815,.F.);
#9815 = EDGE_CURVE('',#515,#5468,#9816,.T.);
#9816 = SURFACE_CURVE('',#9817,(#9821,#9828),.PCURVE_S1.);
#9817 = LINE('',#9818,#9819);
#9818 = CARTESIAN_POINT('',(12.0856,2.268427339544,12.846060515108));
#9819 = VECTOR('',#9820,1.);
#9820 = DIRECTION('',(1.,0.,0.));
#9821 = PCURVE('',#530,#9822);
#9822 = DEFINITIONAL_REPRESENTATION('',(#9823),#9827);
#9823 = LINE('',#9824,#9825);
#9824 = CARTESIAN_POINT('',(0.360093295404,0.));
#9825 = VECTOR('',#9826,1.);
#9826 = DIRECTION('',(0.,-1.));
#9827 = ( GEOMETRIC_REPRESENTATION_CONTEXT(2) 
PARAMETRIC_REPRESENTATION_CONTEXT() REPRESENTATION_CONTEXT('2D SPACE',''
  ) );
#9828 = PCURVE('',#558,#9829);
#9829 = DEFINITIONAL_REPRESENTATION('',(#9830),#9834);
#9830 = LINE('',#9831,#9832);
#9831 = CARTESIAN_POINT('',(0.,0.));
#9832 = VECTOR('',#9833,1.);
#9833 = DIRECTION('',(0.,-1.));
#9834 = ( GEOMETRIC_REPRESENTATION_CONTEXT(2) 
PARAMETRIC_REPRESENTATION_CONTEXT() REPRESENTATION_CONTEXT('2D SPACE',''
  ) );
#9835 = ORIENTED_EDGE('',*,*,#514,.F.);
#9836 = ADVANCED_FACE('',(#9837),#2574,.F.);
#9837 = FACE_BOUND('',#9838,.F.);
#9838 = EDGE_LOOP('',(#9839,#9860,#9861,#9862));
#9839 = ORIENTED_EDGE('',*,*,#9840,.T.);
#9840 = EDGE_CURVE('',#2531,#7124,#9841,.T.);
#9841 = SURFACE_CURVE('',#9842,(#9846,#9853),.PCURVE_S1.);
#9842 = LINE('',#9843,#9844);
#9843 = CARTESIAN_POINT('',(12.0856,-5.964876623532,2.678776862216));
#9844 = VECTOR('',#9845,1.);
#9845 = DIRECTION('',(1.,0.,0.));
#9846 = PCURVE('',#2574,#9847);
#9847 = DEFINITIONAL_REPRESENTATION('',(#9848),#9852);
#9848 = LINE('',#9849,#9850);
#9849 = CARTESIAN_POINT('',(0.,0.));
#9850 = VECTOR('',#9851,1.);
#9851 = DIRECTION('',(0.,-1.));
#9852 = ( GEOMETRIC_REPRESENTATION_CONTEXT(2) 
PARAMETRIC_REPRESENTATION_CONTEXT() REPRESENTATION_CONTEXT('2D SPACE',''
  ) );
#9853 = PCURVE('',#2546,#9854);
#9854 = DEFINITIONAL_REPRESENTATION('',(#9855),#9859);
#9855 = LINE('',#9856,#9857);
#9856 = CARTESIAN_POINT('',(0.360093295404,0.));
#9857 = VECTOR('',#9858,1.);
#9858 = DIRECTION('',(0.,-1.));
#9859 = ( GEOMETRIC_REPRESENTATION_CONTEXT(2) 
PARAMETRIC_REPRESENTATION_CONTEXT() REPRESENTATION_CONTEXT('2D SPACE',''
  ) );
#9860 = ORIENTED_EDGE('',*,*,#7146,.T.);
#9861 = ORIENTED_EDGE('',*,*,#9786,.F.);
#9862 = ORIENTED_EDGE('',*,*,#2558,.F.);
#9863 = ADVANCED_FACE('',(#9864),#558,.F.);
#9864 = FACE_BOUND('',#9865,.F.);
#9865 = EDGE_LOOP('',(#9866,#9867,#9868,#9889));
#9866 = ORIENTED_EDGE('',*,*,#9815,.T.);
#9867 = ORIENTED_EDGE('',*,*,#5490,.T.);
#9868 = ORIENTED_EDGE('',*,*,#9869,.F.);
#9869 = EDGE_CURVE('',#543,#5491,#9870,.T.);
#9870 = SURFACE_CURVE('',#9871,(#9875,#9882),.PCURVE_S1.);
#9871 = LINE('',#9872,#9873);
#9872 = CARTESIAN_POINT('',(12.0856,2.064468251152,13.142822830198));
#9873 = VECTOR('',#9874,1.);
#9874 = DIRECTION('',(1.,0.,0.));
#9875 = PCURVE('',#558,#9876);
#9876 = DEFINITIONAL_REPRESENTATION('',(#9877),#9881);
#9877 = LINE('',#9878,#9879);
#9878 = CARTESIAN_POINT('',(0.360093295404,0.));
#9879 = VECTOR('',#9880,1.);
#9880 = DIRECTION('',(0.,-1.));
#9881 = ( GEOMETRIC_REPRESENTATION_CONTEXT(2) 
PARAMETRIC_REPRESENTATION_CONTEXT() REPRESENTATION_CONTEXT('2D SPACE',''
  ) );
#9882 = PCURVE('',#586,#9883);
#9883 = DEFINITIONAL_REPRESENTATION('',(#9884),#9888);
#9884 = LINE('',#9885,#9886);
#9885 = CARTESIAN_POINT('',(0.,0.));
#9886 = VECTOR('',#9887,1.);
#9887 = DIRECTION('',(0.,-1.));
#9888 = ( GEOMETRIC_REPRESENTATION_CONTEXT(2) 
PARAMETRIC_REPRESENTATION_CONTEXT() REPRESENTATION_CONTEXT('2D SPACE',''
  ) );
#9889 = ORIENTED_EDGE('',*,*,#542,.F.);
#9890 = ADVANCED_FACE('',(#9891),#2546,.F.);
#9891 = FACE_BOUND('',#9892,.F.);
#9892 = EDGE_LOOP('',(#9893,#9914,#9915,#9916));
#9893 = ORIENTED_EDGE('',*,*,#9894,.T.);
#9894 = EDGE_CURVE('',#2503,#7101,#9895,.T.);
#9895 = SURFACE_CURVE('',#9896,(#9900,#9907),.PCURVE_S1.);
#9896 = LINE('',#9897,#9898);
#9897 = CARTESIAN_POINT('',(12.0856,-6.297559448951,2.816578600473));
#9898 = VECTOR('',#9899,1.);
#9899 = DIRECTION('',(1.,0.,0.));
#9900 = PCURVE('',#2546,#9901);
#9901 = DEFINITIONAL_REPRESENTATION('',(#9902),#9906);
#9902 = LINE('',#9903,#9904);
#9903 = CARTESIAN_POINT('',(0.,0.));
#9904 = VECTOR('',#9905,1.);
#9905 = DIRECTION('',(0.,-1.));
#9906 = ( GEOMETRIC_REPRESENTATION_CONTEXT(2) 
PARAMETRIC_REPRESENTATION_CONTEXT() REPRESENTATION_CONTEXT('2D SPACE',''
  ) );
#9907 = PCURVE('',#2518,#9908);
#9908 = DEFINITIONAL_REPRESENTATION('',(#9909),#9913);
#9909 = LINE('',#9910,#9911);
#9910 = CARTESIAN_POINT('',(0.360093295404,0.));
#9911 = VECTOR('',#9912,1.);
#9912 = DIRECTION('',(0.,-1.));
#9913 = ( GEOMETRIC_REPRESENTATION_CONTEXT(2) 
PARAMETRIC_REPRESENTATION_CONTEXT() REPRESENTATION_CONTEXT('2D SPACE',''
  ) );
#9914 = ORIENTED_EDGE('',*,*,#7123,.T.);
#9915 = ORIENTED_EDGE('',*,*,#9840,.F.);
#9916 = ORIENTED_EDGE('',*,*,#2530,.F.);
#9917 = ADVANCED_FACE('',(#9918),#586,.F.);
#9918 = FACE_BOUND('',#9919,.F.);
#9919 = EDGE_LOOP('',(#9920,#9921,#9922,#9943));
#9920 = ORIENTED_EDGE('',*,*,#9869,.T.);
#9921 = ORIENTED_EDGE('',*,*,#5513,.T.);
#9922 = ORIENTED_EDGE('',*,*,#9923,.F.);
#9923 = EDGE_CURVE('',#571,#5514,#9924,.T.);
#9924 = SURFACE_CURVE('',#9925,(#9929,#9936),.PCURVE_S1.);
#9925 = LINE('',#9926,#9927);
#9926 = CARTESIAN_POINT('',(12.0856,1.845257342065,13.428504048923));
#9927 = VECTOR('',#9928,1.);
#9928 = DIRECTION('',(1.,0.,0.));
#9929 = PCURVE('',#586,#9930);
#9930 = DEFINITIONAL_REPRESENTATION('',(#9931),#9935);
#9931 = LINE('',#9932,#9933);
#9932 = CARTESIAN_POINT('',(0.360093295404,0.));
#9933 = VECTOR('',#9934,1.);
#9934 = DIRECTION('',(0.,-1.));
#9935 = ( GEOMETRIC_REPRESENTATION_CONTEXT(2) 
PARAMETRIC_REPRESENTATION_CONTEXT() REPRESENTATION_CONTEXT('2D SPACE',''
  ) );
#9936 = PCURVE('',#614,#9937);
#9937 = DEFINITIONAL_REPRESENTATION('',(#9938),#9942);
#9938 = LINE('',#9939,#9940);
#9939 = CARTESIAN_POINT('',(0.,0.));
#9940 = VECTOR('',#9941,1.);
#9941 = DIRECTION('',(0.,-1.));
#9942 = ( GEOMETRIC_REPRESENTATION_CONTEXT(2) 
PARAMETRIC_REPRESENTATION_CONTEXT() REPRESENTATION_CONTEXT('2D SPACE',''
  ) );
#9943 = ORIENTED_EDGE('',*,*,#570,.F.);
#9944 = ADVANCED_FACE('',(#9945),#2518,.F.);
#9945 = FACE_BOUND('',#9946,.F.);
#9946 = EDGE_LOOP('',(#9947,#9968,#9969,#9970));
#9947 = ORIENTED_EDGE('',*,*,#9948,.T.);
#9948 = EDGE_CURVE('',#2475,#7078,#9949,.T.);
#9949 = SURFACE_CURVE('',#9950,(#9954,#9961),.PCURVE_S1.);
#9950 = LINE('',#9951,#9952);
#9951 = CARTESIAN_POINT('',(12.0856,-6.622574358376,2.971602760031));
#9952 = VECTOR('',#9953,1.);
#9953 = DIRECTION('',(1.,0.,0.));
#9954 = PCURVE('',#2518,#9955);
#9955 = DEFINITIONAL_REPRESENTATION('',(#9956),#9960);
#9956 = LINE('',#9957,#9958);
#9957 = CARTESIAN_POINT('',(0.,0.));
#9958 = VECTOR('',#9959,1.);
#9959 = DIRECTION('',(0.,-1.));
#9960 = ( GEOMETRIC_REPRESENTATION_CONTEXT(2) 
PARAMETRIC_REPRESENTATION_CONTEXT() REPRESENTATION_CONTEXT('2D SPACE',''
  ) );
#9961 = PCURVE('',#2490,#9962);
#9962 = DEFINITIONAL_REPRESENTATION('',(#9963),#9967);
#9963 = LINE('',#9964,#9965);
#9964 = CARTESIAN_POINT('',(0.360093295404,0.));
#9965 = VECTOR('',#9966,1.);
#9966 = DIRECTION('',(0.,-1.));
#9967 = ( GEOMETRIC_REPRESENTATION_CONTEXT(2) 
PARAMETRIC_REPRESENTATION_CONTEXT() REPRESENTATION_CONTEXT('2D SPACE',''
  ) );
#9968 = ORIENTED_EDGE('',*,*,#7100,.T.);
#9969 = ORIENTED_EDGE('',*,*,#9894,.F.);
#9970 = ORIENTED_EDGE('',*,*,#2502,.F.);
#9971 = ADVANCED_FACE('',(#9972),#614,.F.);
#9972 = FACE_BOUND('',#9973,.F.);
#9973 = EDGE_LOOP('',(#9974,#9975,#9976,#9997));
#9974 = ORIENTED_EDGE('',*,*,#9923,.T.);
#9975 = ORIENTED_EDGE('',*,*,#5536,.T.);
#9976 = ORIENTED_EDGE('',*,*,#9977,.F.);
#9977 = EDGE_CURVE('',#599,#5537,#9978,.T.);
#9978 = SURFACE_CURVE('',#9979,(#9983,#9990),.PCURVE_S1.);
#9979 = LINE('',#9980,#9981);
#9980 = CARTESIAN_POINT('',(12.0856,1.611395454148,13.702321138921));
#9981 = VECTOR('',#9982,1.);
#9982 = DIRECTION('',(1.,0.,0.));
#9983 = PCURVE('',#614,#9984);
#9984 = DEFINITIONAL_REPRESENTATION('',(#9985),#9989);
#9985 = LINE('',#9986,#9987);
#9986 = CARTESIAN_POINT('',(0.360093295404,0.));
#9987 = VECTOR('',#9988,1.);
#9988 = DIRECTION('',(0.,-1.));
#9989 = ( GEOMETRIC_REPRESENTATION_CONTEXT(2) 
PARAMETRIC_REPRESENTATION_CONTEXT() REPRESENTATION_CONTEXT('2D SPACE',''
  ) );
#9990 = PCURVE('',#642,#9991);
#9991 = DEFINITIONAL_REPRESENTATION('',(#9992),#9996);
#9992 = LINE('',#9993,#9994);
#9993 = CARTESIAN_POINT('',(0.,0.));
#9994 = VECTOR('',#9995,1.);
#9995 = DIRECTION('',(0.,-1.));
#9996 = ( GEOMETRIC_REPRESENTATION_CONTEXT(2) 
PARAMETRIC_REPRESENTATION_CONTEXT() REPRESENTATION_CONTEXT('2D SPACE',''
  ) );
#9997 = ORIENTED_EDGE('',*,*,#598,.F.);
#9998 = ADVANCED_FACE('',(#9999),#2490,.F.);
#9999 = FACE_BOUND('',#10000,.F.);
#10000 = EDGE_LOOP('',(#10001,#10022,#10023,#10024));
#10001 = ORIENTED_EDGE('',*,*,#10002,.T.);
#10002 = EDGE_CURVE('',#2447,#7055,#10003,.T.);
#10003 = SURFACE_CURVE('',#10004,(#10008,#10015),.PCURVE_S1.);
#10004 = LINE('',#10005,#10006);
#10005 = CARTESIAN_POINT('',(12.0856,-6.939030508532,3.143424430444));
#10006 = VECTOR('',#10007,1.);
#10007 = DIRECTION('',(1.,0.,0.));
#10008 = PCURVE('',#2490,#10009);
#10009 = DEFINITIONAL_REPRESENTATION('',(#10010),#10014);
#10010 = LINE('',#10011,#10012);
#10011 = CARTESIAN_POINT('',(0.,0.));
#10012 = VECTOR('',#10013,1.);
#10013 = DIRECTION('',(0.,-1.));
#10014 = ( GEOMETRIC_REPRESENTATION_CONTEXT(2) 
PARAMETRIC_REPRESENTATION_CONTEXT() REPRESENTATION_CONTEXT('2D SPACE',''
  ) );
#10015 = PCURVE('',#2462,#10016);
#10016 = DEFINITIONAL_REPRESENTATION('',(#10017),#10021);
#10017 = LINE('',#10018,#10019);
#10018 = CARTESIAN_POINT('',(0.360093295404,0.));
#10019 = VECTOR('',#10020,1.);
#10020 = DIRECTION('',(0.,-1.));
#10021 = ( GEOMETRIC_REPRESENTATION_CONTEXT(2) 
PARAMETRIC_REPRESENTATION_CONTEXT() REPRESENTATION_CONTEXT('2D SPACE',''
  ) );
#10022 = ORIENTED_EDGE('',*,*,#7077,.T.);
#10023 = ORIENTED_EDGE('',*,*,#9948,.F.);
#10024 = ORIENTED_EDGE('',*,*,#2474,.F.);
#10025 = ADVANCED_FACE('',(#10026),#642,.F.);
#10026 = FACE_BOUND('',#10027,.F.);
#10027 = EDGE_LOOP('',(#10028,#10029,#10030,#10051));
#10028 = ORIENTED_EDGE('',*,*,#9977,.T.);
#10029 = ORIENTED_EDGE('',*,*,#5559,.T.);
#10030 = ORIENTED_EDGE('',*,*,#10031,.F.);
#10031 = EDGE_CURVE('',#627,#5560,#10032,.T.);
#10032 = SURFACE_CURVE('',#10033,(#10037,#10044),.PCURVE_S1.);
#10033 = LINE('',#10034,#10035);
#10034 = CARTESIAN_POINT('',(12.0856,1.36352358658,13.96352358658));
#10035 = VECTOR('',#10036,1.);
#10036 = DIRECTION('',(1.,0.,0.));
#10037 = PCURVE('',#642,#10038);
#10038 = DEFINITIONAL_REPRESENTATION('',(#10039),#10043);
#10039 = LINE('',#10040,#10041);
#10040 = CARTESIAN_POINT('',(0.360093295404,0.));
#10041 = VECTOR('',#10042,1.);
#10042 = DIRECTION('',(0.,-1.));
#10043 = ( GEOMETRIC_REPRESENTATION_CONTEXT(2) 
PARAMETRIC_REPRESENTATION_CONTEXT() REPRESENTATION_CONTEXT('2D SPACE',''
  ) );
#10044 = PCURVE('',#670,#10045);
#10045 = DEFINITIONAL_REPRESENTATION('',(#10046),#10050);
#10046 = LINE('',#10047,#10048);
#10047 = CARTESIAN_POINT('',(0.,0.));
#10048 = VECTOR('',#10049,1.);
#10049 = DIRECTION('',(0.,-1.));
#10050 = ( GEOMETRIC_REPRESENTATION_CONTEXT(2) 
PARAMETRIC_REPRESENTATION_CONTEXT() REPRESENTATION_CONTEXT('2D SPACE',''
  ) );
#10051 = ORIENTED_EDGE('',*,*,#626,.F.);
#10052 = ADVANCED_FACE('',(#10053),#2462,.F.);
#10053 = FACE_BOUND('',#10054,.F.);
#10054 = EDGE_LOOP('',(#10055,#10076,#10077,#10078));
#10055 = ORIENTED_EDGE('',*,*,#10056,.T.);
#10056 = EDGE_CURVE('',#2419,#7032,#10057,.T.);
#10057 = SURFACE_CURVE('',#10058,(#10062,#10069),.PCURVE_S1.);
#10058 = LINE('',#10059,#10060);
#10059 = CARTESIAN_POINT('',(12.0856,-7.246060515108,3.331572660456));
#10060 = VECTOR('',#10061,1.);
#10061 = DIRECTION('',(1.,0.,0.));
#10062 = PCURVE('',#2462,#10063);
#10063 = DEFINITIONAL_REPRESENTATION('',(#10064),#10068);
#10064 = LINE('',#10065,#10066);
#10065 = CARTESIAN_POINT('',(0.,0.));
#10066 = VECTOR('',#10067,1.);
#10067 = DIRECTION('',(0.,-1.));
#10068 = ( GEOMETRIC_REPRESENTATION_CONTEXT(2) 
PARAMETRIC_REPRESENTATION_CONTEXT() REPRESENTATION_CONTEXT('2D SPACE',''
  ) );
#10069 = PCURVE('',#2434,#10070);
#10070 = DEFINITIONAL_REPRESENTATION('',(#10071),#10075);
#10071 = LINE('',#10072,#10073);
#10072 = CARTESIAN_POINT('',(0.360093295404,0.));
#10073 = VECTOR('',#10074,1.);
#10074 = DIRECTION('',(0.,-1.));
#10075 = ( GEOMETRIC_REPRESENTATION_CONTEXT(2) 
PARAMETRIC_REPRESENTATION_CONTEXT() REPRESENTATION_CONTEXT('2D SPACE',''
  ) );
#10076 = ORIENTED_EDGE('',*,*,#7054,.T.);
#10077 = ORIENTED_EDGE('',*,*,#10002,.F.);
#10078 = ORIENTED_EDGE('',*,*,#2446,.F.);
#10079 = ADVANCED_FACE('',(#10080),#670,.F.);
#10080 = FACE_BOUND('',#10081,.F.);
#10081 = EDGE_LOOP('',(#10082,#10083,#10084,#10105));
#10082 = ORIENTED_EDGE('',*,*,#10031,.T.);
#10083 = ORIENTED_EDGE('',*,*,#5582,.T.);
#10084 = ORIENTED_EDGE('',*,*,#10085,.F.);
#10085 = EDGE_CURVE('',#655,#5583,#10086,.T.);
#10086 = SURFACE_CURVE('',#10087,(#10091,#10098),.PCURVE_S1.);
#10087 = LINE('',#10088,#10089);
#10088 = CARTESIAN_POINT('',(12.0856,1.102321138921,14.211395454148));
#10089 = VECTOR('',#10090,1.);
#10090 = DIRECTION('',(1.,0.,0.));
#10091 = PCURVE('',#670,#10092);
#10092 = DEFINITIONAL_REPRESENTATION('',(#10093),#10097);
#10093 = LINE('',#10094,#10095);
#10094 = CARTESIAN_POINT('',(0.360093295404,0.));
#10095 = VECTOR('',#10096,1.);
#10096 = DIRECTION('',(0.,-1.));
#10097 = ( GEOMETRIC_REPRESENTATION_CONTEXT(2) 
PARAMETRIC_REPRESENTATION_CONTEXT() REPRESENTATION_CONTEXT('2D SPACE',''
  ) );
#10098 = PCURVE('',#698,#10099);
#10099 = DEFINITIONAL_REPRESENTATION('',(#10100),#10104);
#10100 = LINE('',#10101,#10102);
#10101 = CARTESIAN_POINT('',(0.,0.));
#10102 = VECTOR('',#10103,1.);
#10103 = DIRECTION('',(0.,-1.));
#10104 = ( GEOMETRIC_REPRESENTATION_CONTEXT(2) 
PARAMETRIC_REPRESENTATION_CONTEXT() REPRESENTATION_CONTEXT('2D SPACE',''
  ) );
#10105 = ORIENTED_EDGE('',*,*,#654,.F.);
#10106 = ADVANCED_FACE('',(#10107),#2434,.F.);
#10107 = FACE_BOUND('',#10108,.F.);
#10108 = EDGE_LOOP('',(#10109,#10130,#10131,#10132));
#10109 = ORIENTED_EDGE('',*,*,#10110,.T.);
#10110 = EDGE_CURVE('',#2391,#7009,#10111,.T.);
#10111 = SURFACE_CURVE('',#10112,(#10116,#10123),.PCURVE_S1.);
#10112 = LINE('',#10113,#10114);
#10113 = CARTESIAN_POINT('',(12.0856,-7.542822830198,3.535531748848));
#10114 = VECTOR('',#10115,1.);
#10115 = DIRECTION('',(1.,0.,0.));
#10116 = PCURVE('',#2434,#10117);
#10117 = DEFINITIONAL_REPRESENTATION('',(#10118),#10122);
#10118 = LINE('',#10119,#10120);
#10119 = CARTESIAN_POINT('',(0.,0.));
#10120 = VECTOR('',#10121,1.);
#10121 = DIRECTION('',(0.,-1.));
#10122 = ( GEOMETRIC_REPRESENTATION_CONTEXT(2) 
PARAMETRIC_REPRESENTATION_CONTEXT() REPRESENTATION_CONTEXT('2D SPACE',''
  ) );
#10123 = PCURVE('',#2406,#10124);
#10124 = DEFINITIONAL_REPRESENTATION('',(#10125),#10129);
#10125 = LINE('',#10126,#10127);
#10126 = CARTESIAN_POINT('',(0.360093295404,0.));
#10127 = VECTOR('',#10128,1.);
#10128 = DIRECTION('',(0.,-1.));
#10129 = ( GEOMETRIC_REPRESENTATION_CONTEXT(2) 
PARAMETRIC_REPRESENTATION_CONTEXT() REPRESENTATION_CONTEXT('2D SPACE',''
  ) );
#10130 = ORIENTED_EDGE('',*,*,#7031,.T.);
#10131 = ORIENTED_EDGE('',*,*,#10056,.F.);
#10132 = ORIENTED_EDGE('',*,*,#2418,.F.);
#10133 = ADVANCED_FACE('',(#10134),#698,.F.);
#10134 = FACE_BOUND('',#10135,.F.);
#10135 = EDGE_LOOP('',(#10136,#10137,#10138,#10159));
#10136 = ORIENTED_EDGE('',*,*,#10085,.T.);
#10137 = ORIENTED_EDGE('',*,*,#5605,.T.);
#10138 = ORIENTED_EDGE('',*,*,#10139,.F.);
#10139 = EDGE_CURVE('',#683,#5606,#10140,.T.);
#10140 = SURFACE_CURVE('',#10141,(#10145,#10152),.PCURVE_S1.);
#10141 = LINE('',#10142,#10143);
#10142 = CARTESIAN_POINT('',(12.0856,0.828504048923,14.445257342065));
#10143 = VECTOR('',#10144,1.);
#10144 = DIRECTION('',(1.,0.,0.));
#10145 = PCURVE('',#698,#10146);
#10146 = DEFINITIONAL_REPRESENTATION('',(#10147),#10151);
#10147 = LINE('',#10148,#10149);
#10148 = CARTESIAN_POINT('',(0.360093295404,0.));
#10149 = VECTOR('',#10150,1.);
#10150 = DIRECTION('',(0.,-1.));
#10151 = ( GEOMETRIC_REPRESENTATION_CONTEXT(2) 
PARAMETRIC_REPRESENTATION_CONTEXT() REPRESENTATION_CONTEXT('2D SPACE',''
  ) );
#10152 = PCURVE('',#726,#10153);
#10153 = DEFINITIONAL_REPRESENTATION('',(#10154),#10158);
#10154 = LINE('',#10155,#10156);
#10155 = CARTESIAN_POINT('',(0.,0.));
#10156 = VECTOR('',#10157,1.);
#10157 = DIRECTION('',(0.,-1.));
#10158 = ( GEOMETRIC_REPRESENTATION_CONTEXT(2) 
PARAMETRIC_REPRESENTATION_CONTEXT() REPRESENTATION_CONTEXT('2D SPACE',''
  ) );
#10159 = ORIENTED_EDGE('',*,*,#682,.F.);
#10160 = ADVANCED_FACE('',(#10161),#2406,.F.);
#10161 = FACE_BOUND('',#10162,.F.);
#10162 = EDGE_LOOP('',(#10163,#10184,#10185,#10186));
#10163 = ORIENTED_EDGE('',*,*,#10164,.T.);
#10164 = EDGE_CURVE('',#2363,#6986,#10165,.T.);
#10165 = SURFACE_CURVE('',#10166,(#10170,#10177),.PCURVE_S1.);
#10166 = LINE('',#10167,#10168);
#10167 = CARTESIAN_POINT('',(12.0856,-7.828504048923,3.754742657935));
#10168 = VECTOR('',#10169,1.);
#10169 = DIRECTION('',(1.,0.,0.));
#10170 = PCURVE('',#2406,#10171);
#10171 = DEFINITIONAL_REPRESENTATION('',(#10172),#10176);
#10172 = LINE('',#10173,#10174);
#10173 = CARTESIAN_POINT('',(0.,0.));
#10174 = VECTOR('',#10175,1.);
#10175 = DIRECTION('',(0.,-1.));
#10176 = ( GEOMETRIC_REPRESENTATION_CONTEXT(2) 
PARAMETRIC_REPRESENTATION_CONTEXT() REPRESENTATION_CONTEXT('2D SPACE',''
  ) );
#10177 = PCURVE('',#2378,#10178);
#10178 = DEFINITIONAL_REPRESENTATION('',(#10179),#10183);
#10179 = LINE('',#10180,#10181);
#10180 = CARTESIAN_POINT('',(0.360093295404,0.));
#10181 = VECTOR('',#10182,1.);
#10182 = DIRECTION('',(0.,-1.));
#10183 = ( GEOMETRIC_REPRESENTATION_CONTEXT(2) 
PARAMETRIC_REPRESENTATION_CONTEXT() REPRESENTATION_CONTEXT('2D SPACE',''
  ) );
#10184 = ORIENTED_EDGE('',*,*,#7008,.T.);
#10185 = ORIENTED_EDGE('',*,*,#10110,.F.);
#10186 = ORIENTED_EDGE('',*,*,#2390,.F.);
#10187 = ADVANCED_FACE('',(#10188),#726,.F.);
#10188 = FACE_BOUND('',#10189,.F.);
#10189 = EDGE_LOOP('',(#10190,#10191,#10192,#10213));
#10190 = ORIENTED_EDGE('',*,*,#10139,.T.);
#10191 = ORIENTED_EDGE('',*,*,#5628,.T.);
#10192 = ORIENTED_EDGE('',*,*,#10193,.F.);
#10193 = EDGE_CURVE('',#711,#5629,#10194,.T.);
#10194 = SURFACE_CURVE('',#10195,(#10199,#10206),.PCURVE_S1.);
#10195 = LINE('',#10196,#10197);
#10196 = CARTESIAN_POINT('',(12.0856,0.542822830198,14.664468251152));
#10197 = VECTOR('',#10198,1.);
#10198 = DIRECTION('',(1.,0.,0.));
#10199 = PCURVE('',#726,#10200);
#10200 = DEFINITIONAL_REPRESENTATION('',(#10201),#10205);
#10201 = LINE('',#10202,#10203);
#10202 = CARTESIAN_POINT('',(0.360093295404,0.));
#10203 = VECTOR('',#10204,1.);
#10204 = DIRECTION('',(0.,-1.));
#10205 = ( GEOMETRIC_REPRESENTATION_CONTEXT(2) 
PARAMETRIC_REPRESENTATION_CONTEXT() REPRESENTATION_CONTEXT('2D SPACE',''
  ) );
#10206 = PCURVE('',#754,#10207);
#10207 = DEFINITIONAL_REPRESENTATION('',(#10208),#10212);
#10208 = LINE('',#10209,#10210);
#10209 = CARTESIAN_POINT('',(0.,0.));
#10210 = VECTOR('',#10211,1.);
#10211 = DIRECTION('',(0.,-1.));
#10212 = ( GEOMETRIC_REPRESENTATION_CONTEXT(2) 
PARAMETRIC_REPRESENTATION_CONTEXT() REPRESENTATION_CONTEXT('2D SPACE',''
  ) );
#10213 = ORIENTED_EDGE('',*,*,#710,.F.);
#10214 = ADVANCED_FACE('',(#10215),#2378,.F.);
#10215 = FACE_BOUND('',#10216,.F.);
#10216 = EDGE_LOOP('',(#10217,#10238,#10239,#10240));
#10217 = ORIENTED_EDGE('',*,*,#10218,.T.);
#10218 = EDGE_CURVE('',#2335,#6963,#10219,.T.);
#10219 = SURFACE_CURVE('',#10220,(#10224,#10231),.PCURVE_S1.);
#10220 = LINE('',#10221,#10222);
#10221 = CARTESIAN_POINT('',(12.0856,-8.102321138921,3.988604545852));
#10222 = VECTOR('',#10223,1.);
#10223 = DIRECTION('',(1.,0.,0.));
#10224 = PCURVE('',#2378,#10225);
#10225 = DEFINITIONAL_REPRESENTATION('',(#10226),#10230);
#10226 = LINE('',#10227,#10228);
#10227 = CARTESIAN_POINT('',(0.,0.));
#10228 = VECTOR('',#10229,1.);
#10229 = DIRECTION('',(0.,-1.));
#10230 = ( GEOMETRIC_REPRESENTATION_CONTEXT(2) 
PARAMETRIC_REPRESENTATION_CONTEXT() REPRESENTATION_CONTEXT('2D SPACE',''
  ) );
#10231 = PCURVE('',#2350,#10232);
#10232 = DEFINITIONAL_REPRESENTATION('',(#10233),#10237);
#10233 = LINE('',#10234,#10235);
#10234 = CARTESIAN_POINT('',(0.360093295404,0.));
#10235 = VECTOR('',#10236,1.);
#10236 = DIRECTION('',(0.,-1.));
#10237 = ( GEOMETRIC_REPRESENTATION_CONTEXT(2) 
PARAMETRIC_REPRESENTATION_CONTEXT() REPRESENTATION_CONTEXT('2D SPACE',''
  ) );
#10238 = ORIENTED_EDGE('',*,*,#6985,.T.);
#10239 = ORIENTED_EDGE('',*,*,#10164,.F.);
#10240 = ORIENTED_EDGE('',*,*,#2362,.F.);
#10241 = ADVANCED_FACE('',(#10242),#754,.F.);
#10242 = FACE_BOUND('',#10243,.F.);
#10243 = EDGE_LOOP('',(#10244,#10245,#10246,#10267));
#10244 = ORIENTED_EDGE('',*,*,#10193,.T.);
#10245 = ORIENTED_EDGE('',*,*,#5651,.T.);
#10246 = ORIENTED_EDGE('',*,*,#10247,.F.);
#10247 = EDGE_CURVE('',#739,#5652,#10248,.T.);
#10248 = SURFACE_CURVE('',#10249,(#10253,#10260),.PCURVE_S1.);
#10249 = LINE('',#10250,#10251);
#10250 = CARTESIAN_POINT('',(12.0856,0.246060515108,14.868427339544));
#10251 = VECTOR('',#10252,1.);
#10252 = DIRECTION('',(1.,0.,0.));
#10253 = PCURVE('',#754,#10254);
#10254 = DEFINITIONAL_REPRESENTATION('',(#10255),#10259);
#10255 = LINE('',#10256,#10257);
#10256 = CARTESIAN_POINT('',(0.360093295404,0.));
#10257 = VECTOR('',#10258,1.);
#10258 = DIRECTION('',(0.,-1.));
#10259 = ( GEOMETRIC_REPRESENTATION_CONTEXT(2) 
PARAMETRIC_REPRESENTATION_CONTEXT() REPRESENTATION_CONTEXT('2D SPACE',''
  ) );
#10260 = PCURVE('',#782,#10261);
#10261 = DEFINITIONAL_REPRESENTATION('',(#10262),#10266);
#10262 = LINE('',#10263,#10264);
#10263 = CARTESIAN_POINT('',(0.,0.));
#10264 = VECTOR('',#10265,1.);
#10265 = DIRECTION('',(0.,-1.));
#10266 = ( GEOMETRIC_REPRESENTATION_CONTEXT(2) 
PARAMETRIC_REPRESENTATION_CONTEXT() REPRESENTATION_CONTEXT('2D SPACE',''
  ) );
#10267 = ORIENTED_EDGE('',*,*,#738,.F.);
#10268 = ADVANCED_FACE('',(#10269),#2350,.F.);
#10269 = FACE_BOUND('',#10270,.F.);
#10270 = EDGE_LOOP('',(#10271,#10292,#10293,#10294));
#10271 = ORIENTED_EDGE('',*,*,#10272,.T.);
#10272 = EDGE_CURVE('',#2307,#6940,#10273,.T.);
#10273 = SURFACE_CURVE('',#10274,(#10278,#10285),.PCURVE_S1.);
#10274 = LINE('',#10275,#10276);
#10275 = CARTESIAN_POINT('',(12.0856,-8.36352358658,4.23647641342));
#10276 = VECTOR('',#10277,1.);
#10277 = DIRECTION('',(1.,0.,0.));
#10278 = PCURVE('',#2350,#10279);
#10279 = DEFINITIONAL_REPRESENTATION('',(#10280),#10284);
#10280 = LINE('',#10281,#10282);
#10281 = CARTESIAN_POINT('',(0.,0.));
#10282 = VECTOR('',#10283,1.);
#10283 = DIRECTION('',(0.,-1.));
#10284 = ( GEOMETRIC_REPRESENTATION_CONTEXT(2) 
PARAMETRIC_REPRESENTATION_CONTEXT() REPRESENTATION_CONTEXT('2D SPACE',''
  ) );
#10285 = PCURVE('',#2322,#10286);
#10286 = DEFINITIONAL_REPRESENTATION('',(#10287),#10291);
#10287 = LINE('',#10288,#10289);
#10288 = CARTESIAN_POINT('',(0.360093295404,0.));
#10289 = VECTOR('',#10290,1.);
#10290 = DIRECTION('',(0.,-1.));
#10291 = ( GEOMETRIC_REPRESENTATION_CONTEXT(2) 
PARAMETRIC_REPRESENTATION_CONTEXT() REPRESENTATION_CONTEXT('2D SPACE',''
  ) );
#10292 = ORIENTED_EDGE('',*,*,#6962,.T.);
#10293 = ORIENTED_EDGE('',*,*,#10218,.F.);
#10294 = ORIENTED_EDGE('',*,*,#2334,.F.);
#10295 = ADVANCED_FACE('',(#10296),#782,.F.);
#10296 = FACE_BOUND('',#10297,.F.);
#10297 = EDGE_LOOP('',(#10298,#10299,#10300,#10321));
#10298 = ORIENTED_EDGE('',*,*,#10247,.T.);
#10299 = ORIENTED_EDGE('',*,*,#5674,.T.);
#10300 = ORIENTED_EDGE('',*,*,#10301,.F.);
#10301 = EDGE_CURVE('',#767,#5675,#10302,.T.);
#10302 = SURFACE_CURVE('',#10303,(#10307,#10314),.PCURVE_S1.);
#10303 = LINE('',#10304,#10305);
#10304 = CARTESIAN_POINT('',(12.0856,-6.096949146831E-02,15.056575569556
    ));
#10305 = VECTOR('',#10306,1.);
#10306 = DIRECTION('',(1.,0.,0.));
#10307 = PCURVE('',#782,#10308);
#10308 = DEFINITIONAL_REPRESENTATION('',(#10309),#10313);
#10309 = LINE('',#10310,#10311);
#10310 = CARTESIAN_POINT('',(0.360093295404,0.));
#10311 = VECTOR('',#10312,1.);
#10312 = DIRECTION('',(0.,-1.));
#10313 = ( GEOMETRIC_REPRESENTATION_CONTEXT(2) 
PARAMETRIC_REPRESENTATION_CONTEXT() REPRESENTATION_CONTEXT('2D SPACE',''
  ) );
#10314 = PCURVE('',#810,#10315);
#10315 = DEFINITIONAL_REPRESENTATION('',(#10316),#10320);
#10316 = LINE('',#10317,#10318);
#10317 = CARTESIAN_POINT('',(0.,0.));
#10318 = VECTOR('',#10319,1.);
#10319 = DIRECTION('',(0.,-1.));
#10320 = ( GEOMETRIC_REPRESENTATION_CONTEXT(2) 
PARAMETRIC_REPRESENTATION_CONTEXT() REPRESENTATION_CONTEXT('2D SPACE',''
  ) );
#10321 = ORIENTED_EDGE('',*,*,#766,.F.);
#10322 = ADVANCED_FACE('',(#10323),#2322,.F.);
#10323 = FACE_BOUND('',#10324,.F.);
#10324 = EDGE_LOOP('',(#10325,#10346,#10347,#10348));
#10325 = ORIENTED_EDGE('',*,*,#10326,.T.);
#10326 = EDGE_CURVE('',#2279,#6917,#10327,.T.);
#10327 = SURFACE_CURVE('',#10328,(#10332,#10339),.PCURVE_S1.);
#10328 = LINE('',#10329,#10330);
#10329 = CARTESIAN_POINT('',(12.0856,-8.611395454148,4.497678861079));
#10330 = VECTOR('',#10331,1.);
#10331 = DIRECTION('',(1.,0.,0.));
#10332 = PCURVE('',#2322,#10333);
#10333 = DEFINITIONAL_REPRESENTATION('',(#10334),#10338);
#10334 = LINE('',#10335,#10336);
#10335 = CARTESIAN_POINT('',(0.,0.));
#10336 = VECTOR('',#10337,1.);
#10337 = DIRECTION('',(0.,-1.));
#10338 = ( GEOMETRIC_REPRESENTATION_CONTEXT(2) 
PARAMETRIC_REPRESENTATION_CONTEXT() REPRESENTATION_CONTEXT('2D SPACE',''
  ) );
#10339 = PCURVE('',#2294,#10340);
#10340 = DEFINITIONAL_REPRESENTATION('',(#10341),#10345);
#10341 = LINE('',#10342,#10343);
#10342 = CARTESIAN_POINT('',(0.360093295404,0.));
#10343 = VECTOR('',#10344,1.);
#10344 = DIRECTION('',(0.,-1.));
#10345 = ( GEOMETRIC_REPRESENTATION_CONTEXT(2) 
PARAMETRIC_REPRESENTATION_CONTEXT() REPRESENTATION_CONTEXT('2D SPACE',''
  ) );
#10346 = ORIENTED_EDGE('',*,*,#6939,.T.);
#10347 = ORIENTED_EDGE('',*,*,#10272,.F.);
#10348 = ORIENTED_EDGE('',*,*,#2306,.F.);
#10349 = ADVANCED_FACE('',(#10350),#810,.F.);
#10350 = FACE_BOUND('',#10351,.F.);
#10351 = EDGE_LOOP('',(#10352,#10353,#10354,#10375));
#10352 = ORIENTED_EDGE('',*,*,#10301,.T.);
#10353 = ORIENTED_EDGE('',*,*,#5697,.T.);
#10354 = ORIENTED_EDGE('',*,*,#10355,.F.);
#10355 = EDGE_CURVE('',#795,#5698,#10356,.T.);
#10356 = SURFACE_CURVE('',#10357,(#10361,#10368),.PCURVE_S1.);
#10357 = LINE('',#10358,#10359);
#10358 = CARTESIAN_POINT('',(12.0856,-0.377425641624,15.228397239969));
#10359 = VECTOR('',#10360,1.);
#10360 = DIRECTION('',(1.,0.,0.));
#10361 = PCURVE('',#810,#10362);
#10362 = DEFINITIONAL_REPRESENTATION('',(#10363),#10367);
#10363 = LINE('',#10364,#10365);
#10364 = CARTESIAN_POINT('',(0.360093295404,0.));
#10365 = VECTOR('',#10366,1.);
#10366 = DIRECTION('',(0.,-1.));
#10367 = ( GEOMETRIC_REPRESENTATION_CONTEXT(2) 
PARAMETRIC_REPRESENTATION_CONTEXT() REPRESENTATION_CONTEXT('2D SPACE',''
  ) );
#10368 = PCURVE('',#838,#10369);
#10369 = DEFINITIONAL_REPRESENTATION('',(#10370),#10374);
#10370 = LINE('',#10371,#10372);
#10371 = CARTESIAN_POINT('',(0.,0.));
#10372 = VECTOR('',#10373,1.);
#10373 = DIRECTION('',(0.,-1.));
#10374 = ( GEOMETRIC_REPRESENTATION_CONTEXT(2) 
PARAMETRIC_REPRESENTATION_CONTEXT() REPRESENTATION_CONTEXT('2D SPACE',''
  ) );
#10375 = ORIENTED_EDGE('',*,*,#794,.F.);
#10376 = ADVANCED_FACE('',(#10377),#2294,.F.);
#10377 = FACE_BOUND('',#10378,.F.);
#10378 = EDGE_LOOP('',(#10379,#10400,#10401,#10402));
#10379 = ORIENTED_EDGE('',*,*,#10380,.T.);
#10380 = EDGE_CURVE('',#2251,#6894,#10381,.T.);
#10381 = SURFACE_CURVE('',#10382,(#10386,#10393),.PCURVE_S1.);
#10382 = LINE('',#10383,#10384);
#10383 = CARTESIAN_POINT('',(12.0856,-8.845257342065,4.771495951077));
#10384 = VECTOR('',#10385,1.);
#10385 = DIRECTION('',(1.,0.,0.));
#10386 = PCURVE('',#2294,#10387);
#10387 = DEFINITIONAL_REPRESENTATION('',(#10388),#10392);
#10388 = LINE('',#10389,#10390);
#10389 = CARTESIAN_POINT('',(0.,0.));
#10390 = VECTOR('',#10391,1.);
#10391 = DIRECTION('',(0.,-1.));
#10392 = ( GEOMETRIC_REPRESENTATION_CONTEXT(2) 
PARAMETRIC_REPRESENTATION_CONTEXT() REPRESENTATION_CONTEXT('2D SPACE',''
  ) );
#10393 = PCURVE('',#2266,#10394);
#10394 = DEFINITIONAL_REPRESENTATION('',(#10395),#10399);
#10395 = LINE('',#10396,#10397);
#10396 = CARTESIAN_POINT('',(0.360093295404,0.));
#10397 = VECTOR('',#10398,1.);
#10398 = DIRECTION('',(0.,-1.));
#10399 = ( GEOMETRIC_REPRESENTATION_CONTEXT(2) 
PARAMETRIC_REPRESENTATION_CONTEXT() REPRESENTATION_CONTEXT('2D SPACE',''
  ) );
#10400 = ORIENTED_EDGE('',*,*,#6916,.T.);
#10401 = ORIENTED_EDGE('',*,*,#10326,.F.);
#10402 = ORIENTED_EDGE('',*,*,#2278,.F.);
#10403 = ADVANCED_FACE('',(#10404),#838,.F.);
#10404 = FACE_BOUND('',#10405,.F.);
#10405 = EDGE_LOOP('',(#10406,#10407,#10408,#10429));
#10406 = ORIENTED_EDGE('',*,*,#10355,.T.);
#10407 = ORIENTED_EDGE('',*,*,#5720,.T.);
#10408 = ORIENTED_EDGE('',*,*,#10409,.F.);
#10409 = EDGE_CURVE('',#823,#5721,#10410,.T.);
#10410 = SURFACE_CURVE('',#10411,(#10415,#10422),.PCURVE_S1.);
#10411 = LINE('',#10412,#10413);
#10412 = CARTESIAN_POINT('',(12.0856,-0.702440551049,15.383421399527));
#10413 = VECTOR('',#10414,1.);
#10414 = DIRECTION('',(1.,0.,0.));
#10415 = PCURVE('',#838,#10416);
#10416 = DEFINITIONAL_REPRESENTATION('',(#10417),#10421);
#10417 = LINE('',#10418,#10419);
#10418 = CARTESIAN_POINT('',(0.360093295404,0.));
#10419 = VECTOR('',#10420,1.);
#10420 = DIRECTION('',(0.,-1.));
#10421 = ( GEOMETRIC_REPRESENTATION_CONTEXT(2) 
PARAMETRIC_REPRESENTATION_CONTEXT() REPRESENTATION_CONTEXT('2D SPACE',''
  ) );
#10422 = PCURVE('',#866,#10423);
#10423 = DEFINITIONAL_REPRESENTATION('',(#10424),#10428);
#10424 = LINE('',#10425,#10426);
#10425 = CARTESIAN_POINT('',(0.,0.));
#10426 = VECTOR('',#10427,1.);
#10427 = DIRECTION('',(0.,-1.));
#10428 = ( GEOMETRIC_REPRESENTATION_CONTEXT(2) 
PARAMETRIC_REPRESENTATION_CONTEXT() REPRESENTATION_CONTEXT('2D SPACE',''
  ) );
#10429 = ORIENTED_EDGE('',*,*,#822,.F.);
#10430 = ADVANCED_FACE('',(#10431),#2266,.F.);
#10431 = FACE_BOUND('',#10432,.F.);
#10432 = EDGE_LOOP('',(#10433,#10454,#10455,#10456));
#10433 = ORIENTED_EDGE('',*,*,#10434,.T.);
#10434 = EDGE_CURVE('',#2223,#6871,#10435,.T.);
#10435 = SURFACE_CURVE('',#10436,(#10440,#10447),.PCURVE_S1.);
#10436 = LINE('',#10437,#10438);
#10437 = CARTESIAN_POINT('',(12.0856,-9.064468251152,5.057177169802));
#10438 = VECTOR('',#10439,1.);
#10439 = DIRECTION('',(1.,0.,0.));
#10440 = PCURVE('',#2266,#10441);
#10441 = DEFINITIONAL_REPRESENTATION('',(#10442),#10446);
#10442 = LINE('',#10443,#10444);
#10443 = CARTESIAN_POINT('',(0.,0.));
#10444 = VECTOR('',#10445,1.);
#10445 = DIRECTION('',(0.,-1.));
#10446 = ( GEOMETRIC_REPRESENTATION_CONTEXT(2) 
PARAMETRIC_REPRESENTATION_CONTEXT() REPRESENTATION_CONTEXT('2D SPACE',''
  ) );
#10447 = PCURVE('',#2238,#10448);
#10448 = DEFINITIONAL_REPRESENTATION('',(#10449),#10453);
#10449 = LINE('',#10450,#10451);
#10450 = CARTESIAN_POINT('',(0.360093295404,0.));
#10451 = VECTOR('',#10452,1.);
#10452 = DIRECTION('',(0.,-1.));
#10453 = ( GEOMETRIC_REPRESENTATION_CONTEXT(2) 
PARAMETRIC_REPRESENTATION_CONTEXT() REPRESENTATION_CONTEXT('2D SPACE',''
  ) );
#10454 = ORIENTED_EDGE('',*,*,#6893,.T.);
#10455 = ORIENTED_EDGE('',*,*,#10380,.F.);
#10456 = ORIENTED_EDGE('',*,*,#2250,.F.);
#10457 = ADVANCED_FACE('',(#10458),#866,.F.);
#10458 = FACE_BOUND('',#10459,.F.);
#10459 = EDGE_LOOP('',(#10460,#10461,#10462,#10483));
#10460 = ORIENTED_EDGE('',*,*,#10409,.T.);
#10461 = ORIENTED_EDGE('',*,*,#5743,.T.);
#10462 = ORIENTED_EDGE('',*,*,#10463,.F.);
#10463 = EDGE_CURVE('',#851,#5744,#10464,.T.);
#10464 = SURFACE_CURVE('',#10465,(#10469,#10476),.PCURVE_S1.);
#10465 = LINE('',#10466,#10467);
#10466 = CARTESIAN_POINT('',(12.0856,-1.035123376468,15.521223137784));
#10467 = VECTOR('',#10468,1.);
#10468 = DIRECTION('',(1.,0.,0.));
#10469 = PCURVE('',#866,#10470);
#10470 = DEFINITIONAL_REPRESENTATION('',(#10471),#10475);
#10471 = LINE('',#10472,#10473);
#10472 = CARTESIAN_POINT('',(0.360093295404,0.));
#10473 = VECTOR('',#10474,1.);
#10474 = DIRECTION('',(0.,-1.));
#10475 = ( GEOMETRIC_REPRESENTATION_CONTEXT(2) 
PARAMETRIC_REPRESENTATION_CONTEXT() REPRESENTATION_CONTEXT('2D SPACE',''
  ) );
#10476 = PCURVE('',#894,#10477);
#10477 = DEFINITIONAL_REPRESENTATION('',(#10478),#10482);
#10478 = LINE('',#10479,#10480);
#10479 = CARTESIAN_POINT('',(0.,0.));
#10480 = VECTOR('',#10481,1.);
#10481 = DIRECTION('',(0.,-1.));
#10482 = ( GEOMETRIC_REPRESENTATION_CONTEXT(2) 
PARAMETRIC_REPRESENTATION_CONTEXT() REPRESENTATION_CONTEXT('2D SPACE',''
  ) );
#10483 = ORIENTED_EDGE('',*,*,#850,.F.);
#10484 = ADVANCED_FACE('',(#10485),#2238,.F.);
#10485 = FACE_BOUND('',#10486,.F.);
#10486 = EDGE_LOOP('',(#10487,#10508,#10509,#10510));
#10487 = ORIENTED_EDGE('',*,*,#10488,.T.);
#10488 = EDGE_CURVE('',#2195,#6848,#10489,.T.);
#10489 = SURFACE_CURVE('',#10490,(#10494,#10501),.PCURVE_S1.);
#10490 = LINE('',#10491,#10492);
#10491 = CARTESIAN_POINT('',(12.0856,-9.268427339544,5.353939484892));
#10492 = VECTOR('',#10493,1.);
#10493 = DIRECTION('',(1.,0.,0.));
#10494 = PCURVE('',#2238,#10495);
#10495 = DEFINITIONAL_REPRESENTATION('',(#10496),#10500);
#10496 = LINE('',#10497,#10498);
#10497 = CARTESIAN_POINT('',(0.,0.));
#10498 = VECTOR('',#10499,1.);
#10499 = DIRECTION('',(0.,-1.));
#10500 = ( GEOMETRIC_REPRESENTATION_CONTEXT(2) 
PARAMETRIC_REPRESENTATION_CONTEXT() REPRESENTATION_CONTEXT('2D SPACE',''
  ) );
#10501 = PCURVE('',#2210,#10502);
#10502 = DEFINITIONAL_REPRESENTATION('',(#10503),#10507);
#10503 = LINE('',#10504,#10505);
#10504 = CARTESIAN_POINT('',(0.360093295404,0.));
#10505 = VECTOR('',#10506,1.);
#10506 = DIRECTION('',(0.,-1.));
#10507 = ( GEOMETRIC_REPRESENTATION_CONTEXT(2) 
PARAMETRIC_REPRESENTATION_CONTEXT() REPRESENTATION_CONTEXT('2D SPACE',''
  ) );
#10508 = ORIENTED_EDGE('',*,*,#6870,.T.);
#10509 = ORIENTED_EDGE('',*,*,#10434,.F.);
#10510 = ORIENTED_EDGE('',*,*,#2222,.F.);
#10511 = ADVANCED_FACE('',(#10512),#894,.F.);
#10512 = FACE_BOUND('',#10513,.F.);
#10513 = EDGE_LOOP('',(#10514,#10515,#10516,#10537));
#10514 = ORIENTED_EDGE('',*,*,#10463,.T.);
#10515 = ORIENTED_EDGE('',*,*,#5766,.T.);
#10516 = ORIENTED_EDGE('',*,*,#10517,.F.);
#10517 = EDGE_CURVE('',#879,#5767,#10518,.T.);
#10518 = SURFACE_CURVE('',#10519,(#10523,#10530),.PCURVE_S1.);
#10519 = LINE('',#10520,#10521);
#10520 = CARTESIAN_POINT('',(12.0856,-1.37456225738,15.641424749754));
#10521 = VECTOR('',#10522,1.);
#10522 = DIRECTION('',(1.,0.,0.));
#10523 = PCURVE('',#894,#10524);
#10524 = DEFINITIONAL_REPRESENTATION('',(#10525),#10529);
#10525 = LINE('',#10526,#10527);
#10526 = CARTESIAN_POINT('',(0.360093295404,0.));
#10527 = VECTOR('',#10528,1.);
#10528 = DIRECTION('',(0.,-1.));
#10529 = ( GEOMETRIC_REPRESENTATION_CONTEXT(2) 
PARAMETRIC_REPRESENTATION_CONTEXT() REPRESENTATION_CONTEXT('2D SPACE',''
  ) );
#10530 = PCURVE('',#922,#10531);
#10531 = DEFINITIONAL_REPRESENTATION('',(#10532),#10536);
#10532 = LINE('',#10533,#10534);
#10533 = CARTESIAN_POINT('',(0.,0.));
#10534 = VECTOR('',#10535,1.);
#10535 = DIRECTION('',(0.,-1.));
#10536 = ( GEOMETRIC_REPRESENTATION_CONTEXT(2) 
PARAMETRIC_REPRESENTATION_CONTEXT() REPRESENTATION_CONTEXT('2D SPACE',''
  ) );
#10537 = ORIENTED_EDGE('',*,*,#878,.F.);
#10538 = ADVANCED_FACE('',(#10539),#2210,.F.);
#10539 = FACE_BOUND('',#10540,.F.);
#10540 = EDGE_LOOP('',(#10541,#10562,#10563,#10564));
#10541 = ORIENTED_EDGE('',*,*,#10542,.T.);
#10542 = EDGE_CURVE('',#2167,#6825,#10543,.T.);
#10543 = SURFACE_CURVE('',#10544,(#10548,#10555),.PCURVE_S1.);
#10544 = LINE('',#10545,#10546);
#10545 = CARTESIAN_POINT('',(12.0856,-9.456575569556,5.660969491468));
#10546 = VECTOR('',#10547,1.);
#10547 = DIRECTION('',(1.,0.,0.));
#10548 = PCURVE('',#2210,#10549);
#10549 = DEFINITIONAL_REPRESENTATION('',(#10550),#10554);
#10550 = LINE('',#10551,#10552);
#10551 = CARTESIAN_POINT('',(0.,0.));
#10552 = VECTOR('',#10553,1.);
#10553 = DIRECTION('',(0.,-1.));
#10554 = ( GEOMETRIC_REPRESENTATION_CONTEXT(2) 
PARAMETRIC_REPRESENTATION_CONTEXT() REPRESENTATION_CONTEXT('2D SPACE',''
  ) );
#10555 = PCURVE('',#2182,#10556);
#10556 = DEFINITIONAL_REPRESENTATION('',(#10557),#10561);
#10557 = LINE('',#10558,#10559);
#10558 = CARTESIAN_POINT('',(0.360093295404,0.));
#10559 = VECTOR('',#10560,1.);
#10560 = DIRECTION('',(0.,-1.));
#10561 = ( GEOMETRIC_REPRESENTATION_CONTEXT(2) 
PARAMETRIC_REPRESENTATION_CONTEXT() REPRESENTATION_CONTEXT('2D SPACE',''
  ) );
#10562 = ORIENTED_EDGE('',*,*,#6847,.T.);
#10563 = ORIENTED_EDGE('',*,*,#10488,.F.);
#10564 = ORIENTED_EDGE('',*,*,#2194,.F.);
#10565 = ADVANCED_FACE('',(#10566),#922,.F.);
#10566 = FACE_BOUND('',#10567,.F.);
#10567 = EDGE_LOOP('',(#10568,#10569,#10570,#10591));
#10568 = ORIENTED_EDGE('',*,*,#10517,.T.);
#10569 = ORIENTED_EDGE('',*,*,#5789,.T.);
#10570 = ORIENTED_EDGE('',*,*,#10571,.F.);
#10571 = EDGE_CURVE('',#907,#5790,#10572,.T.);
#10572 = SURFACE_CURVE('',#10573,(#10577,#10584),.PCURVE_S1.);
#10573 = LINE('',#10574,#10575);
#10574 = CARTESIAN_POINT('',(12.0856,-1.719826815407,15.743696771174));
#10575 = VECTOR('',#10576,1.);
#10576 = DIRECTION('',(1.,0.,0.));
#10577 = PCURVE('',#922,#10578);
#10578 = DEFINITIONAL_REPRESENTATION('',(#10579),#10583);
#10579 = LINE('',#10580,#10581);
#10580 = CARTESIAN_POINT('',(0.360093295404,0.));
#10581 = VECTOR('',#10582,1.);
#10582 = DIRECTION('',(0.,-1.));
#10583 = ( GEOMETRIC_REPRESENTATION_CONTEXT(2) 
PARAMETRIC_REPRESENTATION_CONTEXT() REPRESENTATION_CONTEXT('2D SPACE',''
  ) );
#10584 = PCURVE('',#950,#10585);
#10585 = DEFINITIONAL_REPRESENTATION('',(#10586),#10590);
#10586 = LINE('',#10587,#10588);
#10587 = CARTESIAN_POINT('',(0.,0.));
#10588 = VECTOR('',#10589,1.);
#10589 = DIRECTION('',(0.,-1.));
#10590 = ( GEOMETRIC_REPRESENTATION_CONTEXT(2) 
PARAMETRIC_REPRESENTATION_CONTEXT() REPRESENTATION_CONTEXT('2D SPACE',''
  ) );
#10591 = ORIENTED_EDGE('',*,*,#906,.F.);
#10592 = ADVANCED_FACE('',(#10593),#2182,.F.);
#10593 = FACE_BOUND('',#10594,.F.);
#10594 = EDGE_LOOP('',(#10595,#10616,#10617,#10618));
#10595 = ORIENTED_EDGE('',*,*,#10596,.T.);
#10596 = EDGE_CURVE('',#2139,#6802,#10597,.T.);
#10597 = SURFACE_CURVE('',#10598,(#10602,#10609),.PCURVE_S1.);
#10598 = LINE('',#10599,#10600);
#10599 = CARTESIAN_POINT('',(12.0856,-9.628397239969,5.977425641624));
#10600 = VECTOR('',#10601,1.);
#10601 = DIRECTION('',(1.,0.,0.));
#10602 = PCURVE('',#2182,#10603);
#10603 = DEFINITIONAL_REPRESENTATION('',(#10604),#10608);
#10604 = LINE('',#10605,#10606);
#10605 = CARTESIAN_POINT('',(0.,0.));
#10606 = VECTOR('',#10607,1.);
#10607 = DIRECTION('',(0.,-1.));
#10608 = ( GEOMETRIC_REPRESENTATION_CONTEXT(2) 
PARAMETRIC_REPRESENTATION_CONTEXT() REPRESENTATION_CONTEXT('2D SPACE',''
  ) );
#10609 = PCURVE('',#2154,#10610);
#10610 = DEFINITIONAL_REPRESENTATION('',(#10611),#10615);
#10611 = LINE('',#10612,#10613);
#10612 = CARTESIAN_POINT('',(0.360093295404,0.));
#10613 = VECTOR('',#10614,1.);
#10614 = DIRECTION('',(0.,-1.));
#10615 = ( GEOMETRIC_REPRESENTATION_CONTEXT(2) 
PARAMETRIC_REPRESENTATION_CONTEXT() REPRESENTATION_CONTEXT('2D SPACE',''
  ) );
#10616 = ORIENTED_EDGE('',*,*,#6824,.T.);
#10617 = ORIENTED_EDGE('',*,*,#10542,.F.);
#10618 = ORIENTED_EDGE('',*,*,#2166,.F.);
#10619 = ADVANCED_FACE('',(#10620),#950,.F.);
#10620 = FACE_BOUND('',#10621,.F.);
#10621 = EDGE_LOOP('',(#10622,#10623,#10624,#10645));
#10622 = ORIENTED_EDGE('',*,*,#10571,.T.);
#10623 = ORIENTED_EDGE('',*,*,#5812,.T.);
#10624 = ORIENTED_EDGE('',*,*,#10625,.F.);
#10625 = EDGE_CURVE('',#935,#5813,#10626,.T.);
#10626 = SURFACE_CURVE('',#10627,(#10631,#10638),.PCURVE_S1.);
#10627 = LINE('',#10628,#10629);
#10628 = CARTESIAN_POINT('',(12.0856,-2.069970704395,15.827758881541));
#10629 = VECTOR('',#10630,1.);
#10630 = DIRECTION('',(1.,0.,0.));
#10631 = PCURVE('',#950,#10632);
#10632 = DEFINITIONAL_REPRESENTATION('',(#10633),#10637);
#10633 = LINE('',#10634,#10635);
#10634 = CARTESIAN_POINT('',(0.360093295404,0.));
#10635 = VECTOR('',#10636,1.);
#10636 = DIRECTION('',(0.,-1.));
#10637 = ( GEOMETRIC_REPRESENTATION_CONTEXT(2) 
PARAMETRIC_REPRESENTATION_CONTEXT() REPRESENTATION_CONTEXT('2D SPACE',''
  ) );
#10638 = PCURVE('',#978,#10639);
#10639 = DEFINITIONAL_REPRESENTATION('',(#10640),#10644);
#10640 = LINE('',#10641,#10642);
#10641 = CARTESIAN_POINT('',(0.,0.));
#10642 = VECTOR('',#10643,1.);
#10643 = DIRECTION('',(0.,-1.));
#10644 = ( GEOMETRIC_REPRESENTATION_CONTEXT(2) 
PARAMETRIC_REPRESENTATION_CONTEXT() REPRESENTATION_CONTEXT('2D SPACE',''
  ) );
#10645 = ORIENTED_EDGE('',*,*,#934,.F.);
#10646 = ADVANCED_FACE('',(#10647),#2154,.F.);
#10647 = FACE_BOUND('',#10648,.F.);
#10648 = EDGE_LOOP('',(#10649,#10670,#10671,#10672));
#10649 = ORIENTED_EDGE('',*,*,#10650,.T.);
#10650 = EDGE_CURVE('',#2111,#6779,#10651,.T.);
#10651 = SURFACE_CURVE('',#10652,(#10656,#10663),.PCURVE_S1.);
#10652 = LINE('',#10653,#10654);
#10653 = CARTESIAN_POINT('',(12.0856,-9.783421399527,6.302440551049));
#10654 = VECTOR('',#10655,1.);
#10655 = DIRECTION('',(1.,0.,0.));
#10656 = PCURVE('',#2154,#10657);
#10657 = DEFINITIONAL_REPRESENTATION('',(#10658),#10662);
#10658 = LINE('',#10659,#10660);
#10659 = CARTESIAN_POINT('',(0.,0.));
#10660 = VECTOR('',#10661,1.);
#10661 = DIRECTION('',(0.,-1.));
#10662 = ( GEOMETRIC_REPRESENTATION_CONTEXT(2) 
PARAMETRIC_REPRESENTATION_CONTEXT() REPRESENTATION_CONTEXT('2D SPACE',''
  ) );
#10663 = PCURVE('',#2126,#10664);
#10664 = DEFINITIONAL_REPRESENTATION('',(#10665),#10669);
#10665 = LINE('',#10666,#10667);
#10666 = CARTESIAN_POINT('',(0.360093295404,0.));
#10667 = VECTOR('',#10668,1.);
#10668 = DIRECTION('',(0.,-1.));
#10669 = ( GEOMETRIC_REPRESENTATION_CONTEXT(2) 
PARAMETRIC_REPRESENTATION_CONTEXT() REPRESENTATION_CONTEXT('2D SPACE',''
  ) );
#10670 = ORIENTED_EDGE('',*,*,#6801,.T.);
#10671 = ORIENTED_EDGE('',*,*,#10596,.F.);
#10672 = ORIENTED_EDGE('',*,*,#2138,.F.);
#10673 = ADVANCED_FACE('',(#10674),#978,.F.);
#10674 = FACE_BOUND('',#10675,.F.);
#10675 = EDGE_LOOP('',(#10676,#10677,#10678,#10699));
#10676 = ORIENTED_EDGE('',*,*,#10625,.T.);
#10677 = ORIENTED_EDGE('',*,*,#5835,.T.);
#10678 = ORIENTED_EDGE('',*,*,#10679,.F.);
#10679 = EDGE_CURVE('',#963,#5836,#10680,.T.);
#10680 = SURFACE_CURVE('',#10681,(#10685,#10692),.PCURVE_S1.);
#10681 = LINE('',#10682,#10683);
#10682 = CARTESIAN_POINT('',(12.0856,-2.424034204282,15.893380672455));
#10683 = VECTOR('',#10684,1.);
#10684 = DIRECTION('',(1.,0.,0.));
#10685 = PCURVE('',#978,#10686);
#10686 = DEFINITIONAL_REPRESENTATION('',(#10687),#10691);
#10687 = LINE('',#10688,#10689);
#10688 = CARTESIAN_POINT('',(0.360093295404,0.));
#10689 = VECTOR('',#10690,1.);
#10690 = DIRECTION('',(0.,-1.));
#10691 = ( GEOMETRIC_REPRESENTATION_CONTEXT(2) 
PARAMETRIC_REPRESENTATION_CONTEXT() REPRESENTATION_CONTEXT('2D SPACE',''
  ) );
#10692 = PCURVE('',#1006,#10693);
#10693 = DEFINITIONAL_REPRESENTATION('',(#10694),#10698);
#10694 = LINE('',#10695,#10696);
#10695 = CARTESIAN_POINT('',(0.,0.));
#10696 = VECTOR('',#10697,1.);
#10697 = DIRECTION('',(0.,-1.));
#10698 = ( GEOMETRIC_REPRESENTATION_CONTEXT(2) 
PARAMETRIC_REPRESENTATION_CONTEXT() REPRESENTATION_CONTEXT('2D SPACE',''
  ) );
#10699 = ORIENTED_EDGE('',*,*,#962,.F.);
#10700 = ADVANCED_FACE('',(#10701),#2126,.F.);
#10701 = FACE_BOUND('',#10702,.F.);
#10702 = EDGE_LOOP('',(#10703,#10724,#10725,#10726));
#10703 = ORIENTED_EDGE('',*,*,#10704,.T.);
#10704 = EDGE_CURVE('',#2083,#6756,#10705,.T.);
#10705 = SURFACE_CURVE('',#10706,(#10710,#10717),.PCURVE_S1.);
#10706 = LINE('',#10707,#10708);
#10707 = CARTESIAN_POINT('',(12.0856,-9.921223137784,6.635123376468));
#10708 = VECTOR('',#10709,1.);
#10709 = DIRECTION('',(1.,0.,0.));
#10710 = PCURVE('',#2126,#10711);
#10711 = DEFINITIONAL_REPRESENTATION('',(#10712),#10716);
#10712 = LINE('',#10713,#10714);
#10713 = CARTESIAN_POINT('',(0.,0.));
#10714 = VECTOR('',#10715,1.);
#10715 = DIRECTION('',(0.,-1.));
#10716 = ( GEOMETRIC_REPRESENTATION_CONTEXT(2) 
PARAMETRIC_REPRESENTATION_CONTEXT() REPRESENTATION_CONTEXT('2D SPACE',''
  ) );
#10717 = PCURVE('',#2098,#10718);
#10718 = DEFINITIONAL_REPRESENTATION('',(#10719),#10723);
#10719 = LINE('',#10720,#10721);
#10720 = CARTESIAN_POINT('',(0.360093295404,0.));
#10721 = VECTOR('',#10722,1.);
#10722 = DIRECTION('',(0.,-1.));
#10723 = ( GEOMETRIC_REPRESENTATION_CONTEXT(2) 
PARAMETRIC_REPRESENTATION_CONTEXT() REPRESENTATION_CONTEXT('2D SPACE',''
  ) );
#10724 = ORIENTED_EDGE('',*,*,#6778,.T.);
#10725 = ORIENTED_EDGE('',*,*,#10650,.F.);
#10726 = ORIENTED_EDGE('',*,*,#2110,.F.);
#10727 = ADVANCED_FACE('',(#10728),#1006,.F.);
#10728 = FACE_BOUND('',#10729,.F.);
#10729 = EDGE_LOOP('',(#10730,#10731,#10732,#10753));
#10730 = ORIENTED_EDGE('',*,*,#10679,.T.);
#10731 = ORIENTED_EDGE('',*,*,#5858,.T.);
#10732 = ORIENTED_EDGE('',*,*,#10733,.F.);
#10733 = EDGE_CURVE('',#991,#5859,#10734,.T.);
#10734 = SURFACE_CURVE('',#10735,(#10739,#10746),.PCURVE_S1.);
#10735 = LINE('',#10736,#10737);
#10736 = CARTESIAN_POINT('',(12.0856,-2.781046851625,15.940382279148));
#10737 = VECTOR('',#10738,1.);
#10738 = DIRECTION('',(1.,0.,0.));
#10739 = PCURVE('',#1006,#10740);
#10740 = DEFINITIONAL_REPRESENTATION('',(#10741),#10745);
#10741 = LINE('',#10742,#10743);
#10742 = CARTESIAN_POINT('',(0.360093295404,0.));
#10743 = VECTOR('',#10744,1.);
#10744 = DIRECTION('',(0.,-1.));
#10745 = ( GEOMETRIC_REPRESENTATION_CONTEXT(2) 
PARAMETRIC_REPRESENTATION_CONTEXT() REPRESENTATION_CONTEXT('2D SPACE',''
  ) );
#10746 = PCURVE('',#1034,#10747);
#10747 = DEFINITIONAL_REPRESENTATION('',(#10748),#10752);
#10748 = LINE('',#10749,#10750);
#10749 = CARTESIAN_POINT('',(0.,0.));
#10750 = VECTOR('',#10751,1.);
#10751 = DIRECTION('',(0.,-1.));
#10752 = ( GEOMETRIC_REPRESENTATION_CONTEXT(2) 
PARAMETRIC_REPRESENTATION_CONTEXT() REPRESENTATION_CONTEXT('2D SPACE',''
  ) );
#10753 = ORIENTED_EDGE('',*,*,#990,.F.);
#10754 = ADVANCED_FACE('',(#10755),#2098,.F.);
#10755 = FACE_BOUND('',#10756,.F.);
#10756 = EDGE_LOOP('',(#10757,#10778,#10779,#10780));
#10757 = ORIENTED_EDGE('',*,*,#10758,.T.);
#10758 = EDGE_CURVE('',#2055,#6733,#10759,.T.);
#10759 = SURFACE_CURVE('',#10760,(#10764,#10771),.PCURVE_S1.);
#10760 = LINE('',#10761,#10762);
#10761 = CARTESIAN_POINT('',(12.0856,-10.04142474975,6.97456225738));
#10762 = VECTOR('',#10763,1.);
#10763 = DIRECTION('',(1.,0.,0.));
#10764 = PCURVE('',#2098,#10765);
#10765 = DEFINITIONAL_REPRESENTATION('',(#10766),#10770);
#10766 = LINE('',#10767,#10768);
#10767 = CARTESIAN_POINT('',(0.,0.));
#10768 = VECTOR('',#10769,1.);
#10769 = DIRECTION('',(0.,-1.));
#10770 = ( GEOMETRIC_REPRESENTATION_CONTEXT(2) 
PARAMETRIC_REPRESENTATION_CONTEXT() REPRESENTATION_CONTEXT('2D SPACE',''
  ) );
#10771 = PCURVE('',#2070,#10772);
#10772 = DEFINITIONAL_REPRESENTATION('',(#10773),#10777);
#10773 = LINE('',#10774,#10775);
#10774 = CARTESIAN_POINT('',(0.360093295404,0.));
#10775 = VECTOR('',#10776,1.);
#10776 = DIRECTION('',(0.,-1.));
#10777 = ( GEOMETRIC_REPRESENTATION_CONTEXT(2) 
PARAMETRIC_REPRESENTATION_CONTEXT() REPRESENTATION_CONTEXT('2D SPACE',''
  ) );
#10778 = ORIENTED_EDGE('',*,*,#6755,.T.);
#10779 = ORIENTED_EDGE('',*,*,#10704,.F.);
#10780 = ORIENTED_EDGE('',*,*,#2082,.F.);
#10781 = ADVANCED_FACE('',(#10782),#1034,.F.);
#10782 = FACE_BOUND('',#10783,.F.);
#10783 = EDGE_LOOP('',(#10784,#10785,#10786,#10807));
#10784 = ORIENTED_EDGE('',*,*,#10733,.T.);
#10785 = ORIENTED_EDGE('',*,*,#5881,.T.);
#10786 = ORIENTED_EDGE('',*,*,#10787,.F.);
#10787 = EDGE_CURVE('',#1019,#5882,#10788,.T.);
#10788 = SURFACE_CURVE('',#10789,(#10793,#10800),.PCURVE_S1.);
#10789 = LINE('',#10790,#10791);
#10790 = CARTESIAN_POINT('',(12.0856,-3.140030099575,15.968634873484));
#10791 = VECTOR('',#10792,1.);
#10792 = DIRECTION('',(1.,0.,0.));
#10793 = PCURVE('',#1034,#10794);
#10794 = DEFINITIONAL_REPRESENTATION('',(#10795),#10799);
#10795 = LINE('',#10796,#10797);
#10796 = CARTESIAN_POINT('',(0.360093295404,0.));
#10797 = VECTOR('',#10798,1.);
#10798 = DIRECTION('',(0.,-1.));
#10799 = ( GEOMETRIC_REPRESENTATION_CONTEXT(2) 
PARAMETRIC_REPRESENTATION_CONTEXT() REPRESENTATION_CONTEXT('2D SPACE',''
  ) );
#10800 = PCURVE('',#1062,#10801);
#10801 = DEFINITIONAL_REPRESENTATION('',(#10802),#10806);
#10802 = LINE('',#10803,#10804);
#10803 = CARTESIAN_POINT('',(0.,0.));
#10804 = VECTOR('',#10805,1.);
#10805 = DIRECTION('',(0.,-1.));
#10806 = ( GEOMETRIC_REPRESENTATION_CONTEXT(2) 
PARAMETRIC_REPRESENTATION_CONTEXT() REPRESENTATION_CONTEXT('2D SPACE',''
  ) );
#10807 = ORIENTED_EDGE('',*,*,#1018,.F.);
#10808 = ADVANCED_FACE('',(#10809),#2070,.F.);
#10809 = FACE_BOUND('',#10810,.F.);
#10810 = EDGE_LOOP('',(#10811,#10832,#10833,#10834));
#10811 = ORIENTED_EDGE('',*,*,#10812,.T.);
#10812 = EDGE_CURVE('',#2027,#6710,#10813,.T.);
#10813 = SURFACE_CURVE('',#10814,(#10818,#10825),.PCURVE_S1.);
#10814 = LINE('',#10815,#10816);
#10815 = CARTESIAN_POINT('',(12.0856,-10.14369677117,7.319826815407));
#10816 = VECTOR('',#10817,1.);
#10817 = DIRECTION('',(1.,0.,0.));
#10818 = PCURVE('',#2070,#10819);
#10819 = DEFINITIONAL_REPRESENTATION('',(#10820),#10824);
#10820 = LINE('',#10821,#10822);
#10821 = CARTESIAN_POINT('',(0.,0.));
#10822 = VECTOR('',#10823,1.);
#10823 = DIRECTION('',(0.,-1.));
#10824 = ( GEOMETRIC_REPRESENTATION_CONTEXT(2) 
PARAMETRIC_REPRESENTATION_CONTEXT() REPRESENTATION_CONTEXT('2D SPACE',''
  ) );
#10825 = PCURVE('',#2042,#10826);
#10826 = DEFINITIONAL_REPRESENTATION('',(#10827),#10831);
#10827 = LINE('',#10828,#10829);
#10828 = CARTESIAN_POINT('',(0.360093295404,0.));
#10829 = VECTOR('',#10830,1.);
#10830 = DIRECTION('',(0.,-1.));
#10831 = ( GEOMETRIC_REPRESENTATION_CONTEXT(2) 
PARAMETRIC_REPRESENTATION_CONTEXT() REPRESENTATION_CONTEXT('2D SPACE',''
  ) );
#10832 = ORIENTED_EDGE('',*,*,#6732,.T.);
#10833 = ORIENTED_EDGE('',*,*,#10758,.F.);
#10834 = ORIENTED_EDGE('',*,*,#2054,.F.);
#10835 = ADVANCED_FACE('',(#10836),#1062,.F.);
#10836 = FACE_BOUND('',#10837,.F.);
#10837 = EDGE_LOOP('',(#10838,#10839,#10840,#10861));
#10838 = ORIENTED_EDGE('',*,*,#10787,.T.);
#10839 = ORIENTED_EDGE('',*,*,#5904,.T.);
#10840 = ORIENTED_EDGE('',*,*,#10841,.F.);
#10841 = EDGE_CURVE('',#1047,#5905,#10842,.T.);
#10842 = SURFACE_CURVE('',#10843,(#10847,#10854),.PCURVE_S1.);
#10843 = LINE('',#10844,#10845);
#10844 = CARTESIAN_POINT('',(12.0856,-3.5,15.978061017063));
#10845 = VECTOR('',#10846,1.);
#10846 = DIRECTION('',(1.,0.,0.));
#10847 = PCURVE('',#1062,#10848);
#10848 = DEFINITIONAL_REPRESENTATION('',(#10849),#10853);
#10849 = LINE('',#10850,#10851);
#10850 = CARTESIAN_POINT('',(0.360093295404,0.));
#10851 = VECTOR('',#10852,1.);
#10852 = DIRECTION('',(0.,-1.));
#10853 = ( GEOMETRIC_REPRESENTATION_CONTEXT(2) 
PARAMETRIC_REPRESENTATION_CONTEXT() REPRESENTATION_CONTEXT('2D SPACE',''
  ) );
#10854 = PCURVE('',#1090,#10855);
#10855 = DEFINITIONAL_REPRESENTATION('',(#10856),#10860);
#10856 = LINE('',#10857,#10858);
#10857 = CARTESIAN_POINT('',(0.,0.));
#10858 = VECTOR('',#10859,1.);
#10859 = DIRECTION('',(0.,-1.));
#10860 = ( GEOMETRIC_REPRESENTATION_CONTEXT(2) 
PARAMETRIC_REPRESENTATION_CONTEXT() REPRESENTATION_CONTEXT('2D SPACE',''
  ) );
#10861 = ORIENTED_EDGE('',*,*,#1046,.F.);
#10862 = ADVANCED_FACE('',(#10863),#2042,.F.);
#10863 = FACE_BOUND('',#10864,.F.);
#10864 = EDGE_LOOP('',(#10865,#10886,#10887,#10888));
#10865 = ORIENTED_EDGE('',*,*,#10866,.T.);
#10866 = EDGE_CURVE('',#1999,#6687,#10867,.T.);
#10867 = SURFACE_CURVE('',#10868,(#10872,#10879),.PCURVE_S1.);
#10868 = LINE('',#10869,#10870);
#10869 = CARTESIAN_POINT('',(12.0856,-10.22775888154,7.669970704395));
#10870 = VECTOR('',#10871,1.);
#10871 = DIRECTION('',(1.,0.,0.));
#10872 = PCURVE('',#2042,#10873);
#10873 = DEFINITIONAL_REPRESENTATION('',(#10874),#10878);
#10874 = LINE('',#10875,#10876);
#10875 = CARTESIAN_POINT('',(0.,0.));
#10876 = VECTOR('',#10877,1.);
#10877 = DIRECTION('',(0.,-1.));
#10878 = ( GEOMETRIC_REPRESENTATION_CONTEXT(2) 
PARAMETRIC_REPRESENTATION_CONTEXT() REPRESENTATION_CONTEXT('2D SPACE',''
  ) );
#10879 = PCURVE('',#2014,#10880);
#10880 = DEFINITIONAL_REPRESENTATION('',(#10881),#10885);
#10881 = LINE('',#10882,#10883);
#10882 = CARTESIAN_POINT('',(0.360093295404,0.));
#10883 = VECTOR('',#10884,1.);
#10884 = DIRECTION('',(0.,-1.));
#10885 = ( GEOMETRIC_REPRESENTATION_CONTEXT(2) 
PARAMETRIC_REPRESENTATION_CONTEXT() REPRESENTATION_CONTEXT('2D SPACE',''
  ) );
#10886 = ORIENTED_EDGE('',*,*,#6709,.T.);
#10887 = ORIENTED_EDGE('',*,*,#10812,.F.);
#10888 = ORIENTED_EDGE('',*,*,#2026,.F.);
#10889 = ADVANCED_FACE('',(#10890),#1090,.F.);
#10890 = FACE_BOUND('',#10891,.F.);
#10891 = EDGE_LOOP('',(#10892,#10893,#10894,#10915));
#10892 = ORIENTED_EDGE('',*,*,#10841,.T.);
#10893 = ORIENTED_EDGE('',*,*,#5927,.T.);
#10894 = ORIENTED_EDGE('',*,*,#10895,.F.);
#10895 = EDGE_CURVE('',#1075,#5928,#10896,.T.);
#10896 = SURFACE_CURVE('',#10897,(#10901,#10908),.PCURVE_S1.);
#10897 = LINE('',#10898,#10899);
#10898 = CARTESIAN_POINT('',(12.0856,-3.859969900425,15.968634873484));
#10899 = VECTOR('',#10900,1.);
#10900 = DIRECTION('',(1.,0.,0.));
#10901 = PCURVE('',#1090,#10902);
#10902 = DEFINITIONAL_REPRESENTATION('',(#10903),#10907);
#10903 = LINE('',#10904,#10905);
#10904 = CARTESIAN_POINT('',(0.360093295404,0.));
#10905 = VECTOR('',#10906,1.);
#10906 = DIRECTION('',(0.,-1.));
#10907 = ( GEOMETRIC_REPRESENTATION_CONTEXT(2) 
PARAMETRIC_REPRESENTATION_CONTEXT() REPRESENTATION_CONTEXT('2D SPACE',''
  ) );
#10908 = PCURVE('',#1118,#10909);
#10909 = DEFINITIONAL_REPRESENTATION('',(#10910),#10914);
#10910 = LINE('',#10911,#10912);
#10911 = CARTESIAN_POINT('',(0.,0.));
#10912 = VECTOR('',#10913,1.);
#10913 = DIRECTION('',(0.,-1.));
#10914 = ( GEOMETRIC_REPRESENTATION_CONTEXT(2) 
PARAMETRIC_REPRESENTATION_CONTEXT() REPRESENTATION_CONTEXT('2D SPACE',''
  ) );
#10915 = ORIENTED_EDGE('',*,*,#1074,.F.);
#10916 = ADVANCED_FACE('',(#10917),#2014,.F.);
#10917 = FACE_BOUND('',#10918,.F.);
#10918 = EDGE_LOOP('',(#10919,#10940,#10941,#10942));
#10919 = ORIENTED_EDGE('',*,*,#10920,.T.);
#10920 = EDGE_CURVE('',#1971,#6664,#10921,.T.);
#10921 = SURFACE_CURVE('',#10922,(#10926,#10933),.PCURVE_S1.);
#10922 = LINE('',#10923,#10924);
#10923 = CARTESIAN_POINT('',(12.0856,-10.29338067245,8.024034204282));
#10924 = VECTOR('',#10925,1.);
#10925 = DIRECTION('',(1.,0.,0.));
#10926 = PCURVE('',#2014,#10927);
#10927 = DEFINITIONAL_REPRESENTATION('',(#10928),#10932);
#10928 = LINE('',#10929,#10930);
#10929 = CARTESIAN_POINT('',(0.,0.));
#10930 = VECTOR('',#10931,1.);
#10931 = DIRECTION('',(0.,-1.));
#10932 = ( GEOMETRIC_REPRESENTATION_CONTEXT(2) 
PARAMETRIC_REPRESENTATION_CONTEXT() REPRESENTATION_CONTEXT('2D SPACE',''
  ) );
#10933 = PCURVE('',#1986,#10934);
#10934 = DEFINITIONAL_REPRESENTATION('',(#10935),#10939);
#10935 = LINE('',#10936,#10937);
#10936 = CARTESIAN_POINT('',(0.360093295404,0.));
#10937 = VECTOR('',#10938,1.);
#10938 = DIRECTION('',(0.,-1.));
#10939 = ( GEOMETRIC_REPRESENTATION_CONTEXT(2) 
PARAMETRIC_REPRESENTATION_CONTEXT() REPRESENTATION_CONTEXT('2D SPACE',''
  ) );
#10940 = ORIENTED_EDGE('',*,*,#6686,.T.);
#10941 = ORIENTED_EDGE('',*,*,#10866,.F.);
#10942 = ORIENTED_EDGE('',*,*,#1998,.F.);
#10943 = ADVANCED_FACE('',(#10944),#1118,.F.);
#10944 = FACE_BOUND('',#10945,.F.);
#10945 = EDGE_LOOP('',(#10946,#10947,#10948,#10969));
#10946 = ORIENTED_EDGE('',*,*,#10895,.T.);
#10947 = ORIENTED_EDGE('',*,*,#5950,.T.);
#10948 = ORIENTED_EDGE('',*,*,#10949,.F.);
#10949 = EDGE_CURVE('',#1103,#5951,#10950,.T.);
#10950 = SURFACE_CURVE('',#10951,(#10955,#10962),.PCURVE_S1.);
#10951 = LINE('',#10952,#10953);
#10952 = CARTESIAN_POINT('',(12.0856,-4.218953148375,15.940382279149));
#10953 = VECTOR('',#10954,1.);
#10954 = DIRECTION('',(1.,0.,0.));
#10955 = PCURVE('',#1118,#10956);
#10956 = DEFINITIONAL_REPRESENTATION('',(#10957),#10961);
#10957 = LINE('',#10958,#10959);
#10958 = CARTESIAN_POINT('',(0.360093295404,0.));
#10959 = VECTOR('',#10960,1.);
#10960 = DIRECTION('',(0.,-1.));
#10961 = ( GEOMETRIC_REPRESENTATION_CONTEXT(2) 
PARAMETRIC_REPRESENTATION_CONTEXT() REPRESENTATION_CONTEXT('2D SPACE',''
  ) );
#10962 = PCURVE('',#1146,#10963);
#10963 = DEFINITIONAL_REPRESENTATION('',(#10964),#10968);
#10964 = LINE('',#10965,#10966);
#10965 = CARTESIAN_POINT('',(0.,0.));
#10966 = VECTOR('',#10967,1.);
#10967 = DIRECTION('',(0.,-1.));
#10968 = ( GEOMETRIC_REPRESENTATION_CONTEXT(2) 
PARAMETRIC_REPRESENTATION_CONTEXT() REPRESENTATION_CONTEXT('2D SPACE',''
  ) );
#10969 = ORIENTED_EDGE('',*,*,#1102,.F.);
#10970 = ADVANCED_FACE('',(#10971),#1986,.F.);
#10971 = FACE_BOUND('',#10972,.F.);
#10972 = EDGE_LOOP('',(#10973,#10994,#10995,#10996));
#10973 = ORIENTED_EDGE('',*,*,#10974,.T.);
#10974 = EDGE_CURVE('',#1943,#6641,#10975,.T.);
#10975 = SURFACE_CURVE('',#10976,(#10980,#10987),.PCURVE_S1.);
#10976 = LINE('',#10977,#10978);
#10977 = CARTESIAN_POINT('',(12.0856,-10.34038227914,8.381046851625));
#10978 = VECTOR('',#10979,1.);
#10979 = DIRECTION('',(1.,0.,0.));
#10980 = PCURVE('',#1986,#10981);
#10981 = DEFINITIONAL_REPRESENTATION('',(#10982),#10986);
#10982 = LINE('',#10983,#10984);
#10983 = CARTESIAN_POINT('',(0.,0.));
#10984 = VECTOR('',#10985,1.);
#10985 = DIRECTION('',(0.,-1.));
#10986 = ( GEOMETRIC_REPRESENTATION_CONTEXT(2) 
PARAMETRIC_REPRESENTATION_CONTEXT() REPRESENTATION_CONTEXT('2D SPACE',''
  ) );
#10987 = PCURVE('',#1958,#10988);
#10988 = DEFINITIONAL_REPRESENTATION('',(#10989),#10993);
#10989 = LINE('',#10990,#10991);
#10990 = CARTESIAN_POINT('',(0.360093295404,0.));
#10991 = VECTOR('',#10992,1.);
#10992 = DIRECTION('',(0.,-1.));
#10993 = ( GEOMETRIC_REPRESENTATION_CONTEXT(2) 
PARAMETRIC_REPRESENTATION_CONTEXT() REPRESENTATION_CONTEXT('2D SPACE',''
  ) );
#10994 = ORIENTED_EDGE('',*,*,#6663,.T.);
#10995 = ORIENTED_EDGE('',*,*,#10920,.F.);
#10996 = ORIENTED_EDGE('',*,*,#1970,.F.);
#10997 = ADVANCED_FACE('',(#10998),#1146,.F.);
#10998 = FACE_BOUND('',#10999,.F.);
#10999 = EDGE_LOOP('',(#11000,#11001,#11002,#11023));
#11000 = ORIENTED_EDGE('',*,*,#10949,.T.);
#11001 = ORIENTED_EDGE('',*,*,#5973,.T.);
#11002 = ORIENTED_EDGE('',*,*,#11003,.F.);
#11003 = EDGE_CURVE('',#1131,#5974,#11004,.T.);
#11004 = SURFACE_CURVE('',#11005,(#11009,#11016),.PCURVE_S1.);
#11005 = LINE('',#11006,#11007);
#11006 = CARTESIAN_POINT('',(12.0856,-4.575965795718,15.893380672455));
#11007 = VECTOR('',#11008,1.);
#11008 = DIRECTION('',(1.,0.,0.));
#11009 = PCURVE('',#1146,#11010);
#11010 = DEFINITIONAL_REPRESENTATION('',(#11011),#11015);
#11011 = LINE('',#11012,#11013);
#11012 = CARTESIAN_POINT('',(0.360093295404,0.));
#11013 = VECTOR('',#11014,1.);
#11014 = DIRECTION('',(0.,-1.));
#11015 = ( GEOMETRIC_REPRESENTATION_CONTEXT(2) 
PARAMETRIC_REPRESENTATION_CONTEXT() REPRESENTATION_CONTEXT('2D SPACE',''
  ) );
#11016 = PCURVE('',#1174,#11017);
#11017 = DEFINITIONAL_REPRESENTATION('',(#11018),#11022);
#11018 = LINE('',#11019,#11020);
#11019 = CARTESIAN_POINT('',(0.,0.));
#11020 = VECTOR('',#11021,1.);
#11021 = DIRECTION('',(0.,-1.));
#11022 = ( GEOMETRIC_REPRESENTATION_CONTEXT(2) 
PARAMETRIC_REPRESENTATION_CONTEXT() REPRESENTATION_CONTEXT('2D SPACE',''
  ) );
#11023 = ORIENTED_EDGE('',*,*,#1130,.F.);
#11024 = ADVANCED_FACE('',(#11025),#1958,.F.);
#11025 = FACE_BOUND('',#11026,.F.);
#11026 = EDGE_LOOP('',(#11027,#11048,#11049,#11050));
#11027 = ORIENTED_EDGE('',*,*,#11028,.T.);
#11028 = EDGE_CURVE('',#1915,#6618,#11029,.T.);
#11029 = SURFACE_CURVE('',#11030,(#11034,#11041),.PCURVE_S1.);
#11030 = LINE('',#11031,#11032);
#11031 = CARTESIAN_POINT('',(12.0856,-10.36863487348,8.740030099575));
#11032 = VECTOR('',#11033,1.);
#11033 = DIRECTION('',(1.,0.,0.));
#11034 = PCURVE('',#1958,#11035);
#11035 = DEFINITIONAL_REPRESENTATION('',(#11036),#11040);
#11036 = LINE('',#11037,#11038);
#11037 = CARTESIAN_POINT('',(0.,0.));
#11038 = VECTOR('',#11039,1.);
#11039 = DIRECTION('',(0.,-1.));
#11040 = ( GEOMETRIC_REPRESENTATION_CONTEXT(2) 
PARAMETRIC_REPRESENTATION_CONTEXT() REPRESENTATION_CONTEXT('2D SPACE',''
  ) );
#11041 = PCURVE('',#1930,#11042);
#11042 = DEFINITIONAL_REPRESENTATION('',(#11043),#11047);
#11043 = LINE('',#11044,#11045);
#11044 = CARTESIAN_POINT('',(0.360093295404,0.));
#11045 = VECTOR('',#11046,1.);
#11046 = DIRECTION('',(0.,-1.));
#11047 = ( GEOMETRIC_REPRESENTATION_CONTEXT(2) 
PARAMETRIC_REPRESENTATION_CONTEXT() REPRESENTATION_CONTEXT('2D SPACE',''
  ) );
#11048 = ORIENTED_EDGE('',*,*,#6640,.T.);
#11049 = ORIENTED_EDGE('',*,*,#10974,.F.);
#11050 = ORIENTED_EDGE('',*,*,#1942,.F.);
#11051 = ADVANCED_FACE('',(#11052),#1174,.F.);
#11052 = FACE_BOUND('',#11053,.F.);
#11053 = EDGE_LOOP('',(#11054,#11055,#11056,#11077));
#11054 = ORIENTED_EDGE('',*,*,#11003,.T.);
#11055 = ORIENTED_EDGE('',*,*,#5996,.T.);
#11056 = ORIENTED_EDGE('',*,*,#11057,.F.);
#11057 = EDGE_CURVE('',#1159,#5997,#11058,.T.);
#11058 = SURFACE_CURVE('',#11059,(#11063,#11070),.PCURVE_S1.);
#11059 = LINE('',#11060,#11061);
#11060 = CARTESIAN_POINT('',(12.0856,-4.930029295605,15.827758881541));
#11061 = VECTOR('',#11062,1.);
#11062 = DIRECTION('',(1.,0.,0.));
#11063 = PCURVE('',#1174,#11064);
#11064 = DEFINITIONAL_REPRESENTATION('',(#11065),#11069);
#11065 = LINE('',#11066,#11067);
#11066 = CARTESIAN_POINT('',(0.360093295404,0.));
#11067 = VECTOR('',#11068,1.);
#11068 = DIRECTION('',(0.,-1.));
#11069 = ( GEOMETRIC_REPRESENTATION_CONTEXT(2) 
PARAMETRIC_REPRESENTATION_CONTEXT() REPRESENTATION_CONTEXT('2D SPACE',''
  ) );
#11070 = PCURVE('',#1202,#11071);
#11071 = DEFINITIONAL_REPRESENTATION('',(#11072),#11076);
#11072 = LINE('',#11073,#11074);
#11073 = CARTESIAN_POINT('',(0.,0.));
#11074 = VECTOR('',#11075,1.);
#11075 = DIRECTION('',(0.,-1.));
#11076 = ( GEOMETRIC_REPRESENTATION_CONTEXT(2) 
PARAMETRIC_REPRESENTATION_CONTEXT() REPRESENTATION_CONTEXT('2D SPACE',''
  ) );
#11077 = ORIENTED_EDGE('',*,*,#1158,.F.);
#11078 = ADVANCED_FACE('',(#11079),#1930,.F.);
#11079 = FACE_BOUND('',#11080,.F.);
#11080 = EDGE_LOOP('',(#11081,#11102,#11103,#11104));
#11081 = ORIENTED_EDGE('',*,*,#11082,.T.);
#11082 = EDGE_CURVE('',#1887,#6595,#11083,.T.);
#11083 = SURFACE_CURVE('',#11084,(#11088,#11095),.PCURVE_S1.);
#11084 = LINE('',#11085,#11086);
#11085 = CARTESIAN_POINT('',(12.0856,-10.37806101706,9.1));
#11086 = VECTOR('',#11087,1.);
#11087 = DIRECTION('',(1.,0.,0.));
#11088 = PCURVE('',#1930,#11089);
#11089 = DEFINITIONAL_REPRESENTATION('',(#11090),#11094);
#11090 = LINE('',#11091,#11092);
#11091 = CARTESIAN_POINT('',(0.,0.));
#11092 = VECTOR('',#11093,1.);
#11093 = DIRECTION('',(0.,-1.));
#11094 = ( GEOMETRIC_REPRESENTATION_CONTEXT(2) 
PARAMETRIC_REPRESENTATION_CONTEXT() REPRESENTATION_CONTEXT('2D SPACE',''
  ) );
#11095 = PCURVE('',#1902,#11096);
#11096 = DEFINITIONAL_REPRESENTATION('',(#11097),#11101);
#11097 = LINE('',#11098,#11099);
#11098 = CARTESIAN_POINT('',(0.360093295404,0.));
#11099 = VECTOR('',#11100,1.);
#11100 = DIRECTION('',(0.,-1.));
#11101 = ( GEOMETRIC_REPRESENTATION_CONTEXT(2) 
PARAMETRIC_REPRESENTATION_CONTEXT() REPRESENTATION_CONTEXT('2D SPACE',''
  ) );
#11102 = ORIENTED_EDGE('',*,*,#6617,.T.);
#11103 = ORIENTED_EDGE('',*,*,#11028,.F.);
#11104 = ORIENTED_EDGE('',*,*,#1914,.F.);
#11105 = ADVANCED_FACE('',(#11106),#1202,.F.);
#11106 = FACE_BOUND('',#11107,.F.);
#11107 = EDGE_LOOP('',(#11108,#11109,#11110,#11131));
#11108 = ORIENTED_EDGE('',*,*,#11057,.T.);
#11109 = ORIENTED_EDGE('',*,*,#6019,.T.);
#11110 = ORIENTED_EDGE('',*,*,#11111,.F.);
#11111 = EDGE_CURVE('',#1187,#6020,#11112,.T.);
#11112 = SURFACE_CURVE('',#11113,(#11117,#11124),.PCURVE_S1.);
#11113 = LINE('',#11114,#11115);
#11114 = CARTESIAN_POINT('',(12.0856,-5.280173184593,15.743696771174));
#11115 = VECTOR('',#11116,1.);
#11116 = DIRECTION('',(1.,0.,0.));
#11117 = PCURVE('',#1202,#11118);
#11118 = DEFINITIONAL_REPRESENTATION('',(#11119),#11123);
#11119 = LINE('',#11120,#11121);
#11120 = CARTESIAN_POINT('',(0.360093295404,0.));
#11121 = VECTOR('',#11122,1.);
#11122 = DIRECTION('',(0.,-1.));
#11123 = ( GEOMETRIC_REPRESENTATION_CONTEXT(2) 
PARAMETRIC_REPRESENTATION_CONTEXT() REPRESENTATION_CONTEXT('2D SPACE',''
  ) );
#11124 = PCURVE('',#1230,#11125);
#11125 = DEFINITIONAL_REPRESENTATION('',(#11126),#11130);
#11126 = LINE('',#11127,#11128);
#11127 = CARTESIAN_POINT('',(0.,0.));
#11128 = VECTOR('',#11129,1.);
#11129 = DIRECTION('',(0.,-1.));
#11130 = ( GEOMETRIC_REPRESENTATION_CONTEXT(2) 
PARAMETRIC_REPRESENTATION_CONTEXT() REPRESENTATION_CONTEXT('2D SPACE',''
  ) );
#11131 = ORIENTED_EDGE('',*,*,#1186,.F.);
#11132 = ADVANCED_FACE('',(#11133),#1902,.F.);
#11133 = FACE_BOUND('',#11134,.F.);
#11134 = EDGE_LOOP('',(#11135,#11156,#11157,#11158));
#11135 = ORIENTED_EDGE('',*,*,#11136,.T.);
#11136 = EDGE_CURVE('',#1859,#6572,#11137,.T.);
#11137 = SURFACE_CURVE('',#11138,(#11142,#11149),.PCURVE_S1.);
#11138 = LINE('',#11139,#11140);
#11139 = CARTESIAN_POINT('',(12.0856,-10.36863487348,9.459969900425));
#11140 = VECTOR('',#11141,1.);
#11141 = DIRECTION('',(1.,0.,0.));
#11142 = PCURVE('',#1902,#11143);
#11143 = DEFINITIONAL_REPRESENTATION('',(#11144),#11148);
#11144 = LINE('',#11145,#11146);
#11145 = CARTESIAN_POINT('',(0.,0.));
#11146 = VECTOR('',#11147,1.);
#11147 = DIRECTION('',(0.,-1.));
#11148 = ( GEOMETRIC_REPRESENTATION_CONTEXT(2) 
PARAMETRIC_REPRESENTATION_CONTEXT() REPRESENTATION_CONTEXT('2D SPACE',''
  ) );
#11149 = PCURVE('',#1874,#11150);
#11150 = DEFINITIONAL_REPRESENTATION('',(#11151),#11155);
#11151 = LINE('',#11152,#11153);
#11152 = CARTESIAN_POINT('',(0.360093295404,0.));
#11153 = VECTOR('',#11154,1.);
#11154 = DIRECTION('',(0.,-1.));
#11155 = ( GEOMETRIC_REPRESENTATION_CONTEXT(2) 
PARAMETRIC_REPRESENTATION_CONTEXT() REPRESENTATION_CONTEXT('2D SPACE',''
  ) );
#11156 = ORIENTED_EDGE('',*,*,#6594,.T.);
#11157 = ORIENTED_EDGE('',*,*,#11082,.F.);
#11158 = ORIENTED_EDGE('',*,*,#1886,.F.);
#11159 = ADVANCED_FACE('',(#11160),#1230,.F.);
#11160 = FACE_BOUND('',#11161,.F.);
#11161 = EDGE_LOOP('',(#11162,#11163,#11164,#11185));
#11162 = ORIENTED_EDGE('',*,*,#11111,.T.);
#11163 = ORIENTED_EDGE('',*,*,#6042,.T.);
#11164 = ORIENTED_EDGE('',*,*,#11165,.F.);
#11165 = EDGE_CURVE('',#1215,#6043,#11166,.T.);
#11166 = SURFACE_CURVE('',#11167,(#11171,#11178),.PCURVE_S1.);
#11167 = LINE('',#11168,#11169);
#11168 = CARTESIAN_POINT('',(12.0856,-5.62543774262,15.641424749754));
#11169 = VECTOR('',#11170,1.);
#11170 = DIRECTION('',(1.,0.,0.));
#11171 = PCURVE('',#1230,#11172);
#11172 = DEFINITIONAL_REPRESENTATION('',(#11173),#11177);
#11173 = LINE('',#11174,#11175);
#11174 = CARTESIAN_POINT('',(0.360093295404,0.));
#11175 = VECTOR('',#11176,1.);
#11176 = DIRECTION('',(0.,-1.));
#11177 = ( GEOMETRIC_REPRESENTATION_CONTEXT(2) 
PARAMETRIC_REPRESENTATION_CONTEXT() REPRESENTATION_CONTEXT('2D SPACE',''
  ) );
#11178 = PCURVE('',#1258,#11179);
#11179 = DEFINITIONAL_REPRESENTATION('',(#11180),#11184);
#11180 = LINE('',#11181,#11182);
#11181 = CARTESIAN_POINT('',(0.,0.));
#11182 = VECTOR('',#11183,1.);
#11183 = DIRECTION('',(0.,-1.));
#11184 = ( GEOMETRIC_REPRESENTATION_CONTEXT(2) 
PARAMETRIC_REPRESENTATION_CONTEXT() REPRESENTATION_CONTEXT('2D SPACE',''
  ) );
#11185 = ORIENTED_EDGE('',*,*,#1214,.F.);
#11186 = ADVANCED_FACE('',(#11187),#1874,.F.);
#11187 = FACE_BOUND('',#11188,.F.);
#11188 = EDGE_LOOP('',(#11189,#11210,#11211,#11212));
#11189 = ORIENTED_EDGE('',*,*,#11190,.T.);
#11190 = EDGE_CURVE('',#1831,#6549,#11191,.T.);
#11191 = SURFACE_CURVE('',#11192,(#11196,#11203),.PCURVE_S1.);
#11192 = LINE('',#11193,#11194);
#11193 = CARTESIAN_POINT('',(12.0856,-10.34038227914,9.818953148375));
#11194 = VECTOR('',#11195,1.);
#11195 = DIRECTION('',(1.,0.,0.));
#11196 = PCURVE('',#1874,#11197);
#11197 = DEFINITIONAL_REPRESENTATION('',(#11198),#11202);
#11198 = LINE('',#11199,#11200);
#11199 = CARTESIAN_POINT('',(0.,0.));
#11200 = VECTOR('',#11201,1.);
#11201 = DIRECTION('',(0.,-1.));
#11202 = ( GEOMETRIC_REPRESENTATION_CONTEXT(2) 
PARAMETRIC_REPRESENTATION_CONTEXT() REPRESENTATION_CONTEXT('2D SPACE',''
  ) );
#11203 = PCURVE('',#1846,#11204);
#11204 = DEFINITIONAL_REPRESENTATION('',(#11205),#11209);
#11205 = LINE('',#11206,#11207);
#11206 = CARTESIAN_POINT('',(0.360093295404,0.));
#11207 = VECTOR('',#11208,1.);
#11208 = DIRECTION('',(0.,-1.));
#11209 = ( GEOMETRIC_REPRESENTATION_CONTEXT(2) 
PARAMETRIC_REPRESENTATION_CONTEXT() REPRESENTATION_CONTEXT('2D SPACE',''
  ) );
#11210 = ORIENTED_EDGE('',*,*,#6571,.T.);
#11211 = ORIENTED_EDGE('',*,*,#11136,.F.);
#11212 = ORIENTED_EDGE('',*,*,#1858,.F.);
#11213 = ADVANCED_FACE('',(#11214),#1258,.F.);
#11214 = FACE_BOUND('',#11215,.F.);
#11215 = EDGE_LOOP('',(#11216,#11217,#11218,#11239));
#11216 = ORIENTED_EDGE('',*,*,#11165,.T.);
#11217 = ORIENTED_EDGE('',*,*,#6065,.T.);
#11218 = ORIENTED_EDGE('',*,*,#11219,.F.);
#11219 = EDGE_CURVE('',#1243,#6066,#11220,.T.);
#11220 = SURFACE_CURVE('',#11221,(#11225,#11232),.PCURVE_S1.);
#11221 = LINE('',#11222,#11223);
#11222 = CARTESIAN_POINT('',(12.0856,-5.964876623532,15.521223137784));
#11223 = VECTOR('',#11224,1.);
#11224 = DIRECTION('',(1.,0.,0.));
#11225 = PCURVE('',#1258,#11226);
#11226 = DEFINITIONAL_REPRESENTATION('',(#11227),#11231);
#11227 = LINE('',#11228,#11229);
#11228 = CARTESIAN_POINT('',(0.360093295404,0.));
#11229 = VECTOR('',#11230,1.);
#11230 = DIRECTION('',(0.,-1.));
#11231 = ( GEOMETRIC_REPRESENTATION_CONTEXT(2) 
PARAMETRIC_REPRESENTATION_CONTEXT() REPRESENTATION_CONTEXT('2D SPACE',''
  ) );
#11232 = PCURVE('',#1286,#11233);
#11233 = DEFINITIONAL_REPRESENTATION('',(#11234),#11238);
#11234 = LINE('',#11235,#11236);
#11235 = CARTESIAN_POINT('',(0.,0.));
#11236 = VECTOR('',#11237,1.);
#11237 = DIRECTION('',(0.,-1.));
#11238 = ( GEOMETRIC_REPRESENTATION_CONTEXT(2) 
PARAMETRIC_REPRESENTATION_CONTEXT() REPRESENTATION_CONTEXT('2D SPACE',''
  ) );
#11239 = ORIENTED_EDGE('',*,*,#1242,.F.);
#11240 = ADVANCED_FACE('',(#11241),#1846,.F.);
#11241 = FACE_BOUND('',#11242,.F.);
#11242 = EDGE_LOOP('',(#11243,#11264,#11265,#11266));
#11243 = ORIENTED_EDGE('',*,*,#11244,.T.);
#11244 = EDGE_CURVE('',#1803,#6526,#11245,.T.);
#11245 = SURFACE_CURVE('',#11246,(#11250,#11257),.PCURVE_S1.);
#11246 = LINE('',#11247,#11248);
#11247 = CARTESIAN_POINT('',(12.0856,-10.29338067245,10.175965795718));
#11248 = VECTOR('',#11249,1.);
#11249 = DIRECTION('',(1.,0.,0.));
#11250 = PCURVE('',#1846,#11251);
#11251 = DEFINITIONAL_REPRESENTATION('',(#11252),#11256);
#11252 = LINE('',#11253,#11254);
#11253 = CARTESIAN_POINT('',(0.,0.));
#11254 = VECTOR('',#11255,1.);
#11255 = DIRECTION('',(0.,-1.));
#11256 = ( GEOMETRIC_REPRESENTATION_CONTEXT(2) 
PARAMETRIC_REPRESENTATION_CONTEXT() REPRESENTATION_CONTEXT('2D SPACE',''
  ) );
#11257 = PCURVE('',#1818,#11258);
#11258 = DEFINITIONAL_REPRESENTATION('',(#11259),#11263);
#11259 = LINE('',#11260,#11261);
#11260 = CARTESIAN_POINT('',(0.360093295404,0.));
#11261 = VECTOR('',#11262,1.);
#11262 = DIRECTION('',(0.,-1.));
#11263 = ( GEOMETRIC_REPRESENTATION_CONTEXT(2) 
PARAMETRIC_REPRESENTATION_CONTEXT() REPRESENTATION_CONTEXT('2D SPACE',''
  ) );
#11264 = ORIENTED_EDGE('',*,*,#6548,.T.);
#11265 = ORIENTED_EDGE('',*,*,#11190,.F.);
#11266 = ORIENTED_EDGE('',*,*,#1830,.F.);
#11267 = ADVANCED_FACE('',(#11268),#1286,.F.);
#11268 = FACE_BOUND('',#11269,.F.);
#11269 = EDGE_LOOP('',(#11270,#11271,#11272,#11293));
#11270 = ORIENTED_EDGE('',*,*,#11219,.T.);
#11271 = ORIENTED_EDGE('',*,*,#6088,.T.);
#11272 = ORIENTED_EDGE('',*,*,#11273,.F.);
#11273 = EDGE_CURVE('',#1271,#6089,#11274,.T.);
#11274 = SURFACE_CURVE('',#11275,(#11279,#11286),.PCURVE_S1.);
#11275 = LINE('',#11276,#11277);
#11276 = CARTESIAN_POINT('',(12.0856,-6.297559448951,15.383421399527));
#11277 = VECTOR('',#11278,1.);
#11278 = DIRECTION('',(1.,0.,0.));
#11279 = PCURVE('',#1286,#11280);
#11280 = DEFINITIONAL_REPRESENTATION('',(#11281),#11285);
#11281 = LINE('',#11282,#11283);
#11282 = CARTESIAN_POINT('',(0.360093295404,0.));
#11283 = VECTOR('',#11284,1.);
#11284 = DIRECTION('',(0.,-1.));
#11285 = ( GEOMETRIC_REPRESENTATION_CONTEXT(2) 
PARAMETRIC_REPRESENTATION_CONTEXT() REPRESENTATION_CONTEXT('2D SPACE',''
  ) );
#11286 = PCURVE('',#1314,#11287);
#11287 = DEFINITIONAL_REPRESENTATION('',(#11288),#11292);
#11288 = LINE('',#11289,#11290);
#11289 = CARTESIAN_POINT('',(0.,0.));
#11290 = VECTOR('',#11291,1.);
#11291 = DIRECTION('',(0.,-1.));
#11292 = ( GEOMETRIC_REPRESENTATION_CONTEXT(2) 
PARAMETRIC_REPRESENTATION_CONTEXT() REPRESENTATION_CONTEXT('2D SPACE',''
  ) );
#11293 = ORIENTED_EDGE('',*,*,#1270,.F.);
#11294 = ADVANCED_FACE('',(#11295),#1818,.F.);
#11295 = FACE_BOUND('',#11296,.F.);
#11296 = EDGE_LOOP('',(#11297,#11318,#11319,#11320));
#11297 = ORIENTED_EDGE('',*,*,#11298,.T.);
#11298 = EDGE_CURVE('',#1775,#6503,#11299,.T.);
#11299 = SURFACE_CURVE('',#11300,(#11304,#11311),.PCURVE_S1.);
#11300 = LINE('',#11301,#11302);
#11301 = CARTESIAN_POINT('',(12.0856,-10.22775888154,10.530029295605));
#11302 = VECTOR('',#11303,1.);
#11303 = DIRECTION('',(1.,0.,0.));
#11304 = PCURVE('',#1818,#11305);
#11305 = DEFINITIONAL_REPRESENTATION('',(#11306),#11310);
#11306 = LINE('',#11307,#11308);
#11307 = CARTESIAN_POINT('',(0.,0.));
#11308 = VECTOR('',#11309,1.);
#11309 = DIRECTION('',(0.,-1.));
#11310 = ( GEOMETRIC_REPRESENTATION_CONTEXT(2) 
PARAMETRIC_REPRESENTATION_CONTEXT() REPRESENTATION_CONTEXT('2D SPACE',''
  ) );
#11311 = PCURVE('',#1790,#11312);
#11312 = DEFINITIONAL_REPRESENTATION('',(#11313),#11317);
#11313 = LINE('',#11314,#11315);
#11314 = CARTESIAN_POINT('',(0.360093295404,0.));
#11315 = VECTOR('',#11316,1.);
#11316 = DIRECTION('',(0.,-1.));
#11317 = ( GEOMETRIC_REPRESENTATION_CONTEXT(2) 
PARAMETRIC_REPRESENTATION_CONTEXT() REPRESENTATION_CONTEXT('2D SPACE',''
  ) );
#11318 = ORIENTED_EDGE('',*,*,#6525,.T.);
#11319 = ORIENTED_EDGE('',*,*,#11244,.F.);
#11320 = ORIENTED_EDGE('',*,*,#1802,.F.);
#11321 = ADVANCED_FACE('',(#11322),#1314,.F.);
#11322 = FACE_BOUND('',#11323,.F.);
#11323 = EDGE_LOOP('',(#11324,#11325,#11326,#11347));
#11324 = ORIENTED_EDGE('',*,*,#11273,.T.);
#11325 = ORIENTED_EDGE('',*,*,#6111,.T.);
#11326 = ORIENTED_EDGE('',*,*,#11327,.F.);
#11327 = EDGE_CURVE('',#1299,#6112,#11328,.T.);
#11328 = SURFACE_CURVE('',#11329,(#11333,#11340),.PCURVE_S1.);
#11329 = LINE('',#11330,#11331);
#11330 = CARTESIAN_POINT('',(12.0856,-6.622574358376,15.228397239969));
#11331 = VECTOR('',#11332,1.);
#11332 = DIRECTION('',(1.,0.,0.));
#11333 = PCURVE('',#1314,#11334);
#11334 = DEFINITIONAL_REPRESENTATION('',(#11335),#11339);
#11335 = LINE('',#11336,#11337);
#11336 = CARTESIAN_POINT('',(0.360093295404,0.));
#11337 = VECTOR('',#11338,1.);
#11338 = DIRECTION('',(0.,-1.));
#11339 = ( GEOMETRIC_REPRESENTATION_CONTEXT(2) 
PARAMETRIC_REPRESENTATION_CONTEXT() REPRESENTATION_CONTEXT('2D SPACE',''
  ) );
#11340 = PCURVE('',#1342,#11341);
#11341 = DEFINITIONAL_REPRESENTATION('',(#11342),#11346);
#11342 = LINE('',#11343,#11344);
#11343 = CARTESIAN_POINT('',(0.,0.));
#11344 = VECTOR('',#11345,1.);
#11345 = DIRECTION('',(0.,-1.));
#11346 = ( GEOMETRIC_REPRESENTATION_CONTEXT(2) 
PARAMETRIC_REPRESENTATION_CONTEXT() REPRESENTATION_CONTEXT('2D SPACE',''
  ) );
#11347 = ORIENTED_EDGE('',*,*,#1298,.F.);
#11348 = ADVANCED_FACE('',(#11349),#1790,.F.);
#11349 = FACE_BOUND('',#11350,.F.);
#11350 = EDGE_LOOP('',(#11351,#11372,#11373,#11374));
#11351 = ORIENTED_EDGE('',*,*,#11352,.T.);
#11352 = EDGE_CURVE('',#1747,#6480,#11353,.T.);
#11353 = SURFACE_CURVE('',#11354,(#11358,#11365),.PCURVE_S1.);
#11354 = LINE('',#11355,#11356);
#11355 = CARTESIAN_POINT('',(12.0856,-10.14369677117,10.880173184593));
#11356 = VECTOR('',#11357,1.);
#11357 = DIRECTION('',(1.,0.,0.));
#11358 = PCURVE('',#1790,#11359);
#11359 = DEFINITIONAL_REPRESENTATION('',(#11360),#11364);
#11360 = LINE('',#11361,#11362);
#11361 = CARTESIAN_POINT('',(0.,0.));
#11362 = VECTOR('',#11363,1.);
#11363 = DIRECTION('',(0.,-1.));
#11364 = ( GEOMETRIC_REPRESENTATION_CONTEXT(2) 
PARAMETRIC_REPRESENTATION_CONTEXT() REPRESENTATION_CONTEXT('2D SPACE',''
  ) );
#11365 = PCURVE('',#1762,#11366);
#11366 = DEFINITIONAL_REPRESENTATION('',(#11367),#11371);
#11367 = LINE('',#11368,#11369);
#11368 = CARTESIAN_POINT('',(0.360093295404,0.));
#11369 = VECTOR('',#11370,1.);
#11370 = DIRECTION('',(0.,-1.));
#11371 = ( GEOMETRIC_REPRESENTATION_CONTEXT(2) 
PARAMETRIC_REPRESENTATION_CONTEXT() REPRESENTATION_CONTEXT('2D SPACE',''
  ) );
#11372 = ORIENTED_EDGE('',*,*,#6502,.T.);
#11373 = ORIENTED_EDGE('',*,*,#11298,.F.);
#11374 = ORIENTED_EDGE('',*,*,#1774,.F.);
#11375 = ADVANCED_FACE('',(#11376),#1342,.F.);
#11376 = FACE_BOUND('',#11377,.F.);
#11377 = EDGE_LOOP('',(#11378,#11379,#11380,#11401));
#11378 = ORIENTED_EDGE('',*,*,#11327,.T.);
#11379 = ORIENTED_EDGE('',*,*,#6134,.T.);
#11380 = ORIENTED_EDGE('',*,*,#11381,.F.);
#11381 = EDGE_CURVE('',#1327,#6135,#11382,.T.);
#11382 = SURFACE_CURVE('',#11383,(#11387,#11394),.PCURVE_S1.);
#11383 = LINE('',#11384,#11385);
#11384 = CARTESIAN_POINT('',(12.0856,-6.939030508532,15.056575569556));
#11385 = VECTOR('',#11386,1.);
#11386 = DIRECTION('',(1.,0.,0.));
#11387 = PCURVE('',#1342,#11388);
#11388 = DEFINITIONAL_REPRESENTATION('',(#11389),#11393);
#11389 = LINE('',#11390,#11391);
#11390 = CARTESIAN_POINT('',(0.360093295404,0.));
#11391 = VECTOR('',#11392,1.);
#11392 = DIRECTION('',(0.,-1.));
#11393 = ( GEOMETRIC_REPRESENTATION_CONTEXT(2) 
PARAMETRIC_REPRESENTATION_CONTEXT() REPRESENTATION_CONTEXT('2D SPACE',''
  ) );
#11394 = PCURVE('',#1370,#11395);
#11395 = DEFINITIONAL_REPRESENTATION('',(#11396),#11400);
#11396 = LINE('',#11397,#11398);
#11397 = CARTESIAN_POINT('',(0.,0.));
#11398 = VECTOR('',#11399,1.);
#11399 = DIRECTION('',(0.,-1.));
#11400 = ( GEOMETRIC_REPRESENTATION_CONTEXT(2) 
PARAMETRIC_REPRESENTATION_CONTEXT() REPRESENTATION_CONTEXT('2D SPACE',''
  ) );
#11401 = ORIENTED_EDGE('',*,*,#1326,.F.);
#11402 = ADVANCED_FACE('',(#11403),#1762,.F.);
#11403 = FACE_BOUND('',#11404,.F.);
#11404 = EDGE_LOOP('',(#11405,#11426,#11427,#11428));
#11405 = ORIENTED_EDGE('',*,*,#11406,.T.);
#11406 = EDGE_CURVE('',#1719,#6457,#11407,.T.);
#11407 = SURFACE_CURVE('',#11408,(#11412,#11419),.PCURVE_S1.);
#11408 = LINE('',#11409,#11410);
#11409 = CARTESIAN_POINT('',(12.0856,-10.04142474975,11.22543774262));
#11410 = VECTOR('',#11411,1.);
#11411 = DIRECTION('',(1.,0.,0.));
#11412 = PCURVE('',#1762,#11413);
#11413 = DEFINITIONAL_REPRESENTATION('',(#11414),#11418);
#11414 = LINE('',#11415,#11416);
#11415 = CARTESIAN_POINT('',(0.,0.));
#11416 = VECTOR('',#11417,1.);
#11417 = DIRECTION('',(0.,-1.));
#11418 = ( GEOMETRIC_REPRESENTATION_CONTEXT(2) 
PARAMETRIC_REPRESENTATION_CONTEXT() REPRESENTATION_CONTEXT('2D SPACE',''
  ) );
#11419 = PCURVE('',#1734,#11420);
#11420 = DEFINITIONAL_REPRESENTATION('',(#11421),#11425);
#11421 = LINE('',#11422,#11423);
#11422 = CARTESIAN_POINT('',(0.360093295404,0.));
#11423 = VECTOR('',#11424,1.);
#11424 = DIRECTION('',(0.,-1.));
#11425 = ( GEOMETRIC_REPRESENTATION_CONTEXT(2) 
PARAMETRIC_REPRESENTATION_CONTEXT() REPRESENTATION_CONTEXT('2D SPACE',''
  ) );
#11426 = ORIENTED_EDGE('',*,*,#6479,.T.);
#11427 = ORIENTED_EDGE('',*,*,#11352,.F.);
#11428 = ORIENTED_EDGE('',*,*,#1746,.F.);
#11429 = ADVANCED_FACE('',(#11430),#1370,.F.);
#11430 = FACE_BOUND('',#11431,.F.);
#11431 = EDGE_LOOP('',(#11432,#11433,#11434,#11455));
#11432 = ORIENTED_EDGE('',*,*,#11381,.T.);
#11433 = ORIENTED_EDGE('',*,*,#6157,.T.);
#11434 = ORIENTED_EDGE('',*,*,#11435,.F.);
#11435 = EDGE_CURVE('',#1355,#6158,#11436,.T.);
#11436 = SURFACE_CURVE('',#11437,(#11441,#11448),.PCURVE_S1.);
#11437 = LINE('',#11438,#11439);
#11438 = CARTESIAN_POINT('',(12.0856,-7.246060515108,14.868427339544));
#11439 = VECTOR('',#11440,1.);
#11440 = DIRECTION('',(1.,0.,0.));
#11441 = PCURVE('',#1370,#11442);
#11442 = DEFINITIONAL_REPRESENTATION('',(#11443),#11447);
#11443 = LINE('',#11444,#11445);
#11444 = CARTESIAN_POINT('',(0.360093295404,0.));
#11445 = VECTOR('',#11446,1.);
#11446 = DIRECTION('',(0.,-1.));
#11447 = ( GEOMETRIC_REPRESENTATION_CONTEXT(2) 
PARAMETRIC_REPRESENTATION_CONTEXT() REPRESENTATION_CONTEXT('2D SPACE',''
  ) );
#11448 = PCURVE('',#1398,#11449);
#11449 = DEFINITIONAL_REPRESENTATION('',(#11450),#11454);
#11450 = LINE('',#11451,#11452);
#11451 = CARTESIAN_POINT('',(0.,0.));
#11452 = VECTOR('',#11453,1.);
#11453 = DIRECTION('',(0.,-1.));
#11454 = ( GEOMETRIC_REPRESENTATION_CONTEXT(2) 
PARAMETRIC_REPRESENTATION_CONTEXT() REPRESENTATION_CONTEXT('2D SPACE',''
  ) );
#11455 = ORIENTED_EDGE('',*,*,#1354,.F.);
#11456 = ADVANCED_FACE('',(#11457),#1734,.F.);
#11457 = FACE_BOUND('',#11458,.F.);
#11458 = EDGE_LOOP('',(#11459,#11480,#11481,#11482));
#11459 = ORIENTED_EDGE('',*,*,#11460,.T.);
#11460 = EDGE_CURVE('',#1691,#6434,#11461,.T.);
#11461 = SURFACE_CURVE('',#11462,(#11466,#11473),.PCURVE_S1.);
#11462 = LINE('',#11463,#11464);
#11463 = CARTESIAN_POINT('',(12.0856,-9.921223137784,11.564876623532));
#11464 = VECTOR('',#11465,1.);
#11465 = DIRECTION('',(1.,0.,0.));
#11466 = PCURVE('',#1734,#11467);
#11467 = DEFINITIONAL_REPRESENTATION('',(#11468),#11472);
#11468 = LINE('',#11469,#11470);
#11469 = CARTESIAN_POINT('',(0.,0.));
#11470 = VECTOR('',#11471,1.);
#11471 = DIRECTION('',(0.,-1.));
#11472 = ( GEOMETRIC_REPRESENTATION_CONTEXT(2) 
PARAMETRIC_REPRESENTATION_CONTEXT() REPRESENTATION_CONTEXT('2D SPACE',''
  ) );
#11473 = PCURVE('',#1706,#11474);
#11474 = DEFINITIONAL_REPRESENTATION('',(#11475),#11479);
#11475 = LINE('',#11476,#11477);
#11476 = CARTESIAN_POINT('',(0.360093295404,0.));
#11477 = VECTOR('',#11478,1.);
#11478 = DIRECTION('',(0.,-1.));
#11479 = ( GEOMETRIC_REPRESENTATION_CONTEXT(2) 
PARAMETRIC_REPRESENTATION_CONTEXT() REPRESENTATION_CONTEXT('2D SPACE',''
  ) );
#11480 = ORIENTED_EDGE('',*,*,#6456,.T.);
#11481 = ORIENTED_EDGE('',*,*,#11406,.F.);
#11482 = ORIENTED_EDGE('',*,*,#1718,.F.);
#11483 = ADVANCED_FACE('',(#11484),#1398,.F.);
#11484 = FACE_BOUND('',#11485,.F.);
#11485 = EDGE_LOOP('',(#11486,#11487,#11488,#11509));
#11486 = ORIENTED_EDGE('',*,*,#11435,.T.);
#11487 = ORIENTED_EDGE('',*,*,#6180,.T.);
#11488 = ORIENTED_EDGE('',*,*,#11489,.F.);
#11489 = EDGE_CURVE('',#1383,#6181,#11490,.T.);
#11490 = SURFACE_CURVE('',#11491,(#11495,#11502),.PCURVE_S1.);
#11491 = LINE('',#11492,#11493);
#11492 = CARTESIAN_POINT('',(12.0856,-7.542822830198,14.664468251152));
#11493 = VECTOR('',#11494,1.);
#11494 = DIRECTION('',(1.,0.,0.));
#11495 = PCURVE('',#1398,#11496);
#11496 = DEFINITIONAL_REPRESENTATION('',(#11497),#11501);
#11497 = LINE('',#11498,#11499);
#11498 = CARTESIAN_POINT('',(0.360093295404,0.));
#11499 = VECTOR('',#11500,1.);
#11500 = DIRECTION('',(0.,-1.));
#11501 = ( GEOMETRIC_REPRESENTATION_CONTEXT(2) 
PARAMETRIC_REPRESENTATION_CONTEXT() REPRESENTATION_CONTEXT('2D SPACE',''
  ) );
#11502 = PCURVE('',#1426,#11503);
#11503 = DEFINITIONAL_REPRESENTATION('',(#11504),#11508);
#11504 = LINE('',#11505,#11506);
#11505 = CARTESIAN_POINT('',(0.,0.));
#11506 = VECTOR('',#11507,1.);
#11507 = DIRECTION('',(0.,-1.));
#11508 = ( GEOMETRIC_REPRESENTATION_CONTEXT(2) 
PARAMETRIC_REPRESENTATION_CONTEXT() REPRESENTATION_CONTEXT('2D SPACE',''
  ) );
#11509 = ORIENTED_EDGE('',*,*,#1382,.F.);
#11510 = ADVANCED_FACE('',(#11511),#1706,.F.);
#11511 = FACE_BOUND('',#11512,.F.);
#11512 = EDGE_LOOP('',(#11513,#11534,#11535,#11536));
#11513 = ORIENTED_EDGE('',*,*,#11514,.T.);
#11514 = EDGE_CURVE('',#1663,#6411,#11515,.T.);
#11515 = SURFACE_CURVE('',#11516,(#11520,#11527),.PCURVE_S1.);
#11516 = LINE('',#11517,#11518);
#11517 = CARTESIAN_POINT('',(12.0856,-9.783421399527,11.897559448951));
#11518 = VECTOR('',#11519,1.);
#11519 = DIRECTION('',(1.,0.,0.));
#11520 = PCURVE('',#1706,#11521);
#11521 = DEFINITIONAL_REPRESENTATION('',(#11522),#11526);
#11522 = LINE('',#11523,#11524);
#11523 = CARTESIAN_POINT('',(0.,0.));
#11524 = VECTOR('',#11525,1.);
#11525 = DIRECTION('',(0.,-1.));
#11526 = ( GEOMETRIC_REPRESENTATION_CONTEXT(2) 
PARAMETRIC_REPRESENTATION_CONTEXT() REPRESENTATION_CONTEXT('2D SPACE',''
  ) );
#11527 = PCURVE('',#1678,#11528);
#11528 = DEFINITIONAL_REPRESENTATION('',(#11529),#11533);
#11529 = LINE('',#11530,#11531);
#11530 = CARTESIAN_POINT('',(0.360093295404,0.));
#11531 = VECTOR('',#11532,1.);
#11532 = DIRECTION('',(0.,-1.));
#11533 = ( GEOMETRIC_REPRESENTATION_CONTEXT(2) 
PARAMETRIC_REPRESENTATION_CONTEXT() REPRESENTATION_CONTEXT('2D SPACE',''
  ) );
#11534 = ORIENTED_EDGE('',*,*,#6433,.T.);
#11535 = ORIENTED_EDGE('',*,*,#11460,.F.);
#11536 = ORIENTED_EDGE('',*,*,#1690,.F.);
#11537 = ADVANCED_FACE('',(#11538),#1426,.F.);
#11538 = FACE_BOUND('',#11539,.F.);
#11539 = EDGE_LOOP('',(#11540,#11541,#11542,#11563));
#11540 = ORIENTED_EDGE('',*,*,#11489,.T.);
#11541 = ORIENTED_EDGE('',*,*,#6203,.T.);
#11542 = ORIENTED_EDGE('',*,*,#11543,.F.);
#11543 = EDGE_CURVE('',#1411,#6204,#11544,.T.);
#11544 = SURFACE_CURVE('',#11545,(#11549,#11556),.PCURVE_S1.);
#11545 = LINE('',#11546,#11547);
#11546 = CARTESIAN_POINT('',(12.0856,-7.828504048923,14.445257342065));
#11547 = VECTOR('',#11548,1.);
#11548 = DIRECTION('',(1.,0.,0.));
#11549 = PCURVE('',#1426,#11550);
#11550 = DEFINITIONAL_REPRESENTATION('',(#11551),#11555);
#11551 = LINE('',#11552,#11553);
#11552 = CARTESIAN_POINT('',(0.360093295404,0.));
#11553 = VECTOR('',#11554,1.);
#11554 = DIRECTION('',(0.,-1.));
#11555 = ( GEOMETRIC_REPRESENTATION_CONTEXT(2) 
PARAMETRIC_REPRESENTATION_CONTEXT() REPRESENTATION_CONTEXT('2D SPACE',''
  ) );
#11556 = PCURVE('',#1454,#11557);
#11557 = DEFINITIONAL_REPRESENTATION('',(#11558),#11562);
#11558 = LINE('',#11559,#11560);
#11559 = CARTESIAN_POINT('',(0.,0.));
#11560 = VECTOR('',#11561,1.);
#11561 = DIRECTION('',(0.,-1.));
#11562 = ( GEOMETRIC_REPRESENTATION_CONTEXT(2) 
PARAMETRIC_REPRESENTATION_CONTEXT() REPRESENTATION_CONTEXT('2D SPACE',''
  ) );
#11563 = ORIENTED_EDGE('',*,*,#1410,.F.);
#11564 = ADVANCED_FACE('',(#11565),#1678,.F.);
#11565 = FACE_BOUND('',#11566,.F.);
#11566 = EDGE_LOOP('',(#11567,#11588,#11589,#11590));
#11567 = ORIENTED_EDGE('',*,*,#11568,.T.);
#11568 = EDGE_CURVE('',#1635,#6388,#11569,.T.);
#11569 = SURFACE_CURVE('',#11570,(#11574,#11581),.PCURVE_S1.);
#11570 = LINE('',#11571,#11572);
#11571 = CARTESIAN_POINT('',(12.0856,-9.628397239969,12.222574358376));
#11572 = VECTOR('',#11573,1.);
#11573 = DIRECTION('',(1.,0.,0.));
#11574 = PCURVE('',#1678,#11575);
#11575 = DEFINITIONAL_REPRESENTATION('',(#11576),#11580);
#11576 = LINE('',#11577,#11578);
#11577 = CARTESIAN_POINT('',(0.,0.));
#11578 = VECTOR('',#11579,1.);
#11579 = DIRECTION('',(0.,-1.));
#11580 = ( GEOMETRIC_REPRESENTATION_CONTEXT(2) 
PARAMETRIC_REPRESENTATION_CONTEXT() REPRESENTATION_CONTEXT('2D SPACE',''
  ) );
#11581 = PCURVE('',#1650,#11582);
#11582 = DEFINITIONAL_REPRESENTATION('',(#11583),#11587);
#11583 = LINE('',#11584,#11585);
#11584 = CARTESIAN_POINT('',(0.360093295404,0.));
#11585 = VECTOR('',#11586,1.);
#11586 = DIRECTION('',(0.,-1.));
#11587 = ( GEOMETRIC_REPRESENTATION_CONTEXT(2) 
PARAMETRIC_REPRESENTATION_CONTEXT() REPRESENTATION_CONTEXT('2D SPACE',''
  ) );
#11588 = ORIENTED_EDGE('',*,*,#6410,.T.);
#11589 = ORIENTED_EDGE('',*,*,#11514,.F.);
#11590 = ORIENTED_EDGE('',*,*,#1662,.F.);
#11591 = ADVANCED_FACE('',(#11592),#1454,.F.);
#11592 = FACE_BOUND('',#11593,.F.);
#11593 = EDGE_LOOP('',(#11594,#11595,#11596,#11617));
#11594 = ORIENTED_EDGE('',*,*,#11543,.T.);
#11595 = ORIENTED_EDGE('',*,*,#6226,.T.);
#11596 = ORIENTED_EDGE('',*,*,#11597,.F.);
#11597 = EDGE_CURVE('',#1439,#6227,#11598,.T.);
#11598 = SURFACE_CURVE('',#11599,(#11603,#11610),.PCURVE_S1.);
#11599 = LINE('',#11600,#11601);
#11600 = CARTESIAN_POINT('',(12.0856,-8.102321138921,14.211395454148));
#11601 = VECTOR('',#11602,1.);
#11602 = DIRECTION('',(1.,0.,0.));
#11603 = PCURVE('',#1454,#11604);
#11604 = DEFINITIONAL_REPRESENTATION('',(#11605),#11609);
#11605 = LINE('',#11606,#11607);
#11606 = CARTESIAN_POINT('',(0.360093295404,0.));
#11607 = VECTOR('',#11608,1.);
#11608 = DIRECTION('',(0.,-1.));
#11609 = ( GEOMETRIC_REPRESENTATION_CONTEXT(2) 
PARAMETRIC_REPRESENTATION_CONTEXT() REPRESENTATION_CONTEXT('2D SPACE',''
  ) );
#11610 = PCURVE('',#1482,#11611);
#11611 = DEFINITIONAL_REPRESENTATION('',(#11612),#11616);
#11612 = LINE('',#11613,#11614);
#11613 = CARTESIAN_POINT('',(0.,0.));
#11614 = VECTOR('',#11615,1.);
#11615 = DIRECTION('',(0.,-1.));
#11616 = ( GEOMETRIC_REPRESENTATION_CONTEXT(2) 
PARAMETRIC_REPRESENTATION_CONTEXT() REPRESENTATION_CONTEXT('2D SPACE',''
  ) );
#11617 = ORIENTED_EDGE('',*,*,#1438,.F.);
#11618 = ADVANCED_FACE('',(#11619),#1650,.F.);
#11619 = FACE_BOUND('',#11620,.F.);
#11620 = EDGE_LOOP('',(#11621,#11642,#11643,#11644));
#11621 = ORIENTED_EDGE('',*,*,#11622,.T.);
#11622 = EDGE_CURVE('',#1607,#6365,#11623,.T.);
#11623 = SURFACE_CURVE('',#11624,(#11628,#11635),.PCURVE_S1.);
#11624 = LINE('',#11625,#11626);
#11625 = CARTESIAN_POINT('',(12.0856,-9.456575569556,12.539030508532));
#11626 = VECTOR('',#11627,1.);
#11627 = DIRECTION('',(1.,0.,0.));
#11628 = PCURVE('',#1650,#11629);
#11629 = DEFINITIONAL_REPRESENTATION('',(#11630),#11634);
#11630 = LINE('',#11631,#11632);
#11631 = CARTESIAN_POINT('',(0.,0.));
#11632 = VECTOR('',#11633,1.);
#11633 = DIRECTION('',(0.,-1.));
#11634 = ( GEOMETRIC_REPRESENTATION_CONTEXT(2) 
PARAMETRIC_REPRESENTATION_CONTEXT() REPRESENTATION_CONTEXT('2D SPACE',''
  ) );
#11635 = PCURVE('',#1622,#11636);
#11636 = DEFINITIONAL_REPRESENTATION('',(#11637),#11641);
#11637 = LINE('',#11638,#11639);
#11638 = CARTESIAN_POINT('',(0.360093295404,0.));
#11639 = VECTOR('',#11640,1.);
#11640 = DIRECTION('',(0.,-1.));
#11641 = ( GEOMETRIC_REPRESENTATION_CONTEXT(2) 
PARAMETRIC_REPRESENTATION_CONTEXT() REPRESENTATION_CONTEXT('2D SPACE',''
  ) );
#11642 = ORIENTED_EDGE('',*,*,#6387,.T.);
#11643 = ORIENTED_EDGE('',*,*,#11568,.F.);
#11644 = ORIENTED_EDGE('',*,*,#1634,.F.);
#11645 = ADVANCED_FACE('',(#11646),#1482,.F.);
#11646 = FACE_BOUND('',#11647,.F.);
#11647 = EDGE_LOOP('',(#11648,#11649,#11650,#11671));
#11648 = ORIENTED_EDGE('',*,*,#11597,.T.);
#11649 = ORIENTED_EDGE('',*,*,#6249,.T.);
#11650 = ORIENTED_EDGE('',*,*,#11651,.F.);
#11651 = EDGE_CURVE('',#1467,#6250,#11652,.T.);
#11652 = SURFACE_CURVE('',#11653,(#11657,#11664),.PCURVE_S1.);
#11653 = LINE('',#11654,#11655);
#11654 = CARTESIAN_POINT('',(12.0856,-8.36352358658,13.96352358658));
#11655 = VECTOR('',#11656,1.);
#11656 = DIRECTION('',(1.,0.,0.));
#11657 = PCURVE('',#1482,#11658);
#11658 = DEFINITIONAL_REPRESENTATION('',(#11659),#11663);
#11659 = LINE('',#11660,#11661);
#11660 = CARTESIAN_POINT('',(0.360093295404,0.));
#11661 = VECTOR('',#11662,1.);
#11662 = DIRECTION('',(0.,-1.));
#11663 = ( GEOMETRIC_REPRESENTATION_CONTEXT(2) 
PARAMETRIC_REPRESENTATION_CONTEXT() REPRESENTATION_CONTEXT('2D SPACE',''
  ) );
#11664 = PCURVE('',#1510,#11665);
#11665 = DEFINITIONAL_REPRESENTATION('',(#11666),#11670);
#11666 = LINE('',#11667,#11668);
#11667 = CARTESIAN_POINT('',(0.,0.));
#11668 = VECTOR('',#11669,1.);
#11669 = DIRECTION('',(0.,-1.));
#11670 = ( GEOMETRIC_REPRESENTATION_CONTEXT(2) 
PARAMETRIC_REPRESENTATION_CONTEXT() REPRESENTATION_CONTEXT('2D SPACE',''
  ) );
#11671 = ORIENTED_EDGE('',*,*,#1466,.F.);
#11672 = ADVANCED_FACE('',(#11673),#1622,.F.);
#11673 = FACE_BOUND('',#11674,.F.);
#11674 = EDGE_LOOP('',(#11675,#11696,#11697,#11698));
#11675 = ORIENTED_EDGE('',*,*,#11676,.T.);
#11676 = EDGE_CURVE('',#1579,#6342,#11677,.T.);
#11677 = SURFACE_CURVE('',#11678,(#11682,#11689),.PCURVE_S1.);
#11678 = LINE('',#11679,#11680);
#11679 = CARTESIAN_POINT('',(12.0856,-9.268427339544,12.846060515108));
#11680 = VECTOR('',#11681,1.);
#11681 = DIRECTION('',(1.,0.,0.));
#11682 = PCURVE('',#1622,#11683);
#11683 = DEFINITIONAL_REPRESENTATION('',(#11684),#11688);
#11684 = LINE('',#11685,#11686);
#11685 = CARTESIAN_POINT('',(0.,0.));
#11686 = VECTOR('',#11687,1.);
#11687 = DIRECTION('',(0.,-1.));
#11688 = ( GEOMETRIC_REPRESENTATION_CONTEXT(2) 
PARAMETRIC_REPRESENTATION_CONTEXT() REPRESENTATION_CONTEXT('2D SPACE',''
  ) );
#11689 = PCURVE('',#1594,#11690);
#11690 = DEFINITIONAL_REPRESENTATION('',(#11691),#11695);
#11691 = LINE('',#11692,#11693);
#11692 = CARTESIAN_POINT('',(0.360093295404,0.));
#11693 = VECTOR('',#11694,1.);
#11694 = DIRECTION('',(0.,-1.));
#11695 = ( GEOMETRIC_REPRESENTATION_CONTEXT(2) 
PARAMETRIC_REPRESENTATION_CONTEXT() REPRESENTATION_CONTEXT('2D SPACE',''
  ) );
#11696 = ORIENTED_EDGE('',*,*,#6364,.T.);
#11697 = ORIENTED_EDGE('',*,*,#11622,.F.);
#11698 = ORIENTED_EDGE('',*,*,#1606,.F.);
#11699 = ADVANCED_FACE('',(#11700),#1510,.F.);
#11700 = FACE_BOUND('',#11701,.F.);
#11701 = EDGE_LOOP('',(#11702,#11703,#11704,#11725));
#11702 = ORIENTED_EDGE('',*,*,#11651,.T.);
#11703 = ORIENTED_EDGE('',*,*,#6272,.T.);
#11704 = ORIENTED_EDGE('',*,*,#11705,.F.);
#11705 = EDGE_CURVE('',#1495,#6273,#11706,.T.);
#11706 = SURFACE_CURVE('',#11707,(#11711,#11718),.PCURVE_S1.);
#11707 = LINE('',#11708,#11709);
#11708 = CARTESIAN_POINT('',(12.0856,-8.611395454148,13.702321138921));
#11709 = VECTOR('',#11710,1.);
#11710 = DIRECTION('',(1.,0.,0.));
#11711 = PCURVE('',#1510,#11712);
#11712 = DEFINITIONAL_REPRESENTATION('',(#11713),#11717);
#11713 = LINE('',#11714,#11715);
#11714 = CARTESIAN_POINT('',(0.360093295404,0.));
#11715 = VECTOR('',#11716,1.);
#11716 = DIRECTION('',(0.,-1.));
#11717 = ( GEOMETRIC_REPRESENTATION_CONTEXT(2) 
PARAMETRIC_REPRESENTATION_CONTEXT() REPRESENTATION_CONTEXT('2D SPACE',''
  ) );
#11718 = PCURVE('',#1538,#11719);
#11719 = DEFINITIONAL_REPRESENTATION('',(#11720),#11724);
#11720 = LINE('',#11721,#11722);
#11721 = CARTESIAN_POINT('',(0.,0.));
#11722 = VECTOR('',#11723,1.);
#11723 = DIRECTION('',(0.,-1.));
#11724 = ( GEOMETRIC_REPRESENTATION_CONTEXT(2) 
PARAMETRIC_REPRESENTATION_CONTEXT() REPRESENTATION_CONTEXT('2D SPACE',''
  ) );
#11725 = ORIENTED_EDGE('',*,*,#1494,.F.);
#11726 = ADVANCED_FACE('',(#11727),#1594,.F.);
#11727 = FACE_BOUND('',#11728,.F.);
#11728 = EDGE_LOOP('',(#11729,#11750,#11751,#11752));
#11729 = ORIENTED_EDGE('',*,*,#11730,.T.);
#11730 = EDGE_CURVE('',#1551,#6319,#11731,.T.);
#11731 = SURFACE_CURVE('',#11732,(#11736,#11743),.PCURVE_S1.);
#11732 = LINE('',#11733,#11734);
#11733 = CARTESIAN_POINT('',(12.0856,-9.064468251152,13.142822830198));
#11734 = VECTOR('',#11735,1.);
#11735 = DIRECTION('',(1.,0.,0.));
#11736 = PCURVE('',#1594,#11737);
#11737 = DEFINITIONAL_REPRESENTATION('',(#11738),#11742);
#11738 = LINE('',#11739,#11740);
#11739 = CARTESIAN_POINT('',(0.,0.));
#11740 = VECTOR('',#11741,1.);
#11741 = DIRECTION('',(0.,-1.));
#11742 = ( GEOMETRIC_REPRESENTATION_CONTEXT(2) 
PARAMETRIC_REPRESENTATION_CONTEXT() REPRESENTATION_CONTEXT('2D SPACE',''
  ) );
#11743 = PCURVE('',#1566,#11744);
#11744 = DEFINITIONAL_REPRESENTATION('',(#11745),#11749);
#11745 = LINE('',#11746,#11747);
#11746 = CARTESIAN_POINT('',(0.360093295404,0.));
#11747 = VECTOR('',#11748,1.);
#11748 = DIRECTION('',(0.,-1.));
#11749 = ( GEOMETRIC_REPRESENTATION_CONTEXT(2) 
PARAMETRIC_REPRESENTATION_CONTEXT() REPRESENTATION_CONTEXT('2D SPACE',''
  ) );
#11750 = ORIENTED_EDGE('',*,*,#6341,.T.);
#11751 = ORIENTED_EDGE('',*,*,#11676,.F.);
#11752 = ORIENTED_EDGE('',*,*,#1578,.F.);
#11753 = ADVANCED_FACE('',(#11754),#1538,.F.);
#11754 = FACE_BOUND('',#11755,.F.);
#11755 = EDGE_LOOP('',(#11756,#11757,#11758,#11779));
#11756 = ORIENTED_EDGE('',*,*,#11705,.T.);
#11757 = ORIENTED_EDGE('',*,*,#6295,.T.);
#11758 = ORIENTED_EDGE('',*,*,#11759,.F.);
#11759 = EDGE_CURVE('',#1523,#6296,#11760,.T.);
#11760 = SURFACE_CURVE('',#11761,(#11765,#11772),.PCURVE_S1.);
#11761 = LINE('',#11762,#11763);
#11762 = CARTESIAN_POINT('',(12.0856,-8.845257342065,13.428504048923));
#11763 = VECTOR('',#11764,1.);
#11764 = DIRECTION('',(1.,0.,0.));
#11765 = PCURVE('',#1538,#11766);
#11766 = DEFINITIONAL_REPRESENTATION('',(#11767),#11771);
#11767 = LINE('',#11768,#11769);
#11768 = CARTESIAN_POINT('',(0.360093295404,0.));
#11769 = VECTOR('',#11770,1.);
#11770 = DIRECTION('',(0.,-1.));
#11771 = ( GEOMETRIC_REPRESENTATION_CONTEXT(2) 
PARAMETRIC_REPRESENTATION_CONTEXT() REPRESENTATION_CONTEXT('2D SPACE',''
  ) );
#11772 = PCURVE('',#1566,#11773);
#11773 = DEFINITIONAL_REPRESENTATION('',(#11774),#11778);
#11774 = LINE('',#11775,#11776);
#11775 = CARTESIAN_POINT('',(0.,0.));
#11776 = VECTOR('',#11777,1.);
#11777 = DIRECTION('',(0.,-1.));
#11778 = ( GEOMETRIC_REPRESENTATION_CONTEXT(2) 
PARAMETRIC_REPRESENTATION_CONTEXT() REPRESENTATION_CONTEXT('2D SPACE',''
  ) );
#11779 = ORIENTED_EDGE('',*,*,#1522,.F.);
#11780 = ADVANCED_FACE('',(#11781),#1566,.F.);
#11781 = FACE_BOUND('',#11782,.F.);
#11782 = EDGE_LOOP('',(#11783,#11784,#11785,#11786));
#11783 = ORIENTED_EDGE('',*,*,#11759,.T.);
#11784 = ORIENTED_EDGE('',*,*,#6318,.T.);
#11785 = ORIENTED_EDGE('',*,*,#11730,.F.);
#11786 = ORIENTED_EDGE('',*,*,#1550,.F.);
#11787 = ADVANCED_FACE('',(#11788),#2851,.T.);
#11788 = FACE_BOUND('',#11789,.T.);
#11789 = EDGE_LOOP('',(#11790,#11791,#11812,#11813));
#11790 = ORIENTED_EDGE('',*,*,#2834,.T.);
#11791 = ORIENTED_EDGE('',*,*,#11792,.T.);
#11792 = EDGE_CURVE('',#2837,#7380,#11793,.T.);
#11793 = SURFACE_CURVE('',#11794,(#11798,#11805),.PCURVE_S1.);
#11794 = LINE('',#11795,#11796);
#11795 = CARTESIAN_POINT('',(12.,3.013000892228,9.44133191323));
#11796 = VECTOR('',#11797,1.);
#11797 = DIRECTION('',(1.,0.,0.));
#11798 = PCURVE('',#2851,#11799);
#11799 = DEFINITIONAL_REPRESENTATION('',(#11800),#11804);
#11800 = LINE('',#11801,#11802);
#11801 = CARTESIAN_POINT('',(0.,0.));
#11802 = VECTOR('',#11803,1.);
#11803 = DIRECTION('',(0.,-1.));
#11804 = ( GEOMETRIC_REPRESENTATION_CONTEXT(2) 
PARAMETRIC_REPRESENTATION_CONTEXT() REPRESENTATION_CONTEXT('2D SPACE',''
  ) );
#11805 = PCURVE('',#2877,#11806);
#11806 = DEFINITIONAL_REPRESENTATION('',(#11807),#11811);
#11807 = LINE('',#11808,#11809);
#11808 = CARTESIAN_POINT('',(0.51950993631,0.));
#11809 = VECTOR('',#11810,1.);
#11810 = DIRECTION('',(0.,-1.));
#11811 = ( GEOMETRIC_REPRESENTATION_CONTEXT(2) 
PARAMETRIC_REPRESENTATION_CONTEXT() REPRESENTATION_CONTEXT('2D SPACE',''
  ) );
#11812 = ORIENTED_EDGE('',*,*,#7377,.F.);
#11813 = ORIENTED_EDGE('',*,*,#11814,.F.);
#11814 = EDGE_CURVE('',#2835,#7378,#11815,.T.);
#11815 = SURFACE_CURVE('',#11816,(#11820,#11827),.PCURVE_S1.);
#11816 = LINE('',#11817,#11818);
#11817 = CARTESIAN_POINT('',(12.,2.986211118786,9.781728259412));
#11818 = VECTOR('',#11819,1.);
#11819 = DIRECTION('',(1.,0.,0.));
#11820 = PCURVE('',#2851,#11821);
#11821 = DEFINITIONAL_REPRESENTATION('',(#11822),#11826);
#11822 = LINE('',#11823,#11824);
#11823 = CARTESIAN_POINT('',(0.341448919247,0.));
#11824 = VECTOR('',#11825,1.);
#11825 = DIRECTION('',(0.,-1.));
#11826 = ( GEOMETRIC_REPRESENTATION_CONTEXT(2) 
PARAMETRIC_REPRESENTATION_CONTEXT() REPRESENTATION_CONTEXT('2D SPACE',''
  ) );
#11827 = PCURVE('',#5267,#11828);
#11828 = DEFINITIONAL_REPRESENTATION('',(#11829),#11833);
#11829 = LINE('',#11830,#11831);
#11830 = CARTESIAN_POINT('',(0.,0.));
#11831 = VECTOR('',#11832,1.);
#11832 = DIRECTION('',(0.,-1.));
#11833 = ( GEOMETRIC_REPRESENTATION_CONTEXT(2) 
PARAMETRIC_REPRESENTATION_CONTEXT() REPRESENTATION_CONTEXT('2D SPACE',''
  ) );
#11834 = ADVANCED_FACE('',(#11835),#5267,.T.);
#11835 = FACE_BOUND('',#11836,.T.);
#11836 = EDGE_LOOP('',(#11837,#11838,#11839,#11840));
#11837 = ORIENTED_EDGE('',*,*,#5254,.T.);
#11838 = ORIENTED_EDGE('',*,*,#11814,.T.);
#11839 = ORIENTED_EDGE('',*,*,#9332,.F.);
#11840 = ORIENTED_EDGE('',*,*,#11841,.F.);
#11841 = EDGE_CURVE('',#5229,#9312,#11842,.T.);
#11842 = SURFACE_CURVE('',#11843,(#11847,#11854),.PCURVE_S1.);
#11843 = LINE('',#11844,#11845);
#11844 = CARTESIAN_POINT('',(12.,2.941643091519,10.120256035821));
#11845 = VECTOR('',#11846,1.);
#11846 = DIRECTION('',(1.,0.,0.));
#11847 = PCURVE('',#5267,#11848);
#11848 = DEFINITIONAL_REPRESENTATION('',(#11849),#11853);
#11849 = LINE('',#11850,#11851);
#11850 = CARTESIAN_POINT('',(0.341448919247,0.));
#11851 = VECTOR('',#11852,1.);
#11852 = DIRECTION('',(0.,-1.));
#11853 = ( GEOMETRIC_REPRESENTATION_CONTEXT(2) 
PARAMETRIC_REPRESENTATION_CONTEXT() REPRESENTATION_CONTEXT('2D SPACE',''
  ) );
#11854 = PCURVE('',#5243,#11855);
#11855 = DEFINITIONAL_REPRESENTATION('',(#11856),#11860);
#11856 = LINE('',#11857,#11858);
#11857 = CARTESIAN_POINT('',(0.,0.));
#11858 = VECTOR('',#11859,1.);
#11859 = DIRECTION('',(0.,-1.));
#11860 = ( GEOMETRIC_REPRESENTATION_CONTEXT(2) 
PARAMETRIC_REPRESENTATION_CONTEXT() REPRESENTATION_CONTEXT('2D SPACE',''
  ) );
#11861 = ADVANCED_FACE('',(#11862),#5243,.T.);
#11862 = FACE_BOUND('',#11863,.T.);
#11863 = EDGE_LOOP('',(#11864,#11865,#11866,#11867));
#11864 = ORIENTED_EDGE('',*,*,#5228,.T.);
#11865 = ORIENTED_EDGE('',*,*,#11841,.T.);
#11866 = ORIENTED_EDGE('',*,*,#9311,.F.);
#11867 = ORIENTED_EDGE('',*,*,#11868,.F.);
#11868 = EDGE_CURVE('',#5203,#9291,#11869,.T.);
#11869 = SURFACE_CURVE('',#11870,(#11874,#11881),.PCURVE_S1.);
#11870 = LINE('',#11871,#11872);
#11871 = CARTESIAN_POINT('',(12.,2.879418968292,10.455987361353));
#11872 = VECTOR('',#11873,1.);
#11873 = DIRECTION('',(1.,0.,0.));
#11874 = PCURVE('',#5243,#11875);
#11875 = DEFINITIONAL_REPRESENTATION('',(#11876),#11880);
#11876 = LINE('',#11877,#11878);
#11877 = CARTESIAN_POINT('',(0.341448919247,0.));
#11878 = VECTOR('',#11879,1.);
#11879 = DIRECTION('',(0.,-1.));
#11880 = ( GEOMETRIC_REPRESENTATION_CONTEXT(2) 
PARAMETRIC_REPRESENTATION_CONTEXT() REPRESENTATION_CONTEXT('2D SPACE',''
  ) );
#11881 = PCURVE('',#5217,#11882);
#11882 = DEFINITIONAL_REPRESENTATION('',(#11883),#11887);
#11883 = LINE('',#11884,#11885);
#11884 = CARTESIAN_POINT('',(0.,0.));
#11885 = VECTOR('',#11886,1.);
#11886 = DIRECTION('',(0.,-1.));
#11887 = ( GEOMETRIC_REPRESENTATION_CONTEXT(2) 
PARAMETRIC_REPRESENTATION_CONTEXT() REPRESENTATION_CONTEXT('2D SPACE',''
  ) );
#11888 = ADVANCED_FACE('',(#11889),#5217,.T.);
#11889 = FACE_BOUND('',#11890,.T.);
#11890 = EDGE_LOOP('',(#11891,#11892,#11893,#11894));
#11891 = ORIENTED_EDGE('',*,*,#5202,.T.);
#11892 = ORIENTED_EDGE('',*,*,#11868,.T.);
#11893 = ORIENTED_EDGE('',*,*,#9290,.F.);
#11894 = ORIENTED_EDGE('',*,*,#11895,.F.);
#11895 = EDGE_CURVE('',#5177,#9270,#11896,.T.);
#11896 = SURFACE_CURVE('',#11897,(#11901,#11908),.PCURVE_S1.);
#11897 = LINE('',#11898,#11899);
#11898 = CARTESIAN_POINT('',(12.,2.7997093011,10.788002019781));
#11899 = VECTOR('',#11900,1.);
#11900 = DIRECTION('',(1.,0.,0.));
#11901 = PCURVE('',#5217,#11902);
#11902 = DEFINITIONAL_REPRESENTATION('',(#11903),#11907);
#11903 = LINE('',#11904,#11905);
#11904 = CARTESIAN_POINT('',(0.341448919247,0.));
#11905 = VECTOR('',#11906,1.);
#11906 = DIRECTION('',(0.,-1.));
#11907 = ( GEOMETRIC_REPRESENTATION_CONTEXT(2) 
PARAMETRIC_REPRESENTATION_CONTEXT() REPRESENTATION_CONTEXT('2D SPACE',''
  ) );
#11908 = PCURVE('',#5191,#11909);
#11909 = DEFINITIONAL_REPRESENTATION('',(#11910),#11914);
#11910 = LINE('',#11911,#11912);
#11911 = CARTESIAN_POINT('',(0.,0.));
#11912 = VECTOR('',#11913,1.);
#11913 = DIRECTION('',(0.,-1.));
#11914 = ( GEOMETRIC_REPRESENTATION_CONTEXT(2) 
PARAMETRIC_REPRESENTATION_CONTEXT() REPRESENTATION_CONTEXT('2D SPACE',''
  ) );
#11915 = ADVANCED_FACE('',(#11916),#5191,.T.);
#11916 = FACE_BOUND('',#11917,.T.);
#11917 = EDGE_LOOP('',(#11918,#11919,#11920,#11921));
#11918 = ORIENTED_EDGE('',*,*,#5176,.T.);
#11919 = ORIENTED_EDGE('',*,*,#11895,.T.);
#11920 = ORIENTED_EDGE('',*,*,#9269,.F.);
#11921 = ORIENTED_EDGE('',*,*,#11922,.F.);
#11922 = EDGE_CURVE('',#5151,#9249,#11923,.T.);
#11923 = SURFACE_CURVE('',#11924,(#11928,#11935),.PCURVE_S1.);
#11924 = LINE('',#11925,#11926);
#11925 = CARTESIAN_POINT('',(12.,2.702732568601,11.115389982004));
#11926 = VECTOR('',#11927,1.);
#11927 = DIRECTION('',(1.,0.,0.));
#11928 = PCURVE('',#5191,#11929);
#11929 = DEFINITIONAL_REPRESENTATION('',(#11930),#11934);
#11930 = LINE('',#11931,#11932);
#11931 = CARTESIAN_POINT('',(0.341448919247,0.));
#11932 = VECTOR('',#11933,1.);
#11933 = DIRECTION('',(0.,-1.));
#11934 = ( GEOMETRIC_REPRESENTATION_CONTEXT(2) 
PARAMETRIC_REPRESENTATION_CONTEXT() REPRESENTATION_CONTEXT('2D SPACE',''
  ) );
#11935 = PCURVE('',#5165,#11936);
#11936 = DEFINITIONAL_REPRESENTATION('',(#11937),#11941);
#11937 = LINE('',#11938,#11939);
#11938 = CARTESIAN_POINT('',(0.,0.));
#11939 = VECTOR('',#11940,1.);
#11940 = DIRECTION('',(0.,-1.));
#11941 = ( GEOMETRIC_REPRESENTATION_CONTEXT(2) 
PARAMETRIC_REPRESENTATION_CONTEXT() REPRESENTATION_CONTEXT('2D SPACE',''
  ) );
#11942 = ADVANCED_FACE('',(#11943),#5165,.T.);
#11943 = FACE_BOUND('',#11944,.T.);
#11944 = EDGE_LOOP('',(#11945,#11946,#11947,#11948));
#11945 = ORIENTED_EDGE('',*,*,#5150,.T.);
#11946 = ORIENTED_EDGE('',*,*,#11922,.T.);
#11947 = ORIENTED_EDGE('',*,*,#9248,.F.);
#11948 = ORIENTED_EDGE('',*,*,#11949,.F.);
#11949 = EDGE_CURVE('',#5125,#9228,#11950,.T.);
#11950 = SURFACE_CURVE('',#11951,(#11955,#11962),.PCURVE_S1.);
#11951 = LINE('',#11952,#11953);
#11952 = CARTESIAN_POINT('',(12.,2.588754577279,11.437253900375));
#11953 = VECTOR('',#11954,1.);
#11954 = DIRECTION('',(1.,0.,0.));
#11955 = PCURVE('',#5165,#11956);
#11956 = DEFINITIONAL_REPRESENTATION('',(#11957),#11961);
#11957 = LINE('',#11958,#11959);
#11958 = CARTESIAN_POINT('',(0.341448919247,0.));
#11959 = VECTOR('',#11960,1.);
#11960 = DIRECTION('',(0.,-1.));
#11961 = ( GEOMETRIC_REPRESENTATION_CONTEXT(2) 
PARAMETRIC_REPRESENTATION_CONTEXT() REPRESENTATION_CONTEXT('2D SPACE',''
  ) );
#11962 = PCURVE('',#5139,#11963);
#11963 = DEFINITIONAL_REPRESENTATION('',(#11964),#11968);
#11964 = LINE('',#11965,#11966);
#11965 = CARTESIAN_POINT('',(0.,0.));
#11966 = VECTOR('',#11967,1.);
#11967 = DIRECTION('',(0.,-1.));
#11968 = ( GEOMETRIC_REPRESENTATION_CONTEXT(2) 
PARAMETRIC_REPRESENTATION_CONTEXT() REPRESENTATION_CONTEXT('2D SPACE',''
  ) );
#11969 = ADVANCED_FACE('',(#11970),#5139,.T.);
#11970 = FACE_BOUND('',#11971,.T.);
#11971 = EDGE_LOOP('',(#11972,#11973,#11974,#11975));
#11972 = ORIENTED_EDGE('',*,*,#5124,.T.);
#11973 = ORIENTED_EDGE('',*,*,#11949,.T.);
#11974 = ORIENTED_EDGE('',*,*,#9227,.F.);
#11975 = ORIENTED_EDGE('',*,*,#11976,.F.);
#11976 = EDGE_CURVE('',#5099,#9207,#11977,.T.);
#11977 = SURFACE_CURVE('',#11978,(#11982,#11989),.PCURVE_S1.);
#11978 = LINE('',#11979,#11980);
#11979 = CARTESIAN_POINT('',(12.,2.458087732884,11.752711568265));
#11980 = VECTOR('',#11981,1.);
#11981 = DIRECTION('',(1.,0.,0.));
#11982 = PCURVE('',#5139,#11983);
#11983 = DEFINITIONAL_REPRESENTATION('',(#11984),#11988);
#11984 = LINE('',#11985,#11986);
#11985 = CARTESIAN_POINT('',(0.341448919247,0.));
#11986 = VECTOR('',#11987,1.);
#11987 = DIRECTION('',(0.,-1.));
#11988 = ( GEOMETRIC_REPRESENTATION_CONTEXT(2) 
PARAMETRIC_REPRESENTATION_CONTEXT() REPRESENTATION_CONTEXT('2D SPACE',''
  ) );
#11989 = PCURVE('',#5113,#11990);
#11990 = DEFINITIONAL_REPRESENTATION('',(#11991),#11995);
#11991 = LINE('',#11992,#11993);
#11992 = CARTESIAN_POINT('',(0.,0.));
#11993 = VECTOR('',#11994,1.);
#11994 = DIRECTION('',(0.,-1.));
#11995 = ( GEOMETRIC_REPRESENTATION_CONTEXT(2) 
PARAMETRIC_REPRESENTATION_CONTEXT() REPRESENTATION_CONTEXT('2D SPACE',''
  ) );
#11996 = ADVANCED_FACE('',(#11997),#5113,.T.);
#11997 = FACE_BOUND('',#11998,.T.);
#11998 = EDGE_LOOP('',(#11999,#12000,#12001,#12002));
#11999 = ORIENTED_EDGE('',*,*,#5098,.T.);
#12000 = ORIENTED_EDGE('',*,*,#11976,.T.);
#12001 = ORIENTED_EDGE('',*,*,#9206,.F.);
#12002 = ORIENTED_EDGE('',*,*,#12003,.F.);
#12003 = EDGE_CURVE('',#5073,#9186,#12004,.T.);
#12004 = SURFACE_CURVE('',#12005,(#12009,#12016),.PCURVE_S1.);
#12005 = LINE('',#12006,#12007);
#12006 = CARTESIAN_POINT('',(12.,2.311090184155,12.060898338134));
#12007 = VECTOR('',#12008,1.);
#12008 = DIRECTION('',(1.,0.,0.));
#12009 = PCURVE('',#5113,#12010);
#12010 = DEFINITIONAL_REPRESENTATION('',(#12011),#12015);
#12011 = LINE('',#12012,#12013);
#12012 = CARTESIAN_POINT('',(0.341448919247,0.));
#12013 = VECTOR('',#12014,1.);
#12014 = DIRECTION('',(0.,-1.));
#12015 = ( GEOMETRIC_REPRESENTATION_CONTEXT(2) 
PARAMETRIC_REPRESENTATION_CONTEXT() REPRESENTATION_CONTEXT('2D SPACE',''
  ) );
#12016 = PCURVE('',#5087,#12017);
#12017 = DEFINITIONAL_REPRESENTATION('',(#12018),#12022);
#12018 = LINE('',#12019,#12020);
#12019 = CARTESIAN_POINT('',(0.,0.));
#12020 = VECTOR('',#12021,1.);
#12021 = DIRECTION('',(0.,-1.));
#12022 = ( GEOMETRIC_REPRESENTATION_CONTEXT(2) 
PARAMETRIC_REPRESENTATION_CONTEXT() REPRESENTATION_CONTEXT('2D SPACE',''
  ) );
#12023 = ADVANCED_FACE('',(#12024),#5087,.T.);
#12024 = FACE_BOUND('',#12025,.T.);
#12025 = EDGE_LOOP('',(#12026,#12027,#12028,#12029));
#12026 = ORIENTED_EDGE('',*,*,#5072,.T.);
#12027 = ORIENTED_EDGE('',*,*,#12003,.T.);
#12028 = ORIENTED_EDGE('',*,*,#9185,.F.);
#12029 = ORIENTED_EDGE('',*,*,#12030,.F.);
#12030 = EDGE_CURVE('',#5047,#9165,#12031,.T.);
#12031 = SURFACE_CURVE('',#12032,(#12036,#12043),.PCURVE_S1.);
#12032 = LINE('',#12033,#12034);
#12033 = CARTESIAN_POINT('',(12.,2.148164841155,12.360969491468));
#12034 = VECTOR('',#12035,1.);
#12035 = DIRECTION('',(1.,0.,0.));
#12036 = PCURVE('',#5087,#12037);
#12037 = DEFINITIONAL_REPRESENTATION('',(#12038),#12042);
#12038 = LINE('',#12039,#12040);
#12039 = CARTESIAN_POINT('',(0.341448919247,0.));
#12040 = VECTOR('',#12041,1.);
#12041 = DIRECTION('',(0.,-1.));
#12042 = ( GEOMETRIC_REPRESENTATION_CONTEXT(2) 
PARAMETRIC_REPRESENTATION_CONTEXT() REPRESENTATION_CONTEXT('2D SPACE',''
  ) );
#12043 = PCURVE('',#5061,#12044);
#12044 = DEFINITIONAL_REPRESENTATION('',(#12045),#12049);
#12045 = LINE('',#12046,#12047);
#12046 = CARTESIAN_POINT('',(0.,0.));
#12047 = VECTOR('',#12048,1.);
#12048 = DIRECTION('',(0.,-1.));
#12049 = ( GEOMETRIC_REPRESENTATION_CONTEXT(2) 
PARAMETRIC_REPRESENTATION_CONTEXT() REPRESENTATION_CONTEXT('2D SPACE',''
  ) );
#12050 = ADVANCED_FACE('',(#12051),#5061,.T.);
#12051 = FACE_BOUND('',#12052,.T.);
#12052 = EDGE_LOOP('',(#12053,#12054,#12055,#12056));
#12053 = ORIENTED_EDGE('',*,*,#5046,.T.);
#12054 = ORIENTED_EDGE('',*,*,#12030,.T.);
#12055 = ORIENTED_EDGE('',*,*,#9164,.F.);
#12056 = ORIENTED_EDGE('',*,*,#12057,.F.);
#12057 = EDGE_CURVE('',#5021,#9144,#12058,.T.);
#12058 = SURFACE_CURVE('',#12059,(#12063,#12070),.PCURVE_S1.);
#12059 = LINE('',#12060,#12061);
#12060 = CARTESIAN_POINT('',(12.,1.969758270925,12.652102554093));
#12061 = VECTOR('',#12062,1.);
#12062 = DIRECTION('',(1.,0.,0.));
#12063 = PCURVE('',#5061,#12064);
#12064 = DEFINITIONAL_REPRESENTATION('',(#12065),#12069);
#12065 = LINE('',#12066,#12067);
#12066 = CARTESIAN_POINT('',(0.341448919247,0.));
#12067 = VECTOR('',#12068,1.);
#12068 = DIRECTION('',(0.,-1.));
#12069 = ( GEOMETRIC_REPRESENTATION_CONTEXT(2) 
PARAMETRIC_REPRESENTATION_CONTEXT() REPRESENTATION_CONTEXT('2D SPACE',''
  ) );
#12070 = PCURVE('',#5035,#12071);
#12071 = DEFINITIONAL_REPRESENTATION('',(#12072),#12076);
#12072 = LINE('',#12073,#12074);
#12073 = CARTESIAN_POINT('',(0.,0.));
#12074 = VECTOR('',#12075,1.);
#12075 = DIRECTION('',(0.,-1.));
#12076 = ( GEOMETRIC_REPRESENTATION_CONTEXT(2) 
PARAMETRIC_REPRESENTATION_CONTEXT() REPRESENTATION_CONTEXT('2D SPACE',''
  ) );
#12077 = ADVANCED_FACE('',(#12078),#5035,.T.);
#12078 = FACE_BOUND('',#12079,.T.);
#12079 = EDGE_LOOP('',(#12080,#12081,#12082,#12083));
#12080 = ORIENTED_EDGE('',*,*,#5020,.T.);
#12081 = ORIENTED_EDGE('',*,*,#12057,.T.);
#12082 = ORIENTED_EDGE('',*,*,#9143,.F.);
#12083 = ORIENTED_EDGE('',*,*,#12084,.F.);
#12084 = EDGE_CURVE('',#4995,#9123,#12085,.T.);
#12085 = SURFACE_CURVE('',#12086,(#12090,#12097),.PCURVE_S1.);
#12086 = LINE('',#12087,#12088);
#12087 = CARTESIAN_POINT('',(12.,1.776359473472,12.933499550522));
#12088 = VECTOR('',#12089,1.);
#12089 = DIRECTION('',(1.,0.,0.));
#12090 = PCURVE('',#5035,#12091);
#12091 = DEFINITIONAL_REPRESENTATION('',(#12092),#12096);
#12092 = LINE('',#12093,#12094);
#12093 = CARTESIAN_POINT('',(0.341448919247,0.));
#12094 = VECTOR('',#12095,1.);
#12095 = DIRECTION('',(0.,-1.));
#12096 = ( GEOMETRIC_REPRESENTATION_CONTEXT(2) 
PARAMETRIC_REPRESENTATION_CONTEXT() REPRESENTATION_CONTEXT('2D SPACE',''
  ) );
#12097 = PCURVE('',#5009,#12098);
#12098 = DEFINITIONAL_REPRESENTATION('',(#12099),#12103);
#12099 = LINE('',#12100,#12101);
#12100 = CARTESIAN_POINT('',(0.,0.));
#12101 = VECTOR('',#12102,1.);
#12102 = DIRECTION('',(0.,-1.));
#12103 = ( GEOMETRIC_REPRESENTATION_CONTEXT(2) 
PARAMETRIC_REPRESENTATION_CONTEXT() REPRESENTATION_CONTEXT('2D SPACE',''
  ) );
#12104 = ADVANCED_FACE('',(#12105),#5009,.T.);
#12105 = FACE_BOUND('',#12106,.T.);
#12106 = EDGE_LOOP('',(#12107,#12108,#12109,#12110));
#12107 = ORIENTED_EDGE('',*,*,#4994,.T.);
#12108 = ORIENTED_EDGE('',*,*,#12084,.T.);
#12109 = ORIENTED_EDGE('',*,*,#9122,.F.);
#12110 = ORIENTED_EDGE('',*,*,#12111,.F.);
#12111 = EDGE_CURVE('',#4969,#9102,#12112,.T.);
#12112 = SURFACE_CURVE('',#12113,(#12117,#12124),.PCURVE_S1.);
#12113 = LINE('',#12114,#12115);
#12114 = CARTESIAN_POINT('',(12.,1.568498541458,13.204389191145));
#12115 = VECTOR('',#12116,1.);
#12116 = DIRECTION('',(1.,0.,0.));
#12117 = PCURVE('',#5009,#12118);
#12118 = DEFINITIONAL_REPRESENTATION('',(#12119),#12123);
#12119 = LINE('',#12120,#12121);
#12120 = CARTESIAN_POINT('',(0.341448919247,0.));
#12121 = VECTOR('',#12122,1.);
#12122 = DIRECTION('',(0.,-1.));
#12123 = ( GEOMETRIC_REPRESENTATION_CONTEXT(2) 
PARAMETRIC_REPRESENTATION_CONTEXT() REPRESENTATION_CONTEXT('2D SPACE',''
  ) );
#12124 = PCURVE('',#4983,#12125);
#12125 = DEFINITIONAL_REPRESENTATION('',(#12126),#12130);
#12126 = LINE('',#12127,#12128);
#12127 = CARTESIAN_POINT('',(0.,0.));
#12128 = VECTOR('',#12129,1.);
#12129 = DIRECTION('',(0.,-1.));
#12130 = ( GEOMETRIC_REPRESENTATION_CONTEXT(2) 
PARAMETRIC_REPRESENTATION_CONTEXT() REPRESENTATION_CONTEXT('2D SPACE',''
  ) );
#12131 = ADVANCED_FACE('',(#12132),#4983,.T.);
#12132 = FACE_BOUND('',#12133,.T.);
#12133 = EDGE_LOOP('',(#12134,#12135,#12136,#12137));
#12134 = ORIENTED_EDGE('',*,*,#4968,.T.);
#12135 = ORIENTED_EDGE('',*,*,#12111,.T.);
#12136 = ORIENTED_EDGE('',*,*,#9101,.F.);
#12137 = ORIENTED_EDGE('',*,*,#12138,.F.);
#12138 = EDGE_CURVE('',#4943,#9081,#12139,.T.);
#12139 = SURFACE_CURVE('',#12140,(#12144,#12151),.PCURVE_S1.);
#12140 = LINE('',#12141,#12142);
#12141 = CARTESIAN_POINT('',(12.,1.346745207249,13.464028986288));
#12142 = VECTOR('',#12143,1.);
#12143 = DIRECTION('',(1.,0.,0.));
#12144 = PCURVE('',#4983,#12145);
#12145 = DEFINITIONAL_REPRESENTATION('',(#12146),#12150);
#12146 = LINE('',#12147,#12148);
#12147 = CARTESIAN_POINT('',(0.341448919247,0.));
#12148 = VECTOR('',#12149,1.);
#12149 = DIRECTION('',(0.,-1.));
#12150 = ( GEOMETRIC_REPRESENTATION_CONTEXT(2) 
PARAMETRIC_REPRESENTATION_CONTEXT() REPRESENTATION_CONTEXT('2D SPACE',''
  ) );
#12151 = PCURVE('',#4957,#12152);
#12152 = DEFINITIONAL_REPRESENTATION('',(#12153),#12157);
#12153 = LINE('',#12154,#12155);
#12154 = CARTESIAN_POINT('',(0.,0.));
#12155 = VECTOR('',#12156,1.);
#12156 = DIRECTION('',(0.,-1.));
#12157 = ( GEOMETRIC_REPRESENTATION_CONTEXT(2) 
PARAMETRIC_REPRESENTATION_CONTEXT() REPRESENTATION_CONTEXT('2D SPACE',''
  ) );
#12158 = ADVANCED_FACE('',(#12159),#4957,.T.);
#12159 = FACE_BOUND('',#12160,.T.);
#12160 = EDGE_LOOP('',(#12161,#12162,#12163,#12164));
#12161 = ORIENTED_EDGE('',*,*,#4942,.T.);
#12162 = ORIENTED_EDGE('',*,*,#12138,.T.);
#12163 = ORIENTED_EDGE('',*,*,#9080,.F.);
#12164 = ORIENTED_EDGE('',*,*,#12165,.F.);
#12165 = EDGE_CURVE('',#4917,#9060,#12166,.T.);
#12166 = SURFACE_CURVE('',#12167,(#12171,#12178),.PCURVE_S1.);
#12167 = LINE('',#12168,#12169);
#12168 = CARTESIAN_POINT('',(12.,1.111707281319,13.711707281319));
#12169 = VECTOR('',#12170,1.);
#12170 = DIRECTION('',(1.,0.,0.));
#12171 = PCURVE('',#4957,#12172);
#12172 = DEFINITIONAL_REPRESENTATION('',(#12173),#12177);
#12173 = LINE('',#12174,#12175);
#12174 = CARTESIAN_POINT('',(0.341448919247,0.));
#12175 = VECTOR('',#12176,1.);
#12176 = DIRECTION('',(0.,-1.));
#12177 = ( GEOMETRIC_REPRESENTATION_CONTEXT(2) 
PARAMETRIC_REPRESENTATION_CONTEXT() REPRESENTATION_CONTEXT('2D SPACE',''
  ) );
#12178 = PCURVE('',#4931,#12179);
#12179 = DEFINITIONAL_REPRESENTATION('',(#12180),#12184);
#12180 = LINE('',#12181,#12182);
#12181 = CARTESIAN_POINT('',(0.,0.));
#12182 = VECTOR('',#12183,1.);
#12183 = DIRECTION('',(0.,-1.));
#12184 = ( GEOMETRIC_REPRESENTATION_CONTEXT(2) 
PARAMETRIC_REPRESENTATION_CONTEXT() REPRESENTATION_CONTEXT('2D SPACE',''
  ) );
#12185 = ADVANCED_FACE('',(#12186),#4931,.T.);
#12186 = FACE_BOUND('',#12187,.T.);
#12187 = EDGE_LOOP('',(#12188,#12189,#12190,#12191));
#12188 = ORIENTED_EDGE('',*,*,#4916,.T.);
#12189 = ORIENTED_EDGE('',*,*,#12165,.T.);
#12190 = ORIENTED_EDGE('',*,*,#9059,.F.);
#12191 = ORIENTED_EDGE('',*,*,#12192,.F.);
#12192 = EDGE_CURVE('',#4891,#9039,#12193,.T.);
#12193 = SURFACE_CURVE('',#12194,(#12198,#12205),.PCURVE_S1.);
#12194 = LINE('',#12195,#12196);
#12195 = CARTESIAN_POINT('',(12.,0.864028986288,13.946745207249));
#12196 = VECTOR('',#12197,1.);
#12197 = DIRECTION('',(1.,0.,0.));
#12198 = PCURVE('',#4931,#12199);
#12199 = DEFINITIONAL_REPRESENTATION('',(#12200),#12204);
#12200 = LINE('',#12201,#12202);
#12201 = CARTESIAN_POINT('',(0.341448919247,0.));
#12202 = VECTOR('',#12203,1.);
#12203 = DIRECTION('',(0.,-1.));
#12204 = ( GEOMETRIC_REPRESENTATION_CONTEXT(2) 
PARAMETRIC_REPRESENTATION_CONTEXT() REPRESENTATION_CONTEXT('2D SPACE',''
  ) );
#12205 = PCURVE('',#4905,#12206);
#12206 = DEFINITIONAL_REPRESENTATION('',(#12207),#12211);
#12207 = LINE('',#12208,#12209);
#12208 = CARTESIAN_POINT('',(0.,0.));
#12209 = VECTOR('',#12210,1.);
#12210 = DIRECTION('',(0.,-1.));
#12211 = ( GEOMETRIC_REPRESENTATION_CONTEXT(2) 
PARAMETRIC_REPRESENTATION_CONTEXT() REPRESENTATION_CONTEXT('2D SPACE',''
  ) );
#12212 = ADVANCED_FACE('',(#12213),#4905,.T.);
#12213 = FACE_BOUND('',#12214,.T.);
#12214 = EDGE_LOOP('',(#12215,#12216,#12217,#12218));
#12215 = ORIENTED_EDGE('',*,*,#4890,.T.);
#12216 = ORIENTED_EDGE('',*,*,#12192,.T.);
#12217 = ORIENTED_EDGE('',*,*,#9038,.F.);
#12218 = ORIENTED_EDGE('',*,*,#12219,.F.);
#12219 = EDGE_CURVE('',#4865,#9018,#12220,.T.);
#12220 = SURFACE_CURVE('',#12221,(#12225,#12232),.PCURVE_S1.);
#12221 = LINE('',#12222,#12223);
#12222 = CARTESIAN_POINT('',(12.,0.604389191145,14.168498541458));
#12223 = VECTOR('',#12224,1.);
#12224 = DIRECTION('',(1.,0.,0.));
#12225 = PCURVE('',#4905,#12226);
#12226 = DEFINITIONAL_REPRESENTATION('',(#12227),#12231);
#12227 = LINE('',#12228,#12229);
#12228 = CARTESIAN_POINT('',(0.341448919247,0.));
#12229 = VECTOR('',#12230,1.);
#12230 = DIRECTION('',(0.,-1.));
#12231 = ( GEOMETRIC_REPRESENTATION_CONTEXT(2) 
PARAMETRIC_REPRESENTATION_CONTEXT() REPRESENTATION_CONTEXT('2D SPACE',''
  ) );
#12232 = PCURVE('',#4879,#12233);
#12233 = DEFINITIONAL_REPRESENTATION('',(#12234),#12238);
#12234 = LINE('',#12235,#12236);
#12235 = CARTESIAN_POINT('',(0.,0.));
#12236 = VECTOR('',#12237,1.);
#12237 = DIRECTION('',(0.,-1.));
#12238 = ( GEOMETRIC_REPRESENTATION_CONTEXT(2) 
PARAMETRIC_REPRESENTATION_CONTEXT() REPRESENTATION_CONTEXT('2D SPACE',''
  ) );
#12239 = ADVANCED_FACE('',(#12240),#4879,.T.);
#12240 = FACE_BOUND('',#12241,.T.);
#12241 = EDGE_LOOP('',(#12242,#12243,#12244,#12245));
#12242 = ORIENTED_EDGE('',*,*,#4864,.T.);
#12243 = ORIENTED_EDGE('',*,*,#12219,.T.);
#12244 = ORIENTED_EDGE('',*,*,#9017,.F.);
#12245 = ORIENTED_EDGE('',*,*,#12246,.F.);
#12246 = EDGE_CURVE('',#4839,#8997,#12247,.T.);
#12247 = SURFACE_CURVE('',#12248,(#12252,#12259),.PCURVE_S1.);
#12248 = LINE('',#12249,#12250);
#12249 = CARTESIAN_POINT('',(12.,0.333499550522,14.376359473472));
#12250 = VECTOR('',#12251,1.);
#12251 = DIRECTION('',(1.,0.,0.));
#12252 = PCURVE('',#4879,#12253);
#12253 = DEFINITIONAL_REPRESENTATION('',(#12254),#12258);
#12254 = LINE('',#12255,#12256);
#12255 = CARTESIAN_POINT('',(0.341448919247,0.));
#12256 = VECTOR('',#12257,1.);
#12257 = DIRECTION('',(0.,-1.));
#12258 = ( GEOMETRIC_REPRESENTATION_CONTEXT(2) 
PARAMETRIC_REPRESENTATION_CONTEXT() REPRESENTATION_CONTEXT('2D SPACE',''
  ) );
#12259 = PCURVE('',#4853,#12260);
#12260 = DEFINITIONAL_REPRESENTATION('',(#12261),#12265);
#12261 = LINE('',#12262,#12263);
#12262 = CARTESIAN_POINT('',(0.,0.));
#12263 = VECTOR('',#12264,1.);
#12264 = DIRECTION('',(0.,-1.));
#12265 = ( GEOMETRIC_REPRESENTATION_CONTEXT(2) 
PARAMETRIC_REPRESENTATION_CONTEXT() REPRESENTATION_CONTEXT('2D SPACE',''
  ) );
#12266 = ADVANCED_FACE('',(#12267),#4853,.T.);
#12267 = FACE_BOUND('',#12268,.T.);
#12268 = EDGE_LOOP('',(#12269,#12270,#12271,#12272));
#12269 = ORIENTED_EDGE('',*,*,#4838,.T.);
#12270 = ORIENTED_EDGE('',*,*,#12246,.T.);
#12271 = ORIENTED_EDGE('',*,*,#8996,.F.);
#12272 = ORIENTED_EDGE('',*,*,#12273,.F.);
#12273 = EDGE_CURVE('',#4813,#8976,#12274,.T.);
#12274 = SURFACE_CURVE('',#12275,(#12279,#12286),.PCURVE_S1.);
#12275 = LINE('',#12276,#12277);
#12276 = CARTESIAN_POINT('',(12.,5.210255409349E-02,14.569758270925));
#12277 = VECTOR('',#12278,1.);
#12278 = DIRECTION('',(1.,0.,0.));
#12279 = PCURVE('',#4853,#12280);
#12280 = DEFINITIONAL_REPRESENTATION('',(#12281),#12285);
#12281 = LINE('',#12282,#12283);
#12282 = CARTESIAN_POINT('',(0.341448919247,0.));
#12283 = VECTOR('',#12284,1.);
#12284 = DIRECTION('',(0.,-1.));
#12285 = ( GEOMETRIC_REPRESENTATION_CONTEXT(2) 
PARAMETRIC_REPRESENTATION_CONTEXT() REPRESENTATION_CONTEXT('2D SPACE',''
  ) );
#12286 = PCURVE('',#4827,#12287);
#12287 = DEFINITIONAL_REPRESENTATION('',(#12288),#12292);
#12288 = LINE('',#12289,#12290);
#12289 = CARTESIAN_POINT('',(0.,0.));
#12290 = VECTOR('',#12291,1.);
#12291 = DIRECTION('',(0.,-1.));
#12292 = ( GEOMETRIC_REPRESENTATION_CONTEXT(2) 
PARAMETRIC_REPRESENTATION_CONTEXT() REPRESENTATION_CONTEXT('2D SPACE',''
  ) );
#12293 = ADVANCED_FACE('',(#12294),#4827,.T.);
#12294 = FACE_BOUND('',#12295,.T.);
#12295 = EDGE_LOOP('',(#12296,#12297,#12298,#12299));
#12296 = ORIENTED_EDGE('',*,*,#4812,.T.);
#12297 = ORIENTED_EDGE('',*,*,#12273,.T.);
#12298 = ORIENTED_EDGE('',*,*,#8975,.F.);
#12299 = ORIENTED_EDGE('',*,*,#12300,.F.);
#12300 = EDGE_CURVE('',#4787,#8955,#12301,.T.);
#12301 = SURFACE_CURVE('',#12302,(#12306,#12313),.PCURVE_S1.);
#12302 = LINE('',#12303,#12304);
#12303 = CARTESIAN_POINT('',(12.,-0.239030508532,14.748164841155));
#12304 = VECTOR('',#12305,1.);
#12305 = DIRECTION('',(1.,0.,0.));
#12306 = PCURVE('',#4827,#12307);
#12307 = DEFINITIONAL_REPRESENTATION('',(#12308),#12312);
#12308 = LINE('',#12309,#12310);
#12309 = CARTESIAN_POINT('',(0.341448919247,0.));
#12310 = VECTOR('',#12311,1.);
#12311 = DIRECTION('',(0.,-1.));
#12312 = ( GEOMETRIC_REPRESENTATION_CONTEXT(2) 
PARAMETRIC_REPRESENTATION_CONTEXT() REPRESENTATION_CONTEXT('2D SPACE',''
  ) );
#12313 = PCURVE('',#4801,#12314);
#12314 = DEFINITIONAL_REPRESENTATION('',(#12315),#12319);
#12315 = LINE('',#12316,#12317);
#12316 = CARTESIAN_POINT('',(0.,0.));
#12317 = VECTOR('',#12318,1.);
#12318 = DIRECTION('',(0.,-1.));
#12319 = ( GEOMETRIC_REPRESENTATION_CONTEXT(2) 
PARAMETRIC_REPRESENTATION_CONTEXT() REPRESENTATION_CONTEXT('2D SPACE',''
  ) );
#12320 = ADVANCED_FACE('',(#12321),#4801,.T.);
#12321 = FACE_BOUND('',#12322,.T.);
#12322 = EDGE_LOOP('',(#12323,#12324,#12325,#12326));
#12323 = ORIENTED_EDGE('',*,*,#4786,.T.);
#12324 = ORIENTED_EDGE('',*,*,#12300,.T.);
#12325 = ORIENTED_EDGE('',*,*,#8954,.F.);
#12326 = ORIENTED_EDGE('',*,*,#12327,.F.);
#12327 = EDGE_CURVE('',#4761,#8934,#12328,.T.);
#12328 = SURFACE_CURVE('',#12329,(#12333,#12340),.PCURVE_S1.);
#12329 = LINE('',#12330,#12331);
#12330 = CARTESIAN_POINT('',(12.,-0.539101661866,14.911090184155));
#12331 = VECTOR('',#12332,1.);
#12332 = DIRECTION('',(1.,0.,0.));
#12333 = PCURVE('',#4801,#12334);
#12334 = DEFINITIONAL_REPRESENTATION('',(#12335),#12339);
#12335 = LINE('',#12336,#12337);
#12336 = CARTESIAN_POINT('',(0.341448919247,0.));
#12337 = VECTOR('',#12338,1.);
#12338 = DIRECTION('',(0.,-1.));
#12339 = ( GEOMETRIC_REPRESENTATION_CONTEXT(2) 
PARAMETRIC_REPRESENTATION_CONTEXT() REPRESENTATION_CONTEXT('2D SPACE',''
  ) );
#12340 = PCURVE('',#4775,#12341);
#12341 = DEFINITIONAL_REPRESENTATION('',(#12342),#12346);
#12342 = LINE('',#12343,#12344);
#12343 = CARTESIAN_POINT('',(0.,0.));
#12344 = VECTOR('',#12345,1.);
#12345 = DIRECTION('',(0.,-1.));
#12346 = ( GEOMETRIC_REPRESENTATION_CONTEXT(2) 
PARAMETRIC_REPRESENTATION_CONTEXT() REPRESENTATION_CONTEXT('2D SPACE',''
  ) );
#12347 = ADVANCED_FACE('',(#12348),#4775,.T.);
#12348 = FACE_BOUND('',#12349,.T.);
#12349 = EDGE_LOOP('',(#12350,#12351,#12352,#12353));
#12350 = ORIENTED_EDGE('',*,*,#4760,.T.);
#12351 = ORIENTED_EDGE('',*,*,#12327,.T.);
#12352 = ORIENTED_EDGE('',*,*,#8933,.F.);
#12353 = ORIENTED_EDGE('',*,*,#12354,.F.);
#12354 = EDGE_CURVE('',#4735,#8913,#12355,.T.);
#12355 = SURFACE_CURVE('',#12356,(#12360,#12367),.PCURVE_S1.);
#12356 = LINE('',#12357,#12358);
#12357 = CARTESIAN_POINT('',(12.,-0.847288431735,15.058087732884));
#12358 = VECTOR('',#12359,1.);
#12359 = DIRECTION('',(1.,0.,0.));
#12360 = PCURVE('',#4775,#12361);
#12361 = DEFINITIONAL_REPRESENTATION('',(#12362),#12366);
#12362 = LINE('',#12363,#12364);
#12363 = CARTESIAN_POINT('',(0.341448919247,0.));
#12364 = VECTOR('',#12365,1.);
#12365 = DIRECTION('',(0.,-1.));
#12366 = ( GEOMETRIC_REPRESENTATION_CONTEXT(2) 
PARAMETRIC_REPRESENTATION_CONTEXT() REPRESENTATION_CONTEXT('2D SPACE',''
  ) );
#12367 = PCURVE('',#4749,#12368);
#12368 = DEFINITIONAL_REPRESENTATION('',(#12369),#12373);
#12369 = LINE('',#12370,#12371);
#12370 = CARTESIAN_POINT('',(0.,0.));
#12371 = VECTOR('',#12372,1.);
#12372 = DIRECTION('',(0.,-1.));
#12373 = ( GEOMETRIC_REPRESENTATION_CONTEXT(2) 
PARAMETRIC_REPRESENTATION_CONTEXT() REPRESENTATION_CONTEXT('2D SPACE',''
  ) );
#12374 = ADVANCED_FACE('',(#12375),#4749,.T.);
#12375 = FACE_BOUND('',#12376,.T.);
#12376 = EDGE_LOOP('',(#12377,#12378,#12379,#12380));
#12377 = ORIENTED_EDGE('',*,*,#4734,.T.);
#12378 = ORIENTED_EDGE('',*,*,#12354,.T.);
#12379 = ORIENTED_EDGE('',*,*,#8912,.F.);
#12380 = ORIENTED_EDGE('',*,*,#12381,.F.);
#12381 = EDGE_CURVE('',#4709,#8892,#12382,.T.);
#12382 = SURFACE_CURVE('',#12383,(#12387,#12394),.PCURVE_S1.);
#12383 = LINE('',#12384,#12385);
#12384 = CARTESIAN_POINT('',(12.,-1.162746099625,15.188754577279));
#12385 = VECTOR('',#12386,1.);
#12386 = DIRECTION('',(1.,0.,0.));
#12387 = PCURVE('',#4749,#12388);
#12388 = DEFINITIONAL_REPRESENTATION('',(#12389),#12393);
#12389 = LINE('',#12390,#12391);
#12390 = CARTESIAN_POINT('',(0.341448919247,0.));
#12391 = VECTOR('',#12392,1.);
#12392 = DIRECTION('',(0.,-1.));
#12393 = ( GEOMETRIC_REPRESENTATION_CONTEXT(2) 
PARAMETRIC_REPRESENTATION_CONTEXT() REPRESENTATION_CONTEXT('2D SPACE',''
  ) );
#12394 = PCURVE('',#4723,#12395);
#12395 = DEFINITIONAL_REPRESENTATION('',(#12396),#12400);
#12396 = LINE('',#12397,#12398);
#12397 = CARTESIAN_POINT('',(0.,0.));
#12398 = VECTOR('',#12399,1.);
#12399 = DIRECTION('',(0.,-1.));
#12400 = ( GEOMETRIC_REPRESENTATION_CONTEXT(2) 
PARAMETRIC_REPRESENTATION_CONTEXT() REPRESENTATION_CONTEXT('2D SPACE',''
  ) );
#12401 = ADVANCED_FACE('',(#12402),#4723,.T.);
#12402 = FACE_BOUND('',#12403,.T.);
#12403 = EDGE_LOOP('',(#12404,#12405,#12406,#12407));
#12404 = ORIENTED_EDGE('',*,*,#4708,.T.);
#12405 = ORIENTED_EDGE('',*,*,#12381,.T.);
#12406 = ORIENTED_EDGE('',*,*,#8891,.F.);
#12407 = ORIENTED_EDGE('',*,*,#12408,.F.);
#12408 = EDGE_CURVE('',#4683,#8871,#12409,.T.);
#12409 = SURFACE_CURVE('',#12410,(#12414,#12421),.PCURVE_S1.);
#12410 = LINE('',#12411,#12412);
#12411 = CARTESIAN_POINT('',(12.,-1.484610017996,15.302732568601));
#12412 = VECTOR('',#12413,1.);
#12413 = DIRECTION('',(1.,0.,0.));
#12414 = PCURVE('',#4723,#12415);
#12415 = DEFINITIONAL_REPRESENTATION('',(#12416),#12420);
#12416 = LINE('',#12417,#12418);
#12417 = CARTESIAN_POINT('',(0.341448919247,0.));
#12418 = VECTOR('',#12419,1.);
#12419 = DIRECTION('',(0.,-1.));
#12420 = ( GEOMETRIC_REPRESENTATION_CONTEXT(2) 
PARAMETRIC_REPRESENTATION_CONTEXT() REPRESENTATION_CONTEXT('2D SPACE',''
  ) );
#12421 = PCURVE('',#4697,#12422);
#12422 = DEFINITIONAL_REPRESENTATION('',(#12423),#12427);
#12423 = LINE('',#12424,#12425);
#12424 = CARTESIAN_POINT('',(0.,0.));
#12425 = VECTOR('',#12426,1.);
#12426 = DIRECTION('',(0.,-1.));
#12427 = ( GEOMETRIC_REPRESENTATION_CONTEXT(2) 
PARAMETRIC_REPRESENTATION_CONTEXT() REPRESENTATION_CONTEXT('2D SPACE',''
  ) );
#12428 = ADVANCED_FACE('',(#12429),#4697,.T.);
#12429 = FACE_BOUND('',#12430,.T.);
#12430 = EDGE_LOOP('',(#12431,#12432,#12433,#12434));
#12431 = ORIENTED_EDGE('',*,*,#4682,.T.);
#12432 = ORIENTED_EDGE('',*,*,#12408,.T.);
#12433 = ORIENTED_EDGE('',*,*,#8870,.F.);
#12434 = ORIENTED_EDGE('',*,*,#12435,.F.);
#12435 = EDGE_CURVE('',#4657,#8850,#12436,.T.);
#12436 = SURFACE_CURVE('',#12437,(#12441,#12448),.PCURVE_S1.);
#12437 = LINE('',#12438,#12439);
#12438 = CARTESIAN_POINT('',(12.,-1.811997980219,15.3997093011));
#12439 = VECTOR('',#12440,1.);
#12440 = DIRECTION('',(1.,0.,0.));
#12441 = PCURVE('',#4697,#12442);
#12442 = DEFINITIONAL_REPRESENTATION('',(#12443),#12447);
#12443 = LINE('',#12444,#12445);
#12444 = CARTESIAN_POINT('',(0.341448919247,0.));
#12445 = VECTOR('',#12446,1.);
#12446 = DIRECTION('',(0.,-1.));
#12447 = ( GEOMETRIC_REPRESENTATION_CONTEXT(2) 
PARAMETRIC_REPRESENTATION_CONTEXT() REPRESENTATION_CONTEXT('2D SPACE',''
  ) );
#12448 = PCURVE('',#4671,#12449);
#12449 = DEFINITIONAL_REPRESENTATION('',(#12450),#12454);
#12450 = LINE('',#12451,#12452);
#12451 = CARTESIAN_POINT('',(0.,0.));
#12452 = VECTOR('',#12453,1.);
#12453 = DIRECTION('',(0.,-1.));
#12454 = ( GEOMETRIC_REPRESENTATION_CONTEXT(2) 
PARAMETRIC_REPRESENTATION_CONTEXT() REPRESENTATION_CONTEXT('2D SPACE',''
  ) );
#12455 = ADVANCED_FACE('',(#12456),#4671,.T.);
#12456 = FACE_BOUND('',#12457,.T.);
#12457 = EDGE_LOOP('',(#12458,#12459,#12460,#12461));
#12458 = ORIENTED_EDGE('',*,*,#4656,.T.);
#12459 = ORIENTED_EDGE('',*,*,#12435,.T.);
#12460 = ORIENTED_EDGE('',*,*,#8849,.F.);
#12461 = ORIENTED_EDGE('',*,*,#12462,.F.);
#12462 = EDGE_CURVE('',#4631,#8829,#12463,.T.);
#12463 = SURFACE_CURVE('',#12464,(#12468,#12475),.PCURVE_S1.);
#12464 = LINE('',#12465,#12466);
#12465 = CARTESIAN_POINT('',(12.,-2.144012638647,15.479418968292));
#12466 = VECTOR('',#12467,1.);
#12467 = DIRECTION('',(1.,0.,0.));
#12468 = PCURVE('',#4671,#12469);
#12469 = DEFINITIONAL_REPRESENTATION('',(#12470),#12474);
#12470 = LINE('',#12471,#12472);
#12471 = CARTESIAN_POINT('',(0.341448919247,0.));
#12472 = VECTOR('',#12473,1.);
#12473 = DIRECTION('',(0.,-1.));
#12474 = ( GEOMETRIC_REPRESENTATION_CONTEXT(2) 
PARAMETRIC_REPRESENTATION_CONTEXT() REPRESENTATION_CONTEXT('2D SPACE',''
  ) );
#12475 = PCURVE('',#4645,#12476);
#12476 = DEFINITIONAL_REPRESENTATION('',(#12477),#12481);
#12477 = LINE('',#12478,#12479);
#12478 = CARTESIAN_POINT('',(0.,0.));
#12479 = VECTOR('',#12480,1.);
#12480 = DIRECTION('',(0.,-1.));
#12481 = ( GEOMETRIC_REPRESENTATION_CONTEXT(2) 
PARAMETRIC_REPRESENTATION_CONTEXT() REPRESENTATION_CONTEXT('2D SPACE',''
  ) );
#12482 = ADVANCED_FACE('',(#12483),#4645,.T.);
#12483 = FACE_BOUND('',#12484,.T.);
#12484 = EDGE_LOOP('',(#12485,#12486,#12487,#12488));
#12485 = ORIENTED_EDGE('',*,*,#4630,.T.);
#12486 = ORIENTED_EDGE('',*,*,#12462,.T.);
#12487 = ORIENTED_EDGE('',*,*,#8828,.F.);
#12488 = ORIENTED_EDGE('',*,*,#12489,.F.);
#12489 = EDGE_CURVE('',#4605,#8808,#12490,.T.);
#12490 = SURFACE_CURVE('',#12491,(#12495,#12502),.PCURVE_S1.);
#12491 = LINE('',#12492,#12493);
#12492 = CARTESIAN_POINT('',(12.,-2.479743964179,15.541643091519));
#12493 = VECTOR('',#12494,1.);
#12494 = DIRECTION('',(1.,0.,0.));
#12495 = PCURVE('',#4645,#12496);
#12496 = DEFINITIONAL_REPRESENTATION('',(#12497),#12501);
#12497 = LINE('',#12498,#12499);
#12498 = CARTESIAN_POINT('',(0.341448919247,0.));
#12499 = VECTOR('',#12500,1.);
#12500 = DIRECTION('',(0.,-1.));
#12501 = ( GEOMETRIC_REPRESENTATION_CONTEXT(2) 
PARAMETRIC_REPRESENTATION_CONTEXT() REPRESENTATION_CONTEXT('2D SPACE',''
  ) );
#12502 = PCURVE('',#4619,#12503);
#12503 = DEFINITIONAL_REPRESENTATION('',(#12504),#12508);
#12504 = LINE('',#12505,#12506);
#12505 = CARTESIAN_POINT('',(0.,0.));
#12506 = VECTOR('',#12507,1.);
#12507 = DIRECTION('',(0.,-1.));
#12508 = ( GEOMETRIC_REPRESENTATION_CONTEXT(2) 
PARAMETRIC_REPRESENTATION_CONTEXT() REPRESENTATION_CONTEXT('2D SPACE',''
  ) );
#12509 = ADVANCED_FACE('',(#12510),#4619,.T.);
#12510 = FACE_BOUND('',#12511,.T.);
#12511 = EDGE_LOOP('',(#12512,#12513,#12514,#12515));
#12512 = ORIENTED_EDGE('',*,*,#4604,.T.);
#12513 = ORIENTED_EDGE('',*,*,#12489,.T.);
#12514 = ORIENTED_EDGE('',*,*,#8807,.F.);
#12515 = ORIENTED_EDGE('',*,*,#12516,.F.);
#12516 = EDGE_CURVE('',#4579,#8787,#12517,.T.);
#12517 = SURFACE_CURVE('',#12518,(#12522,#12529),.PCURVE_S1.);
#12518 = LINE('',#12519,#12520);
#12519 = CARTESIAN_POINT('',(12.,-2.818271740588,15.586211118786));
#12520 = VECTOR('',#12521,1.);
#12521 = DIRECTION('',(1.,0.,0.));
#12522 = PCURVE('',#4619,#12523);
#12523 = DEFINITIONAL_REPRESENTATION('',(#12524),#12528);
#12524 = LINE('',#12525,#12526);
#12525 = CARTESIAN_POINT('',(0.341448919247,0.));
#12526 = VECTOR('',#12527,1.);
#12527 = DIRECTION('',(0.,-1.));
#12528 = ( GEOMETRIC_REPRESENTATION_CONTEXT(2) 
PARAMETRIC_REPRESENTATION_CONTEXT() REPRESENTATION_CONTEXT('2D SPACE',''
  ) );
#12529 = PCURVE('',#4593,#12530);
#12530 = DEFINITIONAL_REPRESENTATION('',(#12531),#12535);
#12531 = LINE('',#12532,#12533);
#12532 = CARTESIAN_POINT('',(0.,0.));
#12533 = VECTOR('',#12534,1.);
#12534 = DIRECTION('',(0.,-1.));
#12535 = ( GEOMETRIC_REPRESENTATION_CONTEXT(2) 
PARAMETRIC_REPRESENTATION_CONTEXT() REPRESENTATION_CONTEXT('2D SPACE',''
  ) );
#12536 = ADVANCED_FACE('',(#12537),#4593,.T.);
#12537 = FACE_BOUND('',#12538,.T.);
#12538 = EDGE_LOOP('',(#12539,#12540,#12541,#12542));
#12539 = ORIENTED_EDGE('',*,*,#4578,.T.);
#12540 = ORIENTED_EDGE('',*,*,#12516,.T.);
#12541 = ORIENTED_EDGE('',*,*,#8786,.F.);
#12542 = ORIENTED_EDGE('',*,*,#12543,.F.);
#12543 = EDGE_CURVE('',#4553,#8766,#12544,.T.);
#12544 = SURFACE_CURVE('',#12545,(#12549,#12556),.PCURVE_S1.);
#12545 = LINE('',#12546,#12547);
#12546 = CARTESIAN_POINT('',(12.,-3.15866808677,15.613000892228));
#12547 = VECTOR('',#12548,1.);
#12548 = DIRECTION('',(1.,0.,0.));
#12549 = PCURVE('',#4593,#12550);
#12550 = DEFINITIONAL_REPRESENTATION('',(#12551),#12555);
#12551 = LINE('',#12552,#12553);
#12552 = CARTESIAN_POINT('',(0.341448919247,0.));
#12553 = VECTOR('',#12554,1.);
#12554 = DIRECTION('',(0.,-1.));
#12555 = ( GEOMETRIC_REPRESENTATION_CONTEXT(2) 
PARAMETRIC_REPRESENTATION_CONTEXT() REPRESENTATION_CONTEXT('2D SPACE',''
  ) );
#12556 = PCURVE('',#4567,#12557);
#12557 = DEFINITIONAL_REPRESENTATION('',(#12558),#12562);
#12558 = LINE('',#12559,#12560);
#12559 = CARTESIAN_POINT('',(0.,0.));
#12560 = VECTOR('',#12561,1.);
#12561 = DIRECTION('',(0.,-1.));
#12562 = ( GEOMETRIC_REPRESENTATION_CONTEXT(2) 
PARAMETRIC_REPRESENTATION_CONTEXT() REPRESENTATION_CONTEXT('2D SPACE',''
  ) );
#12563 = ADVANCED_FACE('',(#12564),#4567,.T.);
#12564 = FACE_BOUND('',#12565,.T.);
#12565 = EDGE_LOOP('',(#12566,#12567,#12568,#12569));
#12566 = ORIENTED_EDGE('',*,*,#4552,.T.);
#12567 = ORIENTED_EDGE('',*,*,#12543,.T.);
#12568 = ORIENTED_EDGE('',*,*,#8765,.F.);
#12569 = ORIENTED_EDGE('',*,*,#12570,.F.);
#12570 = EDGE_CURVE('',#4527,#8745,#12571,.T.);
#12571 = SURFACE_CURVE('',#12572,(#12576,#12583),.PCURVE_S1.);
#12572 = LINE('',#12573,#12574);
#12573 = CARTESIAN_POINT('',(12.,-3.5,15.621938982937));
#12574 = VECTOR('',#12575,1.);
#12575 = DIRECTION('',(1.,0.,0.));
#12576 = PCURVE('',#4567,#12577);
#12577 = DEFINITIONAL_REPRESENTATION('',(#12578),#12582);
#12578 = LINE('',#12579,#12580);
#12579 = CARTESIAN_POINT('',(0.341448919247,0.));
#12580 = VECTOR('',#12581,1.);
#12581 = DIRECTION('',(0.,-1.));
#12582 = ( GEOMETRIC_REPRESENTATION_CONTEXT(2) 
PARAMETRIC_REPRESENTATION_CONTEXT() REPRESENTATION_CONTEXT('2D SPACE',''
  ) );
#12583 = PCURVE('',#4541,#12584);
#12584 = DEFINITIONAL_REPRESENTATION('',(#12585),#12589);
#12585 = LINE('',#12586,#12587);
#12586 = CARTESIAN_POINT('',(0.,0.));
#12587 = VECTOR('',#12588,1.);
#12588 = DIRECTION('',(0.,-1.));
#12589 = ( GEOMETRIC_REPRESENTATION_CONTEXT(2) 
PARAMETRIC_REPRESENTATION_CONTEXT() REPRESENTATION_CONTEXT('2D SPACE',''
  ) );
#12590 = ADVANCED_FACE('',(#12591),#4541,.T.);
#12591 = FACE_BOUND('',#12592,.T.);
#12592 = EDGE_LOOP('',(#12593,#12594,#12595,#12596));
#12593 = ORIENTED_EDGE('',*,*,#4526,.T.);
#12594 = ORIENTED_EDGE('',*,*,#12570,.T.);
#12595 = ORIENTED_EDGE('',*,*,#8744,.F.);
#12596 = ORIENTED_EDGE('',*,*,#12597,.F.);
#12597 = EDGE_CURVE('',#4501,#8724,#12598,.T.);
#12598 = SURFACE_CURVE('',#12599,(#12603,#12610),.PCURVE_S1.);
#12599 = LINE('',#12600,#12601);
#12600 = CARTESIAN_POINT('',(12.,-3.84133191323,15.613000892228));
#12601 = VECTOR('',#12602,1.);
#12602 = DIRECTION('',(1.,0.,0.));
#12603 = PCURVE('',#4541,#12604);
#12604 = DEFINITIONAL_REPRESENTATION('',(#12605),#12609);
#12605 = LINE('',#12606,#12607);
#12606 = CARTESIAN_POINT('',(0.341448919247,0.));
#12607 = VECTOR('',#12608,1.);
#12608 = DIRECTION('',(0.,-1.));
#12609 = ( GEOMETRIC_REPRESENTATION_CONTEXT(2) 
PARAMETRIC_REPRESENTATION_CONTEXT() REPRESENTATION_CONTEXT('2D SPACE',''
  ) );
#12610 = PCURVE('',#4515,#12611);
#12611 = DEFINITIONAL_REPRESENTATION('',(#12612),#12616);
#12612 = LINE('',#12613,#12614);
#12613 = CARTESIAN_POINT('',(0.,0.));
#12614 = VECTOR('',#12615,1.);
#12615 = DIRECTION('',(0.,-1.));
#12616 = ( GEOMETRIC_REPRESENTATION_CONTEXT(2) 
PARAMETRIC_REPRESENTATION_CONTEXT() REPRESENTATION_CONTEXT('2D SPACE',''
  ) );
#12617 = ADVANCED_FACE('',(#12618),#4515,.T.);
#12618 = FACE_BOUND('',#12619,.T.);
#12619 = EDGE_LOOP('',(#12620,#12621,#12622,#12623));
#12620 = ORIENTED_EDGE('',*,*,#4500,.T.);
#12621 = ORIENTED_EDGE('',*,*,#12597,.T.);
#12622 = ORIENTED_EDGE('',*,*,#8723,.F.);
#12623 = ORIENTED_EDGE('',*,*,#12624,.F.);
#12624 = EDGE_CURVE('',#4475,#8703,#12625,.T.);
#12625 = SURFACE_CURVE('',#12626,(#12630,#12637),.PCURVE_S1.);
#12626 = LINE('',#12627,#12628);
#12627 = CARTESIAN_POINT('',(12.,-4.181728259412,15.586211118786));
#12628 = VECTOR('',#12629,1.);
#12629 = DIRECTION('',(1.,0.,0.));
#12630 = PCURVE('',#4515,#12631);
#12631 = DEFINITIONAL_REPRESENTATION('',(#12632),#12636);
#12632 = LINE('',#12633,#12634);
#12633 = CARTESIAN_POINT('',(0.341448919247,0.));
#12634 = VECTOR('',#12635,1.);
#12635 = DIRECTION('',(0.,-1.));
#12636 = ( GEOMETRIC_REPRESENTATION_CONTEXT(2) 
PARAMETRIC_REPRESENTATION_CONTEXT() REPRESENTATION_CONTEXT('2D SPACE',''
  ) );
#12637 = PCURVE('',#4489,#12638);
#12638 = DEFINITIONAL_REPRESENTATION('',(#12639),#12643);
#12639 = LINE('',#12640,#12641);
#12640 = CARTESIAN_POINT('',(0.,0.));
#12641 = VECTOR('',#12642,1.);
#12642 = DIRECTION('',(0.,-1.));
#12643 = ( GEOMETRIC_REPRESENTATION_CONTEXT(2) 
PARAMETRIC_REPRESENTATION_CONTEXT() REPRESENTATION_CONTEXT('2D SPACE',''
  ) );
#12644 = ADVANCED_FACE('',(#12645),#4489,.T.);
#12645 = FACE_BOUND('',#12646,.T.);
#12646 = EDGE_LOOP('',(#12647,#12648,#12649,#12650));
#12647 = ORIENTED_EDGE('',*,*,#4474,.T.);
#12648 = ORIENTED_EDGE('',*,*,#12624,.T.);
#12649 = ORIENTED_EDGE('',*,*,#8702,.F.);
#12650 = ORIENTED_EDGE('',*,*,#12651,.F.);
#12651 = EDGE_CURVE('',#4449,#8682,#12652,.T.);
#12652 = SURFACE_CURVE('',#12653,(#12657,#12664),.PCURVE_S1.);
#12653 = LINE('',#12654,#12655);
#12654 = CARTESIAN_POINT('',(12.,-4.520256035821,15.541643091519));
#12655 = VECTOR('',#12656,1.);
#12656 = DIRECTION('',(1.,0.,0.));
#12657 = PCURVE('',#4489,#12658);
#12658 = DEFINITIONAL_REPRESENTATION('',(#12659),#12663);
#12659 = LINE('',#12660,#12661);
#12660 = CARTESIAN_POINT('',(0.341448919247,0.));
#12661 = VECTOR('',#12662,1.);
#12662 = DIRECTION('',(0.,-1.));
#12663 = ( GEOMETRIC_REPRESENTATION_CONTEXT(2) 
PARAMETRIC_REPRESENTATION_CONTEXT() REPRESENTATION_CONTEXT('2D SPACE',''
  ) );
#12664 = PCURVE('',#4463,#12665);
#12665 = DEFINITIONAL_REPRESENTATION('',(#12666),#12670);
#12666 = LINE('',#12667,#12668);
#12667 = CARTESIAN_POINT('',(0.,0.));
#12668 = VECTOR('',#12669,1.);
#12669 = DIRECTION('',(0.,-1.));
#12670 = ( GEOMETRIC_REPRESENTATION_CONTEXT(2) 
PARAMETRIC_REPRESENTATION_CONTEXT() REPRESENTATION_CONTEXT('2D SPACE',''
  ) );
#12671 = ADVANCED_FACE('',(#12672),#4463,.T.);
#12672 = FACE_BOUND('',#12673,.T.);
#12673 = EDGE_LOOP('',(#12674,#12675,#12676,#12677));
#12674 = ORIENTED_EDGE('',*,*,#4448,.T.);
#12675 = ORIENTED_EDGE('',*,*,#12651,.T.);
#12676 = ORIENTED_EDGE('',*,*,#8681,.F.);
#12677 = ORIENTED_EDGE('',*,*,#12678,.F.);
#12678 = EDGE_CURVE('',#4423,#8661,#12679,.T.);
#12679 = SURFACE_CURVE('',#12680,(#12684,#12691),.PCURVE_S1.);
#12680 = LINE('',#12681,#12682);
#12681 = CARTESIAN_POINT('',(12.,-4.855987361353,15.479418968292));
#12682 = VECTOR('',#12683,1.);
#12683 = DIRECTION('',(1.,0.,0.));
#12684 = PCURVE('',#4463,#12685);
#12685 = DEFINITIONAL_REPRESENTATION('',(#12686),#12690);
#12686 = LINE('',#12687,#12688);
#12687 = CARTESIAN_POINT('',(0.341448919247,0.));
#12688 = VECTOR('',#12689,1.);
#12689 = DIRECTION('',(0.,-1.));
#12690 = ( GEOMETRIC_REPRESENTATION_CONTEXT(2) 
PARAMETRIC_REPRESENTATION_CONTEXT() REPRESENTATION_CONTEXT('2D SPACE',''
  ) );
#12691 = PCURVE('',#4437,#12692);
#12692 = DEFINITIONAL_REPRESENTATION('',(#12693),#12697);
#12693 = LINE('',#12694,#12695);
#12694 = CARTESIAN_POINT('',(0.,0.));
#12695 = VECTOR('',#12696,1.);
#12696 = DIRECTION('',(0.,-1.));
#12697 = ( GEOMETRIC_REPRESENTATION_CONTEXT(2) 
PARAMETRIC_REPRESENTATION_CONTEXT() REPRESENTATION_CONTEXT('2D SPACE',''
  ) );
#12698 = ADVANCED_FACE('',(#12699),#4437,.T.);
#12699 = FACE_BOUND('',#12700,.T.);
#12700 = EDGE_LOOP('',(#12701,#12702,#12703,#12704));
#12701 = ORIENTED_EDGE('',*,*,#4422,.T.);
#12702 = ORIENTED_EDGE('',*,*,#12678,.T.);
#12703 = ORIENTED_EDGE('',*,*,#8660,.F.);
#12704 = ORIENTED_EDGE('',*,*,#12705,.F.);
#12705 = EDGE_CURVE('',#4397,#8640,#12706,.T.);
#12706 = SURFACE_CURVE('',#12707,(#12711,#12718),.PCURVE_S1.);
#12707 = LINE('',#12708,#12709);
#12708 = CARTESIAN_POINT('',(12.,-5.188002019781,15.3997093011));
#12709 = VECTOR('',#12710,1.);
#12710 = DIRECTION('',(1.,0.,0.));
#12711 = PCURVE('',#4437,#12712);
#12712 = DEFINITIONAL_REPRESENTATION('',(#12713),#12717);
#12713 = LINE('',#12714,#12715);
#12714 = CARTESIAN_POINT('',(0.341448919247,0.));
#12715 = VECTOR('',#12716,1.);
#12716 = DIRECTION('',(0.,-1.));
#12717 = ( GEOMETRIC_REPRESENTATION_CONTEXT(2) 
PARAMETRIC_REPRESENTATION_CONTEXT() REPRESENTATION_CONTEXT('2D SPACE',''
  ) );
#12718 = PCURVE('',#4411,#12719);
#12719 = DEFINITIONAL_REPRESENTATION('',(#12720),#12724);
#12720 = LINE('',#12721,#12722);
#12721 = CARTESIAN_POINT('',(0.,0.));
#12722 = VECTOR('',#12723,1.);
#12723 = DIRECTION('',(0.,-1.));
#12724 = ( GEOMETRIC_REPRESENTATION_CONTEXT(2) 
PARAMETRIC_REPRESENTATION_CONTEXT() REPRESENTATION_CONTEXT('2D SPACE',''
  ) );
#12725 = ADVANCED_FACE('',(#12726),#4411,.T.);
#12726 = FACE_BOUND('',#12727,.T.);
#12727 = EDGE_LOOP('',(#12728,#12729,#12730,#12731));
#12728 = ORIENTED_EDGE('',*,*,#4396,.T.);
#12729 = ORIENTED_EDGE('',*,*,#12705,.T.);
#12730 = ORIENTED_EDGE('',*,*,#8639,.F.);
#12731 = ORIENTED_EDGE('',*,*,#12732,.F.);
#12732 = EDGE_CURVE('',#4371,#8619,#12733,.T.);
#12733 = SURFACE_CURVE('',#12734,(#12738,#12745),.PCURVE_S1.);
#12734 = LINE('',#12735,#12736);
#12735 = CARTESIAN_POINT('',(12.,-5.515389982004,15.302732568601));
#12736 = VECTOR('',#12737,1.);
#12737 = DIRECTION('',(1.,0.,0.));
#12738 = PCURVE('',#4411,#12739);
#12739 = DEFINITIONAL_REPRESENTATION('',(#12740),#12744);
#12740 = LINE('',#12741,#12742);
#12741 = CARTESIAN_POINT('',(0.341448919247,0.));
#12742 = VECTOR('',#12743,1.);
#12743 = DIRECTION('',(0.,-1.));
#12744 = ( GEOMETRIC_REPRESENTATION_CONTEXT(2) 
PARAMETRIC_REPRESENTATION_CONTEXT() REPRESENTATION_CONTEXT('2D SPACE',''
  ) );
#12745 = PCURVE('',#4385,#12746);
#12746 = DEFINITIONAL_REPRESENTATION('',(#12747),#12751);
#12747 = LINE('',#12748,#12749);
#12748 = CARTESIAN_POINT('',(0.,0.));
#12749 = VECTOR('',#12750,1.);
#12750 = DIRECTION('',(0.,-1.));
#12751 = ( GEOMETRIC_REPRESENTATION_CONTEXT(2) 
PARAMETRIC_REPRESENTATION_CONTEXT() REPRESENTATION_CONTEXT('2D SPACE',''
  ) );
#12752 = ADVANCED_FACE('',(#12753),#4385,.T.);
#12753 = FACE_BOUND('',#12754,.T.);
#12754 = EDGE_LOOP('',(#12755,#12756,#12757,#12758));
#12755 = ORIENTED_EDGE('',*,*,#4370,.T.);
#12756 = ORIENTED_EDGE('',*,*,#12732,.T.);
#12757 = ORIENTED_EDGE('',*,*,#8618,.F.);
#12758 = ORIENTED_EDGE('',*,*,#12759,.F.);
#12759 = EDGE_CURVE('',#4345,#8598,#12760,.T.);
#12760 = SURFACE_CURVE('',#12761,(#12765,#12772),.PCURVE_S1.);
#12761 = LINE('',#12762,#12763);
#12762 = CARTESIAN_POINT('',(12.,-5.837253900375,15.188754577279));
#12763 = VECTOR('',#12764,1.);
#12764 = DIRECTION('',(1.,0.,0.));
#12765 = PCURVE('',#4385,#12766);
#12766 = DEFINITIONAL_REPRESENTATION('',(#12767),#12771);
#12767 = LINE('',#12768,#12769);
#12768 = CARTESIAN_POINT('',(0.341448919247,0.));
#12769 = VECTOR('',#12770,1.);
#12770 = DIRECTION('',(0.,-1.));
#12771 = ( GEOMETRIC_REPRESENTATION_CONTEXT(2) 
PARAMETRIC_REPRESENTATION_CONTEXT() REPRESENTATION_CONTEXT('2D SPACE',''
  ) );
#12772 = PCURVE('',#4359,#12773);
#12773 = DEFINITIONAL_REPRESENTATION('',(#12774),#12778);
#12774 = LINE('',#12775,#12776);
#12775 = CARTESIAN_POINT('',(0.,0.));
#12776 = VECTOR('',#12777,1.);
#12777 = DIRECTION('',(0.,-1.));
#12778 = ( GEOMETRIC_REPRESENTATION_CONTEXT(2) 
PARAMETRIC_REPRESENTATION_CONTEXT() REPRESENTATION_CONTEXT('2D SPACE',''
  ) );
#12779 = ADVANCED_FACE('',(#12780),#4359,.T.);
#12780 = FACE_BOUND('',#12781,.T.);
#12781 = EDGE_LOOP('',(#12782,#12783,#12784,#12785));
#12782 = ORIENTED_EDGE('',*,*,#4344,.T.);
#12783 = ORIENTED_EDGE('',*,*,#12759,.T.);
#12784 = ORIENTED_EDGE('',*,*,#8597,.F.);
#12785 = ORIENTED_EDGE('',*,*,#12786,.F.);
#12786 = EDGE_CURVE('',#4319,#8577,#12787,.T.);
#12787 = SURFACE_CURVE('',#12788,(#12792,#12799),.PCURVE_S1.);
#12788 = LINE('',#12789,#12790);
#12789 = CARTESIAN_POINT('',(12.,-6.152711568265,15.058087732884));
#12790 = VECTOR('',#12791,1.);
#12791 = DIRECTION('',(1.,0.,0.));
#12792 = PCURVE('',#4359,#12793);
#12793 = DEFINITIONAL_REPRESENTATION('',(#12794),#12798);
#12794 = LINE('',#12795,#12796);
#12795 = CARTESIAN_POINT('',(0.341448919247,0.));
#12796 = VECTOR('',#12797,1.);
#12797 = DIRECTION('',(0.,-1.));
#12798 = ( GEOMETRIC_REPRESENTATION_CONTEXT(2) 
PARAMETRIC_REPRESENTATION_CONTEXT() REPRESENTATION_CONTEXT('2D SPACE',''
  ) );
#12799 = PCURVE('',#4333,#12800);
#12800 = DEFINITIONAL_REPRESENTATION('',(#12801),#12805);
#12801 = LINE('',#12802,#12803);
#12802 = CARTESIAN_POINT('',(0.,0.));
#12803 = VECTOR('',#12804,1.);
#12804 = DIRECTION('',(0.,-1.));
#12805 = ( GEOMETRIC_REPRESENTATION_CONTEXT(2) 
PARAMETRIC_REPRESENTATION_CONTEXT() REPRESENTATION_CONTEXT('2D SPACE',''
  ) );
#12806 = ADVANCED_FACE('',(#12807),#4333,.T.);
#12807 = FACE_BOUND('',#12808,.T.);
#12808 = EDGE_LOOP('',(#12809,#12810,#12811,#12812));
#12809 = ORIENTED_EDGE('',*,*,#4318,.T.);
#12810 = ORIENTED_EDGE('',*,*,#12786,.T.);
#12811 = ORIENTED_EDGE('',*,*,#8576,.F.);
#12812 = ORIENTED_EDGE('',*,*,#12813,.F.);
#12813 = EDGE_CURVE('',#4293,#8556,#12814,.T.);
#12814 = SURFACE_CURVE('',#12815,(#12819,#12826),.PCURVE_S1.);
#12815 = LINE('',#12816,#12817);
#12816 = CARTESIAN_POINT('',(12.,-6.460898338134,14.911090184155));
#12817 = VECTOR('',#12818,1.);
#12818 = DIRECTION('',(1.,0.,0.));
#12819 = PCURVE('',#4333,#12820);
#12820 = DEFINITIONAL_REPRESENTATION('',(#12821),#12825);
#12821 = LINE('',#12822,#12823);
#12822 = CARTESIAN_POINT('',(0.341448919247,0.));
#12823 = VECTOR('',#12824,1.);
#12824 = DIRECTION('',(0.,-1.));
#12825 = ( GEOMETRIC_REPRESENTATION_CONTEXT(2) 
PARAMETRIC_REPRESENTATION_CONTEXT() REPRESENTATION_CONTEXT('2D SPACE',''
  ) );
#12826 = PCURVE('',#4307,#12827);
#12827 = DEFINITIONAL_REPRESENTATION('',(#12828),#12832);
#12828 = LINE('',#12829,#12830);
#12829 = CARTESIAN_POINT('',(0.,0.));
#12830 = VECTOR('',#12831,1.);
#12831 = DIRECTION('',(0.,-1.));
#12832 = ( GEOMETRIC_REPRESENTATION_CONTEXT(2) 
PARAMETRIC_REPRESENTATION_CONTEXT() REPRESENTATION_CONTEXT('2D SPACE',''
  ) );
#12833 = ADVANCED_FACE('',(#12834),#4307,.T.);
#12834 = FACE_BOUND('',#12835,.T.);
#12835 = EDGE_LOOP('',(#12836,#12837,#12838,#12839));
#12836 = ORIENTED_EDGE('',*,*,#4292,.T.);
#12837 = ORIENTED_EDGE('',*,*,#12813,.T.);
#12838 = ORIENTED_EDGE('',*,*,#8555,.F.);
#12839 = ORIENTED_EDGE('',*,*,#12840,.F.);
#12840 = EDGE_CURVE('',#4267,#8535,#12841,.T.);
#12841 = SURFACE_CURVE('',#12842,(#12846,#12853),.PCURVE_S1.);
#12842 = LINE('',#12843,#12844);
#12843 = CARTESIAN_POINT('',(12.,-6.760969491468,14.748164841155));
#12844 = VECTOR('',#12845,1.);
#12845 = DIRECTION('',(1.,0.,0.));
#12846 = PCURVE('',#4307,#12847);
#12847 = DEFINITIONAL_REPRESENTATION('',(#12848),#12852);
#12848 = LINE('',#12849,#12850);
#12849 = CARTESIAN_POINT('',(0.341448919247,0.));
#12850 = VECTOR('',#12851,1.);
#12851 = DIRECTION('',(0.,-1.));
#12852 = ( GEOMETRIC_REPRESENTATION_CONTEXT(2) 
PARAMETRIC_REPRESENTATION_CONTEXT() REPRESENTATION_CONTEXT('2D SPACE',''
  ) );
#12853 = PCURVE('',#4281,#12854);
#12854 = DEFINITIONAL_REPRESENTATION('',(#12855),#12859);
#12855 = LINE('',#12856,#12857);
#12856 = CARTESIAN_POINT('',(0.,0.));
#12857 = VECTOR('',#12858,1.);
#12858 = DIRECTION('',(0.,-1.));
#12859 = ( GEOMETRIC_REPRESENTATION_CONTEXT(2) 
PARAMETRIC_REPRESENTATION_CONTEXT() REPRESENTATION_CONTEXT('2D SPACE',''
  ) );
#12860 = ADVANCED_FACE('',(#12861),#4281,.T.);
#12861 = FACE_BOUND('',#12862,.T.);
#12862 = EDGE_LOOP('',(#12863,#12864,#12865,#12866));
#12863 = ORIENTED_EDGE('',*,*,#4266,.T.);
#12864 = ORIENTED_EDGE('',*,*,#12840,.T.);
#12865 = ORIENTED_EDGE('',*,*,#8534,.F.);
#12866 = ORIENTED_EDGE('',*,*,#12867,.F.);
#12867 = EDGE_CURVE('',#4241,#8514,#12868,.T.);
#12868 = SURFACE_CURVE('',#12869,(#12873,#12880),.PCURVE_S1.);
#12869 = LINE('',#12870,#12871);
#12870 = CARTESIAN_POINT('',(12.,-7.052102554093,14.569758270925));
#12871 = VECTOR('',#12872,1.);
#12872 = DIRECTION('',(1.,0.,0.));
#12873 = PCURVE('',#4281,#12874);
#12874 = DEFINITIONAL_REPRESENTATION('',(#12875),#12879);
#12875 = LINE('',#12876,#12877);
#12876 = CARTESIAN_POINT('',(0.341448919247,0.));
#12877 = VECTOR('',#12878,1.);
#12878 = DIRECTION('',(0.,-1.));
#12879 = ( GEOMETRIC_REPRESENTATION_CONTEXT(2) 
PARAMETRIC_REPRESENTATION_CONTEXT() REPRESENTATION_CONTEXT('2D SPACE',''
  ) );
#12880 = PCURVE('',#4255,#12881);
#12881 = DEFINITIONAL_REPRESENTATION('',(#12882),#12886);
#12882 = LINE('',#12883,#12884);
#12883 = CARTESIAN_POINT('',(0.,0.));
#12884 = VECTOR('',#12885,1.);
#12885 = DIRECTION('',(0.,-1.));
#12886 = ( GEOMETRIC_REPRESENTATION_CONTEXT(2) 
PARAMETRIC_REPRESENTATION_CONTEXT() REPRESENTATION_CONTEXT('2D SPACE',''
  ) );
#12887 = ADVANCED_FACE('',(#12888),#4255,.T.);
#12888 = FACE_BOUND('',#12889,.T.);
#12889 = EDGE_LOOP('',(#12890,#12891,#12892,#12893));
#12890 = ORIENTED_EDGE('',*,*,#4240,.T.);
#12891 = ORIENTED_EDGE('',*,*,#12867,.T.);
#12892 = ORIENTED_EDGE('',*,*,#8513,.F.);
#12893 = ORIENTED_EDGE('',*,*,#12894,.F.);
#12894 = EDGE_CURVE('',#4215,#8493,#12895,.T.);
#12895 = SURFACE_CURVE('',#12896,(#12900,#12907),.PCURVE_S1.);
#12896 = LINE('',#12897,#12898);
#12897 = CARTESIAN_POINT('',(12.,-7.333499550522,14.376359473472));
#12898 = VECTOR('',#12899,1.);
#12899 = DIRECTION('',(1.,0.,0.));
#12900 = PCURVE('',#4255,#12901);
#12901 = DEFINITIONAL_REPRESENTATION('',(#12902),#12906);
#12902 = LINE('',#12903,#12904);
#12903 = CARTESIAN_POINT('',(0.341448919247,0.));
#12904 = VECTOR('',#12905,1.);
#12905 = DIRECTION('',(0.,-1.));
#12906 = ( GEOMETRIC_REPRESENTATION_CONTEXT(2) 
PARAMETRIC_REPRESENTATION_CONTEXT() REPRESENTATION_CONTEXT('2D SPACE',''
  ) );
#12907 = PCURVE('',#4229,#12908);
#12908 = DEFINITIONAL_REPRESENTATION('',(#12909),#12913);
#12909 = LINE('',#12910,#12911);
#12910 = CARTESIAN_POINT('',(0.,0.));
#12911 = VECTOR('',#12912,1.);
#12912 = DIRECTION('',(0.,-1.));
#12913 = ( GEOMETRIC_REPRESENTATION_CONTEXT(2) 
PARAMETRIC_REPRESENTATION_CONTEXT() REPRESENTATION_CONTEXT('2D SPACE',''
  ) );
#12914 = ADVANCED_FACE('',(#12915),#4229,.T.);
#12915 = FACE_BOUND('',#12916,.T.);
#12916 = EDGE_LOOP('',(#12917,#12918,#12919,#12920));
#12917 = ORIENTED_EDGE('',*,*,#4214,.T.);
#12918 = ORIENTED_EDGE('',*,*,#12894,.T.);
#12919 = ORIENTED_EDGE('',*,*,#8492,.F.);
#12920 = ORIENTED_EDGE('',*,*,#12921,.F.);
#12921 = EDGE_CURVE('',#4189,#8472,#12922,.T.);
#12922 = SURFACE_CURVE('',#12923,(#12927,#12934),.PCURVE_S1.);
#12923 = LINE('',#12924,#12925);
#12924 = CARTESIAN_POINT('',(12.,-7.604389191145,14.168498541458));
#12925 = VECTOR('',#12926,1.);
#12926 = DIRECTION('',(1.,0.,0.));
#12927 = PCURVE('',#4229,#12928);
#12928 = DEFINITIONAL_REPRESENTATION('',(#12929),#12933);
#12929 = LINE('',#12930,#12931);
#12930 = CARTESIAN_POINT('',(0.341448919247,0.));
#12931 = VECTOR('',#12932,1.);
#12932 = DIRECTION('',(0.,-1.));
#12933 = ( GEOMETRIC_REPRESENTATION_CONTEXT(2) 
PARAMETRIC_REPRESENTATION_CONTEXT() REPRESENTATION_CONTEXT('2D SPACE',''
  ) );
#12934 = PCURVE('',#4203,#12935);
#12935 = DEFINITIONAL_REPRESENTATION('',(#12936),#12940);
#12936 = LINE('',#12937,#12938);
#12937 = CARTESIAN_POINT('',(0.,0.));
#12938 = VECTOR('',#12939,1.);
#12939 = DIRECTION('',(0.,-1.));
#12940 = ( GEOMETRIC_REPRESENTATION_CONTEXT(2) 
PARAMETRIC_REPRESENTATION_CONTEXT() REPRESENTATION_CONTEXT('2D SPACE',''
  ) );
#12941 = ADVANCED_FACE('',(#12942),#4203,.T.);
#12942 = FACE_BOUND('',#12943,.T.);
#12943 = EDGE_LOOP('',(#12944,#12945,#12946,#12947));
#12944 = ORIENTED_EDGE('',*,*,#4188,.T.);
#12945 = ORIENTED_EDGE('',*,*,#12921,.T.);
#12946 = ORIENTED_EDGE('',*,*,#8471,.F.);
#12947 = ORIENTED_EDGE('',*,*,#12948,.F.);
#12948 = EDGE_CURVE('',#4163,#8451,#12949,.T.);
#12949 = SURFACE_CURVE('',#12950,(#12954,#12961),.PCURVE_S1.);
#12950 = LINE('',#12951,#12952);
#12951 = CARTESIAN_POINT('',(12.,-7.864028986288,13.946745207249));
#12952 = VECTOR('',#12953,1.);
#12953 = DIRECTION('',(1.,0.,0.));
#12954 = PCURVE('',#4203,#12955);
#12955 = DEFINITIONAL_REPRESENTATION('',(#12956),#12960);
#12956 = LINE('',#12957,#12958);
#12957 = CARTESIAN_POINT('',(0.341448919247,0.));
#12958 = VECTOR('',#12959,1.);
#12959 = DIRECTION('',(0.,-1.));
#12960 = ( GEOMETRIC_REPRESENTATION_CONTEXT(2) 
PARAMETRIC_REPRESENTATION_CONTEXT() REPRESENTATION_CONTEXT('2D SPACE',''
  ) );
#12961 = PCURVE('',#4177,#12962);
#12962 = DEFINITIONAL_REPRESENTATION('',(#12963),#12967);
#12963 = LINE('',#12964,#12965);
#12964 = CARTESIAN_POINT('',(0.,0.));
#12965 = VECTOR('',#12966,1.);
#12966 = DIRECTION('',(0.,-1.));
#12967 = ( GEOMETRIC_REPRESENTATION_CONTEXT(2) 
PARAMETRIC_REPRESENTATION_CONTEXT() REPRESENTATION_CONTEXT('2D SPACE',''
  ) );
#12968 = ADVANCED_FACE('',(#12969),#4177,.T.);
#12969 = FACE_BOUND('',#12970,.T.);
#12970 = EDGE_LOOP('',(#12971,#12972,#12973,#12974));
#12971 = ORIENTED_EDGE('',*,*,#4162,.T.);
#12972 = ORIENTED_EDGE('',*,*,#12948,.T.);
#12973 = ORIENTED_EDGE('',*,*,#8450,.F.);
#12974 = ORIENTED_EDGE('',*,*,#12975,.F.);
#12975 = EDGE_CURVE('',#4137,#8430,#12976,.T.);
#12976 = SURFACE_CURVE('',#12977,(#12981,#12988),.PCURVE_S1.);
#12977 = LINE('',#12978,#12979);
#12978 = CARTESIAN_POINT('',(12.,-8.111707281319,13.711707281319));
#12979 = VECTOR('',#12980,1.);
#12980 = DIRECTION('',(1.,0.,0.));
#12981 = PCURVE('',#4177,#12982);
#12982 = DEFINITIONAL_REPRESENTATION('',(#12983),#12987);
#12983 = LINE('',#12984,#12985);
#12984 = CARTESIAN_POINT('',(0.341448919247,0.));
#12985 = VECTOR('',#12986,1.);
#12986 = DIRECTION('',(0.,-1.));
#12987 = ( GEOMETRIC_REPRESENTATION_CONTEXT(2) 
PARAMETRIC_REPRESENTATION_CONTEXT() REPRESENTATION_CONTEXT('2D SPACE',''
  ) );
#12988 = PCURVE('',#4151,#12989);
#12989 = DEFINITIONAL_REPRESENTATION('',(#12990),#12994);
#12990 = LINE('',#12991,#12992);
#12991 = CARTESIAN_POINT('',(0.,0.));
#12992 = VECTOR('',#12993,1.);
#12993 = DIRECTION('',(0.,-1.));
#12994 = ( GEOMETRIC_REPRESENTATION_CONTEXT(2) 
PARAMETRIC_REPRESENTATION_CONTEXT() REPRESENTATION_CONTEXT('2D SPACE',''
  ) );
#12995 = ADVANCED_FACE('',(#12996),#4151,.T.);
#12996 = FACE_BOUND('',#12997,.T.);
#12997 = EDGE_LOOP('',(#12998,#12999,#13000,#13001));
#12998 = ORIENTED_EDGE('',*,*,#4136,.T.);
#12999 = ORIENTED_EDGE('',*,*,#12975,.T.);
#13000 = ORIENTED_EDGE('',*,*,#8429,.F.);
#13001 = ORIENTED_EDGE('',*,*,#13002,.F.);
#13002 = EDGE_CURVE('',#4111,#8409,#13003,.T.);
#13003 = SURFACE_CURVE('',#13004,(#13008,#13015),.PCURVE_S1.);
#13004 = LINE('',#13005,#13006);
#13005 = CARTESIAN_POINT('',(12.,-8.346745207249,13.464028986288));
#13006 = VECTOR('',#13007,1.);
#13007 = DIRECTION('',(1.,0.,0.));
#13008 = PCURVE('',#4151,#13009);
#13009 = DEFINITIONAL_REPRESENTATION('',(#13010),#13014);
#13010 = LINE('',#13011,#13012);
#13011 = CARTESIAN_POINT('',(0.341448919247,0.));
#13012 = VECTOR('',#13013,1.);
#13013 = DIRECTION('',(0.,-1.));
#13014 = ( GEOMETRIC_REPRESENTATION_CONTEXT(2) 
PARAMETRIC_REPRESENTATION_CONTEXT() REPRESENTATION_CONTEXT('2D SPACE',''
  ) );
#13015 = PCURVE('',#4125,#13016);
#13016 = DEFINITIONAL_REPRESENTATION('',(#13017),#13021);
#13017 = LINE('',#13018,#13019);
#13018 = CARTESIAN_POINT('',(0.,0.));
#13019 = VECTOR('',#13020,1.);
#13020 = DIRECTION('',(0.,-1.));
#13021 = ( GEOMETRIC_REPRESENTATION_CONTEXT(2) 
PARAMETRIC_REPRESENTATION_CONTEXT() REPRESENTATION_CONTEXT('2D SPACE',''
  ) );
#13022 = ADVANCED_FACE('',(#13023),#4125,.T.);
#13023 = FACE_BOUND('',#13024,.T.);
#13024 = EDGE_LOOP('',(#13025,#13026,#13027,#13028));
#13025 = ORIENTED_EDGE('',*,*,#4110,.T.);
#13026 = ORIENTED_EDGE('',*,*,#13002,.T.);
#13027 = ORIENTED_EDGE('',*,*,#8408,.F.);
#13028 = ORIENTED_EDGE('',*,*,#13029,.F.);
#13029 = EDGE_CURVE('',#4085,#8388,#13030,.T.);
#13030 = SURFACE_CURVE('',#13031,(#13035,#13042),.PCURVE_S1.);
#13031 = LINE('',#13032,#13033);
#13032 = CARTESIAN_POINT('',(12.,-8.568498541458,13.204389191145));
#13033 = VECTOR('',#13034,1.);
#13034 = DIRECTION('',(1.,0.,0.));
#13035 = PCURVE('',#4125,#13036);
#13036 = DEFINITIONAL_REPRESENTATION('',(#13037),#13041);
#13037 = LINE('',#13038,#13039);
#13038 = CARTESIAN_POINT('',(0.341448919247,0.));
#13039 = VECTOR('',#13040,1.);
#13040 = DIRECTION('',(0.,-1.));
#13041 = ( GEOMETRIC_REPRESENTATION_CONTEXT(2) 
PARAMETRIC_REPRESENTATION_CONTEXT() REPRESENTATION_CONTEXT('2D SPACE',''
  ) );
#13042 = PCURVE('',#4099,#13043);
#13043 = DEFINITIONAL_REPRESENTATION('',(#13044),#13048);
#13044 = LINE('',#13045,#13046);
#13045 = CARTESIAN_POINT('',(0.,0.));
#13046 = VECTOR('',#13047,1.);
#13047 = DIRECTION('',(0.,-1.));
#13048 = ( GEOMETRIC_REPRESENTATION_CONTEXT(2) 
PARAMETRIC_REPRESENTATION_CONTEXT() REPRESENTATION_CONTEXT('2D SPACE',''
  ) );
#13049 = ADVANCED_FACE('',(#13050),#4099,.T.);
#13050 = FACE_BOUND('',#13051,.T.);
#13051 = EDGE_LOOP('',(#13052,#13053,#13054,#13055));
#13052 = ORIENTED_EDGE('',*,*,#4084,.T.);
#13053 = ORIENTED_EDGE('',*,*,#13029,.T.);
#13054 = ORIENTED_EDGE('',*,*,#8387,.F.);
#13055 = ORIENTED_EDGE('',*,*,#13056,.F.);
#13056 = EDGE_CURVE('',#4059,#8367,#13057,.T.);
#13057 = SURFACE_CURVE('',#13058,(#13062,#13069),.PCURVE_S1.);
#13058 = LINE('',#13059,#13060);
#13059 = CARTESIAN_POINT('',(12.,-8.776359473472,12.933499550522));
#13060 = VECTOR('',#13061,1.);
#13061 = DIRECTION('',(1.,0.,0.));
#13062 = PCURVE('',#4099,#13063);
#13063 = DEFINITIONAL_REPRESENTATION('',(#13064),#13068);
#13064 = LINE('',#13065,#13066);
#13065 = CARTESIAN_POINT('',(0.341448919247,0.));
#13066 = VECTOR('',#13067,1.);
#13067 = DIRECTION('',(0.,-1.));
#13068 = ( GEOMETRIC_REPRESENTATION_CONTEXT(2) 
PARAMETRIC_REPRESENTATION_CONTEXT() REPRESENTATION_CONTEXT('2D SPACE',''
  ) );
#13069 = PCURVE('',#4073,#13070);
#13070 = DEFINITIONAL_REPRESENTATION('',(#13071),#13075);
#13071 = LINE('',#13072,#13073);
#13072 = CARTESIAN_POINT('',(0.,0.));
#13073 = VECTOR('',#13074,1.);
#13074 = DIRECTION('',(0.,-1.));
#13075 = ( GEOMETRIC_REPRESENTATION_CONTEXT(2) 
PARAMETRIC_REPRESENTATION_CONTEXT() REPRESENTATION_CONTEXT('2D SPACE',''
  ) );
#13076 = ADVANCED_FACE('',(#13077),#4073,.T.);
#13077 = FACE_BOUND('',#13078,.T.);
#13078 = EDGE_LOOP('',(#13079,#13080,#13081,#13082));
#13079 = ORIENTED_EDGE('',*,*,#4058,.T.);
#13080 = ORIENTED_EDGE('',*,*,#13056,.T.);
#13081 = ORIENTED_EDGE('',*,*,#8366,.F.);
#13082 = ORIENTED_EDGE('',*,*,#13083,.F.);
#13083 = EDGE_CURVE('',#4033,#8346,#13084,.T.);
#13084 = SURFACE_CURVE('',#13085,(#13089,#13096),.PCURVE_S1.);
#13085 = LINE('',#13086,#13087);
#13086 = CARTESIAN_POINT('',(12.,-8.969758270925,12.652102554093));
#13087 = VECTOR('',#13088,1.);
#13088 = DIRECTION('',(1.,0.,0.));
#13089 = PCURVE('',#4073,#13090);
#13090 = DEFINITIONAL_REPRESENTATION('',(#13091),#13095);
#13091 = LINE('',#13092,#13093);
#13092 = CARTESIAN_POINT('',(0.341448919247,0.));
#13093 = VECTOR('',#13094,1.);
#13094 = DIRECTION('',(0.,-1.));
#13095 = ( GEOMETRIC_REPRESENTATION_CONTEXT(2) 
PARAMETRIC_REPRESENTATION_CONTEXT() REPRESENTATION_CONTEXT('2D SPACE',''
  ) );
#13096 = PCURVE('',#4047,#13097);
#13097 = DEFINITIONAL_REPRESENTATION('',(#13098),#13102);
#13098 = LINE('',#13099,#13100);
#13099 = CARTESIAN_POINT('',(0.,0.));
#13100 = VECTOR('',#13101,1.);
#13101 = DIRECTION('',(0.,-1.));
#13102 = ( GEOMETRIC_REPRESENTATION_CONTEXT(2) 
PARAMETRIC_REPRESENTATION_CONTEXT() REPRESENTATION_CONTEXT('2D SPACE',''
  ) );
#13103 = ADVANCED_FACE('',(#13104),#4047,.T.);
#13104 = FACE_BOUND('',#13105,.T.);
#13105 = EDGE_LOOP('',(#13106,#13107,#13108,#13109));
#13106 = ORIENTED_EDGE('',*,*,#4032,.T.);
#13107 = ORIENTED_EDGE('',*,*,#13083,.T.);
#13108 = ORIENTED_EDGE('',*,*,#8345,.F.);
#13109 = ORIENTED_EDGE('',*,*,#13110,.F.);
#13110 = EDGE_CURVE('',#4007,#8325,#13111,.T.);
#13111 = SURFACE_CURVE('',#13112,(#13116,#13123),.PCURVE_S1.);
#13112 = LINE('',#13113,#13114);
#13113 = CARTESIAN_POINT('',(12.,-9.148164841155,12.360969491468));
#13114 = VECTOR('',#13115,1.);
#13115 = DIRECTION('',(1.,0.,0.));
#13116 = PCURVE('',#4047,#13117);
#13117 = DEFINITIONAL_REPRESENTATION('',(#13118),#13122);
#13118 = LINE('',#13119,#13120);
#13119 = CARTESIAN_POINT('',(0.341448919247,0.));
#13120 = VECTOR('',#13121,1.);
#13121 = DIRECTION('',(0.,-1.));
#13122 = ( GEOMETRIC_REPRESENTATION_CONTEXT(2) 
PARAMETRIC_REPRESENTATION_CONTEXT() REPRESENTATION_CONTEXT('2D SPACE',''
  ) );
#13123 = PCURVE('',#4021,#13124);
#13124 = DEFINITIONAL_REPRESENTATION('',(#13125),#13129);
#13125 = LINE('',#13126,#13127);
#13126 = CARTESIAN_POINT('',(0.,0.));
#13127 = VECTOR('',#13128,1.);
#13128 = DIRECTION('',(0.,-1.));
#13129 = ( GEOMETRIC_REPRESENTATION_CONTEXT(2) 
PARAMETRIC_REPRESENTATION_CONTEXT() REPRESENTATION_CONTEXT('2D SPACE',''
  ) );
#13130 = ADVANCED_FACE('',(#13131),#4021,.T.);
#13131 = FACE_BOUND('',#13132,.T.);
#13132 = EDGE_LOOP('',(#13133,#13134,#13135,#13136));
#13133 = ORIENTED_EDGE('',*,*,#4006,.T.);
#13134 = ORIENTED_EDGE('',*,*,#13110,.T.);
#13135 = ORIENTED_EDGE('',*,*,#8324,.F.);
#13136 = ORIENTED_EDGE('',*,*,#13137,.F.);
#13137 = EDGE_CURVE('',#3981,#8304,#13138,.T.);
#13138 = SURFACE_CURVE('',#13139,(#13143,#13150),.PCURVE_S1.);
#13139 = LINE('',#13140,#13141);
#13140 = CARTESIAN_POINT('',(12.,-9.311090184155,12.060898338134));
#13141 = VECTOR('',#13142,1.);
#13142 = DIRECTION('',(1.,0.,0.));
#13143 = PCURVE('',#4021,#13144);
#13144 = DEFINITIONAL_REPRESENTATION('',(#13145),#13149);
#13145 = LINE('',#13146,#13147);
#13146 = CARTESIAN_POINT('',(0.341448919247,0.));
#13147 = VECTOR('',#13148,1.);
#13148 = DIRECTION('',(0.,-1.));
#13149 = ( GEOMETRIC_REPRESENTATION_CONTEXT(2) 
PARAMETRIC_REPRESENTATION_CONTEXT() REPRESENTATION_CONTEXT('2D SPACE',''
  ) );
#13150 = PCURVE('',#3995,#13151);
#13151 = DEFINITIONAL_REPRESENTATION('',(#13152),#13156);
#13152 = LINE('',#13153,#13154);
#13153 = CARTESIAN_POINT('',(0.,0.));
#13154 = VECTOR('',#13155,1.);
#13155 = DIRECTION('',(0.,-1.));
#13156 = ( GEOMETRIC_REPRESENTATION_CONTEXT(2) 
PARAMETRIC_REPRESENTATION_CONTEXT() REPRESENTATION_CONTEXT('2D SPACE',''
  ) );
#13157 = ADVANCED_FACE('',(#13158),#3995,.T.);
#13158 = FACE_BOUND('',#13159,.T.);
#13159 = EDGE_LOOP('',(#13160,#13161,#13162,#13163));
#13160 = ORIENTED_EDGE('',*,*,#3980,.T.);
#13161 = ORIENTED_EDGE('',*,*,#13137,.T.);
#13162 = ORIENTED_EDGE('',*,*,#8303,.F.);
#13163 = ORIENTED_EDGE('',*,*,#13164,.F.);
#13164 = EDGE_CURVE('',#3955,#8283,#13165,.T.);
#13165 = SURFACE_CURVE('',#13166,(#13170,#13177),.PCURVE_S1.);
#13166 = LINE('',#13167,#13168);
#13167 = CARTESIAN_POINT('',(12.,-9.458087732884,11.752711568265));
#13168 = VECTOR('',#13169,1.);
#13169 = DIRECTION('',(1.,0.,0.));
#13170 = PCURVE('',#3995,#13171);
#13171 = DEFINITIONAL_REPRESENTATION('',(#13172),#13176);
#13172 = LINE('',#13173,#13174);
#13173 = CARTESIAN_POINT('',(0.341448919247,0.));
#13174 = VECTOR('',#13175,1.);
#13175 = DIRECTION('',(0.,-1.));
#13176 = ( GEOMETRIC_REPRESENTATION_CONTEXT(2) 
PARAMETRIC_REPRESENTATION_CONTEXT() REPRESENTATION_CONTEXT('2D SPACE',''
  ) );
#13177 = PCURVE('',#3969,#13178);
#13178 = DEFINITIONAL_REPRESENTATION('',(#13179),#13183);
#13179 = LINE('',#13180,#13181);
#13180 = CARTESIAN_POINT('',(0.,0.));
#13181 = VECTOR('',#13182,1.);
#13182 = DIRECTION('',(0.,-1.));
#13183 = ( GEOMETRIC_REPRESENTATION_CONTEXT(2) 
PARAMETRIC_REPRESENTATION_CONTEXT() REPRESENTATION_CONTEXT('2D SPACE',''
  ) );
#13184 = ADVANCED_FACE('',(#13185),#3969,.T.);
#13185 = FACE_BOUND('',#13186,.T.);
#13186 = EDGE_LOOP('',(#13187,#13188,#13189,#13190));
#13187 = ORIENTED_EDGE('',*,*,#3954,.T.);
#13188 = ORIENTED_EDGE('',*,*,#13164,.T.);
#13189 = ORIENTED_EDGE('',*,*,#8282,.F.);
#13190 = ORIENTED_EDGE('',*,*,#13191,.F.);
#13191 = EDGE_CURVE('',#3929,#8262,#13192,.T.);
#13192 = SURFACE_CURVE('',#13193,(#13197,#13204),.PCURVE_S1.);
#13193 = LINE('',#13194,#13195);
#13194 = CARTESIAN_POINT('',(12.,-9.588754577279,11.437253900375));
#13195 = VECTOR('',#13196,1.);
#13196 = DIRECTION('',(1.,0.,0.));
#13197 = PCURVE('',#3969,#13198);
#13198 = DEFINITIONAL_REPRESENTATION('',(#13199),#13203);
#13199 = LINE('',#13200,#13201);
#13200 = CARTESIAN_POINT('',(0.341448919247,0.));
#13201 = VECTOR('',#13202,1.);
#13202 = DIRECTION('',(0.,-1.));
#13203 = ( GEOMETRIC_REPRESENTATION_CONTEXT(2) 
PARAMETRIC_REPRESENTATION_CONTEXT() REPRESENTATION_CONTEXT('2D SPACE',''
  ) );
#13204 = PCURVE('',#3943,#13205);
#13205 = DEFINITIONAL_REPRESENTATION('',(#13206),#13210);
#13206 = LINE('',#13207,#13208);
#13207 = CARTESIAN_POINT('',(0.,0.));
#13208 = VECTOR('',#13209,1.);
#13209 = DIRECTION('',(0.,-1.));
#13210 = ( GEOMETRIC_REPRESENTATION_CONTEXT(2) 
PARAMETRIC_REPRESENTATION_CONTEXT() REPRESENTATION_CONTEXT('2D SPACE',''
  ) );
#13211 = ADVANCED_FACE('',(#13212),#3943,.T.);
#13212 = FACE_BOUND('',#13213,.T.);
#13213 = EDGE_LOOP('',(#13214,#13215,#13216,#13217));
#13214 = ORIENTED_EDGE('',*,*,#3928,.T.);
#13215 = ORIENTED_EDGE('',*,*,#13191,.T.);
#13216 = ORIENTED_EDGE('',*,*,#8261,.F.);
#13217 = ORIENTED_EDGE('',*,*,#13218,.F.);
#13218 = EDGE_CURVE('',#3903,#8241,#13219,.T.);
#13219 = SURFACE_CURVE('',#13220,(#13224,#13231),.PCURVE_S1.);
#13220 = LINE('',#13221,#13222);
#13221 = CARTESIAN_POINT('',(12.,-9.702732568601,11.115389982004));
#13222 = VECTOR('',#13223,1.);
#13223 = DIRECTION('',(1.,0.,0.));
#13224 = PCURVE('',#3943,#13225);
#13225 = DEFINITIONAL_REPRESENTATION('',(#13226),#13230);
#13226 = LINE('',#13227,#13228);
#13227 = CARTESIAN_POINT('',(0.341448919247,0.));
#13228 = VECTOR('',#13229,1.);
#13229 = DIRECTION('',(0.,-1.));
#13230 = ( GEOMETRIC_REPRESENTATION_CONTEXT(2) 
PARAMETRIC_REPRESENTATION_CONTEXT() REPRESENTATION_CONTEXT('2D SPACE',''
  ) );
#13231 = PCURVE('',#3917,#13232);
#13232 = DEFINITIONAL_REPRESENTATION('',(#13233),#13237);
#13233 = LINE('',#13234,#13235);
#13234 = CARTESIAN_POINT('',(0.,0.));
#13235 = VECTOR('',#13236,1.);
#13236 = DIRECTION('',(0.,-1.));
#13237 = ( GEOMETRIC_REPRESENTATION_CONTEXT(2) 
PARAMETRIC_REPRESENTATION_CONTEXT() REPRESENTATION_CONTEXT('2D SPACE',''
  ) );
#13238 = ADVANCED_FACE('',(#13239),#3917,.T.);
#13239 = FACE_BOUND('',#13240,.T.);
#13240 = EDGE_LOOP('',(#13241,#13242,#13243,#13244));
#13241 = ORIENTED_EDGE('',*,*,#3902,.T.);
#13242 = ORIENTED_EDGE('',*,*,#13218,.T.);
#13243 = ORIENTED_EDGE('',*,*,#8240,.F.);
#13244 = ORIENTED_EDGE('',*,*,#13245,.F.);
#13245 = EDGE_CURVE('',#3877,#8220,#13246,.T.);
#13246 = SURFACE_CURVE('',#13247,(#13251,#13258),.PCURVE_S1.);
#13247 = LINE('',#13248,#13249);
#13248 = CARTESIAN_POINT('',(12.,-9.7997093011,10.788002019781));
#13249 = VECTOR('',#13250,1.);
#13250 = DIRECTION('',(1.,0.,0.));
#13251 = PCURVE('',#3917,#13252);
#13252 = DEFINITIONAL_REPRESENTATION('',(#13253),#13257);
#13253 = LINE('',#13254,#13255);
#13254 = CARTESIAN_POINT('',(0.341448919247,0.));
#13255 = VECTOR('',#13256,1.);
#13256 = DIRECTION('',(0.,-1.));
#13257 = ( GEOMETRIC_REPRESENTATION_CONTEXT(2) 
PARAMETRIC_REPRESENTATION_CONTEXT() REPRESENTATION_CONTEXT('2D SPACE',''
  ) );
#13258 = PCURVE('',#3891,#13259);
#13259 = DEFINITIONAL_REPRESENTATION('',(#13260),#13264);
#13260 = LINE('',#13261,#13262);
#13261 = CARTESIAN_POINT('',(0.,0.));
#13262 = VECTOR('',#13263,1.);
#13263 = DIRECTION('',(0.,-1.));
#13264 = ( GEOMETRIC_REPRESENTATION_CONTEXT(2) 
PARAMETRIC_REPRESENTATION_CONTEXT() REPRESENTATION_CONTEXT('2D SPACE',''
  ) );
#13265 = ADVANCED_FACE('',(#13266),#3891,.T.);
#13266 = FACE_BOUND('',#13267,.T.);
#13267 = EDGE_LOOP('',(#13268,#13269,#13270,#13271));
#13268 = ORIENTED_EDGE('',*,*,#3876,.T.);
#13269 = ORIENTED_EDGE('',*,*,#13245,.T.);
#13270 = ORIENTED_EDGE('',*,*,#8219,.F.);
#13271 = ORIENTED_EDGE('',*,*,#13272,.F.);
#13272 = EDGE_CURVE('',#3851,#8199,#13273,.T.);
#13273 = SURFACE_CURVE('',#13274,(#13278,#13285),.PCURVE_S1.);
#13274 = LINE('',#13275,#13276);
#13275 = CARTESIAN_POINT('',(12.,-9.879418968292,10.455987361353));
#13276 = VECTOR('',#13277,1.);
#13277 = DIRECTION('',(1.,0.,0.));
#13278 = PCURVE('',#3891,#13279);
#13279 = DEFINITIONAL_REPRESENTATION('',(#13280),#13284);
#13280 = LINE('',#13281,#13282);
#13281 = CARTESIAN_POINT('',(0.341448919247,0.));
#13282 = VECTOR('',#13283,1.);
#13283 = DIRECTION('',(0.,-1.));
#13284 = ( GEOMETRIC_REPRESENTATION_CONTEXT(2) 
PARAMETRIC_REPRESENTATION_CONTEXT() REPRESENTATION_CONTEXT('2D SPACE',''
  ) );
#13285 = PCURVE('',#3865,#13286);
#13286 = DEFINITIONAL_REPRESENTATION('',(#13287),#13291);
#13287 = LINE('',#13288,#13289);
#13288 = CARTESIAN_POINT('',(0.,0.));
#13289 = VECTOR('',#13290,1.);
#13290 = DIRECTION('',(0.,-1.));
#13291 = ( GEOMETRIC_REPRESENTATION_CONTEXT(2) 
PARAMETRIC_REPRESENTATION_CONTEXT() REPRESENTATION_CONTEXT('2D SPACE',''
  ) );
#13292 = ADVANCED_FACE('',(#13293),#3865,.T.);
#13293 = FACE_BOUND('',#13294,.T.);
#13294 = EDGE_LOOP('',(#13295,#13296,#13297,#13298));
#13295 = ORIENTED_EDGE('',*,*,#3850,.T.);
#13296 = ORIENTED_EDGE('',*,*,#13272,.T.);
#13297 = ORIENTED_EDGE('',*,*,#8198,.F.);
#13298 = ORIENTED_EDGE('',*,*,#13299,.F.);
#13299 = EDGE_CURVE('',#3825,#8178,#13300,.T.);
#13300 = SURFACE_CURVE('',#13301,(#13305,#13312),.PCURVE_S1.);
#13301 = LINE('',#13302,#13303);
#13302 = CARTESIAN_POINT('',(12.,-9.941643091519,10.120256035821));
#13303 = VECTOR('',#13304,1.);
#13304 = DIRECTION('',(1.,0.,0.));
#13305 = PCURVE('',#3865,#13306);
#13306 = DEFINITIONAL_REPRESENTATION('',(#13307),#13311);
#13307 = LINE('',#13308,#13309);
#13308 = CARTESIAN_POINT('',(0.341448919247,0.));
#13309 = VECTOR('',#13310,1.);
#13310 = DIRECTION('',(0.,-1.));
#13311 = ( GEOMETRIC_REPRESENTATION_CONTEXT(2) 
PARAMETRIC_REPRESENTATION_CONTEXT() REPRESENTATION_CONTEXT('2D SPACE',''
  ) );
#13312 = PCURVE('',#3839,#13313);
#13313 = DEFINITIONAL_REPRESENTATION('',(#13314),#13318);
#13314 = LINE('',#13315,#13316);
#13315 = CARTESIAN_POINT('',(0.,0.));
#13316 = VECTOR('',#13317,1.);
#13317 = DIRECTION('',(0.,-1.));
#13318 = ( GEOMETRIC_REPRESENTATION_CONTEXT(2) 
PARAMETRIC_REPRESENTATION_CONTEXT() REPRESENTATION_CONTEXT('2D SPACE',''
  ) );
#13319 = ADVANCED_FACE('',(#13320),#3839,.T.);
#13320 = FACE_BOUND('',#13321,.T.);
#13321 = EDGE_LOOP('',(#13322,#13323,#13324,#13325));
#13322 = ORIENTED_EDGE('',*,*,#3824,.T.);
#13323 = ORIENTED_EDGE('',*,*,#13299,.T.);
#13324 = ORIENTED_EDGE('',*,*,#8177,.F.);
#13325 = ORIENTED_EDGE('',*,*,#13326,.F.);
#13326 = EDGE_CURVE('',#3799,#8157,#13327,.T.);
#13327 = SURFACE_CURVE('',#13328,(#13332,#13339),.PCURVE_S1.);
#13328 = LINE('',#13329,#13330);
#13329 = CARTESIAN_POINT('',(12.,-9.986211118786,9.781728259412));
#13330 = VECTOR('',#13331,1.);
#13331 = DIRECTION('',(1.,0.,0.));
#13332 = PCURVE('',#3839,#13333);
#13333 = DEFINITIONAL_REPRESENTATION('',(#13334),#13338);
#13334 = LINE('',#13335,#13336);
#13335 = CARTESIAN_POINT('',(0.341448919247,0.));
#13336 = VECTOR('',#13337,1.);
#13337 = DIRECTION('',(0.,-1.));
#13338 = ( GEOMETRIC_REPRESENTATION_CONTEXT(2) 
PARAMETRIC_REPRESENTATION_CONTEXT() REPRESENTATION_CONTEXT('2D SPACE',''
  ) );
#13339 = PCURVE('',#3813,#13340);
#13340 = DEFINITIONAL_REPRESENTATION('',(#13341),#13345);
#13341 = LINE('',#13342,#13343);
#13342 = CARTESIAN_POINT('',(0.,0.));
#13343 = VECTOR('',#13344,1.);
#13344 = DIRECTION('',(0.,-1.));
#13345 = ( GEOMETRIC_REPRESENTATION_CONTEXT(2) 
PARAMETRIC_REPRESENTATION_CONTEXT() REPRESENTATION_CONTEXT('2D SPACE',''
  ) );
#13346 = ADVANCED_FACE('',(#13347),#3813,.T.);
#13347 = FACE_BOUND('',#13348,.T.);
#13348 = EDGE_LOOP('',(#13349,#13350,#13351,#13352));
#13349 = ORIENTED_EDGE('',*,*,#3798,.T.);
#13350 = ORIENTED_EDGE('',*,*,#13326,.T.);
#13351 = ORIENTED_EDGE('',*,*,#8156,.F.);
#13352 = ORIENTED_EDGE('',*,*,#13353,.F.);
#13353 = EDGE_CURVE('',#3773,#8136,#13354,.T.);
#13354 = SURFACE_CURVE('',#13355,(#13359,#13366),.PCURVE_S1.);
#13355 = LINE('',#13356,#13357);
#13356 = CARTESIAN_POINT('',(12.,-10.01300089222,9.44133191323));
#13357 = VECTOR('',#13358,1.);
#13358 = DIRECTION('',(1.,0.,0.));
#13359 = PCURVE('',#3813,#13360);
#13360 = DEFINITIONAL_REPRESENTATION('',(#13361),#13365);
#13361 = LINE('',#13362,#13363);
#13362 = CARTESIAN_POINT('',(0.341448919247,0.));
#13363 = VECTOR('',#13364,1.);
#13364 = DIRECTION('',(0.,-1.));
#13365 = ( GEOMETRIC_REPRESENTATION_CONTEXT(2) 
PARAMETRIC_REPRESENTATION_CONTEXT() REPRESENTATION_CONTEXT('2D SPACE',''
  ) );
#13366 = PCURVE('',#3787,#13367);
#13367 = DEFINITIONAL_REPRESENTATION('',(#13368),#13372);
#13368 = LINE('',#13369,#13370);
#13369 = CARTESIAN_POINT('',(0.,0.));
#13370 = VECTOR('',#13371,1.);
#13371 = DIRECTION('',(0.,-1.));
#13372 = ( GEOMETRIC_REPRESENTATION_CONTEXT(2) 
PARAMETRIC_REPRESENTATION_CONTEXT() REPRESENTATION_CONTEXT('2D SPACE',''
  ) );
#13373 = ADVANCED_FACE('',(#13374),#3787,.T.);
#13374 = FACE_BOUND('',#13375,.T.);
#13375 = EDGE_LOOP('',(#13376,#13377,#13378,#13379));
#13376 = ORIENTED_EDGE('',*,*,#3772,.T.);
#13377 = ORIENTED_EDGE('',*,*,#13353,.T.);
#13378 = ORIENTED_EDGE('',*,*,#8135,.F.);
#13379 = ORIENTED_EDGE('',*,*,#13380,.F.);
#13380 = EDGE_CURVE('',#3747,#8115,#13381,.T.);
#13381 = SURFACE_CURVE('',#13382,(#13386,#13393),.PCURVE_S1.);
#13382 = LINE('',#13383,#13384);
#13383 = CARTESIAN_POINT('',(12.,-10.02193898293,9.1));
#13384 = VECTOR('',#13385,1.);
#13385 = DIRECTION('',(1.,0.,0.));
#13386 = PCURVE('',#3787,#13387);
#13387 = DEFINITIONAL_REPRESENTATION('',(#13388),#13392);
#13388 = LINE('',#13389,#13390);
#13389 = CARTESIAN_POINT('',(0.341448919247,0.));
#13390 = VECTOR('',#13391,1.);
#13391 = DIRECTION('',(0.,-1.));
#13392 = ( GEOMETRIC_REPRESENTATION_CONTEXT(2) 
PARAMETRIC_REPRESENTATION_CONTEXT() REPRESENTATION_CONTEXT('2D SPACE',''
  ) );
#13393 = PCURVE('',#3761,#13394);
#13394 = DEFINITIONAL_REPRESENTATION('',(#13395),#13399);
#13395 = LINE('',#13396,#13397);
#13396 = CARTESIAN_POINT('',(0.,0.));
#13397 = VECTOR('',#13398,1.);
#13398 = DIRECTION('',(0.,-1.));
#13399 = ( GEOMETRIC_REPRESENTATION_CONTEXT(2) 
PARAMETRIC_REPRESENTATION_CONTEXT() REPRESENTATION_CONTEXT('2D SPACE',''
  ) );
#13400 = ADVANCED_FACE('',(#13401),#3761,.T.);
#13401 = FACE_BOUND('',#13402,.T.);
#13402 = EDGE_LOOP('',(#13403,#13404,#13405,#13406));
#13403 = ORIENTED_EDGE('',*,*,#3746,.T.);
#13404 = ORIENTED_EDGE('',*,*,#13380,.T.);
#13405 = ORIENTED_EDGE('',*,*,#8114,.F.);
#13406 = ORIENTED_EDGE('',*,*,#13407,.F.);
#13407 = EDGE_CURVE('',#3721,#8094,#13408,.T.);
#13408 = SURFACE_CURVE('',#13409,(#13413,#13420),.PCURVE_S1.);
#13409 = LINE('',#13410,#13411);
#13410 = CARTESIAN_POINT('',(12.,-10.01300089222,8.75866808677));
#13411 = VECTOR('',#13412,1.);
#13412 = DIRECTION('',(1.,0.,0.));
#13413 = PCURVE('',#3761,#13414);
#13414 = DEFINITIONAL_REPRESENTATION('',(#13415),#13419);
#13415 = LINE('',#13416,#13417);
#13416 = CARTESIAN_POINT('',(0.341448919247,0.));
#13417 = VECTOR('',#13418,1.);
#13418 = DIRECTION('',(0.,-1.));
#13419 = ( GEOMETRIC_REPRESENTATION_CONTEXT(2) 
PARAMETRIC_REPRESENTATION_CONTEXT() REPRESENTATION_CONTEXT('2D SPACE',''
  ) );
#13420 = PCURVE('',#3735,#13421);
#13421 = DEFINITIONAL_REPRESENTATION('',(#13422),#13426);
#13422 = LINE('',#13423,#13424);
#13423 = CARTESIAN_POINT('',(0.,0.));
#13424 = VECTOR('',#13425,1.);
#13425 = DIRECTION('',(0.,-1.));
#13426 = ( GEOMETRIC_REPRESENTATION_CONTEXT(2) 
PARAMETRIC_REPRESENTATION_CONTEXT() REPRESENTATION_CONTEXT('2D SPACE',''
  ) );
#13427 = ADVANCED_FACE('',(#13428),#3735,.T.);
#13428 = FACE_BOUND('',#13429,.T.);
#13429 = EDGE_LOOP('',(#13430,#13431,#13432,#13433));
#13430 = ORIENTED_EDGE('',*,*,#3720,.T.);
#13431 = ORIENTED_EDGE('',*,*,#13407,.T.);
#13432 = ORIENTED_EDGE('',*,*,#8093,.F.);
#13433 = ORIENTED_EDGE('',*,*,#13434,.F.);
#13434 = EDGE_CURVE('',#3695,#8073,#13435,.T.);
#13435 = SURFACE_CURVE('',#13436,(#13440,#13447),.PCURVE_S1.);
#13436 = LINE('',#13437,#13438);
#13437 = CARTESIAN_POINT('',(12.,-9.986211118786,8.418271740588));
#13438 = VECTOR('',#13439,1.);
#13439 = DIRECTION('',(1.,0.,0.));
#13440 = PCURVE('',#3735,#13441);
#13441 = DEFINITIONAL_REPRESENTATION('',(#13442),#13446);
#13442 = LINE('',#13443,#13444);
#13443 = CARTESIAN_POINT('',(0.341448919247,0.));
#13444 = VECTOR('',#13445,1.);
#13445 = DIRECTION('',(0.,-1.));
#13446 = ( GEOMETRIC_REPRESENTATION_CONTEXT(2) 
PARAMETRIC_REPRESENTATION_CONTEXT() REPRESENTATION_CONTEXT('2D SPACE',''
  ) );
#13447 = PCURVE('',#3709,#13448);
#13448 = DEFINITIONAL_REPRESENTATION('',(#13449),#13453);
#13449 = LINE('',#13450,#13451);
#13450 = CARTESIAN_POINT('',(0.,0.));
#13451 = VECTOR('',#13452,1.);
#13452 = DIRECTION('',(0.,-1.));
#13453 = ( GEOMETRIC_REPRESENTATION_CONTEXT(2) 
PARAMETRIC_REPRESENTATION_CONTEXT() REPRESENTATION_CONTEXT('2D SPACE',''
  ) );
#13454 = ADVANCED_FACE('',(#13455),#3709,.T.);
#13455 = FACE_BOUND('',#13456,.T.);
#13456 = EDGE_LOOP('',(#13457,#13458,#13459,#13460));
#13457 = ORIENTED_EDGE('',*,*,#3694,.T.);
#13458 = ORIENTED_EDGE('',*,*,#13434,.T.);
#13459 = ORIENTED_EDGE('',*,*,#8072,.F.);
#13460 = ORIENTED_EDGE('',*,*,#13461,.F.);
#13461 = EDGE_CURVE('',#3669,#8052,#13462,.T.);
#13462 = SURFACE_CURVE('',#13463,(#13467,#13474),.PCURVE_S1.);
#13463 = LINE('',#13464,#13465);
#13464 = CARTESIAN_POINT('',(12.,-9.941643091519,8.079743964179));
#13465 = VECTOR('',#13466,1.);
#13466 = DIRECTION('',(1.,0.,0.));
#13467 = PCURVE('',#3709,#13468);
#13468 = DEFINITIONAL_REPRESENTATION('',(#13469),#13473);
#13469 = LINE('',#13470,#13471);
#13470 = CARTESIAN_POINT('',(0.341448919247,0.));
#13471 = VECTOR('',#13472,1.);
#13472 = DIRECTION('',(0.,-1.));
#13473 = ( GEOMETRIC_REPRESENTATION_CONTEXT(2) 
PARAMETRIC_REPRESENTATION_CONTEXT() REPRESENTATION_CONTEXT('2D SPACE',''
  ) );
#13474 = PCURVE('',#3683,#13475);
#13475 = DEFINITIONAL_REPRESENTATION('',(#13476),#13480);
#13476 = LINE('',#13477,#13478);
#13477 = CARTESIAN_POINT('',(0.,0.));
#13478 = VECTOR('',#13479,1.);
#13479 = DIRECTION('',(0.,-1.));
#13480 = ( GEOMETRIC_REPRESENTATION_CONTEXT(2) 
PARAMETRIC_REPRESENTATION_CONTEXT() REPRESENTATION_CONTEXT('2D SPACE',''
  ) );
#13481 = ADVANCED_FACE('',(#13482),#3683,.T.);
#13482 = FACE_BOUND('',#13483,.T.);
#13483 = EDGE_LOOP('',(#13484,#13485,#13486,#13487));
#13484 = ORIENTED_EDGE('',*,*,#3668,.T.);
#13485 = ORIENTED_EDGE('',*,*,#13461,.T.);
#13486 = ORIENTED_EDGE('',*,*,#8051,.F.);
#13487 = ORIENTED_EDGE('',*,*,#13488,.F.);
#13488 = EDGE_CURVE('',#3643,#8031,#13489,.T.);
#13489 = SURFACE_CURVE('',#13490,(#13494,#13501),.PCURVE_S1.);
#13490 = LINE('',#13491,#13492);
#13491 = CARTESIAN_POINT('',(12.,-9.879418968292,7.744012638647));
#13492 = VECTOR('',#13493,1.);
#13493 = DIRECTION('',(1.,0.,0.));
#13494 = PCURVE('',#3683,#13495);
#13495 = DEFINITIONAL_REPRESENTATION('',(#13496),#13500);
#13496 = LINE('',#13497,#13498);
#13497 = CARTESIAN_POINT('',(0.341448919247,0.));
#13498 = VECTOR('',#13499,1.);
#13499 = DIRECTION('',(0.,-1.));
#13500 = ( GEOMETRIC_REPRESENTATION_CONTEXT(2) 
PARAMETRIC_REPRESENTATION_CONTEXT() REPRESENTATION_CONTEXT('2D SPACE',''
  ) );
#13501 = PCURVE('',#3657,#13502);
#13502 = DEFINITIONAL_REPRESENTATION('',(#13503),#13507);
#13503 = LINE('',#13504,#13505);
#13504 = CARTESIAN_POINT('',(0.,0.));
#13505 = VECTOR('',#13506,1.);
#13506 = DIRECTION('',(0.,-1.));
#13507 = ( GEOMETRIC_REPRESENTATION_CONTEXT(2) 
PARAMETRIC_REPRESENTATION_CONTEXT() REPRESENTATION_CONTEXT('2D SPACE',''
  ) );
#13508 = ADVANCED_FACE('',(#13509),#3657,.T.);
#13509 = FACE_BOUND('',#13510,.T.);
#13510 = EDGE_LOOP('',(#13511,#13512,#13513,#13514));
#13511 = ORIENTED_EDGE('',*,*,#3642,.T.);
#13512 = ORIENTED_EDGE('',*,*,#13488,.T.);
#13513 = ORIENTED_EDGE('',*,*,#8030,.F.);
#13514 = ORIENTED_EDGE('',*,*,#13515,.F.);
#13515 = EDGE_CURVE('',#3617,#8010,#13516,.T.);
#13516 = SURFACE_CURVE('',#13517,(#13521,#13528),.PCURVE_S1.);
#13517 = LINE('',#13518,#13519);
#13518 = CARTESIAN_POINT('',(12.,-9.7997093011,7.411997980219));
#13519 = VECTOR('',#13520,1.);
#13520 = DIRECTION('',(1.,0.,0.));
#13521 = PCURVE('',#3657,#13522);
#13522 = DEFINITIONAL_REPRESENTATION('',(#13523),#13527);
#13523 = LINE('',#13524,#13525);
#13524 = CARTESIAN_POINT('',(0.341448919247,0.));
#13525 = VECTOR('',#13526,1.);
#13526 = DIRECTION('',(0.,-1.));
#13527 = ( GEOMETRIC_REPRESENTATION_CONTEXT(2) 
PARAMETRIC_REPRESENTATION_CONTEXT() REPRESENTATION_CONTEXT('2D SPACE',''
  ) );
#13528 = PCURVE('',#3631,#13529);
#13529 = DEFINITIONAL_REPRESENTATION('',(#13530),#13534);
#13530 = LINE('',#13531,#13532);
#13531 = CARTESIAN_POINT('',(0.,0.));
#13532 = VECTOR('',#13533,1.);
#13533 = DIRECTION('',(0.,-1.));
#13534 = ( GEOMETRIC_REPRESENTATION_CONTEXT(2) 
PARAMETRIC_REPRESENTATION_CONTEXT() REPRESENTATION_CONTEXT('2D SPACE',''
  ) );
#13535 = ADVANCED_FACE('',(#13536),#3631,.T.);
#13536 = FACE_BOUND('',#13537,.T.);
#13537 = EDGE_LOOP('',(#13538,#13539,#13540,#13541));
#13538 = ORIENTED_EDGE('',*,*,#3616,.T.);
#13539 = ORIENTED_EDGE('',*,*,#13515,.T.);
#13540 = ORIENTED_EDGE('',*,*,#8009,.F.);
#13541 = ORIENTED_EDGE('',*,*,#13542,.F.);
#13542 = EDGE_CURVE('',#3591,#7989,#13543,.T.);
#13543 = SURFACE_CURVE('',#13544,(#13548,#13555),.PCURVE_S1.);
#13544 = LINE('',#13545,#13546);
#13545 = CARTESIAN_POINT('',(12.,-9.702732568601,7.084610017996));
#13546 = VECTOR('',#13547,1.);
#13547 = DIRECTION('',(1.,0.,0.));
#13548 = PCURVE('',#3631,#13549);
#13549 = DEFINITIONAL_REPRESENTATION('',(#13550),#13554);
#13550 = LINE('',#13551,#13552);
#13551 = CARTESIAN_POINT('',(0.341448919247,0.));
#13552 = VECTOR('',#13553,1.);
#13553 = DIRECTION('',(0.,-1.));
#13554 = ( GEOMETRIC_REPRESENTATION_CONTEXT(2) 
PARAMETRIC_REPRESENTATION_CONTEXT() REPRESENTATION_CONTEXT('2D SPACE',''
  ) );
#13555 = PCURVE('',#3605,#13556);
#13556 = DEFINITIONAL_REPRESENTATION('',(#13557),#13561);
#13557 = LINE('',#13558,#13559);
#13558 = CARTESIAN_POINT('',(0.,0.));
#13559 = VECTOR('',#13560,1.);
#13560 = DIRECTION('',(0.,-1.));
#13561 = ( GEOMETRIC_REPRESENTATION_CONTEXT(2) 
PARAMETRIC_REPRESENTATION_CONTEXT() REPRESENTATION_CONTEXT('2D SPACE',''
  ) );
#13562 = ADVANCED_FACE('',(#13563),#3605,.T.);
#13563 = FACE_BOUND('',#13564,.T.);
#13564 = EDGE_LOOP('',(#13565,#13566,#13567,#13568));
#13565 = ORIENTED_EDGE('',*,*,#3590,.T.);
#13566 = ORIENTED_EDGE('',*,*,#13542,.T.);
#13567 = ORIENTED_EDGE('',*,*,#7988,.F.);
#13568 = ORIENTED_EDGE('',*,*,#13569,.F.);
#13569 = EDGE_CURVE('',#3565,#7968,#13570,.T.);
#13570 = SURFACE_CURVE('',#13571,(#13575,#13582),.PCURVE_S1.);
#13571 = LINE('',#13572,#13573);
#13572 = CARTESIAN_POINT('',(12.,-9.588754577279,6.762746099625));
#13573 = VECTOR('',#13574,1.);
#13574 = DIRECTION('',(1.,0.,0.));
#13575 = PCURVE('',#3605,#13576);
#13576 = DEFINITIONAL_REPRESENTATION('',(#13577),#13581);
#13577 = LINE('',#13578,#13579);
#13578 = CARTESIAN_POINT('',(0.341448919247,0.));
#13579 = VECTOR('',#13580,1.);
#13580 = DIRECTION('',(0.,-1.));
#13581 = ( GEOMETRIC_REPRESENTATION_CONTEXT(2) 
PARAMETRIC_REPRESENTATION_CONTEXT() REPRESENTATION_CONTEXT('2D SPACE',''
  ) );
#13582 = PCURVE('',#3579,#13583);
#13583 = DEFINITIONAL_REPRESENTATION('',(#13584),#13588);
#13584 = LINE('',#13585,#13586);
#13585 = CARTESIAN_POINT('',(0.,0.));
#13586 = VECTOR('',#13587,1.);
#13587 = DIRECTION('',(0.,-1.));
#13588 = ( GEOMETRIC_REPRESENTATION_CONTEXT(2) 
PARAMETRIC_REPRESENTATION_CONTEXT() REPRESENTATION_CONTEXT('2D SPACE',''
  ) );
#13589 = ADVANCED_FACE('',(#13590),#3579,.T.);
#13590 = FACE_BOUND('',#13591,.T.);
#13591 = EDGE_LOOP('',(#13592,#13593,#13594,#13595));
#13592 = ORIENTED_EDGE('',*,*,#3564,.T.);
#13593 = ORIENTED_EDGE('',*,*,#13569,.T.);
#13594 = ORIENTED_EDGE('',*,*,#7967,.F.);
#13595 = ORIENTED_EDGE('',*,*,#13596,.F.);
#13596 = EDGE_CURVE('',#3539,#7947,#13597,.T.);
#13597 = SURFACE_CURVE('',#13598,(#13602,#13609),.PCURVE_S1.);
#13598 = LINE('',#13599,#13600);
#13599 = CARTESIAN_POINT('',(12.,-9.458087732884,6.447288431735));
#13600 = VECTOR('',#13601,1.);
#13601 = DIRECTION('',(1.,0.,0.));
#13602 = PCURVE('',#3579,#13603);
#13603 = DEFINITIONAL_REPRESENTATION('',(#13604),#13608);
#13604 = LINE('',#13605,#13606);
#13605 = CARTESIAN_POINT('',(0.341448919247,0.));
#13606 = VECTOR('',#13607,1.);
#13607 = DIRECTION('',(0.,-1.));
#13608 = ( GEOMETRIC_REPRESENTATION_CONTEXT(2) 
PARAMETRIC_REPRESENTATION_CONTEXT() REPRESENTATION_CONTEXT('2D SPACE',''
  ) );
#13609 = PCURVE('',#3553,#13610);
#13610 = DEFINITIONAL_REPRESENTATION('',(#13611),#13615);
#13611 = LINE('',#13612,#13613);
#13612 = CARTESIAN_POINT('',(0.,0.));
#13613 = VECTOR('',#13614,1.);
#13614 = DIRECTION('',(0.,-1.));
#13615 = ( GEOMETRIC_REPRESENTATION_CONTEXT(2) 
PARAMETRIC_REPRESENTATION_CONTEXT() REPRESENTATION_CONTEXT('2D SPACE',''
  ) );
#13616 = ADVANCED_FACE('',(#13617),#3553,.T.);
#13617 = FACE_BOUND('',#13618,.T.);
#13618 = EDGE_LOOP('',(#13619,#13620,#13621,#13622));
#13619 = ORIENTED_EDGE('',*,*,#3538,.T.);
#13620 = ORIENTED_EDGE('',*,*,#13596,.T.);
#13621 = ORIENTED_EDGE('',*,*,#7946,.F.);
#13622 = ORIENTED_EDGE('',*,*,#13623,.F.);
#13623 = EDGE_CURVE('',#3513,#7926,#13624,.T.);
#13624 = SURFACE_CURVE('',#13625,(#13629,#13636),.PCURVE_S1.);
#13625 = LINE('',#13626,#13627);
#13626 = CARTESIAN_POINT('',(12.,-9.311090184155,6.139101661866));
#13627 = VECTOR('',#13628,1.);
#13628 = DIRECTION('',(1.,0.,0.));
#13629 = PCURVE('',#3553,#13630);
#13630 = DEFINITIONAL_REPRESENTATION('',(#13631),#13635);
#13631 = LINE('',#13632,#13633);
#13632 = CARTESIAN_POINT('',(0.341448919247,0.));
#13633 = VECTOR('',#13634,1.);
#13634 = DIRECTION('',(0.,-1.));
#13635 = ( GEOMETRIC_REPRESENTATION_CONTEXT(2) 
PARAMETRIC_REPRESENTATION_CONTEXT() REPRESENTATION_CONTEXT('2D SPACE',''
  ) );
#13636 = PCURVE('',#3527,#13637);
#13637 = DEFINITIONAL_REPRESENTATION('',(#13638),#13642);
#13638 = LINE('',#13639,#13640);
#13639 = CARTESIAN_POINT('',(0.,0.));
#13640 = VECTOR('',#13641,1.);
#13641 = DIRECTION('',(0.,-1.));
#13642 = ( GEOMETRIC_REPRESENTATION_CONTEXT(2) 
PARAMETRIC_REPRESENTATION_CONTEXT() REPRESENTATION_CONTEXT('2D SPACE',''
  ) );
#13643 = ADVANCED_FACE('',(#13644),#3527,.T.);
#13644 = FACE_BOUND('',#13645,.T.);
#13645 = EDGE_LOOP('',(#13646,#13647,#13648,#13649));
#13646 = ORIENTED_EDGE('',*,*,#3512,.T.);
#13647 = ORIENTED_EDGE('',*,*,#13623,.T.);
#13648 = ORIENTED_EDGE('',*,*,#7925,.F.);
#13649 = ORIENTED_EDGE('',*,*,#13650,.F.);
#13650 = EDGE_CURVE('',#3487,#7905,#13651,.T.);
#13651 = SURFACE_CURVE('',#13652,(#13656,#13663),.PCURVE_S1.);
#13652 = LINE('',#13653,#13654);
#13653 = CARTESIAN_POINT('',(12.,-9.148164841155,5.839030508532));
#13654 = VECTOR('',#13655,1.);
#13655 = DIRECTION('',(1.,0.,0.));
#13656 = PCURVE('',#3527,#13657);
#13657 = DEFINITIONAL_REPRESENTATION('',(#13658),#13662);
#13658 = LINE('',#13659,#13660);
#13659 = CARTESIAN_POINT('',(0.341448919247,0.));
#13660 = VECTOR('',#13661,1.);
#13661 = DIRECTION('',(0.,-1.));
#13662 = ( GEOMETRIC_REPRESENTATION_CONTEXT(2) 
PARAMETRIC_REPRESENTATION_CONTEXT() REPRESENTATION_CONTEXT('2D SPACE',''
  ) );
#13663 = PCURVE('',#3501,#13664);
#13664 = DEFINITIONAL_REPRESENTATION('',(#13665),#13669);
#13665 = LINE('',#13666,#13667);
#13666 = CARTESIAN_POINT('',(0.,0.));
#13667 = VECTOR('',#13668,1.);
#13668 = DIRECTION('',(0.,-1.));
#13669 = ( GEOMETRIC_REPRESENTATION_CONTEXT(2) 
PARAMETRIC_REPRESENTATION_CONTEXT() REPRESENTATION_CONTEXT('2D SPACE',''
  ) );
#13670 = ADVANCED_FACE('',(#13671),#3501,.T.);
#13671 = FACE_BOUND('',#13672,.T.);
#13672 = EDGE_LOOP('',(#13673,#13674,#13675,#13676));
#13673 = ORIENTED_EDGE('',*,*,#3486,.T.);
#13674 = ORIENTED_EDGE('',*,*,#13650,.T.);
#13675 = ORIENTED_EDGE('',*,*,#7904,.F.);
#13676 = ORIENTED_EDGE('',*,*,#13677,.F.);
#13677 = EDGE_CURVE('',#3461,#7884,#13678,.T.);
#13678 = SURFACE_CURVE('',#13679,(#13683,#13690),.PCURVE_S1.);
#13679 = LINE('',#13680,#13681);
#13680 = CARTESIAN_POINT('',(12.,-8.969758270925,5.547897445907));
#13681 = VECTOR('',#13682,1.);
#13682 = DIRECTION('',(1.,0.,0.));
#13683 = PCURVE('',#3501,#13684);
#13684 = DEFINITIONAL_REPRESENTATION('',(#13685),#13689);
#13685 = LINE('',#13686,#13687);
#13686 = CARTESIAN_POINT('',(0.341448919247,0.));
#13687 = VECTOR('',#13688,1.);
#13688 = DIRECTION('',(0.,-1.));
#13689 = ( GEOMETRIC_REPRESENTATION_CONTEXT(2) 
PARAMETRIC_REPRESENTATION_CONTEXT() REPRESENTATION_CONTEXT('2D SPACE',''
  ) );
#13690 = PCURVE('',#3475,#13691);
#13691 = DEFINITIONAL_REPRESENTATION('',(#13692),#13696);
#13692 = LINE('',#13693,#13694);
#13693 = CARTESIAN_POINT('',(0.,0.));
#13694 = VECTOR('',#13695,1.);
#13695 = DIRECTION('',(0.,-1.));
#13696 = ( GEOMETRIC_REPRESENTATION_CONTEXT(2) 
PARAMETRIC_REPRESENTATION_CONTEXT() REPRESENTATION_CONTEXT('2D SPACE',''
  ) );
#13697 = ADVANCED_FACE('',(#13698),#3475,.T.);
#13698 = FACE_BOUND('',#13699,.T.);
#13699 = EDGE_LOOP('',(#13700,#13701,#13702,#13703));
#13700 = ORIENTED_EDGE('',*,*,#3460,.T.);
#13701 = ORIENTED_EDGE('',*,*,#13677,.T.);
#13702 = ORIENTED_EDGE('',*,*,#7883,.F.);
#13703 = ORIENTED_EDGE('',*,*,#13704,.F.);
#13704 = EDGE_CURVE('',#3435,#7863,#13705,.T.);
#13705 = SURFACE_CURVE('',#13706,(#13710,#13717),.PCURVE_S1.);
#13706 = LINE('',#13707,#13708);
#13707 = CARTESIAN_POINT('',(12.,-8.776359473472,5.266500449478));
#13708 = VECTOR('',#13709,1.);
#13709 = DIRECTION('',(1.,0.,0.));
#13710 = PCURVE('',#3475,#13711);
#13711 = DEFINITIONAL_REPRESENTATION('',(#13712),#13716);
#13712 = LINE('',#13713,#13714);
#13713 = CARTESIAN_POINT('',(0.341448919247,0.));
#13714 = VECTOR('',#13715,1.);
#13715 = DIRECTION('',(0.,-1.));
#13716 = ( GEOMETRIC_REPRESENTATION_CONTEXT(2) 
PARAMETRIC_REPRESENTATION_CONTEXT() REPRESENTATION_CONTEXT('2D SPACE',''
  ) );
#13717 = PCURVE('',#3449,#13718);
#13718 = DEFINITIONAL_REPRESENTATION('',(#13719),#13723);
#13719 = LINE('',#13720,#13721);
#13720 = CARTESIAN_POINT('',(0.,0.));
#13721 = VECTOR('',#13722,1.);
#13722 = DIRECTION('',(0.,-1.));
#13723 = ( GEOMETRIC_REPRESENTATION_CONTEXT(2) 
PARAMETRIC_REPRESENTATION_CONTEXT() REPRESENTATION_CONTEXT('2D SPACE',''
  ) );
#13724 = ADVANCED_FACE('',(#13725),#3449,.T.);
#13725 = FACE_BOUND('',#13726,.T.);
#13726 = EDGE_LOOP('',(#13727,#13728,#13729,#13730));
#13727 = ORIENTED_EDGE('',*,*,#3434,.T.);
#13728 = ORIENTED_EDGE('',*,*,#13704,.T.);
#13729 = ORIENTED_EDGE('',*,*,#7862,.F.);
#13730 = ORIENTED_EDGE('',*,*,#13731,.F.);
#13731 = EDGE_CURVE('',#3409,#7842,#13732,.T.);
#13732 = SURFACE_CURVE('',#13733,(#13737,#13744),.PCURVE_S1.);
#13733 = LINE('',#13734,#13735);
#13734 = CARTESIAN_POINT('',(12.,-8.568498541458,4.995610808855));
#13735 = VECTOR('',#13736,1.);
#13736 = DIRECTION('',(1.,0.,0.));
#13737 = PCURVE('',#3449,#13738);
#13738 = DEFINITIONAL_REPRESENTATION('',(#13739),#13743);
#13739 = LINE('',#13740,#13741);
#13740 = CARTESIAN_POINT('',(0.341448919247,0.));
#13741 = VECTOR('',#13742,1.);
#13742 = DIRECTION('',(0.,-1.));
#13743 = ( GEOMETRIC_REPRESENTATION_CONTEXT(2) 
PARAMETRIC_REPRESENTATION_CONTEXT() REPRESENTATION_CONTEXT('2D SPACE',''
  ) );
#13744 = PCURVE('',#3423,#13745);
#13745 = DEFINITIONAL_REPRESENTATION('',(#13746),#13750);
#13746 = LINE('',#13747,#13748);
#13747 = CARTESIAN_POINT('',(0.,0.));
#13748 = VECTOR('',#13749,1.);
#13749 = DIRECTION('',(0.,-1.));
#13750 = ( GEOMETRIC_REPRESENTATION_CONTEXT(2) 
PARAMETRIC_REPRESENTATION_CONTEXT() REPRESENTATION_CONTEXT('2D SPACE',''
  ) );
#13751 = ADVANCED_FACE('',(#13752),#3423,.T.);
#13752 = FACE_BOUND('',#13753,.T.);
#13753 = EDGE_LOOP('',(#13754,#13755,#13756,#13757));
#13754 = ORIENTED_EDGE('',*,*,#3408,.T.);
#13755 = ORIENTED_EDGE('',*,*,#13731,.T.);
#13756 = ORIENTED_EDGE('',*,*,#7841,.F.);
#13757 = ORIENTED_EDGE('',*,*,#13758,.F.);
#13758 = EDGE_CURVE('',#3383,#7821,#13759,.T.);
#13759 = SURFACE_CURVE('',#13760,(#13764,#13771),.PCURVE_S1.);
#13760 = LINE('',#13761,#13762);
#13761 = CARTESIAN_POINT('',(12.,-8.346745207249,4.735971013712));
#13762 = VECTOR('',#13763,1.);
#13763 = DIRECTION('',(1.,0.,0.));
#13764 = PCURVE('',#3423,#13765);
#13765 = DEFINITIONAL_REPRESENTATION('',(#13766),#13770);
#13766 = LINE('',#13767,#13768);
#13767 = CARTESIAN_POINT('',(0.341448919247,0.));
#13768 = VECTOR('',#13769,1.);
#13769 = DIRECTION('',(0.,-1.));
#13770 = ( GEOMETRIC_REPRESENTATION_CONTEXT(2) 
PARAMETRIC_REPRESENTATION_CONTEXT() REPRESENTATION_CONTEXT('2D SPACE',''
  ) );
#13771 = PCURVE('',#3397,#13772);
#13772 = DEFINITIONAL_REPRESENTATION('',(#13773),#13777);
#13773 = LINE('',#13774,#13775);
#13774 = CARTESIAN_POINT('',(0.,0.));
#13775 = VECTOR('',#13776,1.);
#13776 = DIRECTION('',(0.,-1.));
#13777 = ( GEOMETRIC_REPRESENTATION_CONTEXT(2) 
PARAMETRIC_REPRESENTATION_CONTEXT() REPRESENTATION_CONTEXT('2D SPACE',''
  ) );
#13778 = ADVANCED_FACE('',(#13779),#3397,.T.);
#13779 = FACE_BOUND('',#13780,.T.);
#13780 = EDGE_LOOP('',(#13781,#13782,#13783,#13784));
#13781 = ORIENTED_EDGE('',*,*,#3382,.T.);
#13782 = ORIENTED_EDGE('',*,*,#13758,.T.);
#13783 = ORIENTED_EDGE('',*,*,#7820,.F.);
#13784 = ORIENTED_EDGE('',*,*,#13785,.F.);
#13785 = EDGE_CURVE('',#3357,#7800,#13786,.T.);
#13786 = SURFACE_CURVE('',#13787,(#13791,#13798),.PCURVE_S1.);
#13787 = LINE('',#13788,#13789);
#13788 = CARTESIAN_POINT('',(12.,-8.111707281319,4.488292718681));
#13789 = VECTOR('',#13790,1.);
#13790 = DIRECTION('',(1.,0.,0.));
#13791 = PCURVE('',#3397,#13792);
#13792 = DEFINITIONAL_REPRESENTATION('',(#13793),#13797);
#13793 = LINE('',#13794,#13795);
#13794 = CARTESIAN_POINT('',(0.341448919247,0.));
#13795 = VECTOR('',#13796,1.);
#13796 = DIRECTION('',(0.,-1.));
#13797 = ( GEOMETRIC_REPRESENTATION_CONTEXT(2) 
PARAMETRIC_REPRESENTATION_CONTEXT() REPRESENTATION_CONTEXT('2D SPACE',''
  ) );
#13798 = PCURVE('',#3371,#13799);
#13799 = DEFINITIONAL_REPRESENTATION('',(#13800),#13804);
#13800 = LINE('',#13801,#13802);
#13801 = CARTESIAN_POINT('',(0.,0.));
#13802 = VECTOR('',#13803,1.);
#13803 = DIRECTION('',(0.,-1.));
#13804 = ( GEOMETRIC_REPRESENTATION_CONTEXT(2) 
PARAMETRIC_REPRESENTATION_CONTEXT() REPRESENTATION_CONTEXT('2D SPACE',''
  ) );
#13805 = ADVANCED_FACE('',(#13806),#3371,.T.);
#13806 = FACE_BOUND('',#13807,.T.);
#13807 = EDGE_LOOP('',(#13808,#13809,#13810,#13811));
#13808 = ORIENTED_EDGE('',*,*,#3356,.T.);
#13809 = ORIENTED_EDGE('',*,*,#13785,.T.);
#13810 = ORIENTED_EDGE('',*,*,#7799,.F.);
#13811 = ORIENTED_EDGE('',*,*,#13812,.F.);
#13812 = EDGE_CURVE('',#3331,#7779,#13813,.T.);
#13813 = SURFACE_CURVE('',#13814,(#13818,#13825),.PCURVE_S1.);
#13814 = LINE('',#13815,#13816);
#13815 = CARTESIAN_POINT('',(12.,-7.864028986288,4.253254792751));
#13816 = VECTOR('',#13817,1.);
#13817 = DIRECTION('',(1.,0.,0.));
#13818 = PCURVE('',#3371,#13819);
#13819 = DEFINITIONAL_REPRESENTATION('',(#13820),#13824);
#13820 = LINE('',#13821,#13822);
#13821 = CARTESIAN_POINT('',(0.341448919247,0.));
#13822 = VECTOR('',#13823,1.);
#13823 = DIRECTION('',(0.,-1.));
#13824 = ( GEOMETRIC_REPRESENTATION_CONTEXT(2) 
PARAMETRIC_REPRESENTATION_CONTEXT() REPRESENTATION_CONTEXT('2D SPACE',''
  ) );
#13825 = PCURVE('',#3345,#13826);
#13826 = DEFINITIONAL_REPRESENTATION('',(#13827),#13831);
#13827 = LINE('',#13828,#13829);
#13828 = CARTESIAN_POINT('',(0.,0.));
#13829 = VECTOR('',#13830,1.);
#13830 = DIRECTION('',(0.,-1.));
#13831 = ( GEOMETRIC_REPRESENTATION_CONTEXT(2) 
PARAMETRIC_REPRESENTATION_CONTEXT() REPRESENTATION_CONTEXT('2D SPACE',''
  ) );
#13832 = ADVANCED_FACE('',(#13833),#3345,.T.);
#13833 = FACE_BOUND('',#13834,.T.);
#13834 = EDGE_LOOP('',(#13835,#13836,#13837,#13838));
#13835 = ORIENTED_EDGE('',*,*,#3330,.T.);
#13836 = ORIENTED_EDGE('',*,*,#13812,.T.);
#13837 = ORIENTED_EDGE('',*,*,#7778,.F.);
#13838 = ORIENTED_EDGE('',*,*,#13839,.F.);
#13839 = EDGE_CURVE('',#3305,#7758,#13840,.T.);
#13840 = SURFACE_CURVE('',#13841,(#13845,#13852),.PCURVE_S1.);
#13841 = LINE('',#13842,#13843);
#13842 = CARTESIAN_POINT('',(12.,-7.604389191145,4.031501458542));
#13843 = VECTOR('',#13844,1.);
#13844 = DIRECTION('',(1.,0.,0.));
#13845 = PCURVE('',#3345,#13846);
#13846 = DEFINITIONAL_REPRESENTATION('',(#13847),#13851);
#13847 = LINE('',#13848,#13849);
#13848 = CARTESIAN_POINT('',(0.341448919247,0.));
#13849 = VECTOR('',#13850,1.);
#13850 = DIRECTION('',(0.,-1.));
#13851 = ( GEOMETRIC_REPRESENTATION_CONTEXT(2) 
PARAMETRIC_REPRESENTATION_CONTEXT() REPRESENTATION_CONTEXT('2D SPACE',''
  ) );
#13852 = PCURVE('',#3319,#13853);
#13853 = DEFINITIONAL_REPRESENTATION('',(#13854),#13858);
#13854 = LINE('',#13855,#13856);
#13855 = CARTESIAN_POINT('',(0.,0.));
#13856 = VECTOR('',#13857,1.);
#13857 = DIRECTION('',(0.,-1.));
#13858 = ( GEOMETRIC_REPRESENTATION_CONTEXT(2) 
PARAMETRIC_REPRESENTATION_CONTEXT() REPRESENTATION_CONTEXT('2D SPACE',''
  ) );
#13859 = ADVANCED_FACE('',(#13860),#3319,.T.);
#13860 = FACE_BOUND('',#13861,.T.);
#13861 = EDGE_LOOP('',(#13862,#13863,#13864,#13865));
#13862 = ORIENTED_EDGE('',*,*,#3304,.T.);
#13863 = ORIENTED_EDGE('',*,*,#13839,.T.);
#13864 = ORIENTED_EDGE('',*,*,#7757,.F.);
#13865 = ORIENTED_EDGE('',*,*,#13866,.F.);
#13866 = EDGE_CURVE('',#3279,#7737,#13867,.T.);
#13867 = SURFACE_CURVE('',#13868,(#13872,#13879),.PCURVE_S1.);
#13868 = LINE('',#13869,#13870);
#13869 = CARTESIAN_POINT('',(12.,-7.333499550522,3.823640526528));
#13870 = VECTOR('',#13871,1.);
#13871 = DIRECTION('',(1.,0.,0.));
#13872 = PCURVE('',#3319,#13873);
#13873 = DEFINITIONAL_REPRESENTATION('',(#13874),#13878);
#13874 = LINE('',#13875,#13876);
#13875 = CARTESIAN_POINT('',(0.341448919247,0.));
#13876 = VECTOR('',#13877,1.);
#13877 = DIRECTION('',(0.,-1.));
#13878 = ( GEOMETRIC_REPRESENTATION_CONTEXT(2) 
PARAMETRIC_REPRESENTATION_CONTEXT() REPRESENTATION_CONTEXT('2D SPACE',''
  ) );
#13879 = PCURVE('',#3293,#13880);
#13880 = DEFINITIONAL_REPRESENTATION('',(#13881),#13885);
#13881 = LINE('',#13882,#13883);
#13882 = CARTESIAN_POINT('',(0.,0.));
#13883 = VECTOR('',#13884,1.);
#13884 = DIRECTION('',(0.,-1.));
#13885 = ( GEOMETRIC_REPRESENTATION_CONTEXT(2) 
PARAMETRIC_REPRESENTATION_CONTEXT() REPRESENTATION_CONTEXT('2D SPACE',''
  ) );
#13886 = ADVANCED_FACE('',(#13887),#3293,.T.);
#13887 = FACE_BOUND('',#13888,.T.);
#13888 = EDGE_LOOP('',(#13889,#13890,#13891,#13892));
#13889 = ORIENTED_EDGE('',*,*,#3278,.T.);
#13890 = ORIENTED_EDGE('',*,*,#13866,.T.);
#13891 = ORIENTED_EDGE('',*,*,#7736,.F.);
#13892 = ORIENTED_EDGE('',*,*,#13893,.F.);
#13893 = EDGE_CURVE('',#3253,#7716,#13894,.T.);
#13894 = SURFACE_CURVE('',#13895,(#13899,#13906),.PCURVE_S1.);
#13895 = LINE('',#13896,#13897);
#13896 = CARTESIAN_POINT('',(12.,-7.052102554093,3.630241729075));
#13897 = VECTOR('',#13898,1.);
#13898 = DIRECTION('',(1.,0.,0.));
#13899 = PCURVE('',#3293,#13900);
#13900 = DEFINITIONAL_REPRESENTATION('',(#13901),#13905);
#13901 = LINE('',#13902,#13903);
#13902 = CARTESIAN_POINT('',(0.341448919247,0.));
#13903 = VECTOR('',#13904,1.);
#13904 = DIRECTION('',(0.,-1.));
#13905 = ( GEOMETRIC_REPRESENTATION_CONTEXT(2) 
PARAMETRIC_REPRESENTATION_CONTEXT() REPRESENTATION_CONTEXT('2D SPACE',''
  ) );
#13906 = PCURVE('',#3267,#13907);
#13907 = DEFINITIONAL_REPRESENTATION('',(#13908),#13912);
#13908 = LINE('',#13909,#13910);
#13909 = CARTESIAN_POINT('',(0.,0.));
#13910 = VECTOR('',#13911,1.);
#13911 = DIRECTION('',(0.,-1.));
#13912 = ( GEOMETRIC_REPRESENTATION_CONTEXT(2) 
PARAMETRIC_REPRESENTATION_CONTEXT() REPRESENTATION_CONTEXT('2D SPACE',''
  ) );
#13913 = ADVANCED_FACE('',(#13914),#3267,.T.);
#13914 = FACE_BOUND('',#13915,.T.);
#13915 = EDGE_LOOP('',(#13916,#13917,#13918,#13919));
#13916 = ORIENTED_EDGE('',*,*,#3252,.T.);
#13917 = ORIENTED_EDGE('',*,*,#13893,.T.);
#13918 = ORIENTED_EDGE('',*,*,#7715,.F.);
#13919 = ORIENTED_EDGE('',*,*,#13920,.F.);
#13920 = EDGE_CURVE('',#3227,#7695,#13921,.T.);
#13921 = SURFACE_CURVE('',#13922,(#13926,#13933),.PCURVE_S1.);
#13922 = LINE('',#13923,#13924);
#13923 = CARTESIAN_POINT('',(12.,-6.760969491468,3.451835158845));
#13924 = VECTOR('',#13925,1.);
#13925 = DIRECTION('',(1.,0.,0.));
#13926 = PCURVE('',#3267,#13927);
#13927 = DEFINITIONAL_REPRESENTATION('',(#13928),#13932);
#13928 = LINE('',#13929,#13930);
#13929 = CARTESIAN_POINT('',(0.341448919247,0.));
#13930 = VECTOR('',#13931,1.);
#13931 = DIRECTION('',(0.,-1.));
#13932 = ( GEOMETRIC_REPRESENTATION_CONTEXT(2) 
PARAMETRIC_REPRESENTATION_CONTEXT() REPRESENTATION_CONTEXT('2D SPACE',''
  ) );
#13933 = PCURVE('',#3241,#13934);
#13934 = DEFINITIONAL_REPRESENTATION('',(#13935),#13939);
#13935 = LINE('',#13936,#13937);
#13936 = CARTESIAN_POINT('',(0.,0.));
#13937 = VECTOR('',#13938,1.);
#13938 = DIRECTION('',(0.,-1.));
#13939 = ( GEOMETRIC_REPRESENTATION_CONTEXT(2) 
PARAMETRIC_REPRESENTATION_CONTEXT() REPRESENTATION_CONTEXT('2D SPACE',''
  ) );
#13940 = ADVANCED_FACE('',(#13941),#3241,.T.);
#13941 = FACE_BOUND('',#13942,.T.);
#13942 = EDGE_LOOP('',(#13943,#13944,#13945,#13946));
#13943 = ORIENTED_EDGE('',*,*,#3226,.T.);
#13944 = ORIENTED_EDGE('',*,*,#13920,.T.);
#13945 = ORIENTED_EDGE('',*,*,#7694,.F.);
#13946 = ORIENTED_EDGE('',*,*,#13947,.F.);
#13947 = EDGE_CURVE('',#3201,#7674,#13948,.T.);
#13948 = SURFACE_CURVE('',#13949,(#13953,#13960),.PCURVE_S1.);
#13949 = LINE('',#13950,#13951);
#13950 = CARTESIAN_POINT('',(12.,-6.460898338134,3.288909815845));
#13951 = VECTOR('',#13952,1.);
#13952 = DIRECTION('',(1.,0.,0.));
#13953 = PCURVE('',#3241,#13954);
#13954 = DEFINITIONAL_REPRESENTATION('',(#13955),#13959);
#13955 = LINE('',#13956,#13957);
#13956 = CARTESIAN_POINT('',(0.341448919247,0.));
#13957 = VECTOR('',#13958,1.);
#13958 = DIRECTION('',(0.,-1.));
#13959 = ( GEOMETRIC_REPRESENTATION_CONTEXT(2) 
PARAMETRIC_REPRESENTATION_CONTEXT() REPRESENTATION_CONTEXT('2D SPACE',''
  ) );
#13960 = PCURVE('',#3215,#13961);
#13961 = DEFINITIONAL_REPRESENTATION('',(#13962),#13966);
#13962 = LINE('',#13963,#13964);
#13963 = CARTESIAN_POINT('',(0.,0.));
#13964 = VECTOR('',#13965,1.);
#13965 = DIRECTION('',(0.,-1.));
#13966 = ( GEOMETRIC_REPRESENTATION_CONTEXT(2) 
PARAMETRIC_REPRESENTATION_CONTEXT() REPRESENTATION_CONTEXT('2D SPACE',''
  ) );
#13967 = ADVANCED_FACE('',(#13968),#3215,.T.);
#13968 = FACE_BOUND('',#13969,.T.);
#13969 = EDGE_LOOP('',(#13970,#13971,#13972,#13973));
#13970 = ORIENTED_EDGE('',*,*,#3200,.T.);
#13971 = ORIENTED_EDGE('',*,*,#13947,.T.);
#13972 = ORIENTED_EDGE('',*,*,#7673,.F.);
#13973 = ORIENTED_EDGE('',*,*,#13974,.F.);
#13974 = EDGE_CURVE('',#3175,#7653,#13975,.T.);
#13975 = SURFACE_CURVE('',#13976,(#13980,#13987),.PCURVE_S1.);
#13976 = LINE('',#13977,#13978);
#13977 = CARTESIAN_POINT('',(12.,-6.152711568265,3.141912267116));
#13978 = VECTOR('',#13979,1.);
#13979 = DIRECTION('',(1.,0.,0.));
#13980 = PCURVE('',#3215,#13981);
#13981 = DEFINITIONAL_REPRESENTATION('',(#13982),#13986);
#13982 = LINE('',#13983,#13984);
#13983 = CARTESIAN_POINT('',(0.341448919247,0.));
#13984 = VECTOR('',#13985,1.);
#13985 = DIRECTION('',(0.,-1.));
#13986 = ( GEOMETRIC_REPRESENTATION_CONTEXT(2) 
PARAMETRIC_REPRESENTATION_CONTEXT() REPRESENTATION_CONTEXT('2D SPACE',''
  ) );
#13987 = PCURVE('',#3189,#13988);
#13988 = DEFINITIONAL_REPRESENTATION('',(#13989),#13993);
#13989 = LINE('',#13990,#13991);
#13990 = CARTESIAN_POINT('',(0.,0.));
#13991 = VECTOR('',#13992,1.);
#13992 = DIRECTION('',(0.,-1.));
#13993 = ( GEOMETRIC_REPRESENTATION_CONTEXT(2) 
PARAMETRIC_REPRESENTATION_CONTEXT() REPRESENTATION_CONTEXT('2D SPACE',''
  ) );
#13994 = ADVANCED_FACE('',(#13995),#3189,.T.);
#13995 = FACE_BOUND('',#13996,.T.);
#13996 = EDGE_LOOP('',(#13997,#13998,#13999,#14000));
#13997 = ORIENTED_EDGE('',*,*,#3174,.T.);
#13998 = ORIENTED_EDGE('',*,*,#13974,.T.);
#13999 = ORIENTED_EDGE('',*,*,#7652,.F.);
#14000 = ORIENTED_EDGE('',*,*,#14001,.F.);
#14001 = EDGE_CURVE('',#3149,#7632,#14002,.T.);
#14002 = SURFACE_CURVE('',#14003,(#14007,#14014),.PCURVE_S1.);
#14003 = LINE('',#14004,#14005);
#14004 = CARTESIAN_POINT('',(12.,-5.837253900375,3.011245422721));
#14005 = VECTOR('',#14006,1.);
#14006 = DIRECTION('',(1.,0.,0.));
#14007 = PCURVE('',#3189,#14008);
#14008 = DEFINITIONAL_REPRESENTATION('',(#14009),#14013);
#14009 = LINE('',#14010,#14011);
#14010 = CARTESIAN_POINT('',(0.341448919247,0.));
#14011 = VECTOR('',#14012,1.);
#14012 = DIRECTION('',(0.,-1.));
#14013 = ( GEOMETRIC_REPRESENTATION_CONTEXT(2) 
PARAMETRIC_REPRESENTATION_CONTEXT() REPRESENTATION_CONTEXT('2D SPACE',''
  ) );
#14014 = PCURVE('',#3163,#14015);
#14015 = DEFINITIONAL_REPRESENTATION('',(#14016),#14020);
#14016 = LINE('',#14017,#14018);
#14017 = CARTESIAN_POINT('',(0.,0.));
#14018 = VECTOR('',#14019,1.);
#14019 = DIRECTION('',(0.,-1.));
#14020 = ( GEOMETRIC_REPRESENTATION_CONTEXT(2) 
PARAMETRIC_REPRESENTATION_CONTEXT() REPRESENTATION_CONTEXT('2D SPACE',''
  ) );
#14021 = ADVANCED_FACE('',(#14022),#3163,.T.);
#14022 = FACE_BOUND('',#14023,.T.);
#14023 = EDGE_LOOP('',(#14024,#14025,#14026,#14027));
#14024 = ORIENTED_EDGE('',*,*,#3148,.T.);
#14025 = ORIENTED_EDGE('',*,*,#14001,.T.);
#14026 = ORIENTED_EDGE('',*,*,#7631,.F.);
#14027 = ORIENTED_EDGE('',*,*,#14028,.F.);
#14028 = EDGE_CURVE('',#3123,#7611,#14029,.T.);
#14029 = SURFACE_CURVE('',#14030,(#14034,#14041),.PCURVE_S1.);
#14030 = LINE('',#14031,#14032);
#14031 = CARTESIAN_POINT('',(12.,-5.515389982004,2.897267431399));
#14032 = VECTOR('',#14033,1.);
#14033 = DIRECTION('',(1.,0.,0.));
#14034 = PCURVE('',#3163,#14035);
#14035 = DEFINITIONAL_REPRESENTATION('',(#14036),#14040);
#14036 = LINE('',#14037,#14038);
#14037 = CARTESIAN_POINT('',(0.341448919247,0.));
#14038 = VECTOR('',#14039,1.);
#14039 = DIRECTION('',(0.,-1.));
#14040 = ( GEOMETRIC_REPRESENTATION_CONTEXT(2) 
PARAMETRIC_REPRESENTATION_CONTEXT() REPRESENTATION_CONTEXT('2D SPACE',''
  ) );
#14041 = PCURVE('',#3137,#14042);
#14042 = DEFINITIONAL_REPRESENTATION('',(#14043),#14047);
#14043 = LINE('',#14044,#14045);
#14044 = CARTESIAN_POINT('',(0.,0.));
#14045 = VECTOR('',#14046,1.);
#14046 = DIRECTION('',(0.,-1.));
#14047 = ( GEOMETRIC_REPRESENTATION_CONTEXT(2) 
PARAMETRIC_REPRESENTATION_CONTEXT() REPRESENTATION_CONTEXT('2D SPACE',''
  ) );
#14048 = ADVANCED_FACE('',(#14049),#3137,.T.);
#14049 = FACE_BOUND('',#14050,.T.);
#14050 = EDGE_LOOP('',(#14051,#14052,#14053,#14054));
#14051 = ORIENTED_EDGE('',*,*,#3122,.T.);
#14052 = ORIENTED_EDGE('',*,*,#14028,.T.);
#14053 = ORIENTED_EDGE('',*,*,#7610,.F.);
#14054 = ORIENTED_EDGE('',*,*,#14055,.F.);
#14055 = EDGE_CURVE('',#3097,#7590,#14056,.T.);
#14056 = SURFACE_CURVE('',#14057,(#14061,#14068),.PCURVE_S1.);
#14057 = LINE('',#14058,#14059);
#14058 = CARTESIAN_POINT('',(12.,-5.188002019781,2.8002906989));
#14059 = VECTOR('',#14060,1.);
#14060 = DIRECTION('',(1.,0.,0.));
#14061 = PCURVE('',#3137,#14062);
#14062 = DEFINITIONAL_REPRESENTATION('',(#14063),#14067);
#14063 = LINE('',#14064,#14065);
#14064 = CARTESIAN_POINT('',(0.341448919247,0.));
#14065 = VECTOR('',#14066,1.);
#14066 = DIRECTION('',(0.,-1.));
#14067 = ( GEOMETRIC_REPRESENTATION_CONTEXT(2) 
PARAMETRIC_REPRESENTATION_CONTEXT() REPRESENTATION_CONTEXT('2D SPACE',''
  ) );
#14068 = PCURVE('',#3111,#14069);
#14069 = DEFINITIONAL_REPRESENTATION('',(#14070),#14074);
#14070 = LINE('',#14071,#14072);
#14071 = CARTESIAN_POINT('',(0.,0.));
#14072 = VECTOR('',#14073,1.);
#14073 = DIRECTION('',(0.,-1.));
#14074 = ( GEOMETRIC_REPRESENTATION_CONTEXT(2) 
PARAMETRIC_REPRESENTATION_CONTEXT() REPRESENTATION_CONTEXT('2D SPACE',''
  ) );
#14075 = ADVANCED_FACE('',(#14076),#3111,.T.);
#14076 = FACE_BOUND('',#14077,.T.);
#14077 = EDGE_LOOP('',(#14078,#14079,#14080,#14081));
#14078 = ORIENTED_EDGE('',*,*,#3096,.T.);
#14079 = ORIENTED_EDGE('',*,*,#14055,.T.);
#14080 = ORIENTED_EDGE('',*,*,#7589,.F.);
#14081 = ORIENTED_EDGE('',*,*,#14082,.F.);
#14082 = EDGE_CURVE('',#3071,#7569,#14083,.T.);
#14083 = SURFACE_CURVE('',#14084,(#14088,#14095),.PCURVE_S1.);
#14084 = LINE('',#14085,#14086);
#14085 = CARTESIAN_POINT('',(12.,-4.855987361353,2.720581031708));
#14086 = VECTOR('',#14087,1.);
#14087 = DIRECTION('',(1.,0.,0.));
#14088 = PCURVE('',#3111,#14089);
#14089 = DEFINITIONAL_REPRESENTATION('',(#14090),#14094);
#14090 = LINE('',#14091,#14092);
#14091 = CARTESIAN_POINT('',(0.341448919247,0.));
#14092 = VECTOR('',#14093,1.);
#14093 = DIRECTION('',(0.,-1.));
#14094 = ( GEOMETRIC_REPRESENTATION_CONTEXT(2) 
PARAMETRIC_REPRESENTATION_CONTEXT() REPRESENTATION_CONTEXT('2D SPACE',''
  ) );
#14095 = PCURVE('',#3085,#14096);
#14096 = DEFINITIONAL_REPRESENTATION('',(#14097),#14101);
#14097 = LINE('',#14098,#14099);
#14098 = CARTESIAN_POINT('',(0.,0.));
#14099 = VECTOR('',#14100,1.);
#14100 = DIRECTION('',(0.,-1.));
#14101 = ( GEOMETRIC_REPRESENTATION_CONTEXT(2) 
PARAMETRIC_REPRESENTATION_CONTEXT() REPRESENTATION_CONTEXT('2D SPACE',''
  ) );
#14102 = ADVANCED_FACE('',(#14103),#3085,.T.);
#14103 = FACE_BOUND('',#14104,.T.);
#14104 = EDGE_LOOP('',(#14105,#14106,#14107,#14108));
#14105 = ORIENTED_EDGE('',*,*,#3070,.T.);
#14106 = ORIENTED_EDGE('',*,*,#14082,.T.);
#14107 = ORIENTED_EDGE('',*,*,#7568,.F.);
#14108 = ORIENTED_EDGE('',*,*,#14109,.F.);
#14109 = EDGE_CURVE('',#3045,#7548,#14110,.T.);
#14110 = SURFACE_CURVE('',#14111,(#14115,#14122),.PCURVE_S1.);
#14111 = LINE('',#14112,#14113);
#14112 = CARTESIAN_POINT('',(12.,-4.520256035821,2.658356908481));
#14113 = VECTOR('',#14114,1.);
#14114 = DIRECTION('',(1.,0.,0.));
#14115 = PCURVE('',#3085,#14116);
#14116 = DEFINITIONAL_REPRESENTATION('',(#14117),#14121);
#14117 = LINE('',#14118,#14119);
#14118 = CARTESIAN_POINT('',(0.341448919247,0.));
#14119 = VECTOR('',#14120,1.);
#14120 = DIRECTION('',(0.,-1.));
#14121 = ( GEOMETRIC_REPRESENTATION_CONTEXT(2) 
PARAMETRIC_REPRESENTATION_CONTEXT() REPRESENTATION_CONTEXT('2D SPACE',''
  ) );
#14122 = PCURVE('',#3059,#14123);
#14123 = DEFINITIONAL_REPRESENTATION('',(#14124),#14128);
#14124 = LINE('',#14125,#14126);
#14125 = CARTESIAN_POINT('',(0.,0.));
#14126 = VECTOR('',#14127,1.);
#14127 = DIRECTION('',(0.,-1.));
#14128 = ( GEOMETRIC_REPRESENTATION_CONTEXT(2) 
PARAMETRIC_REPRESENTATION_CONTEXT() REPRESENTATION_CONTEXT('2D SPACE',''
  ) );
#14129 = ADVANCED_FACE('',(#14130),#3059,.T.);
#14130 = FACE_BOUND('',#14131,.T.);
#14131 = EDGE_LOOP('',(#14132,#14133,#14134,#14135));
#14132 = ORIENTED_EDGE('',*,*,#3044,.T.);
#14133 = ORIENTED_EDGE('',*,*,#14109,.T.);
#14134 = ORIENTED_EDGE('',*,*,#7547,.F.);
#14135 = ORIENTED_EDGE('',*,*,#14136,.F.);
#14136 = EDGE_CURVE('',#3019,#7527,#14137,.T.);
#14137 = SURFACE_CURVE('',#14138,(#14142,#14149),.PCURVE_S1.);
#14138 = LINE('',#14139,#14140);
#14139 = CARTESIAN_POINT('',(12.,-4.181728259412,2.613788881214));
#14140 = VECTOR('',#14141,1.);
#14141 = DIRECTION('',(1.,0.,0.));
#14142 = PCURVE('',#3059,#14143);
#14143 = DEFINITIONAL_REPRESENTATION('',(#14144),#14148);
#14144 = LINE('',#14145,#14146);
#14145 = CARTESIAN_POINT('',(0.341448919247,0.));
#14146 = VECTOR('',#14147,1.);
#14147 = DIRECTION('',(0.,-1.));
#14148 = ( GEOMETRIC_REPRESENTATION_CONTEXT(2) 
PARAMETRIC_REPRESENTATION_CONTEXT() REPRESENTATION_CONTEXT('2D SPACE',''
  ) );
#14149 = PCURVE('',#3033,#14150);
#14150 = DEFINITIONAL_REPRESENTATION('',(#14151),#14155);
#14151 = LINE('',#14152,#14153);
#14152 = CARTESIAN_POINT('',(0.,0.));
#14153 = VECTOR('',#14154,1.);
#14154 = DIRECTION('',(0.,-1.));
#14155 = ( GEOMETRIC_REPRESENTATION_CONTEXT(2) 
PARAMETRIC_REPRESENTATION_CONTEXT() REPRESENTATION_CONTEXT('2D SPACE',''
  ) );
#14156 = ADVANCED_FACE('',(#14157),#3033,.T.);
#14157 = FACE_BOUND('',#14158,.T.);
#14158 = EDGE_LOOP('',(#14159,#14160,#14161,#14162));
#14159 = ORIENTED_EDGE('',*,*,#3018,.T.);
#14160 = ORIENTED_EDGE('',*,*,#14136,.T.);
#14161 = ORIENTED_EDGE('',*,*,#7526,.F.);
#14162 = ORIENTED_EDGE('',*,*,#14163,.F.);
#14163 = EDGE_CURVE('',#2993,#7506,#14164,.T.);
#14164 = SURFACE_CURVE('',#14165,(#14169,#14176),.PCURVE_S1.);
#14165 = LINE('',#14166,#14167);
#14166 = CARTESIAN_POINT('',(12.,-3.84133191323,2.586999107772));
#14167 = VECTOR('',#14168,1.);
#14168 = DIRECTION('',(1.,0.,0.));
#14169 = PCURVE('',#3033,#14170);
#14170 = DEFINITIONAL_REPRESENTATION('',(#14171),#14175);
#14171 = LINE('',#14172,#14173);
#14172 = CARTESIAN_POINT('',(0.341448919247,0.));
#14173 = VECTOR('',#14174,1.);
#14174 = DIRECTION('',(0.,-1.));
#14175 = ( GEOMETRIC_REPRESENTATION_CONTEXT(2) 
PARAMETRIC_REPRESENTATION_CONTEXT() REPRESENTATION_CONTEXT('2D SPACE',''
  ) );
#14176 = PCURVE('',#3007,#14177);
#14177 = DEFINITIONAL_REPRESENTATION('',(#14178),#14182);
#14178 = LINE('',#14179,#14180);
#14179 = CARTESIAN_POINT('',(0.,0.));
#14180 = VECTOR('',#14181,1.);
#14181 = DIRECTION('',(0.,-1.));
#14182 = ( GEOMETRIC_REPRESENTATION_CONTEXT(2) 
PARAMETRIC_REPRESENTATION_CONTEXT() REPRESENTATION_CONTEXT('2D SPACE',''
  ) );
#14183 = ADVANCED_FACE('',(#14184),#3007,.T.);
#14184 = FACE_BOUND('',#14185,.T.);
#14185 = EDGE_LOOP('',(#14186,#14187,#14188,#14189));
#14186 = ORIENTED_EDGE('',*,*,#2992,.T.);
#14187 = ORIENTED_EDGE('',*,*,#14163,.T.);
#14188 = ORIENTED_EDGE('',*,*,#7505,.F.);
#14189 = ORIENTED_EDGE('',*,*,#14190,.F.);
#14190 = EDGE_CURVE('',#2967,#7485,#14191,.T.);
#14191 = SURFACE_CURVE('',#14192,(#14196,#14203),.PCURVE_S1.);
#14192 = LINE('',#14193,#14194);
#14193 = CARTESIAN_POINT('',(12.,-3.497669852359,2.578));
#14194 = VECTOR('',#14195,1.);
#14195 = DIRECTION('',(1.,0.,0.));
#14196 = PCURVE('',#3007,#14197);
#14197 = DEFINITIONAL_REPRESENTATION('',(#14198),#14202);
#14198 = LINE('',#14199,#14200);
#14199 = CARTESIAN_POINT('',(0.343779865645,0.));
#14200 = VECTOR('',#14201,1.);
#14201 = DIRECTION('',(0.,-1.));
#14202 = ( GEOMETRIC_REPRESENTATION_CONTEXT(2) 
PARAMETRIC_REPRESENTATION_CONTEXT() REPRESENTATION_CONTEXT('2D SPACE',''
  ) );
#14203 = PCURVE('',#2981,#14204);
#14204 = DEFINITIONAL_REPRESENTATION('',(#14205),#14209);
#14205 = LINE('',#14206,#14207);
#14206 = CARTESIAN_POINT('',(0.,0.));
#14207 = VECTOR('',#14208,1.);
#14208 = DIRECTION('',(0.,-1.));
#14209 = ( GEOMETRIC_REPRESENTATION_CONTEXT(2) 
PARAMETRIC_REPRESENTATION_CONTEXT() REPRESENTATION_CONTEXT('2D SPACE',''
  ) );
#14210 = ADVANCED_FACE('',(#14211),#2981,.T.);
#14211 = FACE_BOUND('',#14212,.T.);
#14212 = EDGE_LOOP('',(#14213,#14214,#14215,#14216));
#14213 = ORIENTED_EDGE('',*,*,#2966,.T.);
#14214 = ORIENTED_EDGE('',*,*,#14190,.T.);
#14215 = ORIENTED_EDGE('',*,*,#7484,.F.);
#14216 = ORIENTED_EDGE('',*,*,#14217,.F.);
#14217 = EDGE_CURVE('',#2941,#7464,#14218,.T.);
#14218 = SURFACE_CURVE('',#14219,(#14223,#14230),.PCURVE_S1.);
#14219 = LINE('',#14220,#14221);
#14220 = CARTESIAN_POINT('',(12.,3.822,2.578));
#14221 = VECTOR('',#14222,1.);
#14222 = DIRECTION('',(1.,0.,0.));
#14223 = PCURVE('',#2981,#14224);
#14224 = DEFINITIONAL_REPRESENTATION('',(#14225),#14229);
#14225 = LINE('',#14226,#14227);
#14226 = CARTESIAN_POINT('',(7.319669852359,0.));
#14227 = VECTOR('',#14228,1.);
#14228 = DIRECTION('',(0.,-1.));
#14229 = ( GEOMETRIC_REPRESENTATION_CONTEXT(2) 
PARAMETRIC_REPRESENTATION_CONTEXT() REPRESENTATION_CONTEXT('2D SPACE',''
  ) );
#14230 = PCURVE('',#2955,#14231);
#14231 = DEFINITIONAL_REPRESENTATION('',(#14232),#14236);
#14232 = LINE('',#14233,#14234);
#14233 = CARTESIAN_POINT('',(0.,0.));
#14234 = VECTOR('',#14235,1.);
#14235 = DIRECTION('',(0.,-1.));
#14236 = ( GEOMETRIC_REPRESENTATION_CONTEXT(2) 
PARAMETRIC_REPRESENTATION_CONTEXT() REPRESENTATION_CONTEXT('2D SPACE',''
  ) );
#14237 = ADVANCED_FACE('',(#14238),#2955,.T.);
#14238 = FACE_BOUND('',#14239,.T.);
#14239 = EDGE_LOOP('',(#14240,#14241,#14242,#14243));
#14240 = ORIENTED_EDGE('',*,*,#2940,.T.);
#14241 = ORIENTED_EDGE('',*,*,#14217,.T.);
#14242 = ORIENTED_EDGE('',*,*,#7463,.F.);
#14243 = ORIENTED_EDGE('',*,*,#14244,.F.);
#14244 = EDGE_CURVE('',#2915,#7443,#14245,.T.);
#14245 = SURFACE_CURVE('',#14246,(#14250,#14257),.PCURVE_S1.);
#14246 = LINE('',#14247,#14248);
#14247 = CARTESIAN_POINT('',(12.,3.822,7.));
#14248 = VECTOR('',#14249,1.);
#14249 = DIRECTION('',(1.,0.,0.));
#14250 = PCURVE('',#2955,#14251);
#14251 = DEFINITIONAL_REPRESENTATION('',(#14252),#14256);
#14252 = LINE('',#14253,#14254);
#14253 = CARTESIAN_POINT('',(4.422,0.));
#14254 = VECTOR('',#14255,1.);
#14255 = DIRECTION('',(0.,-1.));
#14256 = ( GEOMETRIC_REPRESENTATION_CONTEXT(2) 
PARAMETRIC_REPRESENTATION_CONTEXT() REPRESENTATION_CONTEXT('2D SPACE',''
  ) );
#14257 = PCURVE('',#2929,#14258);
#14258 = DEFINITIONAL_REPRESENTATION('',(#14259),#14263);
#14259 = LINE('',#14260,#14261);
#14260 = CARTESIAN_POINT('',(0.,0.));
#14261 = VECTOR('',#14262,1.);
#14262 = DIRECTION('',(0.,-1.));
#14263 = ( GEOMETRIC_REPRESENTATION_CONTEXT(2) 
PARAMETRIC_REPRESENTATION_CONTEXT() REPRESENTATION_CONTEXT('2D SPACE',''
  ) );
#14264 = ADVANCED_FACE('',(#14265),#2929,.T.);
#14265 = FACE_BOUND('',#14266,.T.);
#14266 = EDGE_LOOP('',(#14267,#14268,#14269,#14270));
#14267 = ORIENTED_EDGE('',*,*,#2914,.T.);
#14268 = ORIENTED_EDGE('',*,*,#14244,.T.);
#14269 = ORIENTED_EDGE('',*,*,#7442,.F.);
#14270 = ORIENTED_EDGE('',*,*,#14271,.F.);
#14271 = EDGE_CURVE('',#2889,#7422,#14272,.T.);
#14272 = SURFACE_CURVE('',#14273,(#14277,#14284),.PCURVE_S1.);
#14273 = LINE('',#14274,#14275);
#14274 = CARTESIAN_POINT('',(12.,3.822,8.922));
#14275 = VECTOR('',#14276,1.);
#14276 = DIRECTION('',(1.,0.,0.));
#14277 = PCURVE('',#2929,#14278);
#14278 = DEFINITIONAL_REPRESENTATION('',(#14279),#14283);
#14279 = LINE('',#14280,#14281);
#14280 = CARTESIAN_POINT('',(1.922,0.));
#14281 = VECTOR('',#14282,1.);
#14282 = DIRECTION('',(0.,-1.));
#14283 = ( GEOMETRIC_REPRESENTATION_CONTEXT(2) 
PARAMETRIC_REPRESENTATION_CONTEXT() REPRESENTATION_CONTEXT('2D SPACE',''
  ) );
#14284 = PCURVE('',#2903,#14285);
#14285 = DEFINITIONAL_REPRESENTATION('',(#14286),#14290);
#14286 = LINE('',#14287,#14288);
#14287 = CARTESIAN_POINT('',(0.,-0.));
#14288 = VECTOR('',#14289,1.);
#14289 = DIRECTION('',(0.,-1.));
#14290 = ( GEOMETRIC_REPRESENTATION_CONTEXT(2) 
PARAMETRIC_REPRESENTATION_CONTEXT() REPRESENTATION_CONTEXT('2D SPACE',''
  ) );
#14291 = ADVANCED_FACE('',(#14292),#2903,.T.);
#14292 = FACE_BOUND('',#14293,.T.);
#14293 = EDGE_LOOP('',(#14294,#14295,#14296,#14297));
#14294 = ORIENTED_EDGE('',*,*,#2888,.T.);
#14295 = ORIENTED_EDGE('',*,*,#14271,.T.);
#14296 = ORIENTED_EDGE('',*,*,#7421,.F.);
#14297 = ORIENTED_EDGE('',*,*,#14298,.F.);
#14298 = EDGE_CURVE('',#2863,#7401,#14299,.T.);
#14299 = SURFACE_CURVE('',#14300,(#14304,#14311),.PCURVE_S1.);
#14300 = LINE('',#14301,#14302);
#14301 = CARTESIAN_POINT('',(12.,3.026600076976,8.922));
#14302 = VECTOR('',#14303,1.);
#14303 = DIRECTION('',(1.,0.,0.));
#14304 = PCURVE('',#2903,#14305);
#14305 = DEFINITIONAL_REPRESENTATION('',(#14306),#14310);
#14306 = LINE('',#14307,#14308);
#14307 = CARTESIAN_POINT('',(0.795399923024,0.));
#14308 = VECTOR('',#14309,1.);
#14309 = DIRECTION('',(0.,-1.));
#14310 = ( GEOMETRIC_REPRESENTATION_CONTEXT(2) 
PARAMETRIC_REPRESENTATION_CONTEXT() REPRESENTATION_CONTEXT('2D SPACE',''
  ) );
#14311 = PCURVE('',#2877,#14312);
#14312 = DEFINITIONAL_REPRESENTATION('',(#14313),#14317);
#14313 = LINE('',#14314,#14315);
#14314 = CARTESIAN_POINT('',(0.,0.));
#14315 = VECTOR('',#14316,1.);
#14316 = DIRECTION('',(0.,-1.));
#14317 = ( GEOMETRIC_REPRESENTATION_CONTEXT(2) 
PARAMETRIC_REPRESENTATION_CONTEXT() REPRESENTATION_CONTEXT('2D SPACE',''
  ) );
#14318 = ADVANCED_FACE('',(#14319),#2877,.T.);
#14319 = FACE_BOUND('',#14320,.T.);
#14320 = EDGE_LOOP('',(#14321,#14322,#14323,#14324));
#14321 = ORIENTED_EDGE('',*,*,#2862,.T.);
#14322 = ORIENTED_EDGE('',*,*,#14298,.T.);
#14323 = ORIENTED_EDGE('',*,*,#7400,.F.);
#14324 = ORIENTED_EDGE('',*,*,#11792,.F.);
#14325 = ( GEOMETRIC_REPRESENTATION_CONTEXT(3) 
GLOBAL_UNCERTAINTY_ASSIGNED_CONTEXT((#14329)) 
GLOBAL_UNIT_ASSIGNED_CONTEXT((#14326,#14327,#14328)) 
REPRESENTATION_CONTEXT('Context #1',
  '3D Context with UNIT and UNCERTAINTY') );
#14326 = ( LENGTH_UNIT() NAMED_UNIT(*) SI_UNIT(.MILLI.,.METRE.) );
#14327 = ( NAMED_UNIT(*) PLANE_ANGLE_UNIT() SI_UNIT($,.RADIAN.) );
#14328 = ( NAMED_UNIT(*) SI_UNIT($,.STERADIAN.) SOLID_ANGLE_UNIT() );
#14329 = UNCERTAINTY_MEASURE_WITH_UNIT(LENGTH_MEASURE(1.E-07),#14326,
  'distance_accuracy_value','confusion accuracy');
#14330 = PRODUCT_RELATED_PRODUCT_CATEGORY('part',$,(#7));
ENDSEC;
END-ISO-10303-21;
